State,Year,Area_Type,Education,LFPR_F,LFPR_M,Actual_Gender_Gap,Baseline_Pred,Ridge_Pred,GBR_Pred,Ridge_Error,GBR_Error
Andaman and Nicobar Islands,2023,Rural,Not Literate,25.2,76.7,-51.5,-40.10058793456033,-29.549673293192924,-18.93015818507914,-21.950326706807076,-32.56984181492086
Andaman and Nicobar Islands,2023,Rural,Literate & Upto Primary,58.5,87.0,-28.5,-40.10058793456033,-40.890999823805174,-29.496001449611995,12.390999823805174,0.9960014496119953
Andaman and Nicobar Islands,2023,Rural,Middle,55.2,89.7,-34.5,-40.10058793456033,-41.804469211560274,-32.37137273053304,7.304469211560274,-2.1286272694669606
Andaman and Nicobar Islands,2023,Rural,Secondary,31.6,58.8,-27.199999999999996,-40.10058793456033,-34.18528553809089,-30.56138180729625,6.985285538090892,3.3613818072962545
Andaman and Nicobar Islands,2023,Rural,Higher Secondary,61.3,78.3,-17.0,-40.10058793456033,-32.237836558499055,-34.0246293527376,15.237836558499055,17.0246293527376
Andaman and Nicobar Islands,2023,Rural,Diploma/ Certificate Course,100.0,100.0,0.0,-40.10058793456033,-16.95314309157512,-22.953223435076218,16.95314309157512,22.953223435076218
Andaman and Nicobar Islands,2023,Rural,Graduate,65.3,100.0,-34.7,-40.10058793456033,-33.11671410951945,-34.13860945605088,-1.5832858904805533,-0.5613905439491234
Andaman and Nicobar Islands,2023,Rural,Post Graduate & Above,100.0,100.0,0.0,-40.10058793456033,-21.48722431360108,-27.750979304045096,21.48722431360108,27.750979304045096
Andaman and Nicobar Islands,2023,Urban,Not Literate,20.6,59.9,-39.3,-40.10058793456033,-35.99746873359026,-39.13904818434245,-3.302531266409737,-0.16095181565754757
Andaman and Nicobar Islands,2023,Urban,Literate & Upto Primary,33.2,89.6,-56.39999999999999,-40.10058793456033,-47.33879526420251,-46.506670639975574,-9.061204735797482,-9.893329360024417
Andaman and Nicobar Islands,2023,Urban,Middle,35.4,86.6,-51.199999999999996,-40.10058793456033,-48.2522646519576,-49.942536640652456,-2.947735348042393,-1.2574633593475397
Andaman and Nicobar Islands,2023,Urban,Secondary,18.4,77.5,-59.1,-40.10058793456033,-40.63308097848822,-42.3124833257184,-18.466919021511778,-16.787516674281605
Andaman and Nicobar Islands,2023,Urban,Higher Secondary,34.8,83.0,-48.2,-40.10058793456033,-38.68563199889638,-38.96625091127386,-9.51436800110362,-9.233749088726142
Andaman and Nicobar Islands,2023,Urban,Diploma/ Certificate Course,61.4,90.2,-28.800000000000004,-40.10058793456033,-23.400938531972457,-29.929143750029333,-5.399061468027547,1.1291437500293284
Andaman and Nicobar Islands,2023,Urban,Graduate,60.3,91.6,-31.299999999999997,-40.10058793456033,-39.56450954991679,-39.95306139044394,8.264509549916795,8.653061390443945
Andaman and Nicobar Islands,2023,Urban,Post Graduate & Above,74.8,94.9,-20.10000000000001,-40.10058793456033,-27.935019753998414,-25.159160633916347,7.835019753998406,5.059160633916338
Andhra Pradesh,2023,Rural,Not Literate,54.7,75.4,-20.700000000000003,-40.0069018404908,-29.720916821875168,-21.01021369376716,9.020916821875165,0.3102136937671567
Andhra Pradesh,2023,Rural,Literate & Upto Primary,61.5,86.7,-25.200000000000003,-40.0069018404908,-40.89326376065068,-29.10405297618092,15.69326376065068,3.9040529761809175
Andhra Pradesh,2023,Rural,Middle,47.8,81.7,-33.900000000000006,-40.0069018404908,-41.74775355656905,-32.57678559026087,7.847753556569046,-1.323214409739137
Andhra Pradesh,2023,Rural,Secondary,41.7,69.6,-27.89999999999999,-40.0069018404908,-34.04612090350782,-30.137476168796866,6.146120903507828,2.2374761687968743
Andhra Pradesh,2023,Rural,Higher Secondary,27.7,63.5,-35.8,-40.0069018404908,-32.13397804636496,-33.286496706471844,-3.6660219536350382,-2.513503293528153
Andhra Pradesh,2023,Rural,Diploma/ Certificate Course,21.9,84.4,-62.50000000000001,-40.0069018404908,-16.50876842126742,-22.148882750263457,-45.99123157873259,-40.35111724973655
Andhra Pradesh,2023,Rural,Graduate,52.4,91.4,-39.00000000000001,-40.0069018404908,-32.2722433524874,-33.64319690125321,-6.7277566475126065,-5.356803098746795
Andhra Pradesh,2023,Rural,Post Graduate & Above,58.2,94.5,-36.3,-40.0069018404908,-20.69438620963028,-26.50200717139797,-15.605613790369716,-9.797992828602027
Andhra Pradesh,2023,Urban,Not Literate,33.9,74.4,-40.50000000000001,-40.0069018404908,-36.25123413529364,-38.54845435163984,-4.248765864706364,-1.9515456483601668
Andhra Pradesh,2023,Urban,Literate & Upto Primary,35.9,79.2,-43.300000000000004,-40.0069018404908,-47.42358107406916,-47.10428627464177,4.123581074069158,3.8042862746417683
Andhra Pradesh,2023,Urban,Middle,25.6,79.0,-53.4,-40.0069018404908,-48.27807086998753,-50.05572194021965,-5.121929130012468,-3.3442780597803505
Andhra Pradesh,2023,Urban,Secondary,18.0,58.2,-40.2,-40.0069018404908,-40.576438216926306,-42.50123419572373,0.37643821692630297,2.3012341957237297
Andhra Pradesh,2023,Urban,Higher Secondary,15.6,52.7,-37.1,-40.0069018404908,-38.66429535978344,-39.42666156954604,1.5642953597834364,2.32666156954604
Andhra Pradesh,2023,Urban,Diploma/ Certificate Course,90.0,89.7,0.29999999999999716,-40.0069018404908,-23.0390857346859,-29.849866783484654,23.3390857346859,30.14986678348465
Andhra Pradesh,2023,Urban,Graduate,38.4,87.0,-48.6,-40.0069018404908,-38.80256066590589,-39.57339226135913,-9.797439334094115,-9.02660773864087
Andhra Pradesh,2023,Urban,Post Graduate & Above,61.9,90.0,-28.1,-40.0069018404908,-27.22470352304876,-24.976578932064992,-0.8752964769512417,-3.123421067935009
Arunachal Pradesh,2023,Rural,Not Literate,79.2,79.0,0.20000000000000284,-40.20352760736196,-29.548056359238256,-19.950494239091476,29.74805635923826,20.15049423909148
Arunachal Pradesh,2023,Rural,Literate & Upto Primary,85.9,94.5,-8.599999999999994,-40.20352760736196,-40.86060737964641,-30.079316256518243,32.260607379646416,21.47931625651825
Arunachal Pradesh,2023,Rural,Middle,56.7,74.7,-18.0,-40.20352760736196,-42.205505338830086,-33.064455138448345,24.205505338830086,15.064455138448345
Arunachal Pradesh,2023,Rural,Secondary,51.3,67.3,-16.0,-40.20352760736196,-34.55713799189131,-30.464580612042198,18.55713799189131,14.464580612042198
Arunachal Pradesh,2023,Rural,Higher Secondary,52.3,71.1,-18.799999999999997,-40.20352760736196,-32.55928084903417,-33.9259122523089,13.75928084903417,15.1259122523089
Arunachal Pradesh,2023,Rural,Diploma/ Certificate Course,0.0,0.0,0.0,-40.20352760736196,-17.65339533184938,-23.688538746494956,17.65339533184938,23.688538746494956
Arunachal Pradesh,2023,Rural,Graduate,92.6,97.0,-4.400000000000006,-40.20352760736196,-33.23244411434028,-34.898647507187334,28.832444114340277,30.49864750718733
Arunachal Pradesh,2023,Rural,Post Graduate & Above,63.5,89.0,-25.5,-40.20352760736196,-21.626831869442334,-27.49272317240561,-3.8731681305576657,1.9927231724056114
Arunachal Pradesh,2023,Urban,Not Literate,39.3,70.9,-31.60000000000001,-40.20352760736196,-36.06245836778318,-39.14743423716325,4.462458367783171,7.547434237163245
Arunachal Pradesh,2023,Urban,Literate & Upto Primary,49.8,92.6,-42.8,-40.20352760736196,-47.37500938819134,-47.06547527319981,4.57500938819134,4.265475273199812
Arunachal Pradesh,2023,Urban,Middle,31.4,62.8,-31.4,-40.20352760736196,-48.719907347375006,-50.61219723429655,17.319907347375008,19.212197234296553
Arunachal Pradesh,2023,Urban,Secondary,33.0,67.8,-34.8,-40.20352760736196,-41.07154000043624,-42.65460678495864,6.271540000436239,7.854606784958641
Arunachal Pradesh,2023,Urban,Higher Secondary,43.6,64.2,-20.6,-40.20352760736196,-39.07368285757909,-39.97492201280175,18.473682857579085,19.374922012801747
Arunachal Pradesh,2023,Urban,Diploma/ Certificate Course,100.0,100.0,0.0,-40.20352760736196,-24.167797340394305,-30.21578762815583,24.167797340394305,30.21578762815583
Arunachal Pradesh,2023,Urban,Graduate,81.4,90.7,-9.299999999999997,-40.20352760736196,-39.74684612288521,-40.55847502898255,30.446846122885212,31.258475028982552
Arunachal Pradesh,2023,Urban,Post Graduate & Above,88.5,100.0,-11.5,-40.20352760736196,-28.141233877987258,-25.426549973549747,16.641233877987258,13.926549973549747
Assam,2023,Rural,Not Literate,52.9,86.0,-33.1,-39.86255112474437,-29.250280268231432,-18.727493797290755,-3.8497197317685696,-14.372506202709246
Assam,2023,Rural,Literate & Upto Primary,63.6,89.5,-25.9,-39.86255112474437,-40.38772924782328,-29.959439842263354,14.487729247823282,4.059439842263355
Assam,2023,Rural,Middle,48.2,83.3,-35.099999999999994,-39.86255112474437,-41.468137411088584,-32.39478448702836,6.36813741108859,-2.705215512971634
Assam,2023,Rural,Secondary,40.7,73.5,-32.8,-39.86255112474437,-33.99262720700695,-30.47140758502886,1.1926272070069501,-2.328592414971137
Assam,2023,Rural,Higher Secondary,45.2,74.4,-29.200000000000003,-39.86255112474437,-31.927627207006942,-34.26131952670591,2.7276272070069396,5.061319526705908
Assam,2023,Rural,Diploma/ Certificate Course,100.0,98.7,1.2999999999999972,-39.86255112474437,-17.536840034995237,-23.225502690132384,18.836840034995234,24.52550269013238
Assam,2023,Rural,Graduate,57.4,91.8,-34.4,-39.86255112474437,-32.447525166190616,-34.09888328783636,-1.952474833809383,-0.30111671216364044
Assam,2023,Rural,Post Graduate & Above,86.5,87.6,-1.0999999999999943,-39.86255112474437,-20.89823945190492,-27.566264415991448,19.798239451904927,26.466264415991454
Assam,2023,Urban,Not Literate,39.2,77.5,-38.3,-39.86255112474437,-35.972243058244246,-39.285718048160824,-2.3277569417557515,0.9857180481608268
Assam,2023,Urban,Literate & Upto Primary,34.4,88.0,-53.6,-39.86255112474437,-47.1096920378361,-45.99422467526771,-6.490307962163904,-7.605775324732292
Assam,2023,Urban,Middle,22.8,85.4,-62.60000000000001,-39.86255112474437,-48.1901002011014,-49.81680186633119,-14.409899798898607,-12.783198133668819
Assam,2023,Urban,Secondary,19.8,68.1,-48.3,-39.86255112474437,-40.714589997019765,-42.58843159846825,-7.5854100029802325,-5.71156840153175
Assam,2023,Urban,Higher Secondary,25.7,69.5,-43.8,-39.86255112474437,-38.64958999701975,-39.18777549246944,-5.150410002980244,-4.612224507530556
Assam,2023,Urban,Diploma/ Certificate Course,100.0,100.0,0.0,-39.86255112474437,-24.25880282500805,-30.04883893808886,24.25880282500805,30.04883893808886
Assam,2023,Urban,Graduate,41.3,82.4,-41.10000000000001,-39.86255112474437,-39.169487956203426,-39.6964924958773,-1.9305120437965826,-1.4035075041227074
Assam,2023,Urban,Post Graduate & Above,69.7,82.6,-12.899999999999991,-39.86255112474437,-27.62020224191773,-25.48428202788663,14.72020224191774,12.584282027886637
Bihar,2023,Rural,Not Literate,43.8,83.3,-39.5,-39.58849693251534,-28.618599046447297,-19.220547325404812,-10.881400953552703,-20.279452674595188
Bihar,2023,Rural,Literate & Upto Primary,31.6,91.2,-59.6,-39.58849693251534,-39.958905168896294,-28.97035741083568,-19.641094831103707,-30.629642589164323
Bihar,2023,Rural,Middle,23.1,76.2,-53.1,-39.58849693251534,-41.293803128079965,-31.885269317510154,-11.806196871920037,-21.214730682489847
Bihar,2023,Rural,Secondary,16.9,63.1,-46.2,-39.58849693251534,-33.76155823012078,-30.09991254994699,-12.438441769879226,-16.100087450053014
Bihar,2023,Rural,Higher Secondary,13.6,58.6,-45.0,-39.58849693251534,-31.78043578114118,-33.42040243149326,-13.219564218858821,-11.579597568506742
Bihar,2023,Rural,Diploma/ Certificate Course,100.0,87.6,12.400000000000006,-39.58849693251534,-17.08628352063937,-22.83342825693327,29.486283520639375,35.23342825693328
Bihar,2023,Rural,Graduate,19.6,84.7,-65.1,-39.58849693251534,-31.739313332161586,-33.250428061024856,-33.36068666783841,-31.84957193897514
Bihar,2023,Rural,Post Graduate & Above,39.5,88.2,-48.7,-39.58849693251534,-20.216762311753435,-25.996116602919237,-28.483237688246568,-22.703883397080766
Bihar,2023,Urban,Not Literate,21.7,83.8,-62.099999999999994,-39.58849693251534,-35.46082348043309,-38.35475698800688,-26.639176519566902,-23.74524301199311
Bihar,2023,Urban,Literate & Upto Primary,18.5,87.9,-69.4,-39.58849693251534,-46.801129602882085,-45.733967727563,-22.59887039711792,-23.666032272437008
Bihar,2023,Urban,Middle,9.7,68.3,-58.599999999999994,-39.58849693251534,-48.13602756206576,-49.77967525502493,-10.463972437934231,-8.820324744975068
Bihar,2023,Urban,Secondary,8.8,47.6,-38.8,-39.58849693251534,-40.603782664106575,-42.9263722801915,1.8037826641065777,4.126372280191504
Bihar,2023,Urban,Higher Secondary,5.9,49.0,-43.1,-39.58849693251534,-38.62266021512698,-38.976489686890055,-4.477339784873024,-4.123510313109946
Bihar,2023,Urban,Diploma/ Certificate Course,54.2,100.0,-45.8,-39.58849693251534,-23.928507954625164,-29.810947942911774,-21.871492045374833,-15.989052057088223
Bihar,2023,Urban,Graduate,32.1,78.9,-46.800000000000004,-39.58849693251534,-38.581537766147385,-39.061736937731254,-8.21846223385262,-7.73826306226875
Bihar,2023,Urban,Post Graduate & Above,38.6,94.3,-55.699999999999996,-39.58849693251534,-27.058986745739233,-23.97197880189967,-28.641013254260763,-31.728021198100326
Chandigarh,2023,Urban,Not Literate,21.4,66.0,-44.6,-39.647499999999994,-36.391017847651966,-38.69012557736148,-8.208982152348035,-5.909874422638524
Chandigarh,2023,Urban,Literate & Upto Primary,20.5,88.3,-67.8,-39.647499999999994,-47.18602803095136,-46.57964002148008,-20.613971969048634,-21.220359978519916
Chandigarh,2023,Urban,Middle,29.3,82.9,-53.60000000000001,-39.647499999999994,-48.183176707122435,-50.257735118549384,-5.416823292877574,-3.3422648814506246
Chandigarh,2023,Urban,Secondary,9.0,70.6,-61.599999999999994,-39.647499999999994,-40.68439870304911,-42.17505170583416,-20.915601296950882,-19.424948294165837
Chandigarh,2023,Urban,Higher Secondary,20.9,76.1,-55.199999999999996,-39.647499999999994,-38.47655756251959,-38.78398084218329,-16.723442437480408,-16.416019157816706
Chandigarh,2023,Urban,Diploma/ Certificate Course,59.3,50.5,8.799999999999997,-39.647499999999994,-23.44223943461074,-29.574144750161324,32.24223943461074,38.37414475016132
Chandigarh,2023,Urban,Graduate,43.9,76.5,-32.6,-39.647499999999994,-38.98704636089026,-39.41548334175007,6.38704636089026,6.815483341750067
Chandigarh,2023,Urban,Post Graduate & Above,56.1,82.4,-26.300000000000004,-39.647499999999994,-27.137250026878043,-25.175601502973006,0.8372500268780385,-1.1243984970269985
Chhattisgarh,2023,Rural,Not Literate,71.5,82.2,-10.700000000000003,-40.028604294478534,-30.17116667283232,-20.81593930066967,19.471166672832318,10.115939300669666
Chhattisgarh,2023,Rural,Literate & Upto Primary,79.8,91.7,-11.900000000000006,-40.028604294478534,-41.388411570791504,-30.404397658697704,29.4884115707915,18.504397658697698
Chhattisgarh,2023,Rural,Middle,64.2,86.5,-22.299999999999997,-40.028604294478534,-42.10922789732213,-32.80664915508816,19.80922789732213,10.506649155088162
Chhattisgarh,2023,Rural,Secondary,41.7,74.4,-32.7,-40.028604294478534,-34.33432993813844,-30.432550173389362,1.6343299381384355,-2.2674498266106404
Chhattisgarh,2023,Rural,Higher Secondary,51.7,80.1,-28.39999999999999,-40.028604294478534,-32.048921774873136,-34.06299619052611,3.648921774873145,5.6629961905261155
Chhattisgarh,2023,Rural,Diploma/ Certificate Course,74.8,88.9,-14.100000000000009,-40.028604294478534,-16.63520970654483,-22.62540147667334,2.5352097065448227,8.52540147667333
Chhattisgarh,2023,Rural,Graduate,52.8,86.8,-34.0,-40.028604294478534,-32.46596259119966,-34.128322590717495,-1.5340374088003372,0.1283225907174952
Chhattisgarh,2023,Rural,Post Graduate & Above,86.3,94.6,-8.299999999999997,-40.028604294478534,-20.8095340197711,-27.15952085698732,12.509534019771102,18.859520856987324
Chhattisgarh,2023,Urban,Not Literate,42.7,74.5,-31.799999999999997,-40.028604294478534,-36.44570145154178,-38.89406255221653,4.6457014515417825,7.094062552216535
Chhattisgarh,2023,Urban,Literate & Upto Primary,56.8,85.5,-28.700000000000003,-40.028604294478534,-47.662946349500956,-46.357791370102134,18.962946349500953,17.65779137010213
Chhattisgarh,2023,Urban,Middle,17.1,84.2,-67.1,-40.028604294478534,-48.383762676031594,-49.689209100681786,-18.7162373239684,-17.410790899318208
Chhattisgarh,2023,Urban,Secondary,21.9,56.3,-34.4,-40.028604294478534,-40.608864716847904,-42.957154746755855,6.208864716847906,8.557154746755856
Chhattisgarh,2023,Urban,Higher Secondary,21.2,73.0,-51.8,-40.028604294478534,-38.323456553582595,-38.44860019588045,-13.476543446417402,-13.351399804119545
Chhattisgarh,2023,Urban,Diploma/ Certificate Course,40.8,98.2,-57.400000000000006,-40.028604294478534,-22.90974448525429,-29.124303420170605,-34.49025551474571,-28.2756965798294
Chhattisgarh,2023,Urban,Graduate,40.1,88.9,-48.800000000000004,-40.028604294478534,-38.74049736990912,-39.15331335681092,-10.059502630090883,-9.646686643189085
Chhattisgarh,2023,Urban,Post Graduate & Above,51.3,88.9,-37.60000000000001,-40.028604294478534,-27.08406879848056,-25.11843670656915,-10.51593120151945,-12.48156329343086
Delhi,2023,Rural,Not Literate,24.3,94.3,-70.0,-39.5120654396728,-28.732533864863615,-18.118384544059463,-41.26746613513639,-51.88161545594053
Delhi,2023,Rural,Literate & Upto Primary,0.0,95.9,-95.9,-39.5120654396728,-39.58365631384319,-28.411356812882502,-56.31634368615681,-67.4886431871175
Delhi,2023,Rural,Middle,39.7,75.0,-35.3,-39.5120654396728,-40.9201869260881,-32.48546734995543,5.6201869260881026,-2.814532650044569
Delhi,2023,Rural,Secondary,0.1,77.4,-77.30000000000001,-39.5120654396728,-33.359370599557494,-28.83939599269752,-43.94062940044252,-48.46060400730249
Delhi,2023,Rural,Higher Secondary,0.1,69.5,-69.4,-39.5120654396728,-31.11743182404728,-32.374101236655534,-38.282568175952726,-37.02589876334447
Delhi,2023,Rural,Diploma/ Certificate Course,0.0,0.0,0.0,-39.5120654396728,-16.792497729685245,-22.368089813712604,16.792497729685245,22.368089813712604
Delhi,2023,Rural,Graduate,27.7,78.6,-50.89999999999999,-39.5120654396728,-31.743452232210544,-33.423178758381795,-19.156547767789448,-17.476821241618197
Delhi,2023,Rural,Post Graduate & Above,0.0,100.0,-100.0,-39.5120654396728,-19.67314610976156,-25.13030867246334,-80.32685389023844,-74.86969132753666
Delhi,2023,Urban,Not Literate,31.4,76.4,-45.00000000000001,-39.5120654396728,-35.75403117597437,-38.30014525288967,-9.245968824025638,-6.6998547471103365
Delhi,2023,Urban,Literate & Upto Primary,15.5,82.9,-67.4,-39.5120654396728,-46.60515362495395,-45.5815173020456,-20.794846375046056,-21.81848269795441
Delhi,2023,Urban,Middle,11.9,78.8,-66.89999999999999,-39.5120654396728,-47.94168423719886,-49.609135729259194,-18.958315762801135,-17.290864270740798
Delhi,2023,Urban,Secondary,6.8,62.8,-56.0,-39.5120654396728,-40.38086791066824,-42.43395294849909,-15.619132089331757,-13.56604705150091
Delhi,2023,Urban,Higher Secondary,7.3,45.3,-38.0,-39.5120654396728,-38.13892913515804,-39.433184553970456,0.13892913515803684,1.433184553970456
Delhi,2023,Urban,Diploma/ Certificate Course,54.2,60.3,-6.099999999999994,-39.5120654396728,-23.813995040795998,-30.35677437382844,17.713995040796004,24.256774373828446
Delhi,2023,Urban,Graduate,24.9,76.1,-51.199999999999996,-39.5120654396728,-38.7649495433213,-39.64789059902039,-12.435050456678695,-11.552109400979603
Delhi,2023,Urban,Post Graduate & Above,35.8,77.5,-41.7,-39.5120654396728,-26.694643420872318,-24.659119937626507,-15.005356579127685,-17.040880062373496
Goa,2023,Rural,Not Literate,19.6,36.0,-16.4,-40.07438650306749,-29.68723988036933,-19.95669782950187,13.28723988036933,3.5566978295018714
Goa,2023,Rural,Literate & Upto Primary,22.2,55.3,-33.099999999999994,-40.07438650306749,-40.78223988036932,-30.589959601319205,7.682239880369323,-2.5100403986807898
Goa,2023,Rural,Middle,29.1,80.5,-51.4,-40.07438650306749,-41.466729676287684,-32.12109593681551,-9.933270323712314,-19.27890406318449
Goa,2023,Rural,Secondary,25.2,78.0,-52.8,-40.07438650306749,-33.808974574246875,-29.24081242465963,-18.991025425753122,-23.559187575340367
Goa,2023,Rural,Higher Secondary,22.7,69.1,-46.39999999999999,-40.07438650306749,-31.766627635471362,-32.905467878766686,-14.633372364528629,-13.494532121233306
Goa,2023,Rural,Diploma/ Certificate Course,100.0,100.0,0.0,-40.07438650306749,-16.690341346307804,-22.641249823488824,16.690341346307804,22.641249823488824
Goa,2023,Rural,Graduate,44.6,75.2,-30.6,-40.07438650306749,-32.39938273751217,-33.84656015506646,1.7993827375121683,3.2465601550664616
Goa,2023,Rural,Post Graduate & Above,22.5,100.0,-77.5,-40.07438650306749,-21.340913349757063,-26.77038630632904,-56.15908665024294,-50.729613693670956
Goa,2023,Urban,Not Literate,14.0,45.1,-31.1,-40.07438650306749,-36.35143842823838,-39.27186636473294,5.25143842823838,8.171866364732935
Goa,2023,Urban,Literate & Upto Primary,20.4,77.2,-56.800000000000004,-40.07438650306749,-47.446438428238366,-46.45837789996613,-9.353561571761638,-10.341622100033874
Goa,2023,Urban,Middle,23.6,80.2,-56.6,-40.07438650306749,-48.130928224156726,-50.00243394135603,-8.469071775843275,-6.59756605864397
Goa,2023,Urban,Secondary,23.1,58.0,-34.9,-40.07438650306749,-40.473173122115924,-42.68123511105643,5.573173122115925,7.781235111056432
Goa,2023,Urban,Higher Secondary,31.7,71.6,-39.89999999999999,-40.07438650306749,-38.43082618334041,-39.616932591382856,-1.469173816659584,-0.28306740861713564
Goa,2023,Urban,Diploma/ Certificate Course,69.0,72.3,-3.299999999999997,-40.07438650306749,-23.354539894176852,-29.83933861429617,20.054539894176855,26.539338614296174
Goa,2023,Urban,Graduate,47.9,82.7,-34.800000000000004,-40.07438650306749,-39.06358128538122,-39.9412037730926,4.263581285381214,5.141203773092599
Goa,2023,Urban,Post Graduate & Above,62.8,74.2,-11.400000000000006,-40.07438650306749,-28.00511189762611,-24.971211383106496,16.605111897626106,13.57121138310649
Gujarat,2023,Rural,Not Literate,62.9,82.9,-20.000000000000007,-39.76339468302658,-29.816739409923276,-20.323553757648543,9.816739409923269,0.32355375764853633
Gujarat,2023,Rural,Literate & Upto Primary,61.7,91.0,-29.299999999999997,-39.76339468302658,-40.93378022624982,-29.909834694325593,11.633780226249826,0.6098346943255954
Gujarat,2023,Rural,Middle,59.5,88.8,-29.299999999999997,-39.76339468302658,-41.848065940535534,-32.591598794681204,12.548065940535537,3.2915987946812066
Gujarat,2023,Rural,Secondary,45.6,78.4,-32.800000000000004,-39.76339468302658,-34.075208797678386,-30.202865980854348,1.2752087976783812,-2.5971340191456562
Gujarat,2023,Rural,Higher Secondary,44.5,68.3,-23.799999999999997,-39.76339468302658,-32.068780226249814,-33.88335379226545,8.268780226249817,10.083353792265456
Gujarat,2023,Rural,Diploma/ Certificate Course,75.2,94.7,-19.5,-39.76339468302658,-16.813615359498264,-22.71659274304076,-2.6863846405017355,3.21659274304076
Gujarat,2023,Rural,Graduate,37.3,85.6,-48.3,-39.76339468302658,-32.381331246657965,-33.750407620102756,-15.918668753342033,-14.549592379897241
Gujarat,2023,Rural,Post Graduate & Above,37.5,86.9,-49.400000000000006,-39.76339468302658,-20.640616960943696,-26.393739316465027,-28.75938303905631,-23.00626068353498
Gujarat,2023,Urban,Not Literate,27.3,67.6,-40.3,-39.76339468302658,-36.21425310096899,-39.08516715877251,-4.085746899031008,-1.2148328412274907
Gujarat,2023,Urban,Literate & Upto Primary,32.7,83.9,-51.2,-39.76339468302658,-47.331293917295525,-46.691300436232545,-3.8687060827044775,-4.508699563767458
Gujarat,2023,Urban,Middle,29.0,83.7,-54.7,-39.76339468302658,-48.245579631581236,-49.866277157326316,-6.454420368418766,-4.833722842673687
Gujarat,2023,Urban,Secondary,18.7,73.9,-55.2,-39.76339468302658,-40.47272248872409,-42.490154849935536,-14.727277511275915,-12.709845150064467
Gujarat,2023,Urban,Higher Secondary,21.7,68.5,-46.8,-39.76339468302658,-38.466293917295516,-38.896867493354854,-8.33370608270448,-7.903132506645143
Gujarat,2023,Urban,Diploma/ Certificate Course,54.8,78.1,-23.299999999999997,-39.76339468302658,-23.211129050543974,-29.26259326735553,-0.08887094945602314,5.962593267355533
Gujarat,2023,Urban,Graduate,39.5,84.8,-45.3,-39.76339468302658,-38.778844937703674,-39.377010131113934,-6.521155062296323,-5.922989868886063
Gujarat,2023,Urban,Post Graduate & Above,48.0,90.2,-42.2,-39.76339468302658,-27.038130651989405,-24.715449565818552,-15.161869348010597,-17.48455043418145
Haryana,2023,Rural,Not Literate,25.8,56.6,-30.8,-39.56909509202455,-29.227299354444696,-19.2954613476584,-1.5727006455553045,-11.504538652341601
Haryana,2023,Rural,Literate & Upto Primary,36.1,83.3,-47.199999999999996,-39.56909509202455,-40.2718911911794,-28.8584565778637,-6.928108808820596,-18.341543422136297
Haryana,2023,Rural,Middle,24.0,77.2,-53.2,-39.56909509202455,-41.42148302791409,-32.15733081949308,-11.77851697208591,-21.04266918050692
Haryana,2023,Rural,Secondary,22.3,66.8,-44.5,-39.56909509202455,-33.59801364015898,-29.482489833778512,-10.901986359841018,-15.017510166221488
Haryana,2023,Rural,Higher Secondary,22.7,70.9,-48.2,-39.56909509202455,-31.473013640158985,-33.06236764493518,-16.726986359841018,-15.137632355064824
Haryana,2023,Rural,Diploma/ Certificate Course,24.5,93.6,-69.1,-39.56909509202455,-16.132817360439915,-21.995399426544385,-52.96718263956008,-47.10460057345561
Haryana,2023,Rural,Graduate,26.3,62.5,-36.2,-39.56909509202455,-31.927605476893675,-33.695802364644315,-4.272394523106328,-2.5041976353556876
Haryana,2023,Rural,Post Graduate & Above,25.5,87.7,-62.2,-39.56909509202455,-20.21423812995491,-25.50706028704785,-41.985761870045096,-36.69293971295215
Haryana,2023,Urban,Not Literate,17.5,58.9,-41.4,-39.56909509202455,-35.98220946564665,-39.11415362524016,-5.417790534353351,-2.285846374759842
Haryana,2023,Urban,Literate & Upto Primary,20.8,86.1,-65.3,-39.56909509202455,-47.02680130238135,-46.56783831735297,-18.273198697618646,-18.732161682647025
Haryana,2023,Urban,Middle,19.1,73.8,-54.699999999999996,-39.56909509202455,-48.176393139116044,-49.64778540062087,-6.523606860883952,-5.052214599379127
Haryana,2023,Urban,Secondary,13.4,65.5,-52.1,-39.56909509202455,-40.35292375136093,-41.79672545015984,-11.747076248639068,-10.303274549840161
Haryana,2023,Urban,Higher Secondary,11.4,60.2,-48.800000000000004,-39.56909509202455,-38.22792375136093,-38.91887246557735,-10.572076248639071,-9.881127534422653
Haryana,2023,Urban,Diploma/ Certificate Course,33.5,81.1,-47.599999999999994,-39.56909509202455,-22.887727471641867,-29.008511544704398,-24.712272528358127,-18.591488455295597
Haryana,2023,Urban,Graduate,23.2,83.0,-59.8,-39.56909509202455,-38.682515588095626,-39.29744137498776,-21.11748441190437,-20.502558625012234
Haryana,2023,Urban,Post Graduate & Above,41.0,83.7,-42.7,-39.56909509202455,-26.969148241156862,-24.481567180648057,-15.73085175884314,-18.218432819351946
Himachal Pradesh,2023,Rural,Not Literate,53.4,59.5,-6.100000000000001,-40.32487218813906,-30.265757041817146,-20.270224045100324,24.165757041817145,14.170224045100323
Himachal Pradesh,2023,Rural,Literate & Upto Primary,78.5,88.8,-10.299999999999997,-40.32487218813906,-41.7301447969192,-30.17066029335633,31.4301447969192,19.870660293356334
Himachal Pradesh,2023,Rural,Middle,72.9,83.2,-10.299999999999997,-40.32487218813906,-42.627899898959996,-33.49366793088267,32.32789989896,23.193667930882675
Himachal Pradesh,2023,Rural,Secondary,67.9,76.9,-9.0,-40.32487218813906,-34.86585908263348,-31.181990339006177,25.865859082633477,22.181990339006177
Himachal Pradesh,2023,Rural,Higher Secondary,67.9,82.5,-14.599999999999994,-40.32487218813906,-32.58759377651103,-34.25219472639783,17.987593776511034,19.652194726397838
Himachal Pradesh,2023,Rural,Diploma/ Certificate Course,94.3,88.0,6.299999999999997,-40.32487218813906,-17.33227492462416,-23.58561849670305,23.632274924624156,29.885618496703046
Himachal Pradesh,2023,Rural,Graduate,72.7,93.3,-20.599999999999994,-40.32487218813906,-32.99585908263347,-34.541076637815124,12.395859082633478,13.94107663781513
Himachal Pradesh,2023,Rural,Post Graduate & Above,90.2,89.2,1.0,-40.32487218813906,-21.44657336834777,-27.57401772100771,22.44657336834777,28.57401772100771
Himachal Pradesh,2023,Urban,Not Literate,27.9,80.4,-52.50000000000001,-40.32487218813906,-36.251765216142836,-38.54717765483061,-16.24823478385717,-13.952822345169395
Himachal Pradesh,2023,Urban,Literate & Upto Primary,47.3,97.5,-50.2,-40.32487218813906,-47.716152971244895,-46.94674812144014,-2.4838470287551075,-3.2532518785598654
Himachal Pradesh,2023,Urban,Middle,37.0,86.8,-49.8,-40.32487218813906,-48.61390807328569,-49.78147470954576,-1.1860919267143046,-0.018525290454235233
Himachal Pradesh,2023,Urban,Secondary,26.2,63.5,-37.3,-40.32487218813906,-40.851867256959174,-42.79241138448252,3.551867256959177,5.492411384482523
Himachal Pradesh,2023,Urban,Higher Secondary,35.6,61.2,-25.6,-40.32487218813906,-38.57360195083672,-39.43276124506383,12.973601950836716,13.832761245063828
Himachal Pradesh,2023,Urban,Diploma/ Certificate Course,57.4,83.1,-25.699999999999996,-40.32487218813906,-23.318283098949852,-29.685771341449954,-2.3817169010501438,3.985771341449958
Himachal Pradesh,2023,Urban,Graduate,50.6,80.7,-30.1,-40.32487218813906,-38.98186725695917,-39.738318020007256,8.881867256959168,9.638318020007254
Himachal Pradesh,2023,Urban,Post Graduate & Above,77.9,89.1,-11.199999999999989,-40.32487218813906,-27.432581542673464,-25.31291628932276,16.232581542673476,14.112916289322772
Jammu and Kashmir,2023,Rural,Not Literate,64.7,70.0,-5.299999999999997,-40.06929959100205,-29.770220233325016,-19.85861238826839,24.47022023332502,14.558612388268394
Jammu and Kashmir,2023,Rural,Literate & Upto Primary,73.9,94.5,-20.599999999999994,-40.06929959100205,-40.95358758026378,-30.212968857250637,20.353587580263785,9.612968857250642
Jammu and Kashmir,2023,Rural,Middle,50.0,78.7,-28.700000000000003,-40.06929959100205,-41.95868962108011,-32.59325219968972,13.258689621080109,3.8932521996897194
Jammu and Kashmir,2023,Rural,Secondary,41.2,70.0,-28.799999999999997,-40.06929959100205,-34.27440390679439,-30.206868161914155,5.474403906794393,1.4068681619141579
Jammu and Kashmir,2023,Rural,Higher Secondary,39.7,66.2,-26.5,-40.06929959100205,-32.171852886386226,-33.77722818382492,5.671852886386226,7.277228183824917
Jammu and Kashmir,2023,Rural,Diploma/ Certificate Course,100.0,100.0,0.0,-40.06929959100205,-17.01178923919693,-23.153759890067494,17.01178923919693,23.153759890067494
Jammu and Kashmir,2023,Rural,Graduate,63.7,77.8,-14.099999999999994,-40.06929959100205,-32.83052635577398,-34.5253913905757,18.73052635577399,20.425391390575705
Jammu and Kashmir,2023,Rural,Post Graduate & Above,78.4,89.3,-10.899999999999991,-40.06929959100205,-21.29205696801889,-27.658636286053724,10.392056968018899,16.758636286053733
Jammu and Kashmir,2023,Urban,Not Literate,25.0,72.6,-47.599999999999994,-40.06929959100205,-36.159994378691266,-38.99908374459313,-11.440005621308728,-8.600916255406865
Jammu and Kashmir,2023,Urban,Literate & Upto Primary,44.7,88.2,-43.5,-40.06929959100205,-47.34336172563003,-46.46742927398123,3.8433617256300323,2.9674292739812316
Jammu and Kashmir,2023,Urban,Middle,24.7,78.1,-53.39999999999999,-40.06929959100205,-48.348463766446365,-50.122386661483915,-5.051536233553627,-3.277613338516076
Jammu and Kashmir,2023,Urban,Secondary,20.6,64.7,-44.1,-40.06929959100205,-40.66417805216064,-42.219213227452656,-3.435821947839358,-1.8807867725473457
Jammu and Kashmir,2023,Urban,Higher Secondary,25.7,63.6,-37.900000000000006,-40.06929959100205,-38.56162703175248,-39.39327858333483,0.6616270317524737,1.4932785833348277
Jammu and Kashmir,2023,Urban,Diploma/ Certificate Course,72.7,100.0,-27.299999999999997,-40.06929959100205,-23.40156338456318,-29.726952128006655,-3.898436615436818,2.4269521280066577
Jammu and Kashmir,2023,Urban,Graduate,48.3,81.3,-33.0,-40.06929959100205,-39.22030050114023,-39.79432124812496,6.22030050114023,6.794321248124959
Jammu and Kashmir,2023,Urban,Post Graduate & Above,74.1,83.7,-9.600000000000009,-40.06929959100205,-27.68183111338514,-25.61209529672028,18.08183111338513,16.012095296720272
Jharkhand,2023,Rural,Not Literate,63.5,77.5,-14.0,-39.69248466257669,-29.480407843972063,-20.229357989219597,15.480407843972063,6.229357989219597
Jharkhand,2023,Rural,Literate & Upto Primary,74.8,90.7,-15.900000000000006,-39.69248466257669,-40.76887723172716,-30.044726780868473,24.868877231727154,14.144726780868467
Jharkhand,2023,Rural,Middle,47.6,79.0,-31.4,-39.69248466257669,-41.758469068461864,-32.543180243006724,10.358469068461865,1.143180243006725
Jharkhand,2023,Rural,Secondary,42.6,74.7,-32.1,-39.69248466257669,-33.93173437458431,-30.320555214298004,1.8317343745843075,-1.7794447857019975
Jharkhand,2023,Rural,Higher Secondary,42.0,77.2,-35.2,-39.69248466257669,-31.877142537849615,-33.81209020975459,-3.322857462150388,-1.3879097902454163
Jharkhand,2023,Rural,Diploma/ Certificate Course,0.0,85.0,-85.0,-39.69248466257669,-15.869577556122533,-21.6869156178345,-69.13042244387746,-63.3130843821655
Jharkhand,2023,Rural,Graduate,41.6,92.6,-50.99999999999999,-39.69248466257669,-32.21050988478838,-33.146037605831566,-18.789490115211613,-17.853962394168427
Jharkhand,2023,Rural,Post Graduate & Above,49.8,100.0,-50.2,-39.69248466257669,-20.25306090519654,-25.852445098130865,-29.94693909480346,-24.347554901869138
Jharkhand,2023,Urban,Not Literate,24.7,66.3,-41.599999999999994,-39.69248466257669,-35.95663119799689,-38.78746081471854,-5.643368802003103,-2.8125391852814516
Jharkhand,2023,Urban,Literate & Upto Primary,27.4,81.2,-53.800000000000004,-39.69248466257669,-47.24510058575199,-45.85000133948006,-6.554899414248013,-7.949998660519945
Jharkhand,2023,Urban,Middle,12.0,69.0,-57.0,-39.69248466257669,-48.23469242248669,-49.681123318978536,-8.765307577513312,-7.3188766810214645
Jharkhand,2023,Urban,Secondary,10.4,57.8,-47.4,-39.69248466257669,-40.407957728609134,-42.7505293805277,-6.992042271390865,-4.649470619472297
Jharkhand,2023,Urban,Higher Secondary,12.9,51.9,-39.0,-39.69248466257669,-38.353365891874446,-38.957518607090456,-0.6466341081255536,-0.04248139290954356
Jharkhand,2023,Urban,Diploma/ Certificate Course,0.0,98.1,-98.1,-39.69248466257669,-22.34580091014736,-28.687688402646685,-75.75419908985263,-69.41231159735331
Jharkhand,2023,Urban,Graduate,28.4,83.9,-55.50000000000001,-39.69248466257669,-38.68673323881321,-39.14054628821093,-16.813266761186796,-16.35945371178908
Jharkhand,2023,Urban,Post Graduate & Above,35.0,93.7,-58.7,-39.69248466257669,-26.72928425922137,-23.990459926493862,-31.970715740778633,-34.70954007350614
Karnataka,2023,Rural,Not Literate,47.4,65.6,-18.199999999999996,-39.81150306748467,-29.58951666447703,-20.116055066980962,11.389516664477036,1.9160550669809666
Karnataka,2023,Rural,Literate & Upto Primary,54.9,88.1,-33.199999999999996,-39.81150306748467,-40.76716972570152,-29.400682896007368,7.567169725701525,-3.799317103992628
Karnataka,2023,Rural,Middle,41.5,79.6,-38.099999999999994,-39.81150306748467,-41.65819013386478,-32.43266002123857,3.558190133864784,-5.667339978761426
Karnataka,2023,Rural,Secondary,33.4,70.2,-36.800000000000004,-39.81150306748467,-33.78859829713011,-30.223758022947766,-3.0114017028698967,-6.576241977052238
Karnataka,2023,Rural,Higher Secondary,28.7,68.4,-39.7,-39.81150306748467,-31.69931258284439,-33.2725104540277,-8.000687417155614,-6.4274895459723
Karnataka,2023,Rural,Diploma/ Certificate Course,64.6,98.8,-34.2,-39.81150306748467,-16.31246537716138,-22.64006278067334,-17.887534622838622,-11.559937219326663
Karnataka,2023,Rural,Graduate,36.2,91.8,-55.599999999999994,-39.81150306748467,-32.10941462366071,-33.796028985017145,-23.490585376339283,-21.80397101498285
Karnataka,2023,Rural,Post Graduate & Above,53.4,96.4,-43.00000000000001,-39.81150306748467,-20.519924827742337,-25.768748826740836,-22.48007517225767,-17.23125117325917
Karnataka,2023,Urban,Not Literate,29.0,63.8,-34.8,-39.81150306748467,-36.29790372246215,-38.97066553215788,1.497903722462155,4.170665532157884
Karnataka,2023,Urban,Literate & Upto Primary,33.5,85.9,-52.400000000000006,-39.81150306748467,-47.47555678368664,-46.44817048633802,-4.924443216313364,-5.951829513661984
Karnataka,2023,Urban,Middle,24.6,73.8,-49.199999999999996,-39.81150306748467,-48.366577191849906,-50.026259069863684,-0.8334228081500896,0.8262590698636885
Karnataka,2023,Urban,Secondary,19.4,66.1,-46.699999999999996,-39.81150306748467,-40.49698535511523,-42.64253084704389,-6.203014644884767,-4.057469152956102
Karnataka,2023,Urban,Higher Secondary,14.1,57.8,-43.699999999999996,-39.81150306748467,-38.40769964082951,-39.43428140906121,-5.292300359170483,-4.265718590938789
Karnataka,2023,Urban,Diploma/ Certificate Course,55.0,95.8,-40.8,-39.81150306748467,-23.0208524351465,-29.262631751632554,-17.779147564853496,-11.537368248367443
Karnataka,2023,Urban,Graduate,38.7,82.1,-43.39999999999999,-39.81150306748467,-38.81780168164583,-39.288519720627605,-4.582198318354159,-4.111480279372387
Karnataka,2023,Urban,Post Graduate & Above,63.0,85.9,-22.900000000000006,-39.81150306748467,-27.22831188572746,-25.13828800380426,4.328311885727455,2.2382880038042536
Kerala,2023,Rural,Not Literate,40.4,47.7,-7.300000000000004,-40.14302147239264,-29.84308133249697,-19.929710244145824,22.543081332496964,12.62971024414582
Kerala,2023,Rural,Literate & Upto Primary,39.3,71.7,-32.400000000000006,-40.14302147239264,-40.98624459780309,-29.766154939835783,8.586244597803088,-2.633845060164223
Kerala,2023,Rural,Middle,43.3,81.9,-38.60000000000001,-40.14302147239264,-41.689305822292894,-32.29734870403662,3.0893058222928858,-6.302651295963386
Kerala,2023,Rural,Secondary,40.1,70.8,-30.699999999999996,-40.14302147239264,-34.064203781476564,-30.244643429625064,3.3642037814765686,-0.4553565703749314
Kerala,2023,Rural,Higher Secondary,28.5,61.8,-33.3,-40.14302147239264,-32.08573439372147,-33.72879429105955,-1.2142656062785306,0.42879429105955325
Kerala,2023,Rural,Diploma/ Certificate Course,64.2,88.8,-24.599999999999994,-40.14302147239264,-16.516168426489493,-22.52721338897687,-8.083831573510501,-2.0727866110231226
Kerala,2023,Rural,Graduate,56.1,86.7,-30.6,-40.14302147239264,-32.67338745494595,-34.56146158858303,2.0733874549459514,3.9614615885830275
Kerala,2023,Rural,Post Graduate & Above,70.9,88.9,-18.0,-40.14302147239264,-21.083897659027578,-27.039212723006024,3.0838976590275777,9.039212723006024
Kerala,2023,Urban,Not Literate,25.2,57.6,-32.400000000000006,-40.14302147239264,-36.50682138169734,-39.237808981338056,4.106821381697337,6.83780898133805
Kerala,2023,Urban,Literate & Upto Primary,26.1,70.3,-44.199999999999996,-40.14302147239264,-47.649984647003464,-46.89252211146638,3.4499846470034683,2.6925221114663813
Kerala,2023,Urban,Middle,33.7,79.3,-45.599999999999994,-40.14302147239264,-48.353045871493265,-49.96751880735918,2.7530458714932706,4.367518807359183
Kerala,2023,Urban,Secondary,29.3,61.8,-32.5,-40.14302147239264,-40.72794383067694,-43.100294738407705,8.227943830676942,10.600294738407705
Kerala,2023,Urban,Higher Secondary,21.0,61.7,-40.7,-40.14302147239264,-38.74947444292184,-39.3161298458546,-1.9505255570781657,-1.3838701541454057
Kerala,2023,Urban,Diploma/ Certificate Course,55.1,89.7,-34.6,-40.14302147239264,-23.179908475689867,-29.26052081062105,-11.420091524310134,-5.339479189378952
Kerala,2023,Urban,Graduate,55.1,80.9,-25.800000000000004,-40.14302147239264,-39.33712750414632,-40.02854815556342,13.53712750414632,14.228548155563416
Kerala,2023,Urban,Post Graduate & Above,70.6,81.5,-10.900000000000006,-40.14302147239264,-27.747637708227952,-25.771001260694224,16.847637708227946,14.871001260694218
Ladakh,2023,Rural,Not Literate,62.5,62.9,-0.3999999999999986,-40.36160531697342,-30.214477597844322,-20.06397801380459,29.814477597844323,19.66397801380459
Ladakh,2023,Rural,Literate & Upto Primary,16.0,71.1,-55.099999999999994,-40.36160531697342,-41.318253108048395,-29.4184547006573,-13.781746891951599,-25.681545299342694
Ladakh,2023,Rural,Middle,47.8,77.1,-29.299999999999997,-40.36160531697342,-42.14008984274227,-32.733467692413235,12.840089842742273,3.433467692413238
Ladakh,2023,Rural,Secondary,44.5,77.9,-33.400000000000006,-40.36160531697342,-34.6047837202933,-30.126169557465904,1.2047837202932925,-3.273830442534102
Ladakh,2023,Rural,Higher Secondary,65.1,58.0,7.099999999999994,-40.36160531697342,-32.5601918835586,-34.34581097596894,39.660191883558596,41.44581097596893
Ladakh,2023,Rural,Diploma/ Certificate Course,0.0,0.0,0.0,-40.36160531697342,-17.642915983258874,-23.225192197138018,17.642915983258874,23.225192197138018
Ladakh,2023,Rural,Graduate,81.8,99.4,-17.60000000000001,-40.36160531697342,-33.36682453661982,-34.65521148433759,15.766824536619815,17.055211484337583
Ladakh,2023,Rural,Post Graduate & Above,100.0,100.0,0.0,-40.36160531697342,-21.430600046823894,-26.75842605826113,21.430600046823894,26.75842605826113
Ladakh,2023,Urban,Not Literate,10.5,50.2,-39.7,-40.36160531697342,-36.87085979115737,-39.393573557567976,-2.829140208842631,-0.3064264424320271
Ladakh,2023,Urban,Literate & Upto Primary,15.8,59.5,-43.7,-40.36160531697342,-47.974635301361445,-46.81543822960201,4.274635301361442,3.115438229602006
Ladakh,2023,Urban,Middle,29.3,69.9,-40.60000000000001,-40.36160531697342,-48.79647203605532,-50.39394192437635,8.196472036055312,9.793941924376341
Ladakh,2023,Urban,Secondary,15.0,58.6,-43.6,-40.36160531697342,-41.26116591360635,-42.84145981833499,-2.3388340863936534,-0.7585401816650119
Ladakh,2023,Urban,Higher Secondary,39.3,85.6,-46.3,-40.36160531697342,-39.21657407687165,-39.50957360766166,-7.083425923128345,-6.79042639233834
Ladakh,2023,Urban,Diploma/ Certificate Course,0.0,0.0,0.0,-40.36160531697342,-24.299298176571924,-30.477702784268722,24.299298176571924,30.477702784268722
Ladakh,2023,Urban,Graduate,100.0,96.1,3.9000000000000057,-40.36160531697342,-40.02320672993287,-40.6987964940548,43.92320672993288,44.5987964940548
Ladakh,2023,Urban,Post Graduate & Above,100.0,100.0,0.0,-40.36160531697342,-28.086982240136944,-26.00432823572552,28.086982240136944,26.00432823572552
Lakshadweep,2023,Rural,Not Literate,0.0,0.0,0.0,-39.90754089979551,-29.588675021798842,-20.454233296125423,29.588675021798842,20.454233296125423
Lakshadweep,2023,Rural,Literate & Upto Primary,14.7,74.4,-59.7,-39.90754089979551,-39.88938930751313,-29.073141631598777,-19.810610692486875,-30.626858368401226
Lakshadweep,2023,Rural,Middle,0.0,63.1,-63.1,-39.90754089979551,-40.87898114424783,-31.338210883831085,-22.22101885575217,-31.761789116168917
Lakshadweep,2023,Rural,Secondary,5.6,77.9,-72.30000000000001,-39.90754089979551,-33.22122604220701,-29.59166037826164,-39.078773957793004,-42.708339621738375
Lakshadweep,2023,Rural,Higher Secondary,26.4,98.3,-71.9,-39.90754089979551,-30.826838287104962,-32.49288781464932,-41.07316171289504,-39.407112185350684
Lakshadweep,2023,Rural,Diploma/ Certificate Course,20.9,64.1,-43.199999999999996,-39.90754089979551,-16.501207769304308,-22.540406474512306,-26.698792230695688,-20.65959352548769
Lakshadweep,2023,Rural,Graduate,95.4,100.0,-4.599999999999994,-39.90754089979551,-32.48877706261516,-34.5475226678894,27.88877706261517,29.94752266788941
Lakshadweep,2023,Rural,Post Graduate & Above,100.0,100.0,0.0,-39.90754089979551,-20.555613797309043,-26.152171118559185,20.555613797309043,26.152171118559185
Lakshadweep,2023,Urban,Not Literate,0.0,35.5,-35.5,-39.90754089979551,-36.70674295837746,-38.81987639482241,1.2067429583774612,3.3198763948224084
Lakshadweep,2023,Urban,Literate & Upto Primary,8.7,54.4,-45.7,-39.90754089979551,-47.007457244091746,-46.57876408331667,1.3074572440917436,0.8787640833166677
Lakshadweep,2023,Urban,Middle,4.3,74.1,-69.8,-39.90754089979551,-47.99704908082645,-49.53843145727582,-21.802950919173547,-20.261568542724177
Lakshadweep,2023,Urban,Secondary,5.2,78.8,-73.6,-39.90754089979551,-40.339293978785626,-41.97512162573199,-33.26070602121437,-31.624878374268008
Lakshadweep,2023,Urban,Higher Secondary,8.3,62.3,-54.0,-39.90754089979551,-37.94490622368358,-38.470640829226596,-16.05509377631642,-15.529359170773404
Lakshadweep,2023,Urban,Diploma/ Certificate Course,56.3,88.0,-31.700000000000003,-39.90754089979551,-23.61927570588293,-29.031741835069266,-8.080724294117072,-2.6682581649307373
Lakshadweep,2023,Urban,Graduate,38.4,79.7,-41.300000000000004,-39.90754089979551,-39.60684499919378,-39.6464178400657,-1.6931550008062217,-1.6535821599343024
Lakshadweep,2023,Urban,Post Graduate & Above,100.0,100.0,0.0,-39.90754089979551,-27.673681733887666,-26.741688209541838,27.673681733887666,26.741688209541838
Madhya Pradesh,2023,Rural,Not Literate,71.5,86.8,-15.299999999999997,-39.759560327198365,-29.601265460794163,-19.886195654891193,14.301265460794166,4.5861956548911955
Madhya Pradesh,2023,Rural,Literate & Upto Primary,73.0,92.1,-19.099999999999994,-39.759560327198365,-40.66361239956967,-29.930301230938802,21.563612399569678,10.830301230938808
Madhya Pradesh,2023,Rural,Middle,50.4,87.5,-37.1,-39.759560327198365,-41.53095933834517,-32.838996116479905,4.430959338345168,-4.261003883520097
Madhya Pradesh,2023,Rural,Secondary,39.8,79.3,-39.5,-39.759560327198365,-33.8417756648758,-30.236364028739757,-5.658224335124203,-9.263635971260243
Madhya Pradesh,2023,Rural,Higher Secondary,32.8,81.7,-48.900000000000006,-39.759560327198365,-31.717183828141103,-33.08815617489722,-17.182816171858903,-15.811843825102784
Madhya Pradesh,2023,Rural,Diploma/ Certificate Course,91.4,100.0,-8.599999999999994,-39.759560327198365,-16.9799251741765,-22.823849884049242,8.379925174176506,14.223849884049248
Madhya Pradesh,2023,Rural,Graduate,37.8,92.1,-54.3,-39.759560327198365,-31.887694032222733,-33.33531605706338,-22.412305967777264,-20.964683942936617
Madhya Pradesh,2023,Rural,Post Graduate & Above,42.2,96.7,-54.5,-39.759560327198365,-19.96024505263088,-25.901440636249543,-34.53975494736912,-28.598559363750457
Madhya Pradesh,2023,Urban,Not Literate,35.9,80.3,-44.4,-39.759560327198365,-36.20040783543669,-38.61674481360321,-8.199592164563306,-5.7832551863967865
Madhya Pradesh,2023,Urban,Literate & Upto Primary,34.3,85.4,-51.10000000000001,-39.759560327198365,-47.2627547742122,-46.636515016455455,-3.837245225787811,-4.463484983544554
Madhya Pradesh,2023,Urban,Middle,27.0,82.0,-55.0,-39.759560327198365,-48.1301017129877,-49.52144748394613,-6.8698982870122975,-5.478552516053867
Madhya Pradesh,2023,Urban,Secondary,18.4,65.7,-47.300000000000004,-39.759560327198365,-40.44091803951832,-42.641158795995224,-6.8590819604816815,-4.65884120400478
Madhya Pradesh,2023,Urban,Higher Secondary,16.5,60.3,-43.8,-39.759560327198365,-38.316326202783635,-39.26942727111483,-5.483673797216362,-4.5305727288851685
Madhya Pradesh,2023,Urban,Diploma/ Certificate Course,61.3,91.4,-30.10000000000001,-39.759560327198365,-23.57906754881903,-29.364107677327166,-6.520932451180979,-0.7358923226728429
Madhya Pradesh,2023,Urban,Graduate,27.1,85.6,-58.49999999999999,-39.759560327198365,-38.486836406865265,-39.175755258353135,-20.013163593134728,-19.324244741646858
Madhya Pradesh,2023,Urban,Post Graduate & Above,35.5,89.6,-54.099999999999994,-39.759560327198365,-26.559387427273414,-24.412220964207638,-27.54061257272658,-29.687779035792357
Maharashtra,2023,Rural,Not Literate,50.0,77.6,-27.599999999999994,-39.90828220858896,-29.67196412487133,-19.289515881209006,2.071964124871336,-8.310484118790988
Maharashtra,2023,Rural,Literate & Upto Primary,59.4,84.9,-25.500000000000007,-39.90828220858896,-41.00084167589175,-29.175946165319736,15.500841675891742,3.675946165319729
Maharashtra,2023,Rural,Middle,51.1,78.2,-27.1,-39.90828220858896,-41.92165800242235,-32.71486399598868,14.821658002422346,5.614863995988678
Maharashtra,2023,Rural,Secondary,40.7,68.6,-27.89999999999999,-39.90828220858896,-34.1045151452795,-30.82974142070312,6.204515145279508,2.9297414207031274
Maharashtra,2023,Rural,Higher Secondary,35.6,73.9,-38.300000000000004,-39.90828220858896,-31.843188614667252,-33.80515039457699,-6.4568113853327525,-4.494849605423013
Maharashtra,2023,Rural,Diploma/ Certificate Course,34.5,78.5,-44.0,-39.90828220858896,-16.583462092267588,-22.483694949704624,-27.416537907732412,-21.516305050295376
Maharashtra,2023,Rural,Graduate,39.6,88.7,-49.1,-39.90828220858896,-32.25880085956521,-33.803163550398985,-16.84119914043479,-15.296836449601017
Maharashtra,2023,Rural,Post Graduate & Above,53.6,90.4,-36.800000000000004,-39.90828220858896,-20.417270247320317,-26.69246177707292,-16.382729752679687,-10.107538222927083
Maharashtra,2023,Urban,Not Literate,28.8,73.3,-44.5,-39.90828220858896,-36.17252391041522,-39.09283802780645,-8.327476089584778,-5.407161972193549
Maharashtra,2023,Urban,Literate & Upto Primary,29.7,81.9,-52.2,-39.90828220858896,-47.501401461435634,-46.31287183587109,-4.698598538564369,-5.88712816412891
Maharashtra,2023,Urban,Middle,25.2,77.2,-52.0,-39.90828220858896,-48.42221778796623,-50.09649399289002,-3.5777822120337675,-1.903506007109982
Maharashtra,2023,Urban,Secondary,18.5,63.7,-45.2,-39.90828220858896,-40.60507493082339,-42.597568711709116,-4.594925069176611,-2.6024312882908873
Maharashtra,2023,Urban,Higher Secondary,17.0,67.4,-50.400000000000006,-39.90828220858896,-38.34374840021114,-38.254265207546226,-12.056251599788865,-12.14573479245378
Maharashtra,2023,Urban,Diploma/ Certificate Course,46.7,83.3,-36.599999999999994,-39.90828220858896,-23.08402187781148,-29.113369516612533,-13.515978122188514,-7.4866304833874615
Maharashtra,2023,Urban,Graduate,44.4,85.5,-41.1,-39.90828220858896,-38.759360645109105,-39.591483350550284,-2.3406393548908966,-1.5085166494497173
Maharashtra,2023,Urban,Post Graduate & Above,48.4,86.8,-38.4,-39.90828220858896,-26.91783003286421,-24.65139911714922,-11.482169967135789,-13.748600882850777
Manipur,2023,Rural,Not Literate,49.2,52.1,-2.8999999999999986,-40.26620654396728,-29.873352047016187,-19.31828539634776,26.97335204701619,16.418285396347763
Manipur,2023,Rural,Literate & Upto Primary,59.1,92.6,-33.49999999999999,-40.26620654396728,-40.98590306742436,-31.366847201854938,7.485903067424367,-2.133152798145055
Manipur,2023,Rural,Middle,51.6,76.3,-24.699999999999996,-40.26620654396728,-41.91712755722028,-33.10840136609421,17.217127557220287,8.408401366094218
Manipur,2023,Rural,Secondary,34.7,53.4,-18.699999999999996,-40.26620654396728,-34.37243367966925,-30.8439921922835,15.672433679669254,12.143992192283505
Manipur,2023,Rural,Higher Secondary,38.6,67.9,-29.300000000000004,-40.26620654396728,-32.1041683735468,-33.633825802457146,2.804168373546794,4.333825802457142
Manipur,2023,Rural,Diploma/ Certificate Course,100.0,0.0,100.0,-40.26620654396728,-17.648276286329665,-24.601345940232076,117.64827628632966,124.60134594023208
Manipur,2023,Rural,Graduate,71.3,89.4,-18.10000000000001,-40.26620654396728,-32.75284184293456,-34.69173659447375,14.65284184293455,16.591736594473744
Manipur,2023,Rural,Post Graduate & Above,95.7,67.8,27.900000000000006,-40.26620654396728,-21.34498470007742,-28.747893394658266,49.244984700077424,56.64789339465827
Manipur,2023,Urban,Not Literate,29.8,44.4,-14.599999999999998,-40.26620654396728,-36.80500388822166,-40.29135651627678,22.205003888221665,25.69135651627678
Manipur,2023,Urban,Literate & Upto Primary,54.1,70.5,-16.4,-40.26620654396728,-47.91755490862984,-47.903660754813146,31.51755490862984,31.503660754813147
Manipur,2023,Urban,Middle,48.9,69.9,-21.000000000000007,-40.26620654396728,-48.84877939842576,-51.0587799203173,27.848779398425755,30.058779920317292
Manipur,2023,Urban,Secondary,41.8,58.7,-16.900000000000006,-40.26620654396728,-41.304085520874736,-43.13955765329032,24.40408552087473,26.239557653290312
Manipur,2023,Urban,Higher Secondary,38.6,61.6,-23.0,-40.26620654396728,-39.03582021475228,-39.76828161705003,16.035820214752277,16.76828161705003
Manipur,2023,Urban,Diploma/ Certificate Course,100.0,0.0,100.0,-40.26620654396728,-24.579928127535148,-30.919367175665222,124.57992812753514,130.91936717566523
Manipur,2023,Urban,Graduate,50.8,82.0,-31.200000000000003,-40.26620654396728,-39.68449368414004,-40.239939787906664,8.484493684140034,9.039939787906661
Manipur,2023,Urban,Post Graduate & Above,74.9,81.1,-6.199999999999989,-40.26620654396728,-28.276636541282897,-25.728671014863828,22.07663654128291,19.52867101486384
Meghalaya,2023,Rural,Not Literate,73.3,81.8,-8.5,-40.526738241308784,-30.045502650067984,-19.70198322219451,21.545502650067984,11.20198322219451
Meghalaya,2023,Rural,Literate & Upto Primary,88.7,95.7,-7.0,-40.526738241308784,-41.532339384761876,-31.433533513769703,34.532339384761876,24.433533513769703
Meghalaya,2023,Rural,Middle,65.8,82.0,-16.200000000000003,-40.526738241308784,-42.582543466394526,-33.1199534388826,26.382543466394523,16.919953438882594
Meghalaya,2023,Rural,Secondary,59.7,61.1,-1.3999999999999986,-40.526738241308784,-34.83989040517004,-31.40773980266286,33.43989040517004,30.00773980266286
Meghalaya,2023,Rural,Higher Secondary,67.0,64.8,2.200000000000003,-40.526738241308784,-32.74346183374146,-34.681581114750216,34.943461833741466,36.88158111475022
Meghalaya,2023,Rural,Diploma/ Certificate Course,100.0,0.0,100.0,-40.526738241308784,-17.71732501281593,-24.339695976061048,117.71732501281593,124.33969597606105
Meghalaya,2023,Rural,Graduate,92.0,97.9,-5.900000000000006,-40.526738241308784,-33.523359792925135,-35.28685710165034,27.62335979292513,29.386857101650335
Meghalaya,2023,Rural,Post Graduate & Above,98.2,100.0,-1.7999999999999972,-40.526738241308784,-22.047135303129235,-28.8049170250981,20.247135303129237,27.004917025098102
Meghalaya,2023,Urban,Not Literate,29.3,52.3,-22.999999999999996,-40.526738241308784,-36.237688400399506,-39.938263544784455,13.23768840039951,16.93826354478446
Meghalaya,2023,Urban,Literate & Upto Primary,60.5,91.4,-30.900000000000006,-40.526738241308784,-47.72452513509339,-46.76789945932192,16.82452513509338,15.867899459321912
Meghalaya,2023,Urban,Middle,43.4,74.3,-30.9,-40.526738241308784,-48.774729216726044,-50.816618135871344,17.874729216726045,19.916618135871346
Meghalaya,2023,Urban,Secondary,27.1,35.4,-8.299999999999997,-40.526738241308784,-41.03207615550156,-43.451491983559464,32.73207615550156,35.15149198355947
Meghalaya,2023,Urban,Higher Secondary,31.6,57.3,-25.699999999999996,-40.526738241308784,-38.93564758407298,-39.6513418016888,13.235647584072986,13.951341801688805
Meghalaya,2023,Urban,Diploma/ Certificate Course,100.0,100.0,0.0,-40.526738241308784,-23.909510763147445,-30.34292947514165,23.909510763147445,30.34292947514165
Meghalaya,2023,Urban,Graduate,60.5,78.1,-17.599999999999994,-40.526738241308784,-39.71554554325665,-40.43700148694105,22.11554554325666,22.837001486941055
Meghalaya,2023,Urban,Post Graduate & Above,91.2,83.9,7.299999999999997,-40.526738241308784,-28.239321053460753,-25.503070241537973,35.53932105346075,32.80307024153797
Mizoram,2023,Rural,Not Literate,26.5,39.2,-12.700000000000003,-40.35442229038855,-29.503991140815472,-19.828084357554093,16.80399114081547,7.128084357554091
Mizoram,2023,Rural,Literate & Upto Primary,40.4,65.8,-25.4,-40.35442229038855,-41.08919522244811,-29.996083686034122,15.689195222448113,4.596083686034124
Mizoram,2023,Rural,Middle,53.1,78.3,-25.199999999999996,-40.35442229038855,-41.84409318163178,-32.83683293771641,16.64409318163178,7.636832937716413
Mizoram,2023,Rural,Secondary,33.8,41.3,-7.5,-40.35442229038855,-34.31511358979506,-31.069583534475246,26.81511358979506,23.569583534475246
Mizoram,2023,Rural,Higher Secondary,20.8,50.5,-29.7,-40.35442229038855,-32.23133807959097,-33.85294141837041,2.53133807959097,4.152941418370414
Mizoram,2023,Rural,Diploma/ Certificate Course,0.0,0.0,0.0,-40.35442229038855,-17.283609257679966,-23.077714643685958,17.283609257679966,23.077714643685958
Mizoram,2023,Rural,Graduate,69.8,94.3,-24.5,-40.35442229038855,-32.6214401204073,-34.3712388569883,8.1214401204073,9.871238856988299
Mizoram,2023,Rural,Post Graduate & Above,0.0,100.0,-100.0,-40.35442229038855,-20.2929707326522,-25.029155893351593,-79.70702926734779,-74.9708441066484
Mizoram,2023,Urban,Not Literate,9.9,68.2,-58.300000000000004,-40.35442229038855,-36.61215538580749,-38.843997715018645,-21.687844614192514,-19.45600228498136
Mizoram,2023,Urban,Literate & Upto Primary,25.8,41.7,-15.900000000000002,-40.35442229038855,-48.19735946744013,-47.96690333829341,32.29735946744013,32.066903338293415
Mizoram,2023,Urban,Middle,46.7,66.7,-20.0,-40.35442229038855,-48.95225742662379,-50.88021159150825,28.952257426623788,30.88021159150825
Mizoram,2023,Urban,Secondary,24.4,42.6,-18.200000000000003,-40.35442229038855,-41.42327783478707,-43.31472307485856,23.22327783478707,25.11472307485856
Mizoram,2023,Urban,Higher Secondary,32.4,49.2,-16.800000000000004,-40.35442229038855,-39.33950232458299,-40.05142639549409,22.539502324582983,23.251426395494086
Mizoram,2023,Urban,Diploma/ Certificate Course,100.0,61.6,38.4,-40.35442229038855,-24.39177350267198,-30.640464969194955,62.79177350267198,69.04046496919496
Mizoram,2023,Urban,Graduate,65.0,88.8,-23.799999999999997,-40.35442229038855,-39.72960436539931,-40.24612098686819,15.929604365399314,16.446120986868195
Mizoram,2023,Urban,Post Graduate & Above,73.0,98.7,-25.700000000000003,-40.35442229038855,-27.401134977644215,-24.886372189292942,1.7011349776442124,-0.8136278107070609
Nagaland,2023,Rural,Not Literate,49.7,60.8,-11.099999999999994,-40.31935071574642,-30.070355169383035,-20.020470502588754,18.97035516938304,8.92047050258876
Nagaland,2023,Rural,Literate & Upto Primary,88.4,83.2,5.200000000000003,-40.31935071574642,-41.73576333264833,-30.219764887639986,46.935763332648335,35.419764887639985
Nagaland,2023,Rural,Middle,63.4,86.2,-22.800000000000004,-40.31935071574642,-42.46106945509732,-32.6045991784786,19.661069455097312,9.804599178478597
Nagaland,2023,Rural,Secondary,61.4,83.2,-21.800000000000004,-40.31935071574642,-34.744130679587116,-30.603573721716668,12.944130679587111,8.803573721716663
Nagaland,2023,Rural,Higher Secondary,65.2,82.0,-16.799999999999997,-40.31935071574642,-32.5721919040769,-33.98625724817688,15.772191904076905,17.18625724817688
Nagaland,2023,Rural,Diploma/ Certificate Course,100.0,100.0,0.0,-40.31935071574642,-17.186266556070418,-23.249465878841725,17.186266556070418,23.249465878841725
Nagaland,2023,Rural,Graduate,76.4,95.5,-19.099999999999994,-40.31935071574642,-33.40249802652589,-34.61958862449343,14.302498026525896,15.519588624493437
Nagaland,2023,Rural,Post Graduate & Above,66.5,94.7,-28.200000000000003,-40.31935071574642,-21.5144368020361,-27.462675713206558,-6.685563197963901,-0.7373242867934451
Nagaland,2023,Urban,Not Literate,23.0,68.2,-45.2,-40.31935071574642,-36.64900618267252,-39.28201211387518,-8.55099381732748,-5.91798788612482
Nagaland,2023,Urban,Literate & Upto Primary,48.2,71.5,-23.299999999999997,-40.31935071574642,-48.31441434593783,-47.30219038591494,25.01441434593783,24.002190385914943
Nagaland,2023,Urban,Middle,51.2,71.8,-20.599999999999994,-40.31935071574642,-49.039720468386804,-50.855839931301105,28.43972046838681,30.25583993130111
Nagaland,2023,Urban,Secondary,44.0,59.7,-15.700000000000003,-40.31935071574642,-41.3227816928766,-43.79301430909923,25.6227816928766,28.093014309099225
Nagaland,2023,Urban,Higher Secondary,47.3,70.1,-22.799999999999997,-40.31935071574642,-39.15084291736639,-40.12915697429445,16.350842917366393,17.329156974294456
Nagaland,2023,Urban,Diploma/ Certificate Course,100.0,100.0,0.0,-40.31935071574642,-23.76491756935991,-30.367460273997334,23.76491756935991,30.367460273997334
Nagaland,2023,Urban,Graduate,76.1,97.0,-20.900000000000006,-40.31935071574642,-39.98114903981538,-40.258652187158106,19.081149039815372,19.3586521871581
Nagaland,2023,Urban,Post Graduate & Above,89.9,100.0,-10.099999999999994,-40.31935071574642,-28.09308781532559,-25.314809804916813,17.993087815325595,15.214809804916818
Odisha,2023,Rural,Not Literate,62.1,80.5,-18.4,-39.887423312883435,-29.748722943324022,-20.040529989619742,11.348722943324024,1.6405299896197434
Odisha,2023,Rural,Literate & Upto Primary,61.0,90.3,-29.299999999999997,-39.887423312883435,-40.672090290262794,-29.223082762482314,11.372090290262797,-0.07691723751768365
Odisha,2023,Rural,Middle,46.4,88.0,-41.6,-39.887423312883435,-41.537192331079126,-32.26907947726269,-0.06280766892087541,-9.330920522737308
Odisha,2023,Rural,Secondary,35.4,66.1,-30.699999999999996,-39.887423312883435,-34.016784167813825,-30.64208583686171,3.316784167813829,-0.057914163138285346
Odisha,2023,Rural,Higher Secondary,26.6,73.6,-46.99999999999999,-39.887423312883435,-31.956069882099538,-33.35359395825972,-15.043930117900455,-13.64640604174027
Odisha,2023,Rural,Diploma/ Certificate Course,83.4,95.5,-12.099999999999994,-39.887423312883435,-17.1526768709716,-23.138647850505475,5.052676870971606,11.03864785050548
Odisha,2023,Rural,Graduate,53.9,91.1,-37.199999999999996,-39.887423312883435,-32.238212739242385,-33.709907841089084,-4.96178726075761,-3.4900921589109117
Odisha,2023,Rural,Post Graduate & Above,74.7,88.2,-13.5,-39.887423312883435,-20.937090290262795,-26.756338171211002,7.437090290262795,13.256338171211002
Odisha,2023,Urban,Not Literate,40.3,68.7,-28.400000000000006,-39.887423312883435,-36.337734747852224,-39.0588268921652,7.937734747852218,10.658826892165195
Odisha,2023,Urban,Literate & Upto Primary,36.6,83.5,-46.9,-39.887423312883435,-47.261102094791,-46.47262168576451,0.36110209479100064,-0.4273783142354901
Odisha,2023,Urban,Middle,25.6,82.1,-56.49999999999999,-39.887423312883435,-48.12620413560734,-49.84918752060993,-8.373795864392655,-6.650812479390062
Odisha,2023,Urban,Secondary,16.3,56.7,-40.400000000000006,-39.887423312883435,-40.60579597234204,-42.75718750034443,0.20579597234203106,2.3571875003444234
Odisha,2023,Urban,Higher Secondary,13.0,54.3,-41.3,-39.887423312883435,-38.54508168662774,-39.49691131071604,-2.754918313372258,-1.8030886892839604
Odisha,2023,Urban,Diploma/ Certificate Course,54.4,88.8,-34.4,-39.887423312883435,-23.741688675499805,-29.782763056115694,-10.658311324500193,-4.617236943884304
Odisha,2023,Urban,Graduate,41.4,89.7,-48.300000000000004,-39.887423312883435,-38.8272245437706,-39.48113420442843,-9.472775456229407,-8.818865795571575
Odisha,2023,Urban,Post Graduate & Above,61.7,80.4,-18.700000000000003,-39.887423312883435,-27.526102094791,-25.28414723326538,8.826102094790997,6.5841472332653765
Puducherry,2023,Rural,Not Literate,32.3,66.3,-34.0,-39.986042944785275,-29.96875913738243,-19.908966349288747,-4.031240862617569,-14.091033650711253
Puducherry,2023,Rural,Literate & Upto Primary,50.5,55.1,-4.600000000000001,-39.986042944785275,-40.98845301493344,-30.455499933206713,36.38845301493344,25.855499933206712
Puducherry,2023,Rural,Middle,40.7,89.4,-48.7,-39.986042944785275,-41.83069791289262,-32.177790542342784,-6.8693020871073855,-16.52220945765722
Puducherry,2023,Rural,Secondary,14.3,72.3,-58.0,-39.986042944785275,-34.27804485166814,-29.879236012670724,-23.72195514833186,-28.120763987329276
Puducherry,2023,Rural,Higher Secondary,19.5,66.1,-46.599999999999994,-39.986042944785275,-32.078555055749774,-33.32456481034945,-14.52144494425022,-13.275435189650544
Puducherry,2023,Rural,Diploma/ Certificate Course,84.1,100.0,-15.900000000000006,-39.986042944785275,-16.466197645985087,-22.67729659668242,0.5661976459850813,6.777296596682415
Puducherry,2023,Rural,Graduate,46.7,65.4,-18.700000000000003,-39.986042944785275,-32.4090652598314,-34.61593467119952,13.709065259831398,15.915934671199516
Puducherry,2023,Rural,Post Graduate & Above,100.0,100.0,0.0,-39.986042944785275,-20.854677504729356,-27.256744094775517,20.854677504729356,27.256744094775517
Puducherry,2023,Urban,Not Literate,20.1,36.1,-16.0,-39.986042944785275,-36.58202394350691,-39.42913022626221,20.58202394350691,23.42913022626221
Puducherry,2023,Urban,Literate & Upto Primary,31.5,74.9,-43.400000000000006,-39.986042944785275,-47.60171782105793,-46.49834148796132,4.201717821057926,3.0983414879613136
Puducherry,2023,Urban,Middle,29.8,80.2,-50.400000000000006,-39.986042944785275,-48.443962719017094,-49.8809472317457,-1.9560372809829119,-0.5190527682543049
Puducherry,2023,Urban,Secondary,13.1,56.2,-43.1,-39.986042944785275,-40.89130965779263,-42.40384205062039,-2.208690342207369,-0.6961579493796108
Puducherry,2023,Urban,Higher Secondary,17.5,56.7,-39.2,-39.986042944785275,-38.69181986187425,-39.21782540900426,-0.508180138125752,0.017825409004259996
Puducherry,2023,Urban,Diploma/ Certificate Course,38.6,88.2,-49.6,-39.986042944785275,-23.079462452109567,-29.319773581798696,-26.520537547890434,-20.280226418201305
Puducherry,2023,Urban,Graduate,36.9,82.8,-45.9,-39.986042944785275,-39.022330065955884,-39.390874266760065,-6.877669934044114,-6.509125733239934
Puducherry,2023,Urban,Post Graduate & Above,56.6,87.5,-30.9,-39.986042944785275,-27.467942310853836,-25.295452127810158,-3.4320576891461627,-5.6045478721898405
Punjab,2023,Rural,Not Literate,35.0,76.3,-41.3,-39.634943762781184,-29.20713382198724,-19.388559986353282,-12.092866178012756,-21.911440013646715
Punjab,2023,Rural,Literate & Upto Primary,32.9,85.4,-52.50000000000001,-39.634943762781184,-40.40662361790561,-28.378049719677986,-12.093376382094398,-24.12195028032202
Punjab,2023,Rural,Middle,33.8,80.4,-46.60000000000001,-39.634943762781184,-41.49805218933419,-32.15117639691523,-5.10194781066582,-14.448823603084776
Punjab,2023,Rural,Secondary,34.3,73.8,-39.5,-39.634943762781184,-33.6731542301505,-30.00113701454415,-5.826845769849498,-9.498862985455851
Punjab,2023,Rural,Higher Secondary,29.7,83.7,-54.0,-39.634943762781184,-31.44978688321173,-32.84714577101591,-22.55021311678827,-21.15285422898409
Punjab,2023,Rural,Diploma/ Certificate Course,50.1,79.3,-29.199999999999996,-39.634943762781184,-16.385170203541783,-22.594662134266954,-12.814829796458213,-6.605337865733041
Punjab,2023,Rural,Graduate,56.4,83.4,-27.000000000000007,-39.634943762781184,-32.13478688321173,-34.40470874781593,5.134786883211724,7.404708747815924
Punjab,2023,Rural,Post Graduate & Above,50.0,93.3,-43.3,-39.634943762781184,-20.664480760762753,-26.39663195653593,-22.635519239237244,-16.903368043464067
Punjab,2023,Urban,Not Literate,27.7,81.7,-54.0,-39.634943762781184,-35.78785798682378,-38.52271419496964,-18.21214201317622,-15.477285805030363
Punjab,2023,Urban,Literate & Upto Primary,27.1,85.1,-57.99999999999999,-39.634943762781184,-46.98734778274215,-46.500690322388216,-11.012652217257845,-11.499309677611777
Punjab,2023,Urban,Middle,16.5,82.3,-65.8,-39.634943762781184,-48.07877635417073,-49.3883294215462,-17.72122364582927,-16.411670578453794
Punjab,2023,Urban,Secondary,15.6,71.7,-56.1,-39.634943762781184,-40.25387839498705,-42.58940623527418,-15.846121605012954,-13.510593764725819
Punjab,2023,Urban,Higher Secondary,15.7,72.9,-57.2,-39.634943762781184,-38.030511048048275,-38.9853542985897,-19.169488951951728,-18.214645701410305
Punjab,2023,Urban,Diploma/ Certificate Course,46.5,79.9,-33.400000000000006,-39.634943762781184,-22.96589436837833,-29.054816208608738,-10.434105631621676,-4.345183791391268
Punjab,2023,Urban,Graduate,33.0,85.5,-52.5,-39.634943762781184,-38.71551104804827,-39.09494558661116,-13.78448895195173,-13.40505441338884
Punjab,2023,Urban,Post Graduate & Above,56.8,89.7,-32.900000000000006,-39.634943762781184,-27.245204925599296,-24.914757305942903,-5.65479507440071,-7.985242694057103
Rajasthan,2023,Rural,Not Literate,69.6,81.9,-12.300000000000011,-39.860761758691204,-29.839823823184922,-20.55300569645825,17.53982382318491,8.253005696458239
Rajasthan,2023,Rural,Literate & Upto Primary,69.5,89.2,-19.700000000000003,-39.860761758691204,-40.87870137420532,-29.639841674680973,21.178701374205318,9.93984167468097
Rajasthan,2023,Rural,Middle,49.0,83.0,-34.0,-39.860761758691204,-41.80278300685839,-32.580736641513404,7.802783006858391,-1.419263358486596
Rajasthan,2023,Rural,Secondary,33.5,70.0,-36.5,-39.860761758691204,-34.10747688440941,-30.00502500523256,-2.392523115590592,-6.494974994767439
Rajasthan,2023,Rural,Higher Secondary,27.8,59.6,-31.8,-39.860761758691204,-32.15676259869512,-33.49634671649908,0.3567625986951164,1.6963467164990824
Rajasthan,2023,Rural,Diploma/ Certificate Course,70.9,85.4,-14.5,-39.860761758691204,-17.144403135795272,-22.938821271989625,2.6444031357952724,8.438821271989625
Rajasthan,2023,Rural,Graduate,50.9,86.0,-35.1,-39.860761758691204,-32.34564014971552,-33.729939312184044,-2.75435985028448,-1.3700606878159576
Rajasthan,2023,Rural,Post Graduate & Above,73.8,95.7,-21.900000000000006,-39.860761758691204,-20.423497292572662,-26.858147424214305,-1.4765027074273434,4.9581474242142995
Rajasthan,2023,Urban,Not Literate,34.1,65.2,-31.1,-39.860761758691204,-36.183810016729254,-38.75761099449293,5.083810016729252,7.657610994492927
Rajasthan,2023,Urban,Literate & Upto Primary,43.7,73.9,-30.200000000000003,-39.860761758691204,-47.22268756774966,-47.10234710680315,17.022687567749657,16.90234710680315
Rajasthan,2023,Urban,Middle,18.0,77.6,-59.599999999999994,-39.860761758691204,-48.14676920040273,-49.46975432080518,-11.453230799597264,-10.130245679194815
Rajasthan,2023,Urban,Secondary,16.2,59.5,-43.3,-39.860761758691204,-40.45146307795375,-42.73536565937528,-2.84853692204625,-0.5646343406247141
Rajasthan,2023,Urban,Higher Secondary,11.3,65.4,-54.10000000000001,-39.860761758691204,-38.500748792239456,-38.94160140087605,-15.599251207760553,-15.158398599123956
Rajasthan,2023,Urban,Diploma/ Certificate Course,36.5,82.6,-46.099999999999994,-39.860761758691204,-23.48838932933961,-29.721681055403028,-22.611610670660383,-16.378318944596966
Rajasthan,2023,Urban,Graduate,38.4,83.9,-45.50000000000001,-39.860761758691204,-38.68962634325986,-39.45877391688466,-6.810373656740147,-6.0412260831153475
Rajasthan,2023,Urban,Post Graduate & Above,44.5,87.7,-43.2,-39.860761758691204,-26.767483486117,-24.761457910370357,-16.432516513883,-18.438542089629646
Sikkim,2023,Rural,Not Literate,81.0,84.7,-3.700000000000003,-40.37691717791411,-29.821579275561042,-20.276474384908646,26.12157927556104,16.576474384908643
Sikkim,2023,Rural,Literate & Upto Primary,89.1,96.9,-7.800000000000011,-40.37691717791411,-41.289028255152886,-30.524363546539362,33.489028255152874,22.72436354653935
Sikkim,2023,Rural,Middle,76.6,86.3,-9.700000000000003,-40.37691717791411,-42.475967030663085,-33.331802688039865,32.77596703066308,23.631802688039862
Sikkim,2023,Rural,Secondary,50.9,52.6,-1.7000000000000028,-40.37691717791411,-34.56841601025492,-31.216469212159957,32.86841601025492,29.516469212159954
Sikkim,2023,Rural,Higher Secondary,66.0,86.1,-20.099999999999994,-40.37691717791411,-32.389538459234515,-33.967180955272354,12.289538459234521,13.86718095527236
Sikkim,2023,Rural,Diploma/ Certificate Course,100.0,100.0,0.0,-40.37691717791411,-17.47323328122775,-23.559855429006685,17.47323328122775,23.559855429006685
Sikkim,2023,Rural,Graduate,90.5,94.6,-4.099999999999994,-40.37691717791411,-33.2706609082141,-34.917185773419035,29.170660908214103,30.81718577341904
Sikkim,2023,Rural,Post Graduate & Above,97.3,100.0,-2.700000000000003,-40.37691717791411,-21.4079058061733,-27.84508455510034,18.707905806173297,25.145084555100336
Sikkim,2023,Urban,Not Literate,10.5,95.0,-84.5,-40.37691717791411,-35.927952196546244,-37.287185602231055,-48.572047803453756,-47.212814397768945
Sikkim,2023,Urban,Literate & Upto Primary,22.5,85.2,-62.7,-40.37691717791411,-47.39540117613809,-46.0829314208224,-15.304598823861916,-16.617068579177605
Sikkim,2023,Urban,Middle,28.9,84.1,-55.199999999999996,-40.37691717791411,-48.58233995164829,-49.767912899240116,-6.617660048351709,-5.43208710075988
Sikkim,2023,Urban,Secondary,34.0,66.9,-32.900000000000006,-40.37691717791411,-40.67478893124012,-43.156157965071095,7.774788931240117,10.25615796507109
Sikkim,2023,Urban,Higher Secondary,40.6,45.1,-4.5,-40.37691717791411,-38.49591138021972,-40.279492434110104,33.99591138021972,35.779492434110104
Sikkim,2023,Urban,Diploma/ Certificate Course,52.2,87.4,-35.2,-40.37691717791411,-23.57960620221295,-30.011825084469418,-11.620393797787052,-5.188174915530585
Sikkim,2023,Urban,Graduate,52.0,94.4,-42.400000000000006,-40.37691717791411,-39.377033829199306,-39.70285480798603,-3.0229661708007,-2.697145192013977
Sikkim,2023,Urban,Post Graduate & Above,79.9,85.7,-5.799999999999997,-40.37691717791411,-27.5142787271585,-25.063991046271195,21.714278727158504,19.263991046271197
Tamil Nadu,2023,Rural,Not Literate,60.0,61.5,-1.5,-39.99399284253579,-30.06718962618515,-20.689880014011315,28.56718962618515,19.189880014011315
Tamil Nadu,2023,Rural,Literate & Upto Primary,71.2,87.0,-15.799999999999997,-39.99399284253579,-41.157903911899446,-29.72724263602286,25.35790391189945,13.927242636022864
Tamil Nadu,2023,Rural,Middle,55.5,86.4,-30.900000000000006,-39.99399284253579,-41.836271258838224,-32.68962504477654,10.936271258838218,1.7896250447765354
Tamil Nadu,2023,Rural,Secondary,44.6,62.9,-18.299999999999997,-39.99399284253579,-34.22872023843006,-30.911342894508753,15.92872023843006,12.611342894508756
Tamil Nadu,2023,Rural,Higher Secondary,32.7,58.1,-25.4,-39.99399284253579,-32.26718962618516,-33.935186040500234,6.867189626185159,8.535186040500236
Tamil Nadu,2023,Rural,Diploma/ Certificate Course,47.6,99.7,-52.1,-39.99399284253579,-16.132238285487944,-22.732934149937368,-35.96776171451206,-29.367065850062634
Tamil Nadu,2023,Rural,Graduate,40.9,88.9,-48.00000000000001,-39.99399284253579,-32.25953656496066,-33.58891902207783,-15.740463435039345,-14.411080977922175
Tamil Nadu,2023,Rural,Post Graduate & Above,52.7,96.2,-43.5,-39.99399284253579,-20.582699830266808,-26.218080951112714,-22.917300169733192,-17.281919048887286
Tamil Nadu,2023,Urban,Not Literate,31.5,60.3,-28.799999999999997,-39.99399284253579,-36.535522067906435,-39.11446834189736,7.735522067906437,10.31446834189736
Tamil Nadu,2023,Urban,Literate & Upto Primary,38.5,78.6,-40.099999999999994,-39.99399284253579,-47.626236353620726,-46.769261267510664,7.526236353620732,6.66926126751067
Tamil Nadu,2023,Urban,Middle,27.6,78.9,-51.300000000000004,-39.99399284253579,-48.30460370055951,-50.02196978063709,-2.9953962994404932,-1.2780302193629112
Tamil Nadu,2023,Urban,Secondary,19.8,61.0,-41.2,-39.99399284253579,-40.69705268015134,-42.753043049266125,-0.5029473198486656,1.5530430492661225
Tamil Nadu,2023,Urban,Higher Secondary,16.9,50.6,-33.7,-39.99399284253579,-38.73552206790644,-39.35021007470906,5.0355220679064345,5.650210074709058
Tamil Nadu,2023,Urban,Diploma/ Certificate Course,44.7,90.9,-46.2,-39.99399284253579,-22.600570727209224,-29.10349838405861,-23.59942927279078,-17.096501615941392
Tamil Nadu,2023,Urban,Graduate,33.0,85.6,-52.599999999999994,-39.99399284253579,-38.72786900668194,-39.2215897225419,-13.872130993318052,-13.378410277458094
Tamil Nadu,2023,Urban,Post Graduate & Above,45.2,87.6,-42.39999999999999,-39.99399284253579,-27.05103227198809,-24.48392400074059,-15.348967728011903,-17.9160759992594
Telangana,2023,Rural,Not Literate,59.4,69.8,-10.399999999999999,-39.899667689161554,-29.97532394251711,-20.077546365423576,19.575323942517112,9.677546365423577
Telangana,2023,Rural,Literate & Upto Primary,72.8,88.2,-15.400000000000006,-39.899667689161554,-41.19460965680281,-30.884186371710467,25.794609656802805,15.48418637171046
Telangana,2023,Rural,Middle,55.0,78.9,-23.900000000000006,-39.899667689161554,-42.015630064966075,-32.95404424603718,18.11563006496607,9.054044246037172
Telangana,2023,Rural,Secondary,46.0,78.4,-32.400000000000006,-39.899667689161554,-34.20052802414976,-30.308662214400545,1.8005280241497559,-2.0913377855994604
Telangana,2023,Rural,Higher Secondary,37.8,75.5,-37.7,-39.899667689161554,-32.16409945272119,-33.91754351541202,-5.535900547278814,-3.782456484587982
Telangana,2023,Rural,Diploma/ Certificate Course,100.0,100.0,0.0,-39.899667689161554,-16.15161064230777,-22.715427702602238,16.15161064230777,22.715427702602238
Telangana,2023,Rural,Graduate,47.7,91.9,-44.2,-39.899667689161554,-32.35909945272118,-33.86067762450088,-11.840900547278821,-10.339322375499123
Telangana,2023,Rural,Post Graduate & Above,59.9,95.7,-35.800000000000004,-39.899667689161554,-20.33246679965995,-26.695082907665096,-15.467533200340053,-9.104917092334908
Telangana,2023,Urban,Not Literate,34.2,74.8,-40.599999999999994,-39.899667689161554,-36.48225902506735,-39.25314404291784,-4.117740974932644,-1.3468559570821554
Telangana,2023,Urban,Literate & Upto Primary,34.3,84.1,-49.8,-39.899667689161554,-47.701544739353054,-46.52104554933192,-2.0984552606469435,-3.278954450668074
Telangana,2023,Urban,Middle,24.3,72.8,-48.5,-39.899667689161554,-48.52256514751632,-50.10749323269703,0.022565147516317552,1.6074932326970313
Telangana,2023,Urban,Secondary,21.1,68.5,-47.4,-39.899667689161554,-40.707463106700004,-42.58045364302641,-6.6925368932999945,-4.819546356973589
Telangana,2023,Urban,Higher Secondary,15.1,55.5,-40.4,-39.899667689161554,-38.67103453527143,-39.23703560524273,-1.7289654647285673,-1.1629643947572674
Telangana,2023,Urban,Diploma/ Certificate Course,73.6,83.4,-9.800000000000011,-39.899667689161554,-22.65854572485801,-29.381328343147693,12.858545724857997,19.581328343147682
Telangana,2023,Urban,Graduate,47.4,89.7,-42.300000000000004,-39.899667689161554,-38.866034535271424,-39.42334104409101,-3.4339654647285798,-2.8766589559089937
Telangana,2023,Urban,Post Graduate & Above,54.9,94.6,-39.699999999999996,-39.899667689161554,-26.83940188221019,-24.87133635104874,-12.860598117789806,-14.828663648951256
The Dadra and Nagar Haveli and Daman and Diu,2023,Rural,Not Literate,83.9,93.4,-9.5,-39.89038854805726,-30.281710314866803,-19.275058465791734,20.781710314866803,9.775058465791734
The Dadra and Nagar Haveli and Daman and Diu,2023,Rural,Literate & Upto Primary,66.0,100.0,-34.0,-39.89038854805726,-41.3255878658872,-30.435406151526806,7.325587865887201,-3.5645938484731943
The Dadra and Nagar Haveli and Daman and Diu,2023,Rural,Middle,86.3,78.4,7.8999999999999915,-39.89038854805726,-42.34171031486679,-34.26923873251343,50.24171031486678,42.16923873251342
The Dadra and Nagar Haveli and Daman and Diu,2023,Rural,Secondary,46.5,64.3,-17.799999999999997,-39.89038854805726,-34.4847715393566,-30.879027310931534,16.684771539356603,13.079027310931536
The Dadra and Nagar Haveli and Daman and Diu,2023,Rural,Higher Secondary,44.8,94.8,-50.0,-39.89038854805726,-32.27375113119332,-33.709571452738544,-17.726248868806678,-16.290428547261456
The Dadra and Nagar Haveli and Daman and Diu,2023,Rural,Diploma/ Certificate Course,100.0,69.7,30.299999999999997,-39.89038854805726,-17.25144381792589,-23.53031951966559,47.551443817925886,53.830319519665586
The Dadra and Nagar Haveli and Daman and Diu,2023,Rural,Graduate,51.9,97.9,-46.00000000000001,-39.89038854805726,-32.73273072303006,-33.927331598996275,-13.267269276969948,-12.072668401003732
The Dadra and Nagar Haveli and Daman and Diu,2023,Rural,Post Graduate & Above,66.3,29.1,37.199999999999996,-39.89038854805726,-21.689261335274978,-28.933424627084563,58.88926133527497,66.13342462708457
The Dadra and Nagar Haveli and Daman and Diu,2023,Urban,Not Literate,34.7,87.6,-52.89999999999999,-39.89038854805726,-36.09364662116501,-39.137592022262986,-16.806353378834984,-13.762407977737006
The Dadra and Nagar Haveli and Daman and Diu,2023,Urban,Literate & Upto Primary,32.3,94.3,-62.0,-39.89038854805726,-47.13752417218541,-46.03639386297883,-14.862475827814592,-15.963606137021173
The Dadra and Nagar Haveli and Daman and Diu,2023,Urban,Middle,22.1,96.3,-74.19999999999999,-39.89038854805726,-48.153646621164995,-49.605870806464544,-26.046353378834993,-24.594129193535444
The Dadra and Nagar Haveli and Daman and Diu,2023,Urban,Secondary,12.8,79.3,-66.5,-39.89038854805726,-40.296707845654794,-42.027811314875365,-26.203292154345206,-24.472188685124635
The Dadra and Nagar Haveli and Daman and Diu,2023,Urban,Higher Secondary,20.7,80.5,-59.8,-39.89038854805726,-38.08568743749152,-38.44542572387797,-21.714312562508475,-21.35457427612203
The Dadra and Nagar Haveli and Daman and Diu,2023,Urban,Diploma/ Certificate Course,96.3,81.6,14.700000000000003,-39.89038854805726,-23.06338012422409,-29.600864882154525,37.76338012422409,44.30086488215453
The Dadra and Nagar Haveli and Daman and Diu,2023,Urban,Graduate,20.0,99.1,-79.1,-39.89038854805726,-38.54466702932825,-38.83020477046664,-40.55533297067174,-40.26979522953335
The Dadra and Nagar Haveli and Daman and Diu,2023,Urban,Post Graduate & Above,58.9,64.1,-5.199999999999996,-39.89038854805726,-27.501197641573178,-25.53060365988563,22.301197641573182,20.330603659885636
Tripura,2023,Rural,Not Literate,40.2,75.1,-34.89999999999999,-39.95669734151329,-29.695638530082377,-19.481102532062565,-5.204361469917615,-15.418897467937427
Tripura,2023,Rural,Literate & Upto Primary,60.5,88.4,-27.900000000000006,-39.95669734151329,-40.80594465253136,-30.05556680841804,12.905944652531353,2.1555668084180333
Tripura,2023,Rural,Middle,53.2,81.4,-28.200000000000003,-39.95669734151329,-41.69104669334769,-32.39017355800216,13.491046693347684,4.190173558002158
Tripura,2023,Rural,Secondary,30.1,64.6,-34.49999999999999,-39.95669734151329,-34.06002628518441,-29.873622269136362,-0.43997371481557934,-4.626377730863631
Tripura,2023,Rural,Higher Secondary,23.1,56.5,-33.4,-39.95669734151329,-32.00910791783747,-33.49749925080394,-1.3908920821625301,0.09749925080394206
Tripura,2023,Rural,Diploma/ Certificate Course,45.0,100.0,-55.0,-39.95669734151329,-17.306114446807207,-22.77879928042826,-37.69388555319279,-32.22120071957174
Tripura,2023,Rural,Graduate,43.4,93.2,-49.800000000000004,-39.95669734151329,-32.480638530082366,-33.477816583248504,-17.319361469917638,-16.3221834167515
Tripura,2023,Rural,Post Graduate & Above,82.1,100.0,-17.900000000000006,-39.95669734151329,-20.933597713755855,-27.166499316221163,3.0335977137558494,9.266499316221157
Tripura,2023,Urban,Not Literate,23.1,43.1,-20.0,-39.95669734151329,-36.302630316641896,-39.28327694546414,16.302630316641896,19.283276945464138
Tripura,2023,Urban,Literate & Upto Primary,43.2,74.8,-31.599999999999994,-39.95669734151329,-47.41293643909087,-46.82228906125404,15.812936439090876,15.222289061254045
Tripura,2023,Urban,Middle,25.3,74.7,-49.400000000000006,-39.95669734151329,-48.298038479907206,-50.19583286146653,-1.1019615200928001,0.795832861466522
Tripura,2023,Urban,Secondary,21.0,63.9,-42.9,-39.95669734151329,-40.667018071743925,-42.72016700521153,-2.2329819282560734,-0.1798329947884696
Tripura,2023,Urban,Higher Secondary,21.3,48.7,-27.400000000000002,-39.95669734151329,-38.61609970439699,-39.65640437375965,11.216099704396985,12.256404373759647
Tripura,2023,Urban,Diploma/ Certificate Course,100.0,94.7,5.299999999999997,-39.95669734151329,-23.913106233366722,-30.49795767675948,29.21310623336672,35.79795767675948
Tripura,2023,Urban,Graduate,37.1,74.7,-37.6,-39.95669734151329,-39.087630316641885,-39.73789246818389,1.4876303166418836,2.1378924681838853
Tripura,2023,Urban,Post Graduate & Above,64.5,75.0,-10.5,-39.95669734151329,-27.54058950031537,-25.477977289136085,17.04058950031537,14.977977289136085
Uttar Pradesh,2023,Rural,Not Literate,50.5,82.8,-32.3,-39.538139059304704,-29.081940540759152,-19.278676576060906,-3.2180594592408447,-13.02132342393909
Uttar Pradesh,2023,Rural,Literate & Upto Primary,42.7,87.2,-44.5,-39.538139059304704,-40.357756867289766,-29.246407199463896,-4.1422431327102345,-15.253592800536104
Uttar Pradesh,2023,Rural,Middle,33.5,82.2,-48.7,-39.538139059304704,-41.41428747953465,-31.955581421095694,-7.285712520465353,-16.74441857890431
Uttar Pradesh,2023,Rural,Secondary,25.5,69.3,-43.8,-39.538139059304704,-33.80857319382037,-29.967996306961275,-9.991426806179625,-13.832003693038722
Uttar Pradesh,2023,Rural,Higher Secondary,25.8,72.5,-46.7,-39.538139059304704,-31.731328295861182,-33.356722047908136,-14.96867170413882,-13.343277952091867
Uttar Pradesh,2023,Rural,Diploma/ Certificate Course,100.0,73.5,26.5,-39.538139059304704,-16.83000484495156,-22.79550760634397,43.33000484495156,49.295507606343975
Uttar Pradesh,2023,Rural,Graduate,24.9,91.9,-67.0,-39.538139059304704,-31.792858908106076,-33.47135104534729,-35.207141091893924,-33.52864895465271
Uttar Pradesh,2023,Rural,Post Graduate & Above,46.4,96.3,-49.9,-39.538139059304704,-20.074797683616286,-26.257511453953455,-29.825202316383713,-23.642488546046543
Uttar Pradesh,2023,Urban,Not Literate,21.9,80.4,-58.50000000000001,-39.538139059304704,-35.7319958171024,-38.72718452746387,-22.768004182897606,-19.772815472536138
Uttar Pradesh,2023,Urban,Literate & Upto Primary,18.9,86.1,-67.19999999999999,-39.538139059304704,-47.00781214363302,-46.05502838674899,-20.19218785636697,-21.144971613251002
Uttar Pradesh,2023,Urban,Middle,12.8,77.0,-64.2,-39.538139059304704,-48.0643427558779,-49.8671076618434,-16.1356572441221,-14.332892338156604
Uttar Pradesh,2023,Urban,Secondary,9.6,61.7,-52.1,-39.538139059304704,-40.45862847016362,-42.157967620222394,-11.641371529836384,-9.942032379777608
Uttar Pradesh,2023,Urban,Higher Secondary,7.9,60.9,-53.0,-39.538139059304704,-38.381383572204435,-39.042217291727844,-14.618616427795565,-13.957782708272156
Uttar Pradesh,2023,Urban,Diploma/ Certificate Course,72.3,97.0,-24.700000000000003,-39.538139059304704,-23.480060121294812,-29.847889524771606,-1.2199398787051905,5.147889524771603
Uttar Pradesh,2023,Urban,Graduate,21.5,85.1,-63.599999999999994,-39.538139059304704,-38.44291418444932,-38.961845428988276,-25.157085815550673,-24.638154571011718
Uttar Pradesh,2023,Urban,Post Graduate & Above,31.6,90.5,-58.9,-39.538139059304704,-26.724852959959534,-24.309209265473893,-32.175147040040464,-34.59079073452611
Uttarakhand,2023,Rural,Not Literate,52.9,78.8,-25.9,-39.766743353783234,-29.363728747732658,-18.945124591380814,3.4637287477326595,-6.954875408619184
Uttarakhand,2023,Rural,Literate & Upto Primary,54.9,83.8,-28.9,-39.766743353783234,-40.787708339569384,-29.542501430355358,11.887708339569386,0.6425014303553596
Uttarakhand,2023,Rural,Middle,51.2,82.3,-31.099999999999994,-39.766743353783234,-41.93342262528366,-32.30047249402834,10.833422625283667,1.2004724940283467
Uttarakhand,2023,Rural,Secondary,46.5,62.3,-15.799999999999997,-39.766743353783234,-34.2215858905898,-30.752564921037006,18.421585890589803,14.952564921037009
Uttarakhand,2023,Rural,Higher Secondary,49.5,74.5,-25.0,-39.766743353783234,-32.04148384977347,-33.40446419297569,7.041483849773471,8.404464192975688
Uttarakhand,2023,Rural,Diploma/ Certificate Course,0.0,99.4,-99.4,-39.766743353783234,-16.45838854324043,-22.783864587621476,-82.94161145675957,-76.61613541237853
Uttarakhand,2023,Rural,Graduate,49.1,85.2,-36.1,-39.766743353783234,-32.426075686508156,-34.07280439400262,-3.6739243134918453,-2.0271956059973846
Uttarakhand,2023,Rural,Post Graduate & Above,87.6,77.1,10.5,-39.766743353783234,-20.618014462018362,-27.740620057406563,31.118014462018362,38.24062005740656
Uttarakhand,2023,Urban,Not Literate,20.8,81.4,-60.60000000000001,-39.766743353783234,-35.70213322880029,-38.74589286325531,-24.897866771199716,-21.8541071367447
Uttarakhand,2023,Urban,Literate & Upto Primary,18.8,91.6,-72.8,-39.766743353783234,-47.12611282063702,-45.951697027654944,-25.67388717936298,-26.848302972345053
Uttarakhand,2023,Urban,Middle,18.3,77.8,-59.5,-39.766743353783234,-48.2718271063513,-49.79241632392196,-11.228172893648697,-9.707583676078038
Uttarakhand,2023,Urban,Secondary,13.6,66.5,-52.9,-39.766743353783234,-40.559990371657435,-42.42784491218691,-12.340009628342564,-10.472155087813086
Uttarakhand,2023,Urban,Higher Secondary,15.2,59.7,-44.5,-39.766743353783234,-38.37988833084111,-39.3884026662119,-6.120111669158888,-5.111597333788097
Uttarakhand,2023,Urban,Diploma/ Certificate Course,84.2,87.2,-3.0,-39.766743353783234,-22.796793024308073,-29.236871095237685,19.796793024308073,26.236871095237685
Uttarakhand,2023,Urban,Graduate,29.8,81.9,-52.10000000000001,-39.766743353783234,-38.7644801675758,-39.211531554200356,-13.335519832424211,-12.888468445799653
Uttarakhand,2023,Urban,Post Graduate & Above,56.0,81.6,-25.599999999999994,-39.766743353783234,-26.956418943086,-25.00887582434783,1.3564189430860054,-0.5911241756521655
West Bengal,2023,Rural,Not Literate,46.7,82.4,-35.7,-39.757208588957056,-29.263262565152054,-19.087425975558237,-6.436737434847949,-16.612574024441766
West Bengal,2023,Rural,Literate & Upto Primary,52.2,93.3,-41.099999999999994,-39.757208588957056,-40.52662991209081,-30.014516550257337,-0.5733700879091828,-11.085483449742657
West Bengal,2023,Rural,Middle,41.5,80.7,-39.2,-39.757208588957056,-41.433160524335705,-32.265650789531335,2.233160524335702,-6.9343492104686675
West Bengal,2023,Rural,Secondary,35.8,74.6,-38.8,-39.757208588957056,-33.757650320254086,-30.181241522883326,-5.042349679745911,-8.618758477116671
West Bengal,2023,Rural,Higher Secondary,25.2,70.3,-45.099999999999994,-39.757208588957056,-31.67856868760102,-33.40734769013474,-13.421431312398973,-11.692652309865252
West Bengal,2023,Rural,Diploma/ Certificate Course,75.7,80.9,-5.200000000000003,-39.757208588957056,-16.622643750221627,-23.0236362996968,11.422643750221624,17.823636299696798
West Bengal,2023,Rural,Graduate,51.5,93.0,-41.5,-39.757208588957056,-32.16805848351939,-34.094084754307396,-9.331941516480612,-7.405915245692604
West Bengal,2023,Rural,Post Graduate & Above,62.0,91.0,-29.0,-39.757208588957056,-20.527956442703065,-26.82124360728509,-8.472043557296935,-2.1787563927149094
West Bengal,2023,Urban,Not Literate,37.9,78.9,-41.00000000000001,-39.757208588957056,-36.04834007244742,-39.16202036421607,-4.9516599275525905,-1.8379796357839382
West Bengal,2023,Urban,Literate & Upto Primary,36.2,88.8,-52.599999999999994,-39.757208588957056,-47.31170741938617,-46.1727823827656,-5.2882925806138275,-6.4272176172343976
West Bengal,2023,Urban,Middle,29.7,81.5,-51.8,-39.757208588957056,-48.21823803163107,-49.91347180100184,-3.58176196836893,-1.8865281989981568
West Bengal,2023,Urban,Secondary,22.8,68.7,-45.900000000000006,-39.757208588957056,-40.54272782754944,-42.78742785065307,-5.357272172450564,-3.1125721493469385
West Bengal,2023,Urban,Higher Secondary,20.4,66.7,-46.300000000000004,-39.757208588957056,-38.463646194896384,-39.19952324179387,-7.83635380510362,-7.100476758206135
West Bengal,2023,Urban,Diploma/ Certificate Course,56.9,74.1,-17.199999999999996,-39.757208588957056,-23.40772125751699,-29.61762753908765,6.207721257516994,12.417627539087654
West Bengal,2023,Urban,Graduate,39.7,81.9,-42.2,-39.757208588957056,-38.95313599081475,-39.15051061473029,-3.246864009185252,-3.049489385269716
West Bengal,2023,Urban,Post Graduate & Above,50.5,80.4,-29.900000000000006,-39.757208588957056,-27.313033949998424,-24.941292531876098,-2.586966050001582,-4.958707468123908
Andaman and Nicobar Islands,2022,Rural,Not Literate,23.4,57.3,-33.9,-40.10058793456033,-31.409845637770935,-23.103378177058403,-2.490154362229063,-10.796621822941596
Andaman and Nicobar Islands,2022,Rural,Literate & Upto Primary,53.3,88.5,-35.2,-40.10058793456033,-42.75117216838318,-35.2576309941985,7.551172168383175,0.057630994198497376
Andaman and Nicobar Islands,2022,Rural,Middle,51.8,86.1,-34.3,-40.10058793456033,-43.66464155613828,-39.68355023980167,9.364641556138281,5.3835502398016715
Andaman and Nicobar Islands,2022,Rural,Secondary,51.3,70.7,-19.400000000000006,-40.10058793456033,-36.0454578826689,-33.40594010989438,16.645457882668893,14.005940109894375
Andaman and Nicobar Islands,2022,Rural,Higher Secondary,53.1,75.7,-22.6,-40.10058793456033,-34.09800890307706,-35.54431656844855,11.498008903077057,12.94431656844855
Andaman and Nicobar Islands,2022,Rural,Diploma/ Certificate Course,45.9,100.0,-54.1,-40.10058793456033,-18.813315436153133,-27.122339778572208,-35.28668456384687,-26.977660221427794
Andaman and Nicobar Islands,2022,Rural,Graduate,98.8,100.0,-1.2000000000000028,-40.10058793456033,-34.97688645409746,-38.54529340067752,33.77688645409746,37.34529340067752
Andaman and Nicobar Islands,2022,Rural,Post Graduate & Above,100.0,100.0,0.0,-40.10058793456033,-23.347396658179086,-31.816935349046094,23.347396658179086,31.816935349046094
Andaman and Nicobar Islands,2022,Urban,Not Literate,26.5,78.5,-52.0,-40.10058793456033,-37.85764107816827,-39.13853322493656,-14.142358921831729,-12.861466775063441
Andaman and Nicobar Islands,2022,Urban,Literate & Upto Primary,43.5,87.8,-44.3,-40.10058793456033,-49.19896760878052,-49.188703030145135,4.898967608780524,4.8887030301451375
Andaman and Nicobar Islands,2022,Urban,Middle,38.7,82.8,-44.099999999999994,-40.10058793456033,-50.11243699653562,-51.140513255478226,6.012436996535627,7.040513255478231
Andaman and Nicobar Islands,2022,Urban,Secondary,27.8,68.5,-40.7,-40.10058793456033,-42.49325332306623,-42.6015582088984,1.7932533230662244,1.9015582088984004
Andaman and Nicobar Islands,2022,Urban,Higher Secondary,34.1,79.6,-45.49999999999999,-40.10058793456033,-40.5458043434744,-40.09582030618224,-4.954195656525592,-5.404179693817753
Andaman and Nicobar Islands,2022,Urban,Diploma/ Certificate Course,82.3,71.0,11.299999999999997,-40.10058793456033,-25.261110876550468,-31.027368954652346,36.561110876550465,42.32736895465234
Andaman and Nicobar Islands,2022,Urban,Graduate,74.4,93.5,-19.099999999999994,-40.10058793456033,-41.424681894494796,-41.84369469044439,22.324681894494802,22.743694690444393
Andaman and Nicobar Islands,2022,Urban,Post Graduate & Above,84.0,90.5,-6.5,-40.10058793456033,-29.795192098576422,-26.301650695918223,23.295192098576422,19.801650695918223
Andhra Pradesh,2022,Rural,Not Literate,58.7,76.1,-17.39999999999999,-40.0069018404908,-31.627979259912507,-25.226936375902156,14.227979259912516,7.826936375902164
Andhra Pradesh,2022,Rural,Literate & Upto Primary,58.8,90.0,-31.200000000000003,-40.0069018404908,-42.80032619868802,-34.15034670899392,11.600326198688016,2.9503467089939193
Andhra Pradesh,2022,Rural,Middle,47.7,85.2,-37.5,-40.0069018404908,-43.654815994606395,-38.846350911826065,6.154815994606395,1.3463509118260646
Andhra Pradesh,2022,Rural,Secondary,36.2,70.5,-34.3,-40.0069018404908,-35.95318334154516,-33.175211252698546,1.6531833415451658,-1.1247887473014515
Andhra Pradesh,2022,Rural,Higher Secondary,25.6,52.9,-27.299999999999997,-40.0069018404908,-34.0410404844023,-35.41423932272104,6.741040484402305,8.11423932272104
Andhra Pradesh,2022,Rural,Diploma/ Certificate Course,20.7,87.5,-66.8,-40.0069018404908,-18.415830859304762,-26.31573627571253,-48.384169140695235,-40.484263724287466
Andhra Pradesh,2022,Rural,Graduate,55.7,92.5,-36.8,-40.0069018404908,-34.179305790524744,-37.765371811613136,-2.6206942094752534,0.9653718116131387
Andhra Pradesh,2022,Rural,Post Graduate & Above,41.9,98.8,-56.9,-40.0069018404908,-22.601448647667624,-30.87411091266338,-34.298551352332375,-26.02588908733662
Andhra Pradesh,2022,Urban,Not Literate,36.3,74.5,-38.2,-40.0069018404908,-38.158296573330986,-38.85348264682413,-0.04170342666901661,0.6534826468241306
Andhra Pradesh,2022,Urban,Literate & Upto Primary,31.9,82.6,-50.699999999999996,-40.0069018404908,-49.3306435121065,-49.256097698338145,-1.3693564878934978,-1.4439023016618506
Andhra Pradesh,2022,Urban,Middle,26.5,77.6,-51.099999999999994,-40.0069018404908,-50.185133308024874,-51.13234234941996,-0.9148666919751207,0.03234234941996306
Andhra Pradesh,2022,Urban,Secondary,17.9,66.3,-48.4,-40.0069018404908,-42.48350065496364,-42.67229517694467,-5.916499345036357,-5.727704823055326
Andhra Pradesh,2022,Urban,Higher Secondary,20.9,41.4,-20.5,-40.0069018404908,-40.57135779782078,-40.272317463003965,20.07135779782078,19.772317463003965
Andhra Pradesh,2022,Urban,Diploma/ Certificate Course,70.1,88.8,-18.700000000000003,-40.0069018404908,-24.94614817272324,-30.69552267694258,6.246148172723238,11.995522676942578
Andhra Pradesh,2022,Urban,Graduate,44.7,83.9,-39.2,-40.0069018404908,-40.70962310394322,-40.98448999779157,1.5096231039432197,1.7844899977915674
Andhra Pradesh,2022,Urban,Post Graduate & Above,64.7,94.6,-29.89999999999999,-40.0069018404908,-29.131765961086103,-25.911991616496916,-0.7682340389138886,-3.9880083835030753
Arunachal Pradesh,2022,Rural,Not Literate,71.0,86.4,-15.400000000000006,-40.20352760736196,-31.347462677069267,-24.565412941037227,15.947462677069261,9.165412941037221
Arunachal Pradesh,2022,Rural,Literate & Upto Primary,76.9,93.6,-16.69999999999999,-40.20352760736196,-42.660013697477424,-35.0965666056658,25.960013697477436,18.39656660566581
Arunachal Pradesh,2022,Rural,Middle,47.6,76.4,-28.800000000000004,-40.20352760736196,-44.00491165666109,-39.1711372466109,15.20491165666109,10.371137246610893
Arunachal Pradesh,2022,Rural,Secondary,49.4,57.1,-7.700000000000003,-40.20352760736196,-36.356544309722324,-34.35407829988541,28.65654430972232,26.654078299885406
Arunachal Pradesh,2022,Rural,Higher Secondary,47.7,55.8,-8.099999999999994,-40.20352760736196,-34.358687166865174,-35.79340190331452,26.25868716686518,27.693401903314523
Arunachal Pradesh,2022,Rural,Diploma/ Certificate Course,100.0,100.0,0.0,-40.20352760736196,-19.45280164968039,-27.91804254431876,19.45280164968039,27.91804254431876
Arunachal Pradesh,2022,Rural,Graduate,69.9,94.3,-24.39999999999999,-40.20352760736196,-35.0318504321713,-38.45611648232212,10.631850432171305,14.056116482322132
Arunachal Pradesh,2022,Rural,Post Graduate & Above,100.0,100.0,0.0,-40.20352760736196,-23.426238187273345,-32.31536158075795,23.426238187273345,32.31536158075795
Arunachal Pradesh,2022,Urban,Not Literate,42.6,72.9,-30.300000000000004,-40.20352760736196,-37.861864685614194,-38.95732451464738,7.561864685614189,8.657324514647378
Arunachal Pradesh,2022,Urban,Literate & Upto Primary,43.1,89.9,-46.800000000000004,-40.20352760736196,-49.174415706022344,-49.53709656543096,2.37441570602234,2.737096565430953
Arunachal Pradesh,2022,Urban,Middle,26.6,67.2,-40.6,-40.20352760736196,-50.51931366520602,-51.528087904398376,9.919313665206019,10.928087904398375
Arunachal Pradesh,2022,Urban,Secondary,24.9,60.5,-35.6,-40.20352760736196,-42.870946318267244,-43.226048935215196,7.270946318267242,7.626048935215195
Arunachal Pradesh,2022,Urban,Higher Secondary,24.4,53.1,-28.700000000000003,-40.20352760736196,-40.8730891754101,-40.38307920827588,12.173089175410098,11.683079208275878
Arunachal Pradesh,2022,Urban,Diploma/ Certificate Course,100.0,69.8,30.200000000000003,-40.20352760736196,-25.967203658225316,-31.129226506882297,56.16720365822532,61.3292265068823
Arunachal Pradesh,2022,Urban,Graduate,65.0,89.2,-24.200000000000003,-40.20352760736196,-41.546252440716216,-41.397126337929116,17.346252440716214,17.197126337929113
Arunachal Pradesh,2022,Urban,Post Graduate & Above,92.8,100.0,-7.200000000000003,-40.20352760736196,-29.94064019581827,-26.933123462804758,22.740640195818266,19.733123462804755
Assam,2022,Rural,Not Literate,10.3,96.2,-85.9,-39.86255112474437,-31.08189157778819,-22.707297765674593,-54.818108422211814,-63.19270223432541
Assam,2022,Rural,Literate & Upto Primary,17.1,96.7,-79.6,-39.86255112474437,-42.219340557380036,-34.5767746089576,-37.38065944261996,-45.023225391042395
Assam,2022,Rural,Middle,31.6,84.9,-53.300000000000004,-39.86255112474437,-43.29974872064534,-38.77539563104953,-10.000251279354664,-14.524604368950477
Assam,2022,Rural,Secondary,28.7,69.8,-41.099999999999994,-39.86255112474437,-35.82423851656371,-32.609310402913124,-5.275761483436284,-8.49068959708687
Assam,2022,Rural,Higher Secondary,38.0,74.0,-36.0,-39.86255112474437,-33.7592385165637,-35.11486763353421,-2.2407614834363017,-0.8851323664657897
Assam,2022,Rural,Diploma/ Certificate Course,0.0,5.1,-5.1,-39.86255112474437,-19.368451344551993,-26.76517556229759,14.268451344551993,21.66517556229759
Assam,2022,Rural,Graduate,54.2,93.6,-39.39999999999999,-39.86255112474437,-34.27913647574737,-38.164385770166156,-5.12086352425262,-1.2356142298338355
Assam,2022,Rural,Post Graduate & Above,77.6,100.0,-22.400000000000006,-39.86255112474437,-22.729850761461677,-31.388386079299092,0.329850761461671,8.988386079299087
Assam,2022,Urban,Not Literate,25.8,64.7,-38.900000000000006,-39.86255112474437,-37.803854367801,-38.50395439556485,-1.0961456321990042,-0.3960456044351588
Assam,2022,Urban,Literate & Upto Primary,29.1,83.8,-54.699999999999996,-39.86255112474437,-48.94130334739285,-48.818514134013256,-5.758696652607149,-5.88148586598674
Assam,2022,Urban,Middle,28.1,77.7,-49.6,-39.86255112474437,-50.02171151065816,-50.861838008423454,0.42171151065815593,1.261838008423453
Assam,2022,Urban,Secondary,16.8,64.8,-48.0,-39.86255112474437,-42.54620130657652,-42.334041917739405,-5.4537986934234794,-5.665958082260595
Assam,2022,Urban,Higher Secondary,24.7,63.3,-38.599999999999994,-39.86255112474437,-40.48120130657651,-39.59215981415221,1.8812013065765143,0.9921598141522168
Assam,2022,Urban,Diploma/ Certificate Course,54.2,94.0,-39.8,-39.86255112474437,-26.090414134564806,-30.70659920261606,-13.70958586543519,-9.093400797383936
Assam,2022,Urban,Graduate,40.1,84.0,-43.9,-39.86255112474437,-41.00109926576019,-40.88008237056909,-2.8989007342398097,-3.019917629430907
Assam,2022,Urban,Post Graduate & Above,53.8,81.3,-27.5,-39.86255112474437,-29.45181355147449,-26.424491083556266,1.9518135514744905,-1.0755089164437344
Bihar,2022,Rural,Not Literate,33.3,82.7,-49.400000000000006,-39.58849693251534,-30.482597525654732,-23.199095297967343,-18.917402474345273,-26.200904702032663
Bihar,2022,Rural,Literate & Upto Primary,20.0,90.4,-70.4,-39.58849693251534,-41.82290364810372,-34.45418575305034,-28.577096351896287,-35.945814246949666
Bihar,2022,Rural,Middle,12.6,73.2,-60.6,-39.58849693251534,-43.1578016072874,-39.12896606155404,-17.442198392712605,-21.471033938445963
Bihar,2022,Rural,Secondary,12.8,60.7,-47.900000000000006,-39.58849693251534,-35.62555670932821,-32.52314251599107,-12.274443290671798,-15.376857484008937
Bihar,2022,Rural,Higher Secondary,10.4,60.3,-49.9,-39.58849693251534,-33.64443426034861,-35.228550948486706,-16.255565739651388,-14.671449051513292
Bihar,2022,Rural,Diploma/ Certificate Course,0.0,25.4,-25.4,-39.58849693251534,-18.9502819998468,-26.94167342365613,-6.449718000153197,1.5416734236561318
Bihar,2022,Rural,Graduate,26.6,87.7,-61.1,-39.58849693251534,-33.60331181136902,-36.98942365050722,-27.496688188630984,-24.11057634949278
Bihar,2022,Rural,Post Graduate & Above,37.1,94.9,-57.800000000000004,-39.58849693251534,-22.08076079096087,-31.149598187253034,-35.71923920903913,-26.65040181274697
Bihar,2022,Urban,Not Literate,14.4,77.4,-63.00000000000001,-39.58849693251534,-37.32482195964053,-38.697313718792046,-25.675178040359476,-24.30268628120796
Bihar,2022,Urban,Literate & Upto Primary,13.9,85.0,-71.1,-39.58849693251534,-48.665128082089524,-48.796871078448234,-22.43487191791047,-22.30312892155176
Bihar,2022,Urban,Middle,7.0,66.2,-59.2,-39.58849693251534,-50.000026041273195,-50.61888756930419,-9.199973958726808,-8.58111243069581
Bihar,2022,Urban,Secondary,8.4,50.9,-42.5,-39.58849693251534,-42.467781143314,-42.4927235825343,-0.03221885668600066,-0.007276417465696738
Bihar,2022,Urban,Higher Secondary,9.3,49.2,-39.900000000000006,-39.58849693251534,-40.48665869433441,-39.85962737497766,0.5866586943344032,-0.040372625022342845
Bihar,2022,Urban,Diploma/ Certificate Course,100.0,42.9,57.1,-39.58849693251534,-25.7925064338326,-31.044724849699,82.89250643383261,88.144724849699
Bihar,2022,Urban,Graduate,18.1,82.5,-64.4,-39.58849693251534,-40.445536245354816,-40.56973719258591,-23.95446375464519,-23.830262807414094
Bihar,2022,Urban,Post Graduate & Above,46.4,87.4,-41.00000000000001,-39.58849693251534,-28.922985224946665,-26.083875879799233,-12.077014775053343,-14.916124120200774
Chandigarh,2022,Rural,Not Literate,23.1,0.0,23.1,-39.647499999999994,-31.30522664416599,-24.24043905009613,54.40522664416599,47.34043905009613
Chandigarh,2022,Rural,Literate & Upto Primary,16.8,69.1,-52.3,-39.647499999999994,-42.100236827465395,-33.89611273116116,-10.199763172534603,-18.403887268838837
Chandigarh,2022,Rural,Middle,9.1,99.8,-90.7,-39.647499999999994,-43.09738550363646,-37.81057517966266,-47.60261449636354,-52.88942482033734
Chandigarh,2022,Rural,Secondary,67.5,91.9,-24.400000000000006,-39.647499999999994,-35.598607499563144,-32.93022912636072,11.198607499563138,8.530229126360716
Chandigarh,2022,Rural,Higher Secondary,31.1,69.7,-38.6,-39.647499999999994,-33.390766359033606,-35.22035574320244,-5.209233640966396,-3.3796442567975618
Chandigarh,2022,Rural,Diploma/ Certificate Course,0.0,100.0,-100.0,-39.647499999999994,-18.356448231124766,-26.26593546515787,-81.64355176887523,-73.73406453484213
Chandigarh,2022,Rural,Graduate,57.3,100.0,-42.7,-39.647499999999994,-33.901255157404286,-38.05739754442923,-8.798744842595717,-4.642602455570774
Chandigarh,2022,Rural,Post Graduate & Above,0.0,100.0,-100.0,-39.647499999999994,-22.051458823392068,-29.9565854179118,-77.94854117660793,-70.0434145820882
Chandigarh,2022,Urban,Not Literate,19.5,71.3,-51.8,-39.647499999999994,-38.24279035466548,-38.1664274814497,-13.557209645334517,-13.633572518550295
Chandigarh,2022,Urban,Literate & Upto Primary,23.0,90.8,-67.8,-39.647499999999994,-49.037800537964884,-48.69101460366965,-18.762199462035113,-19.108985396330347
Chandigarh,2022,Urban,Middle,14.1,66.1,-51.99999999999999,-39.647499999999994,-50.03494921413595,-50.87735735589126,-1.9650507858640438,-1.1226426441087298
Chandigarh,2022,Urban,Secondary,12.2,66.2,-54.0,-39.647499999999994,-42.53617121006263,-41.9950490499595,-11.463828789937367,-12.004950950040502
Chandigarh,2022,Urban,Higher Secondary,8.8,54.7,-45.900000000000006,-39.647499999999994,-40.3283300695331,-39.55878782466522,-5.5716699304669035,-6.341212175334789
Chandigarh,2022,Urban,Diploma/ Certificate Course,100.0,53.9,46.1,-39.647499999999994,-25.29401194162426,-30.348951732643247,71.39401194162426,76.44895173264325
Chandigarh,2022,Urban,Graduate,27.3,76.9,-49.60000000000001,-39.647499999999994,-40.838818867903775,-40.86662467508668,-8.761181132096233,-8.733375324913325
Chandigarh,2022,Urban,Post Graduate & Above,48.5,94.7,-46.2,-39.647499999999994,-28.989022533891557,-26.361372878044197,-17.210977466108446,-19.838627121955806
Chhattisgarh,2022,Rural,Not Literate,69.5,82.0,-12.5,-40.028604294478534,-32.04718879476081,-25.381294764092523,19.547188794760807,12.881294764092523
Chhattisgarh,2022,Rural,Literate & Upto Primary,87.0,92.7,-5.700000000000003,-40.028604294478534,-43.26443369271999,-36.37279495340165,37.56443369271999,30.67279495340165
Chhattisgarh,2022,Rural,Middle,62.3,84.9,-22.60000000000001,-40.028604294478534,-43.985250019250614,-39.59624465467778,21.385250019250606,16.996244654677774
Chhattisgarh,2022,Rural,Secondary,41.2,75.2,-34.0,-40.028604294478534,-36.210352060066924,-32.578777719749176,2.210352060066924,-1.4212222802508236
Chhattisgarh,2022,Rural,Higher Secondary,54.1,81.8,-27.699999999999996,-40.028604294478534,-33.92494389680162,-35.89476497679543,6.224943896801626,8.194764976795433
Chhattisgarh,2022,Rural,Diploma/ Certificate Course,59.6,86.0,-26.4,-40.028604294478534,-18.511231828473317,-26.88224058799639,-7.8887681715266815,0.48224058799639025
Chhattisgarh,2022,Rural,Graduate,57.4,85.8,-28.4,-40.028604294478534,-34.34198471312815,-37.86564009994757,5.94198471312815,9.46564009994757
Chhattisgarh,2022,Rural,Post Graduate & Above,76.7,96.8,-20.099999999999994,-40.028604294478534,-22.685556141699585,-31.6663443297964,2.585556141699591,11.566344329796404
Chhattisgarh,2022,Urban,Not Literate,38.4,67.3,-28.9,-40.028604294478534,-38.321723573470265,-38.765296750079266,9.421723573470267,9.865296750079267
Chhattisgarh,2022,Urban,Literate & Upto Primary,38.5,86.1,-47.599999999999994,-40.028604294478534,-49.53896847142944,-49.33792938906773,1.9389684714294475,1.7379293890677374
Chhattisgarh,2022,Urban,Middle,25.2,82.9,-57.7,-40.028604294478534,-50.25978479796008,-50.81018567518785,-7.440215202039923,-6.88981432481215
Chhattisgarh,2022,Urban,Secondary,21.3,62.3,-41.0,-40.028604294478534,-42.48488683877639,-42.42444229830448,1.48488683877639,1.424442298304477
Chhattisgarh,2022,Urban,Higher Secondary,19.8,70.0,-50.2,-40.028604294478534,-40.19947867551108,-39.133077105491026,-10.000521324488922,-11.066922894508977
Chhattisgarh,2022,Urban,Diploma/ Certificate Course,49.5,90.2,-40.7,-40.028604294478534,-24.785766607182776,-30.120552716691982,-15.914233392817227,-10.57944728330802
Chhattisgarh,2022,Urban,Graduate,41.4,89.9,-48.50000000000001,-40.028604294478534,-40.61651949183761,-40.87845229663898,-7.8834805081624,-7.621547703361024
Chhattisgarh,2022,Urban,Post Graduate & Above,71.6,86.0,-14.400000000000006,-40.028604294478534,-28.960090920409044,-26.364670364576558,14.560090920409039,11.964670364576552
Delhi,2022,Rural,Not Literate,15.5,98.4,-82.9,-39.5120654396728,-30.646570642227125,-22.851580738602983,-52.25342935777288,-60.04841926139702
Delhi,2022,Rural,Literate & Upto Primary,0.0,70.4,-70.4,-39.5120654396728,-41.497693091206706,-34.17095329648035,-28.9023069087933,-36.22904670351966
Delhi,2022,Rural,Middle,1.7,85.7,-84.0,-39.5120654396728,-42.83422370345161,-37.708187223756454,-41.16577629654839,-46.291812776243546
Delhi,2022,Rural,Secondary,0.0,58.5,-58.5,-39.5120654396728,-35.273407376921,-31.97952594470019,-23.226592623079,-26.52047405529981
Delhi,2022,Rural,Higher Secondary,0.0,49.0,-49.0,-39.5120654396728,-33.03146860141079,-34.76483986766929,-15.968531398589207,-14.235160132330712
Delhi,2022,Rural,Diploma/ Certificate Course,0.0,0.0,0.0,-39.5120654396728,-18.706534507048755,-26.81082623677218,18.706534507048755,26.81082623677218
Delhi,2022,Rural,Graduate,0.0,77.1,-77.1,-39.5120654396728,-33.65748900957405,-37.10438367272189,-43.442510990425944,-39.99561632727811
Delhi,2022,Rural,Post Graduate & Above,0.0,100.0,-100.0,-39.5120654396728,-21.58718288712507,-29.955014606771186,-78.41281711287493,-70.04498539322881
Delhi,2022,Urban,Not Literate,18.4,82.7,-64.30000000000001,-39.5120654396728,-37.66806795333788,-38.56807257883712,-26.63193204666213,-25.731927421162894
Delhi,2022,Urban,Literate & Upto Primary,23.5,91.6,-68.1,-39.5120654396728,-48.51919040231746,-49.180454141648326,-19.58080959768253,-18.91954585835167
Delhi,2022,Urban,Middle,11.0,81.7,-70.7,-39.5120654396728,-49.85572101456236,-50.61695406638328,-20.84427898543764,-20.083045933616724
Delhi,2022,Urban,Secondary,4.7,61.1,-56.4,-39.5120654396728,-42.29490468803176,-42.05975625416863,-14.105095311968242,-14.340243745831366
Delhi,2022,Urban,Higher Secondary,5.6,53.6,-48.0,-39.5120654396728,-40.05296591252154,-39.98266533743627,-7.947034087478457,-8.017334662563727
Delhi,2022,Urban,Diploma/ Certificate Course,100.0,0.0,100.0,-39.5120654396728,-25.728031818159508,-31.206443243181944,125.72803181815951,131.20644324318195
Delhi,2022,Urban,Graduate,21.3,77.3,-56.0,-39.5120654396728,-40.678986320684814,-40.43132855250735,-15.321013679315186,-15.568671447492648
Delhi,2022,Urban,Post Graduate & Above,38.7,75.3,-36.599999999999994,-39.5120654396728,-28.608680198235827,-25.89075831822827,-7.991319801764167,-10.709241681771726
Goa,2022,Rural,Not Literate,15.7,51.0,-35.3,-40.07438650306749,-31.59755563257165,-24.098626660433247,-3.702444367428349,-11.20137333956675
Goa,2022,Rural,Literate & Upto Primary,42.0,66.3,-24.299999999999997,-40.07438650306749,-42.69255563257163,-35.47525081565056,18.392555632571636,11.175250815650564
Goa,2022,Rural,Middle,16.9,74.6,-57.699999999999996,-40.07438650306749,-43.37704542849,-37.8749306727425,-14.322954571509996,-19.825069327257495
Goa,2022,Rural,Secondary,19.1,77.1,-57.99999999999999,-40.07438650306749,-35.7192903264492,-32.44740752911437,-22.280709673550795,-25.55259247088562
Goa,2022,Rural,Higher Secondary,24.1,58.2,-34.1,-40.07438650306749,-33.67694338767368,-35.166806078467786,-0.4230566123263202,1.0668060784677849
Goa,2022,Rural,Diploma/ Certificate Course,73.1,80.3,-7.200000000000003,-40.07438650306749,-18.600657098510123,-26.737561398928264,11.40065709851012,19.53756139892826
Goa,2022,Rural,Graduate,32.8,89.8,-57.0,-40.07438650306749,-34.30969848971449,-38.0435972045342,-22.690301510285508,-18.9564027954658
Goa,2022,Rural,Post Graduate & Above,100.0,100.0,0.0,-40.07438650306749,-23.25122910195938,-31.926075379664816,23.25122910195938,31.926075379664816
Goa,2022,Urban,Not Literate,33.0,87.2,-54.2,-40.07438650306749,-38.2617541804407,-39.132487512060834,-15.938245819559306,-15.067512487939169
Goa,2022,Urban,Literate & Upto Primary,14.0,68.6,-54.599999999999994,-40.07438650306749,-49.35675418044068,-48.30860346953795,-5.243245819559313,-6.291396530462045
Goa,2022,Urban,Middle,20.5,76.9,-56.400000000000006,-40.07438650306749,-50.04124397635904,-50.851395202865525,-6.358756023640964,-5.54860479713448
Goa,2022,Urban,Secondary,16.4,57.3,-40.9,-40.07438650306749,-42.383488874318246,-42.453171234099244,1.4834888743182475,1.5531712340992456
Goa,2022,Urban,Higher Secondary,23.4,77.3,-53.9,-40.07438650306749,-40.34114193554272,-39.775591140646796,-13.558858064457276,-14.124408859353203
Goa,2022,Urban,Diploma/ Certificate Course,40.3,78.2,-37.900000000000006,-40.07438650306749,-25.26485564637917,-30.47610860918607,-12.635144353620834,-7.423891390813935
Goa,2022,Urban,Graduate,54.1,77.4,-23.300000000000004,-40.07438650306749,-40.97389703758354,-41.22829380735725,17.673897037583536,17.928293807357242
Goa,2022,Urban,Post Graduate & Above,67.9,88.9,-21.0,-40.07438650306749,-29.91542764982843,-26.277923992348494,8.91542764982843,5.277923992348494
Gujarat,2022,Rural,Not Literate,59.4,78.3,-18.9,-39.76339468302658,-31.641617267195983,-24.68172730837179,12.741617267195984,5.781727308371792
Gujarat,2022,Rural,Literate & Upto Primary,64.3,90.9,-26.60000000000001,-39.76339468302658,-42.75865808352252,-35.77232004654897,16.15865808352251,9.172320046548961
Gujarat,2022,Rural,Middle,50.6,89.6,-38.99999999999999,-39.76339468302658,-43.67294379780823,-39.01747927847583,4.672943797808237,0.01747927847583952
Gujarat,2022,Rural,Secondary,41.5,76.8,-35.3,-39.76339468302658,-35.90008665495108,-32.57565800366547,0.6000866549510846,-2.7243419963345303
Gujarat,2022,Rural,Higher Secondary,41.6,68.9,-27.300000000000004,-39.76339468302658,-33.89365808352251,-35.572573120193525,6.593658083522506,8.27257312019352
Gujarat,2022,Rural,Diploma/ Certificate Course,95.5,95.4,0.09999999999999432,-39.76339468302658,-18.638493216770968,-26.857991793109207,18.738493216770962,26.9579917931092
Gujarat,2022,Rural,Graduate,37.4,88.2,-50.800000000000004,-39.76339468302658,-34.20620910393067,-37.81369611727995,-16.593790896069336,-12.986303882720051
Gujarat,2022,Rural,Post Graduate & Above,32.7,98.0,-65.3,-39.76339468302658,-22.4654948182164,-30.36961494407222,-42.8345051817836,-34.93038505592777
Gujarat,2022,Urban,Not Literate,29.4,68.7,-39.300000000000004,-39.76339468302658,-38.03913095824169,-38.9048354060415,-1.260869041758312,-0.3951645939585049
Gujarat,2022,Urban,Literate & Upto Primary,30.6,80.8,-50.199999999999996,-39.76339468302658,-49.156171774568236,-49.22956399333715,-1.04382822543176,-0.9704360066628439
Gujarat,2022,Urban,Middle,26.2,83.1,-56.89999999999999,-39.76339468302658,-50.07045748885395,-50.99200026131398,-6.829542511146045,-5.907999738686009
Gujarat,2022,Urban,Secondary,16.3,68.6,-52.3,-39.76339468302658,-42.2976003459968,-42.15881859176858,-10.002399654003199,-10.141181408231418
Gujarat,2022,Urban,Higher Secondary,17.0,73.1,-56.099999999999994,-39.76339468302658,-40.29117177456823,-39.38384492053105,-15.808828225431768,-16.716155079468948
Gujarat,2022,Urban,Diploma/ Certificate Course,58.1,94.0,-35.9,-39.76339468302658,-25.036006907816677,-30.029285594126975,-10.863993092183321,-5.870714405873024
Gujarat,2022,Urban,Graduate,26.2,80.5,-54.3,-39.76339468302658,-40.60372279497638,-40.686698772875104,-13.69627720502362,-13.613301227124893
Gujarat,2022,Urban,Post Graduate & Above,58.1,94.8,-36.699999999999996,-39.76339468302658,-28.86300850926211,-25.613000128745828,-7.836991490737887,-11.086999871254168
Haryana,2022,Rural,Not Literate,22.3,64.5,-42.2,-39.56909509202455,-31.10726748807602,-24.227158830257853,-11.092732511923984,-17.97284116974215
Haryana,2022,Rural,Literate & Upto Primary,35.2,86.9,-51.7,-39.56909509202455,-42.15185932481072,-34.30298903253834,-9.54814067518928,-17.39701096746166
Haryana,2022,Rural,Middle,14.3,74.3,-60.0,-39.56909509202455,-43.30145116154541,-37.92058023793906,-16.69854883845459,-22.079419762060937
Haryana,2022,Rural,Secondary,10.5,66.5,-56.0,-39.56909509202455,-35.477981773790304,-32.8395079748348,-20.522018226209696,-23.160492025165198
Haryana,2022,Rural,Higher Secondary,14.4,63.2,-48.800000000000004,-39.56909509202455,-33.352981773790304,-35.35024574999743,-15.4470182262097,-13.449754250002577
Haryana,2022,Rural,Diploma/ Certificate Course,40.8,83.5,-42.7,-39.56909509202455,-18.012785494071238,-26.42253139402882,-24.687214505928765,-16.277468605971183
Haryana,2022,Rural,Graduate,17.7,84.3,-66.6,-39.56909509202455,-33.807573610525,-37.317865441798276,-32.792426389475,-29.28213455820172
Haryana,2022,Rural,Post Graduate & Above,38.9,94.5,-55.6,-39.56909509202455,-22.09420626358623,-30.61600233968459,-33.50579373641377,-24.98399766031541
Haryana,2022,Urban,Not Literate,21.4,68.1,-46.699999999999996,-39.56909509202455,-37.86217759927797,-38.5648708056167,-8.837822400722025,-8.135129194383296
Haryana,2022,Urban,Literate & Upto Primary,22.7,84.2,-61.5,-39.56909509202455,-48.906769436012674,-48.98738611929816,-12.593230563987326,-12.512613880701842
Haryana,2022,Urban,Middle,14.6,69.4,-54.800000000000004,-39.56909509202455,-50.05636127274737,-50.64074660064427,-4.7436387272526375,-4.159253399355734
Haryana,2022,Urban,Secondary,5.7,64.9,-59.2,-39.56909509202455,-42.232891884992256,-42.47082394944953,-16.967108115007747,-16.72917605055047
Haryana,2022,Urban,Higher Secondary,15.8,67.3,-51.5,-39.56909509202455,-40.107891884992256,-39.442424414553926,-11.392108115007744,-12.057575585446074
Haryana,2022,Urban,Diploma/ Certificate Course,21.7,90.2,-68.5,-39.56909509202455,-24.76769560527319,-29.873617611279585,-43.73230439472681,-38.626382388720415
Haryana,2022,Urban,Graduate,25.9,78.7,-52.800000000000004,-39.56909509202455,-40.56248372172695,-40.483584912697474,-12.237516278273056,-12.31641508730253
Haryana,2022,Urban,Post Graduate & Above,39.1,87.4,-48.300000000000004,-39.56909509202455,-28.84911637478818,-25.483675517786917,-19.450883625211823,-22.816324482213087
Himachal Pradesh,2022,Rural,Not Literate,60.3,67.8,-7.5,-40.32487218813906,-32.126702158636476,-23.85601081797045,24.626702158636476,16.35601081797045
Himachal Pradesh,2022,Rural,Literate & Upto Primary,87.0,86.3,0.7000000000000028,-40.32487218813906,-43.59108991373853,-35.46470130567666,44.29108991373853,36.164701305676665
Himachal Pradesh,2022,Rural,Middle,80.0,87.9,-7.900000000000006,-40.32487218813906,-44.488845015779326,-39.424682292706585,36.58884501577932,31.52468229270658
Himachal Pradesh,2022,Rural,Secondary,76.5,74.3,2.200000000000003,-40.32487218813906,-36.72680419945281,-33.73805818787754,38.92680419945281,35.938058187877544
Himachal Pradesh,2022,Rural,Higher Secondary,64.9,82.0,-17.099999999999994,-40.32487218813906,-34.44853889333036,-35.629174740739785,17.348538893330364,18.52917474073979
Himachal Pradesh,2022,Rural,Diploma/ Certificate Course,85.9,95.7,-9.799999999999997,-40.32487218813906,-19.19322004144349,-27.603386452874673,9.393220041443492,17.803386452874676
Himachal Pradesh,2022,Rural,Graduate,68.9,94.4,-25.5,-40.32487218813906,-34.8568041994528,-38.44093548150969,9.356804199452803,12.94093548150969
Himachal Pradesh,2022,Rural,Post Graduate & Above,93.4,96.8,-3.3999999999999915,-40.32487218813906,-23.3075184851671,-31.84306661836821,19.90751848516711,28.443066618368217
Himachal Pradesh,2022,Urban,Not Literate,29.7,76.9,-47.2,-40.32487218813906,-38.112710332962166,-39.18931620732217,-9.087289667037837,-8.010683792677831
Himachal Pradesh,2022,Urban,Literate & Upto Primary,46.0,85.6,-39.599999999999994,-40.32487218813906,-49.57709808806422,-49.491184797258164,9.977098088064224,9.89118479725817
Himachal Pradesh,2022,Urban,Middle,28.2,81.5,-53.3,-40.32487218813906,-50.47485319010502,-51.40340519871226,-2.8251468098949744,-1.8965948012877405
Himachal Pradesh,2022,Urban,Secondary,30.2,53.4,-23.2,-40.32487218813906,-42.712812373778505,-42.954719753407176,19.512812373778505,19.754719753407176
Himachal Pradesh,2022,Urban,Higher Secondary,23.9,79.9,-56.00000000000001,-40.32487218813906,-40.43454706765605,-39.875369067646545,-15.565452932343959,-16.124630932353462
Himachal Pradesh,2022,Urban,Diploma/ Certificate Course,43.3,78.6,-35.3,-40.32487218813906,-25.17922821576918,-30.811613208717695,-10.120771784230818,-4.488386791282302
Himachal Pradesh,2022,Urban,Graduate,52.8,77.6,-24.799999999999997,-40.32487218813906,-40.8428123737785,-41.34677374466527,16.042812373778503,16.546773744665273
Himachal Pradesh,2022,Urban,Post Graduate & Above,65.6,91.7,-26.10000000000001,-40.32487218813906,-29.29352665949279,-26.690039097779373,3.1935266594927825,0.5900390977793641
Jammu and Kashmir,2022,Rural,Not Literate,63.3,72.1,-8.799999999999997,-40.06929959100205,-31.62808364100883,-23.693502871421266,22.82808364100883,14.89350287142127
Jammu and Kashmir,2022,Rural,Literate & Upto Primary,57.7,88.8,-31.099999999999994,-40.06929959100205,-42.81145098794759,-34.82309143188679,11.711450987947593,3.723091431886793
Jammu and Kashmir,2022,Rural,Middle,44.3,81.0,-36.7,-40.06929959100205,-43.81655302876392,-38.80203820164781,7.116553028763917,2.102038201647808
Jammu and Kashmir,2022,Rural,Secondary,46.7,71.6,-24.89999999999999,-40.06929959100205,-36.132267314478206,-33.40888107434944,11.232267314478214,8.508881074349446
Jammu and Kashmir,2022,Rural,Higher Secondary,48.3,67.5,-19.200000000000003,-40.06929959100205,-34.029716294070035,-35.36083195683993,14.829716294070032,16.160831956839928
Jammu and Kashmir,2022,Rural,Diploma/ Certificate Course,4.7,83.7,-79.0,-40.06929959100205,-18.869652646880738,-26.771034742449697,-60.13034735311926,-52.2289652575503
Jammu and Kashmir,2022,Rural,Graduate,58.4,92.1,-33.699999999999996,-40.06929959100205,-34.68838976345779,-38.190006851039335,0.9883897634577963,4.49000685103934
Jammu and Kashmir,2022,Rural,Post Graduate & Above,88.6,94.3,-5.700000000000003,-40.06929959100205,-23.1499203757027,-31.39923286372992,17.449920375702696,25.699232863729918
Jammu and Kashmir,2022,Urban,Not Literate,21.2,67.3,-46.099999999999994,-40.06929959100205,-38.017857786375075,-38.804303717357456,-8.08214221362492,-7.295696282642538
Jammu and Kashmir,2022,Urban,Literate & Upto Primary,29.9,84.9,-55.00000000000001,-40.06929959100205,-49.20122513331384,-48.78063649519368,-5.798774866686166,-6.219363504806324
Jammu and Kashmir,2022,Urban,Middle,19.1,74.8,-55.699999999999996,-40.06929959100205,-50.20632717413017,-50.564620529551426,-5.493672825869822,-5.135379470448569
Jammu and Kashmir,2022,Urban,Secondary,19.4,65.1,-45.699999999999996,-40.06929959100205,-42.52204145984445,-43.0890286521627,-3.1779585401555437,-2.6109713478372925
Jammu and Kashmir,2022,Urban,Higher Secondary,16.3,58.8,-42.5,-40.06929959100205,-40.41949043943629,-40.06307116045733,-2.080509560563712,-2.4369288395426665
Jammu and Kashmir,2022,Urban,Diploma/ Certificate Course,22.8,72.3,-49.5,-40.06929959100205,-25.259426792246988,-30.39674470512915,-24.240573207753012,-19.10325529487085
Jammu and Kashmir,2022,Urban,Graduate,46.0,80.2,-34.2,-40.06929959100205,-41.07816390882404,-41.199861666001816,6.878163908824035,6.999861666001813
Jammu and Kashmir,2022,Urban,Post Graduate & Above,67.1,92.6,-25.5,-40.06929959100205,-29.53969452106895,-26.40520959913678,4.039694521068949,0.9052095991367786
Jharkhand,2022,Rural,Not Literate,60.5,76.3,-15.799999999999997,-39.69248466257669,-31.36955411082493,-24.41019386436021,15.569554110824932,8.610193864360213
Jharkhand,2022,Rural,Literate & Upto Primary,68.4,87.2,-18.799999999999997,-39.69248466257669,-42.65802349858003,-35.790620559294624,23.85802349858003,16.990620559294626
Jharkhand,2022,Rural,Middle,41.1,79.4,-38.300000000000004,-39.69248466257669,-43.647615335314725,-38.79638664008527,5.347615335314721,0.49638664008526234
Jharkhand,2022,Rural,Secondary,38.5,79.1,-40.599999999999994,-39.69248466257669,-35.82088064143717,-32.34258280424455,-4.7791193585628235,-8.257417195755444
Jharkhand,2022,Rural,Higher Secondary,36.8,80.2,-43.400000000000006,-39.69248466257669,-33.766288804702484,-35.223016731117276,-9.633711195297522,-8.17698326888273
Jharkhand,2022,Rural,Diploma/ Certificate Course,0.0,100.0,-100.0,-39.69248466257669,-17.758723822975398,-25.754485293156453,-82.2412761770246,-74.24551470684355
Jharkhand,2022,Rural,Graduate,31.7,85.1,-53.39999999999999,-39.69248466257669,-34.09965615164125,-37.390232499984464,-19.300343848358743,-16.009767500015528
Jharkhand,2022,Rural,Post Graduate & Above,42.8,95.0,-52.2,-39.69248466257669,-22.142207172049407,-30.29571598372214,-30.057792827950596,-21.904284016277863
Jharkhand,2022,Urban,Not Literate,19.8,79.1,-59.3,-39.69248466257669,-37.84577746484976,-38.16187423119789,-21.454222535150237,-21.138125768802105
Jharkhand,2022,Urban,Literate & Upto Primary,23.1,79.1,-55.99999999999999,-39.69248466257669,-49.13424685260486,-49.365121733578384,-6.865753147395132,-6.634878266421609
Jharkhand,2022,Urban,Middle,13.9,69.8,-55.9,-39.69248466257669,-50.12383868933956,-50.85320260276738,-5.7761613106604415,-5.046797397232616
Jharkhand,2022,Urban,Secondary,13.5,62.9,-49.4,-39.69248466257669,-42.297103995461995,-42.03875074927223,-7.102896004538003,-7.3612492507277665
Jharkhand,2022,Urban,Higher Secondary,7.8,55.9,-48.1,-39.69248466257669,-40.24251215872731,-39.3860165276375,-7.857487841272693,-8.7139834723625
Jharkhand,2022,Urban,Diploma/ Certificate Course,0.0,80.0,-80.0,-39.69248466257669,-24.234947177000226,-29.628848888964953,-55.76505282299978,-50.37115111103505
Jharkhand,2022,Urban,Graduate,21.6,75.7,-54.1,-39.69248466257669,-40.57587950566608,-40.735494308840764,-13.524120494333921,-13.364505691159238
Jharkhand,2022,Urban,Post Graduate & Above,27.6,97.1,-69.5,-39.69248466257669,-28.618430526074235,-25.30732162308146,-40.881569473925765,-44.192678376918536
Karnataka,2022,Rural,Not Literate,47.8,71.0,-23.200000000000003,-39.81150306748467,-31.467302018611072,-24.777648979279807,8.267302018611069,1.5776489792798039
Karnataka,2022,Rural,Literate & Upto Primary,58.8,86.8,-28.0,-39.81150306748467,-42.644955079835555,-34.72643544516682,14.644955079835555,6.726435445166821
Karnataka,2022,Rural,Middle,37.0,76.0,-39.0,-39.81150306748467,-43.535975487998826,-38.98032269107533,4.535975487998826,-0.019677308924670456
Karnataka,2022,Rural,Secondary,33.6,73.9,-40.300000000000004,-39.81150306748467,-35.66638365126415,-32.81977868319224,-4.633616348735856,-7.480221316807764
Karnataka,2022,Rural,Higher Secondary,23.3,69.3,-46.0,-39.81150306748467,-33.57709793697843,-35.037023178331985,-12.422902063021567,-10.962976821668015
Karnataka,2022,Rural,Diploma/ Certificate Course,36.9,95.8,-58.9,-39.81150306748467,-18.19025073129542,-26.66385693588892,-40.70974926870458,-32.236143064111076
Karnataka,2022,Rural,Graduate,25.8,91.8,-66.0,-39.81150306748467,-33.98719997779475,-37.63377451848332,-32.01280002220525,-28.36622548151668
Karnataka,2022,Rural,Post Graduate & Above,58.1,100.0,-41.9,-39.81150306748467,-22.39771018187638,-30.606771721371924,-19.502289818123618,-11.293228278628074
Karnataka,2022,Urban,Not Literate,31.6,68.0,-36.4,-39.81150306748467,-38.1756890765962,-39.10477073982602,1.7756890765962012,2.7047707398260243
Karnataka,2022,Urban,Literate & Upto Primary,32.6,82.8,-50.199999999999996,-39.81150306748467,-49.35334213782068,-49.05113039947657,-0.8466578621793133,-1.148869600523426
Karnataka,2022,Urban,Middle,24.8,77.1,-52.3,-39.81150306748467,-50.24436254598395,-51.11591716302979,-2.0556374540160505,-1.1840828369702052
Karnataka,2022,Urban,Secondary,16.9,66.6,-49.699999999999996,-39.81150306748467,-42.37477070924927,-42.222184232574506,-7.325229290750727,-7.47781576742549
Karnataka,2022,Urban,Higher Secondary,17.7,49.9,-32.2,-39.81150306748467,-40.285484994963554,-39.978798102677125,8.08548499496355,7.778798102677122
Karnataka,2022,Urban,Diploma/ Certificate Course,44.9,77.6,-32.699999999999996,-39.81150306748467,-24.898637789280546,-30.10678181425531,-7.80136221071945,-2.5932181857446857
Karnataka,2022,Urban,Graduate,46.6,81.3,-34.699999999999996,-39.81150306748467,-40.69558703577988,-40.48932870051476,5.995587035779884,5.789328700514766
Karnataka,2022,Urban,Post Graduate & Above,53.0,87.2,-34.2,-39.81150306748467,-29.106097239861505,-26.2270749834843,-5.093902760138498,-7.972925016515703
Kerala,2022,Rural,Not Literate,31.2,51.1,-19.900000000000002,-40.14302147239264,-31.734741198788715,-24.32077951921115,11.834741198788713,4.420779519211148
Kerala,2022,Rural,Literate & Upto Primary,33.9,71.3,-37.4,-40.14302147239264,-42.87790446409484,-34.88506341411342,5.477904464094841,-2.5149365858865806
Kerala,2022,Rural,Middle,43.6,82.3,-38.699999999999996,-40.14302147239264,-43.58096568858464,-39.11662951758682,4.880965688584645,0.4166295175868271
Kerala,2022,Rural,Secondary,39.3,73.4,-34.10000000000001,-40.14302147239264,-35.95586364776831,-33.26193687107523,1.8558636477683024,-0.8380631289247802
Kerala,2022,Rural,Higher Secondary,21.8,61.4,-39.599999999999994,-40.14302147239264,-33.977394260013206,-35.40667869659368,-5.622605739986788,-4.193321303406314
Kerala,2022,Rural,Diploma/ Certificate Course,57.8,92.2,-34.400000000000006,-40.14302147239264,-18.407828292781236,-26.67297885330192,-15.99217170721877,-7.727021146698085
Kerala,2022,Rural,Graduate,52.2,86.6,-34.39999999999999,-40.14302147239264,-34.5650473212377,-38.385585915359144,0.16504732123770793,3.9855859153591524
Kerala,2022,Rural,Post Graduate & Above,84.5,89.8,-5.299999999999997,-40.14302147239264,-22.97555752531932,-31.464193257543513,17.675557525319324,26.164193257543516
Kerala,2022,Urban,Not Literate,21.1,58.2,-37.1,-40.14302147239264,-38.39848124798909,-39.296419233943276,1.2984812479890877,2.196419233943274
Kerala,2022,Urban,Literate & Upto Primary,24.6,64.7,-40.1,-40.14302147239264,-49.54164451329521,-49.200388283032,9.44164451329521,9.100388283031997
Kerala,2022,Urban,Middle,30.1,78.6,-48.49999999999999,-40.14302147239264,-50.24470573778501,-51.120155946071854,1.7447057377850186,2.6201559460718613
Kerala,2022,Urban,Secondary,28.6,65.9,-37.300000000000004,-40.14302147239264,-42.61960369696868,-42.84845069567875,5.319603696968677,5.548450695678746
Kerala,2022,Urban,Higher Secondary,20.7,48.5,-27.8,-40.14302147239264,-40.641134309213584,-39.92010214818019,12.841134309213583,12.120102148180191
Kerala,2022,Urban,Diploma/ Certificate Course,49.0,85.8,-36.8,-40.14302147239264,-25.07156834198161,-30.196653882564547,-11.728431658018387,-6.60334611743545
Kerala,2022,Urban,Graduate,51.6,79.2,-27.6,-40.14302147239264,-41.22878737043807,-40.961908163810946,13.628787370438069,13.361908163810945
Kerala,2022,Urban,Post Graduate & Above,65.7,86.5,-20.799999999999997,-40.14302147239264,-29.639297574519695,-26.986349402850184,8.839297574519698,6.186349402850187
Ladakh,2022,Rural,Not Literate,63.4,59.4,4.0,-40.36160531697342,-31.999773690142163,-25.09765873504859,35.99977369014216,29.09765873504859
Ladakh,2022,Rural,Literate & Upto Primary,90.8,80.8,10.0,-40.36160531697342,-43.10354920034624,-35.341853333328594,53.10354920034624,45.341853333328594
Ladakh,2022,Rural,Middle,64.7,73.6,-8.899999999999991,-40.36160531697342,-43.92538593504011,-40.184800933659055,35.02538593504012,31.284800933659064
Ladakh,2022,Rural,Secondary,54.2,53.1,1.1000000000000014,-40.36160531697342,-36.39007981259114,-33.82800373046241,37.49007981259114,34.928003730462414
Ladakh,2022,Rural,Higher Secondary,38.9,45.1,-6.200000000000003,-40.36160531697342,-34.34548797585644,-36.07417529463389,28.14548797585644,29.874175294633886
Ladakh,2022,Rural,Diploma/ Certificate Course,0.0,0.0,0.0,-40.36160531697342,-19.428212075556715,-27.666435271369558,19.428212075556715,27.666435271369558
Ladakh,2022,Rural,Graduate,95.7,99.0,-3.299999999999997,-40.36160531697342,-35.152120628917665,-38.8493737786958,31.852120628917667,35.5493737786958
Ladakh,2022,Rural,Post Graduate & Above,0.0,100.0,-100.0,-40.36160531697342,-23.21589613912174,-30.46708657558821,-76.78410386087826,-69.53291342441179
Ladakh,2022,Urban,Not Literate,27.8,43.4,-15.599999999999998,-40.36160531697342,-38.65615588345521,-38.918342673398556,23.056155883455215,23.318342673398558
Ladakh,2022,Urban,Literate & Upto Primary,78.1,88.1,-10.0,-40.36160531697342,-49.759931393659286,-50.22215031524645,39.759931393659286,40.22215031524645
Ladakh,2022,Urban,Middle,44.9,69.4,-24.500000000000007,-40.36160531697342,-50.58176812835316,-51.40670790915919,26.081768128353154,26.90670790915918
Ladakh,2022,Urban,Secondary,35.7,65.6,-29.89999999999999,-40.36160531697342,-43.04646200590419,-42.943735133945076,13.146462005904198,13.043735133945084
Ladakh,2022,Urban,Higher Secondary,29.3,55.0,-25.7,-40.36160531697342,-41.00187016916949,-40.6546977117315,15.301870169169494,14.954697711731502
Ladakh,2022,Urban,Diploma/ Certificate Course,100.0,0.0,100.0,-40.36160531697342,-26.08459426886977,-31.31938700111378,126.08459426886976,131.31938700111377
Ladakh,2022,Urban,Graduate,54.2,85.5,-31.299999999999997,-40.36160531697342,-41.80850282223072,-41.568335529854764,10.508502822230724,10.268335529854767
Ladakh,2022,Urban,Post Graduate & Above,95.6,88.4,7.199999999999989,-40.36160531697342,-29.87227833243479,-27.39772841114563,37.07227833243478,34.59772841114562
Lakshadweep,2022,Rural,Not Literate,0.0,0.0,0.0,-39.90754089979551,-31.533827268483257,-24.400719863612313,31.533827268483257,24.400719863612313
Lakshadweep,2022,Rural,Literate & Upto Primary,5.7,81.5,-75.8,-39.90754089979551,-41.83454155419754,-34.12847234655729,-33.965458445802454,-41.67152765344271
Lakshadweep,2022,Rural,Middle,8.6,79.5,-70.9,-39.90754089979551,-42.824133390932246,-37.944594717294024,-28.07586660906776,-32.95540528270598
Lakshadweep,2022,Rural,Secondary,10.2,48.3,-38.099999999999994,-39.90754089979551,-35.16637828889142,-32.28777496072297,-2.9336217111085716,-5.812225039277024
Lakshadweep,2022,Rural,Higher Secondary,19.9,93.1,-73.19999999999999,-39.90754089979551,-32.77199053378938,-34.568957185269326,-40.42800946621061,-38.63104281473066
Lakshadweep,2022,Rural,Diploma/ Certificate Course,0.0,92.8,-92.8,-39.90754089979551,-18.446360015988724,-26.4538757038592,-74.35363998401127,-66.3461242961408
Lakshadweep,2022,Rural,Graduate,19.4,86.8,-67.4,-39.90754089979551,-34.43392930929958,-37.842102411566465,-32.96607069070043,-29.55789758843354
Lakshadweep,2022,Rural,Post Graduate & Above,0.0,100.0,-100.0,-39.90754089979551,-22.50076604399346,-30.811654167540222,-77.49923395600655,-69.18834583245977
Lakshadweep,2022,Urban,Not Literate,0.0,0.0,0.0,-39.90754089979551,-38.65189520506188,-38.72647383420335,38.65189520506188,38.72647383420335
Lakshadweep,2022,Urban,Literate & Upto Primary,8.7,47.5,-38.8,-39.90754089979551,-48.95260949077616,-49.3084938460881,10.152609490776165,10.5084938460881
Lakshadweep,2022,Urban,Middle,19.9,55.6,-35.7,-39.90754089979551,-49.942201327510865,-51.46134838017479,14.242201327510863,15.761348380174788
Lakshadweep,2022,Urban,Secondary,9.9,65.1,-55.199999999999996,-39.90754089979551,-42.28444622547004,-41.82315144836863,-12.915553774529954,-13.376848551631369
Lakshadweep,2022,Urban,Higher Secondary,5.4,80.8,-75.39999999999999,-39.90754089979551,-39.890058470368,-38.89348849560078,-35.509941529631995,-36.506511504399214
Lakshadweep,2022,Urban,Diploma/ Certificate Course,49.5,90.9,-41.400000000000006,-39.90754089979551,-25.564427952567346,-30.19424043250682,-15.83557204743266,-11.205759567493185
Lakshadweep,2022,Urban,Graduate,43.0,80.9,-37.900000000000006,-39.90754089979551,-41.5519972458782,-40.71518756562878,3.651997245878192,2.8151875656287757
Lakshadweep,2022,Urban,Post Graduate & Above,79.2,0.0,79.2,-39.90754089979551,-29.618833980572084,-28.78262919804211,108.8188339805721,107.9826291980421
Madhya Pradesh,2022,Rural,Not Literate,65.4,87.0,-21.599999999999994,-39.759560327198365,-31.490870880928586,-24.471539854023327,9.890870880928592,2.8715398540233323
Madhya Pradesh,2022,Rural,Literate & Upto Primary,58.0,91.5,-33.5,-39.759560327198365,-42.55321781970409,-34.846403311231356,9.053217819704088,1.3464033112313558
Madhya Pradesh,2022,Rural,Middle,40.4,87.3,-46.9,-39.759560327198365,-43.4205647584796,-38.840875438679596,-3.479435241520399,-8.059124561320402
Madhya Pradesh,2022,Rural,Secondary,30.5,67.4,-36.900000000000006,-39.759560327198365,-35.73138108501022,-32.22236027856845,-1.1686189149897857,-4.677639721431554
Madhya Pradesh,2022,Rural,Higher Secondary,24.3,79.0,-54.7,-39.759560327198365,-33.606789248275525,-35.1248882978409,-21.093210751724477,-19.575111702159106
Madhya Pradesh,2022,Rural,Diploma/ Certificate Course,76.7,91.2,-14.5,-39.759560327198365,-18.869530594310923,-26.776648303899755,4.369530594310923,12.276648303899755
Madhya Pradesh,2022,Rural,Graduate,35.3,93.4,-58.10000000000001,-39.759560327198365,-33.777299452357155,-37.373859930253104,-24.322700547642853,-20.726140069746904
Madhya Pradesh,2022,Rural,Post Graduate & Above,36.0,96.7,-60.7,-39.759560327198365,-21.849850472765304,-30.116720730791645,-38.8501495272347,-30.583279269208358
Madhya Pradesh,2022,Urban,Not Literate,28.9,70.0,-41.1,-39.759560327198365,-38.090013255571115,-38.377657439771866,-3.009986744428886,-2.7223425602281353
Madhya Pradesh,2022,Urban,Literate & Upto Primary,24.7,86.6,-61.89999999999999,-39.759560327198365,-49.15236019434662,-49.10199997967057,-12.747639805653371,-12.798000020329418
Madhya Pradesh,2022,Urban,Middle,17.3,80.1,-62.8,-39.759560327198365,-50.019707133122125,-50.75886763745072,-12.780292866877872,-12.041132362549277
Madhya Pradesh,2022,Urban,Secondary,10.6,69.1,-58.49999999999999,-39.759560327198365,-42.33052345965275,-41.83509465246587,-16.16947654034724,-16.664905347534123
Madhya Pradesh,2022,Urban,Higher Secondary,11.0,62.9,-51.9,-39.759560327198365,-40.20593162291806,-39.483821628881536,-11.69406837708194,-12.416178371118463
Madhya Pradesh,2022,Urban,Diploma/ Certificate Course,42.5,77.8,-35.3,-39.759560327198365,-25.468672968953452,-30.20534726749096,-9.831327031046545,-5.0946527325090365
Madhya Pradesh,2022,Urban,Graduate,27.0,84.0,-57.0,-39.759560327198365,-40.37644182699968,-40.619417894208055,-16.62355817300032,-16.380582105791945
Madhya Pradesh,2022,Urban,Post Graduate & Above,33.4,86.3,-52.9,-39.759560327198365,-28.448992847407837,-25.515942229063015,-24.45100715259216,-27.384057770936984
Maharashtra,2022,Rural,Not Literate,51.9,73.6,-21.699999999999996,-39.90828220858896,-31.56015044694415,-24.248051182448478,9.860150446944154,2.548051182448482
Maharashtra,2022,Rural,Literate & Upto Primary,63.9,86.4,-22.500000000000007,-39.90828220858896,-42.88902799796456,-34.976390181867416,20.389027997964554,12.476390181867409
Maharashtra,2022,Rural,Middle,53.4,82.3,-28.9,-39.90828220858896,-43.80984432449516,-39.122930028867316,14.909844324495161,10.222930028867317
Maharashtra,2022,Rural,Secondary,44.9,68.5,-23.6,-39.90828220858896,-35.99270146735232,-33.743678760624995,12.392701467352317,10.143678760624994
Maharashtra,2022,Rural,Higher Secondary,32.7,74.5,-41.8,-39.90828220858896,-33.73137493674007,-35.2027684956762,-8.06862506325993,-6.597231504323794
Maharashtra,2022,Rural,Diploma/ Certificate Course,59.7,87.6,-27.89999999999999,-39.90828220858896,-18.471648414340407,-26.769391041156204,-9.428351585659584,-1.130608958843787
Maharashtra,2022,Rural,Graduate,37.2,82.4,-45.2,-39.90828220858896,-34.14698718163803,-37.697936429666356,-11.053012818361971,-7.502063570333647
Maharashtra,2022,Rural,Post Graduate & Above,32.6,93.6,-60.99999999999999,-39.90828220858896,-22.305456569393137,-30.774836483504128,-38.694543430606856,-30.225163516495865
Maharashtra,2022,Urban,Not Literate,25.8,78.7,-52.900000000000006,-39.90828220858896,-38.06071023248804,-38.77804403917011,-14.839289767511964,-14.121955960829894
Maharashtra,2022,Urban,Literate & Upto Primary,27.0,82.2,-55.2,-39.90828220858896,-49.38958778350845,-49.747180471331504,-5.8104122164915495,-5.452819528668499
Maharashtra,2022,Urban,Middle,23.0,80.2,-57.2,-39.90828220858896,-50.31040411003905,-50.810403682457775,-6.889595889960951,-6.389596317542228
Maharashtra,2022,Urban,Secondary,16.5,64.5,-48.0,-39.90828220858896,-42.493261252896204,-42.32726215145012,-5.506738747103796,-5.672737848549879
Maharashtra,2022,Urban,Higher Secondary,19.0,66.1,-47.099999999999994,-39.90828220858896,-40.23193472228396,-39.03895987977186,-6.868065277716035,-8.061040120228135
Maharashtra,2022,Urban,Diploma/ Certificate Course,46.4,80.1,-33.699999999999996,-39.90828220858896,-24.972208199884296,-30.170040100013214,-8.7277918001157,-3.529959899986782
Maharashtra,2022,Urban,Graduate,42.7,82.9,-40.2,-39.90828220858896,-40.647546967181924,-40.7305316822724,0.4475469671819212,0.5305316822723967
Maharashtra,2022,Urban,Post Graduate & Above,49.3,84.7,-35.400000000000006,-39.90828220858896,-28.80601635493703,-26.288272268511214,-6.593983645062977,-9.111727731488791
Manipur,2022,Rural,Not Literate,28.2,48.7,-20.500000000000004,-40.26620654396728,-31.67580175596383,-22.70940744148889,11.175801755963825,2.209407441488885
Manipur,2022,Rural,Literate & Upto Primary,35.7,80.5,-44.8,-40.26620654396728,-42.788352776372,-34.43003779450022,-2.011647223627996,-10.369962205499775
Manipur,2022,Rural,Middle,32.9,79.4,-46.50000000000001,-40.26620654396728,-43.719577266167924,-38.61267702206742,-2.780422733832083,-7.887322977932584
Manipur,2022,Rural,Secondary,20.4,59.3,-38.9,-40.26620654396728,-36.17488338861689,-32.41677940717563,-2.7251166113831076,-6.483220592824367
Manipur,2022,Rural,Higher Secondary,15.3,64.2,-48.900000000000006,-40.26620654396728,-33.90661808249445,-34.897465830565736,-14.993381917505559,-14.00253416943427
Manipur,2022,Rural,Diploma/ Certificate Course,0.0,100.0,-100.0,-40.26620654396728,-19.45072599527731,-26.870150693599147,-80.54927400472269,-73.12984930640086
Manipur,2022,Rural,Graduate,44.5,91.1,-46.599999999999994,-40.26620654396728,-34.55529155188219,-37.66551954680174,-12.044708448117802,-8.934480453198255
Manipur,2022,Rural,Post Graduate & Above,79.2,84.7,-5.5,-40.26620654396728,-23.14743440902506,-31.28710129268133,17.64743440902506,25.78710129268133
Manipur,2022,Urban,Not Literate,16.3,45.5,-29.2,-40.26620654396728,-38.60745359716931,-39.605772493409354,9.407453597169312,10.405772493409355
Manipur,2022,Urban,Literate & Upto Primary,37.3,75.4,-38.10000000000001,-40.26620654396728,-49.72000461757748,-49.32100230531617,11.620004617577472,11.221002305316162
Manipur,2022,Urban,Middle,32.1,71.0,-38.9,-40.26620654396728,-50.65122910737341,-51.41764571068191,11.751229107373412,12.517645710681911
Manipur,2022,Urban,Secondary,27.9,51.2,-23.300000000000004,-40.26620654396728,-43.10653522982237,-43.19334891889503,19.806535229822366,19.89334891889503
Manipur,2022,Urban,Higher Secondary,31.8,55.8,-23.999999999999996,-40.26620654396728,-40.838269923699926,-40.064689973412044,16.83826992369993,16.064689973412047
Manipur,2022,Urban,Diploma/ Certificate Course,0.0,0.0,0.0,-40.26620654396728,-26.38237783648279,-31.215775532027237,26.38237783648279,31.215775532027237
Manipur,2022,Urban,Graduate,51.2,81.7,-30.5,-40.26620654396728,-41.48694339308768,-41.241326343229595,10.986943393087678,10.741326343229595
Manipur,2022,Urban,Post Graduate & Above,66.1,84.8,-18.700000000000003,-40.26620654396728,-30.07908625023054,-26.295482515881826,11.379086250230536,7.595482515881823
Meghalaya,2022,Rural,Not Literate,65.8,84.5,-18.700000000000003,-40.526738241308784,-31.89018667567904,-22.859311041916623,13.190186675679037,4.15931104191662
Meghalaya,2022,Rural,Literate & Upto Primary,65.4,88.4,-23.0,-40.526738241308784,-43.37702341037293,-35.162434687678825,20.377023410372928,12.162434687678825
Meghalaya,2022,Rural,Middle,65.9,77.5,-11.599999999999994,-40.526738241308784,-44.427227492005585,-39.705906344908264,32.82722749200559,28.10590634490827
Meghalaya,2022,Rural,Secondary,59.6,70.8,-11.199999999999996,-40.526738241308784,-36.6845744307811,-33.17240820385817,25.4845744307811,21.972408203858173
Meghalaya,2022,Rural,Higher Secondary,61.5,77.6,-16.099999999999994,-40.526738241308784,-34.58814585935252,-35.58076127432468,18.488145859352528,19.480761274324685
Meghalaya,2022,Rural,Diploma/ Certificate Course,0.0,100.0,-100.0,-40.526738241308784,-19.562009038426986,-27.324605244844907,-80.437990961573,-72.6753947551551
Meghalaya,2022,Rural,Graduate,88.1,82.6,5.5,-40.526738241308784,-35.368043818536194,-39.044284576889446,40.868043818536194,44.544284576889446
Meghalaya,2022,Rural,Post Graduate & Above,100.0,30.3,69.7,-40.526738241308784,-23.89181932874029,-32.39830362925572,93.59181932874029,102.09830362925572
Meghalaya,2022,Urban,Not Literate,39.8,50.4,-10.600000000000001,-40.526738241308784,-38.08237242601056,-39.14665656151808,27.482372426010556,28.546656561518077
Meghalaya,2022,Urban,Literate & Upto Primary,37.5,78.2,-40.7,-40.526738241308784,-49.569209160704446,-49.09789986085983,8.869209160704443,8.39789986085983
Meghalaya,2022,Urban,Middle,31.7,65.2,-33.5,-40.526738241308784,-50.6194132423371,-51.39655897720447,17.119413242337103,17.89655897720447
Meghalaya,2022,Urban,Secondary,22.0,54.3,-32.3,-40.526738241308784,-42.876760181112616,-42.92235276224152,10.576760181112618,10.622352762241526
Meghalaya,2022,Urban,Higher Secondary,25.0,67.7,-42.7,-40.526738241308784,-40.78033160968404,-39.887801659231826,-1.9196683903159624,-2.8121983407681768
Meghalaya,2022,Urban,Diploma/ Certificate Course,0.0,100.0,-100.0,-40.526738241308784,-25.7541947887585,-30.86690622006779,-74.2458052112415,-69.13309377993221
Meghalaya,2022,Urban,Graduate,60.9,79.1,-18.199999999999996,-40.526738241308784,-41.56022956886771,-41.73349643832243,23.360229568867716,23.533496438322437
Meghalaya,2022,Urban,Post Graduate & Above,81.8,88.1,-6.299999999999997,-40.526738241308784,-30.084005079071808,-26.635524321837874,23.78400507907181,20.335524321837877
Mizoram,2022,Rural,Not Literate,0.0,37.6,-37.6,-40.35442229038855,-31.381935161383527,-23.685116260752356,-6.218064838616474,-13.914883739247646
Mizoram,2022,Rural,Literate & Upto Primary,44.3,64.1,-19.799999999999997,-40.35442229038855,-42.96713924301616,-35.1466514261149,23.167139243016166,15.346651426114903
Mizoram,2022,Rural,Middle,55.8,80.3,-24.5,-40.35442229038855,-43.72203720219983,-39.379841398393886,19.22203720219983,14.879841398393886
Mizoram,2022,Rural,Secondary,37.2,45.7,-8.5,-40.35442229038855,-36.19305761036311,-33.13720300545613,27.693057610363113,24.63720300545613
Mizoram,2022,Rural,Higher Secondary,30.0,50.4,-20.4,-40.35442229038855,-34.10928210015902,-35.77332975274921,13.709282100159022,15.373329752749214
Mizoram,2022,Rural,Diploma/ Certificate Course,0.0,0.0,0.0,-40.35442229038855,-19.16155327824802,-26.914966321988974,19.16155327824802,26.914966321988974
Mizoram,2022,Rural,Graduate,69.9,91.4,-21.5,-40.35442229038855,-34.49938414097535,-37.921672903919905,12.999384140975351,16.421672903919905
Mizoram,2022,Rural,Post Graduate & Above,0.0,100.0,-100.0,-40.35442229038855,-22.170914753220256,-30.557571815401925,-77.82908524677974,-69.44242818459807
Mizoram,2022,Urban,Not Literate,0.0,51.4,-51.4,-40.35442229038855,-38.49009940637554,-39.27075820253373,-12.909900593624457,-12.129241797466271
Mizoram,2022,Urban,Literate & Upto Primary,22.4,47.1,-24.700000000000003,-40.35442229038855,-50.07530348800818,-49.90082583136187,25.37530348800818,25.20082583136187
Mizoram,2022,Urban,Middle,48.5,72.0,-23.5,-40.35442229038855,-50.83020144719185,-51.674673596101506,27.330201447191847,28.174673596101506
Mizoram,2022,Urban,Secondary,23.8,36.3,-12.499999999999996,-40.35442229038855,-43.301221855355124,-43.361802174944316,30.801221855355127,30.86180217494432
Mizoram,2022,Urban,Higher Secondary,39.7,55.0,-15.299999999999997,-40.35442229038855,-41.217446345151046,-40.74705066381956,25.91744634515105,25.44705066381956
Mizoram,2022,Urban,Diploma/ Certificate Course,0.0,0.0,0.0,-40.35442229038855,-26.269717523240036,-31.33608923752043,26.269717523240036,31.33608923752043
Mizoram,2022,Urban,Graduate,61.3,90.7,-29.400000000000006,-40.35442229038855,-41.60754838596736,-41.36898318904233,12.207548385967357,11.968983189042326
Mizoram,2022,Urban,Post Graduate & Above,91.6,97.1,-5.5,-40.35442229038855,-29.27907899821227,-27.379516949603016,23.77907899821227,21.879516949603016
Nagaland,2022,Rural,Not Literate,65.0,72.4,-7.400000000000006,-40.31935071574642,-31.837561111765652,-25.29837643127639,24.437561111765646,17.898376431276386
Nagaland,2022,Rural,Literate & Upto Primary,90.7,85.6,5.1000000000000085,-40.31935071574642,-43.50296927503095,-36.18340406016357,48.60296927503096,41.283404060163576
Nagaland,2022,Rural,Middle,72.6,84.9,-12.300000000000011,-40.31935071574642,-44.22827539747993,-39.858150513283476,31.928275397479922,27.558150513283465
Nagaland,2022,Rural,Secondary,57.1,71.0,-13.899999999999999,-40.31935071574642,-36.51133662196973,-34.002621636693874,22.611336621969734,20.102621636693875
Nagaland,2022,Rural,Higher Secondary,42.9,78.4,-35.50000000000001,-40.31935071574642,-34.33939784645952,-35.32252114429013,-1.1606021535404878,-0.17747885570987876
Nagaland,2022,Rural,Diploma/ Certificate Course,0.0,0.0,0.0,-40.31935071574642,-18.953472498453035,-27.8846201687706,18.953472498453035,27.8846201687706
Nagaland,2022,Rural,Graduate,84.3,94.9,-10.600000000000009,-40.31935071574642,-35.16970396890851,-38.63979985108213,24.5697039689085,28.039799851082122
Nagaland,2022,Rural,Post Graduate & Above,100.0,100.0,0.0,-40.31935071574642,-23.28164274441872,-32.384340269751696,23.28164274441872,32.384340269751696
Nagaland,2022,Urban,Not Literate,35.5,57.5,-22.0,-40.31935071574642,-38.41621212505514,-40.14746961855557,16.41621212505514,18.14746961855557
Nagaland,2022,Urban,Literate & Upto Primary,52.5,68.0,-15.5,-40.31935071574642,-50.081620288320444,-50.63562891028792,34.581620288320444,35.13562891028792
Nagaland,2022,Urban,Middle,48.1,70.2,-22.1,-40.31935071574642,-50.80692641076942,-51.975096575121505,28.70692641076942,29.875096575121503
Nagaland,2022,Urban,Secondary,39.7,56.3,-16.599999999999994,-40.31935071574642,-43.08998763525922,-43.331019754636245,26.489987635259226,26.73101975463625
Nagaland,2022,Urban,Higher Secondary,43.7,66.4,-22.700000000000003,-40.31935071574642,-40.91804885974901,-40.314944480928474,18.218048859749004,17.61494448092847
Nagaland,2022,Urban,Diploma/ Certificate Course,100.0,0.0,100.0,-40.31935071574642,-25.532123511742526,-31.589316548952585,125.53212351174253,131.58931654895258
Nagaland,2022,Urban,Graduate,68.1,92.0,-23.900000000000006,-40.31935071574642,-41.748354982197995,-41.39040411378107,17.84835498219799,17.49040411378106
Nagaland,2022,Urban,Post Graduate & Above,91.5,97.0,-5.5,-40.31935071574642,-29.860293757708206,-26.82317634648833,24.360293757708206,21.32317634648833
Odisha,2022,Rural,Not Literate,55.5,71.3,-15.799999999999997,-39.887423312883435,-31.596219911033387,-24.74954727363972,15.79621991103339,8.949547273639723
Odisha,2022,Rural,Literate & Upto Primary,51.6,90.5,-38.9,-39.887423312883435,-42.51958725797216,-34.05486038123946,3.6195872579721637,-4.845139618760541
Odisha,2022,Rural,Middle,42.4,82.0,-39.6,-39.887423312883435,-43.384689298788494,-39.249174067206354,3.784689298788493,-0.35082593279364715
Odisha,2022,Rural,Secondary,33.7,66.9,-33.2,-39.887423312883435,-35.86428113552319,-33.001320191395266,2.66428113552319,-0.19867980860473722
Odisha,2022,Rural,Higher Secondary,33.2,69.2,-36.0,-39.887423312883435,-33.8035668498089,-34.839496971690345,-2.1964331501910976,-1.1605030283096553
Odisha,2022,Rural,Diploma/ Certificate Course,72.5,86.7,-14.200000000000003,-39.887423312883435,-19.000173838680965,-27.104197082115178,4.800173838680962,12.904197082115175
Odisha,2022,Rural,Graduate,44.9,91.2,-46.300000000000004,-39.887423312883435,-34.08570970695176,-37.373936915072456,-12.214290293048244,-8.926063084927549
Odisha,2022,Rural,Post Graduate & Above,65.0,85.9,-20.900000000000006,-39.887423312883435,-22.784587257972163,-31.470636511736778,1.8845872579721572,10.570636511736772
Odisha,2022,Urban,Not Literate,32.8,64.1,-31.299999999999997,-39.887423312883435,-38.18523171556159,-39.32965793416131,6.885231715561595,8.029657934161314
Odisha,2022,Urban,Literate & Upto Primary,36.0,87.6,-51.599999999999994,-39.887423312883435,-49.10859906250036,-49.72881131547171,-2.491400937499634,-1.8711886845282848
Odisha,2022,Urban,Middle,21.4,75.7,-54.300000000000004,-39.887423312883435,-49.9737011033167,-51.079777561902496,-4.326298896683305,-3.220222438097508
Odisha,2022,Urban,Secondary,16.8,66.9,-50.10000000000001,-39.887423312883435,-42.4532929400514,-42.514464061187844,-7.646707059948611,-7.585535938812164
Odisha,2022,Urban,Higher Secondary,15.7,52.5,-36.8,-39.887423312883435,-40.39257865433711,-40.06519474665331,3.5925786543371103,3.2651947466533144
Odisha,2022,Urban,Diploma/ Certificate Course,76.5,84.9,-8.400000000000006,-39.887423312883435,-25.58918564320917,-30.870449439131093,17.189185643209164,22.470449439131087
Odisha,2022,Urban,Graduate,32.6,84.4,-51.800000000000004,-39.887423312883435,-40.67472151147996,-40.89743898746343,-11.125278488520046,-10.902561012536573
Odisha,2022,Urban,Post Graduate & Above,63.4,81.2,-17.800000000000004,-39.887423312883435,-29.373599062500368,-26.631900652367708,11.573599062500364,8.831900652367704
Puducherry,2022,Rural,Not Literate,57.4,61.9,-4.5,-39.986042944785275,-31.819421955632826,-24.31273729119106,27.319421955632826,19.81273729119106
Puducherry,2022,Rural,Literate & Upto Primary,49.9,97.3,-47.4,-39.986042944785275,-42.83911583318384,-35.739016725677914,-4.560884166816159,-11.660983274322085
Puducherry,2022,Rural,Middle,67.1,89.3,-22.200000000000003,-39.986042944785275,-43.681360731143016,-39.19819200286524,21.481360731143013,16.99819200286524
Puducherry,2022,Rural,Secondary,27.4,59.4,-32.0,-39.986042944785275,-36.12870766991854,-32.69444039005952,4.1287076699185405,0.6944403900595191
Puducherry,2022,Rural,Higher Secondary,29.6,29.6,0.0,-39.986042944785275,-33.929217874000166,-35.57866114761062,33.929217874000166,35.57866114761062
Puducherry,2022,Rural,Diploma/ Certificate Course,21.7,100.0,-78.3,-39.986042944785275,-18.316860464235482,-26.748246297298646,-59.983139535764515,-51.55175370270135
Puducherry,2022,Rural,Graduate,54.2,89.4,-35.2,-39.986042944785275,-34.25972807808179,-37.68797798020386,-0.9402719219182103,2.4879779802038584
Puducherry,2022,Rural,Post Graduate & Above,100.0,100.0,0.0,-39.986042944785275,-22.705340322979747,-31.327693795391742,22.705340322979747,31.327693795391742
Puducherry,2022,Urban,Not Literate,16.7,35.7,-19.000000000000004,-39.986042944785275,-38.43268676175731,-39.47868001244302,19.432686761757306,20.478680012443018
Puducherry,2022,Urban,Literate & Upto Primary,23.9,73.6,-49.699999999999996,-39.986042944785275,-49.452380639308316,-49.154759477721846,-0.24761936069167945,-0.5452405222781493
Puducherry,2022,Urban,Middle,15.6,75.7,-60.1,-39.986042944785275,-50.29462553726749,-50.93278346835928,-9.805374462732509,-9.167216531640719
Puducherry,2022,Urban,Secondary,17.6,55.7,-38.1,-39.986042944785275,-42.74197247604302,-42.7680071032539,4.641972476043016,4.668007103253899
Puducherry,2022,Urban,Higher Secondary,4.6,52.5,-47.9,-39.986042944785275,-40.54248268012465,-39.84183923847058,-7.357517319875349,-8.058160761529422
Puducherry,2022,Urban,Diploma/ Certificate Course,70.2,96.1,-25.89999999999999,-39.986042944785275,-24.930125270359962,-30.413598439618266,-0.9698747296400292,4.513598439618274
Puducherry,2022,Urban,Graduate,30.4,87.4,-57.00000000000001,-39.986042944785275,-40.87299288420628,-40.68446982985412,-16.127007115793724,-16.315530170145884
Puducherry,2022,Urban,Post Graduate & Above,59.9,72.0,-12.100000000000001,-39.986042944785275,-29.318605129104228,-26.389276985629724,17.218605129104226,14.289276985629723
Punjab,2022,Rural,Not Literate,28.0,73.7,-45.7,-39.634943762781184,-31.090101289364675,-23.17277462413911,-14.609898710635328,-22.527225375860894
Punjab,2022,Rural,Literate & Upto Primary,33.3,86.7,-53.400000000000006,-39.634943762781184,-42.28959108528304,-33.748020225310206,-11.110408914716963,-19.6519797746898
Punjab,2022,Rural,Middle,26.1,75.0,-48.9,-39.634943762781184,-43.38101965671162,-38.5059754669117,-5.518980343288376,-10.394024533088299
Punjab,2022,Rural,Secondary,19.5,72.5,-53.0,-39.634943762781184,-35.556121697527935,-32.60271156186462,-17.443878302472065,-20.397288438135377
Punjab,2022,Rural,Higher Secondary,30.4,83.4,-53.00000000000001,-39.634943762781184,-33.33275435058916,-34.86209463933011,-19.667245649410845,-18.137905360669897
Punjab,2022,Rural,Diploma/ Certificate Course,33.7,91.6,-57.89999999999999,-39.634943762781184,-18.268137670919216,-26.58505606349849,-39.631862329080775,-31.3149439365015
Punjab,2022,Rural,Graduate,38.4,88.3,-49.9,-39.634943762781184,-34.01775435058916,-37.58966515509189,-15.88224564941084,-12.310334844908105
Punjab,2022,Rural,Post Graduate & Above,62.1,73.6,-11.499999999999993,-39.634943762781184,-22.547448228140187,-31.162068683026312,11.047448228140194,19.66206868302632
Punjab,2022,Urban,Not Literate,28.9,77.9,-49.00000000000001,-39.634943762781184,-37.67082545420122,-38.586674586634274,-11.329174545798786,-10.413325413365733
Punjab,2022,Urban,Literate & Upto Primary,26.3,84.7,-58.400000000000006,-39.634943762781184,-48.87031525011959,-49.25200616787613,-9.529684749880417,-9.147993832123873
Punjab,2022,Urban,Middle,16.3,75.9,-59.60000000000001,-39.634943762781184,-49.96174382154816,-50.91009606676053,-9.638256178451847,-8.689903933239478
Punjab,2022,Urban,Secondary,14.9,67.3,-52.4,-39.634943762781184,-42.13684586236448,-41.798007105837854,-10.263154137635517,-10.601992894162144
Punjab,2022,Urban,Higher Secondary,19.7,74.7,-55.0,-39.634943762781184,-39.91347851542571,-39.53370801586797,-15.086521484574291,-15.466291984132027
Punjab,2022,Urban,Diploma/ Certificate Course,44.3,83.9,-39.60000000000001,-39.634943762781184,-24.848861835755763,-30.12363561921551,-14.751138164244246,-9.4763643807845
Punjab,2022,Urban,Graduate,23.5,80.3,-56.8,-39.634943762781184,-40.598478515425704,-40.581717347234715,-16.201521484574293,-16.218282652765282
Punjab,2022,Urban,Post Graduate & Above,56.1,91.6,-35.49999999999999,-39.634943762781184,-29.12817239297673,-26.224231026782995,-6.371827607023263,-9.275768973216998
Rajasthan,2022,Rural,Not Literate,65.6,77.6,-12.0,-39.860761758691204,-31.70098308329159,-24.602542867561773,19.70098308329159,12.602542867561773
Rajasthan,2022,Rural,Literate & Upto Primary,67.1,90.7,-23.60000000000001,-39.860761758691204,-42.73986063431199,-34.60678929404453,19.13986063431198,11.006789294044523
Rajasthan,2022,Rural,Middle,45.6,79.8,-34.199999999999996,-39.860761758691204,-43.663942266965066,-38.68868158257299,9.46394226696507,4.488681582572994
Rajasthan,2022,Rural,Secondary,24.9,60.0,-35.1,-39.860761758691204,-35.96863614451608,-32.75162620728725,0.8686361445160813,-2.3483737927127493
Rajasthan,2022,Rural,Higher Secondary,26.3,55.1,-28.8,-39.860761758691204,-34.01792185880179,-35.26868311045526,5.217921858801791,6.468683110455256
Rajasthan,2022,Rural,Diploma/ Certificate Course,54.0,82.1,-28.099999999999994,-39.860761758691204,-19.005562395901944,-26.982303707596856,-9.09443760409805,-1.1176962924031386
Rajasthan,2022,Rural,Graduate,51.0,83.9,-32.900000000000006,-39.860761758691204,-34.206799409822196,-37.875898303344115,1.3067994098221902,4.97589830334411
Rajasthan,2022,Rural,Post Graduate & Above,46.3,96.8,-50.5,-39.860761758691204,-22.284656552679333,-30.849634672714693,-28.215343447320667,-19.650365327285307
Rajasthan,2022,Urban,Not Literate,27.3,72.9,-45.60000000000001,-39.860761758691204,-38.04496927683593,-38.532433187006774,-7.55503072316408,-7.067566812993235
Rajasthan,2022,Urban,Literate & Upto Primary,18.7,83.6,-64.89999999999999,-39.860761758691204,-49.08384682785633,-49.0519058850642,-15.816153172143665,-15.84809411493579
Rajasthan,2022,Urban,Middle,18.2,75.4,-57.2,-39.860761758691204,-50.007928460509405,-51.27016088973699,-7.192071539490598,-5.929839110263011
Rajasthan,2022,Urban,Secondary,13.3,56.4,-43.099999999999994,-39.860761758691204,-42.31262233806042,-42.636976567285394,-0.7873776619395727,-0.4630234327145999
Rajasthan,2022,Urban,Higher Secondary,13.7,53.2,-39.5,-39.860761758691204,-40.361908052346124,-40.24489349048008,0.8619080523461236,0.7448934904800808
Rajasthan,2022,Urban,Diploma/ Certificate Course,34.8,78.9,-44.10000000000001,-39.860761758691204,-25.349548589446282,-30.747774649907797,-18.750451410553726,-13.352225350092212
Rajasthan,2022,Urban,Graduate,34.1,81.2,-47.1,-39.860761758691204,-40.550785603366535,-41.1957469763928,-6.549214396633467,-5.904253023607204
Rajasthan,2022,Urban,Post Graduate & Above,38.4,84.8,-46.4,-39.860761758691204,-28.62864274622367,-25.735556317768257,-17.77135725377633,-20.66444368223174
Sikkim,2022,Rural,Not Literate,69.4,76.4,-7.0,-40.37691717791411,-31.72782963108139,-24.442460065178473,24.72782963108139,17.442460065178473
Sikkim,2022,Rural,Literate & Upto Primary,93.8,93.7,0.09999999999999432,-40.37691717791411,-43.195278610673235,-36.482040877328245,43.29527861067323,36.58204087732824
Sikkim,2022,Rural,Middle,67.8,84.3,-16.5,-40.37691717791411,-44.382217386183434,-39.557714628764074,27.882217386183434,23.057714628764074
Sikkim,2022,Rural,Secondary,54.0,54.6,-0.6000000000000014,-40.37691717791411,-36.47466636577528,-33.54197514544738,35.874666365775276,32.94197514544738
Sikkim,2022,Rural,Higher Secondary,59.2,79.4,-20.200000000000003,-40.37691717791411,-34.295788814754864,-35.54568737867875,14.095788814754862,15.345687378678747
Sikkim,2022,Rural,Diploma/ Certificate Course,100.0,100.0,0.0,-40.37691717791411,-19.379483636748105,-27.843638222298004,19.379483636748105,27.843638222298004
Sikkim,2022,Rural,Graduate,93.8,97.0,-3.200000000000003,-40.37691717791411,-35.17691126373445,-39.1702535187649,31.97691126373445,35.9702535187649
Sikkim,2022,Rural,Post Graduate & Above,100.0,100.0,0.0,-40.37691717791411,-23.314156161693653,-32.12886734839166,23.314156161693653,32.12886734839166
Sikkim,2022,Urban,Not Literate,14.1,73.8,-59.699999999999996,-40.37691717791411,-37.83420255206659,-38.83061186087458,-21.865797447933403,-20.869388139125412
Sikkim,2022,Urban,Literate & Upto Primary,35.5,89.5,-54.0,-40.37691717791411,-49.301651531658436,-48.827109763895336,-4.698348468341564,-5.172890236104664
Sikkim,2022,Urban,Middle,38.3,85.8,-47.5,-40.37691717791411,-50.488590307168636,-51.3080247265093,2.9885903071686357,3.808024726509302
Sikkim,2022,Urban,Secondary,17.2,70.9,-53.7,-40.37691717791411,-42.58103928676048,-42.27239900473971,-11.118960713239524,-11.427600995260292
Sikkim,2022,Urban,Higher Secondary,19.2,63.6,-44.400000000000006,-40.37691717791411,-40.402161735740066,-40.16098068261182,-3.99783826425994,-4.239019317388184
Sikkim,2022,Urban,Diploma/ Certificate Course,100.0,0.0,100.0,-40.37691717791411,-25.485856557733307,-31.077504283714134,125.48585655773331,131.07750428371412
Sikkim,2022,Urban,Graduate,57.1,84.8,-27.699999999999996,-40.37691717791411,-41.283284184719655,-41.35871984600543,13.583284184719659,13.658719846005432
Sikkim,2022,Urban,Post Graduate & Above,83.8,98.9,-15.100000000000009,-40.37691717791411,-29.420529082678854,-26.743949474243255,14.320529082678846,11.643949474243247
Tamil Nadu,2022,Rural,Not Literate,54.8,60.3,-5.5,-39.99399284253579,-31.958902465119184,-24.60233817867316,26.458902465119184,19.10233817867316
Tamil Nadu,2022,Rural,Literate & Upto Primary,64.0,92.5,-28.5,-39.99399284253579,-43.04961675083348,-34.961929554206435,14.54961675083348,6.461929554206435
Tamil Nadu,2022,Rural,Middle,54.8,91.1,-36.3,-39.99399284253579,-43.727984097772264,-38.6557224033438,7.427984097772267,2.3557224033438047
Tamil Nadu,2022,Rural,Secondary,36.0,52.6,-16.6,-39.99399284253579,-36.12043307736409,-33.47984838825325,19.52043307736409,16.87984838825325
Tamil Nadu,2022,Rural,Higher Secondary,25.1,43.7,-18.6,-39.99399284253579,-34.15890246511919,-35.65240118439946,15.55890246511919,17.052401184399457
Tamil Nadu,2022,Rural,Diploma/ Certificate Course,55.5,96.2,-40.7,-39.99399284253579,-18.023951124421977,-26.803448939554197,-22.676048875578026,-13.896551060445805
Tamil Nadu,2022,Rural,Graduate,39.5,89.5,-50.0,-39.99399284253579,-34.151249403894695,-37.43710293609866,-15.848750596105305,-12.562897063901339
Tamil Nadu,2022,Rural,Post Graduate & Above,49.0,87.2,-38.2,-39.99399284253579,-22.474412669200838,-31.13145199456195,-15.725587330799165,-7.068548005438053
Tamil Nadu,2022,Urban,Not Literate,31.1,63.4,-32.3,-39.99399284253579,-38.42723490684047,-39.12435135872081,6.127234906840471,6.824351358720811
Tamil Nadu,2022,Urban,Literate & Upto Primary,34.0,77.8,-43.8,-39.99399284253579,-49.51794919255476,-49.495351429381614,5.717949192554762,5.695351429381617
Tamil Nadu,2022,Urban,Middle,27.9,81.2,-53.300000000000004,-39.99399284253579,-50.196316539493544,-51.269521540419476,-3.10368346050646,-2.0304784595805287
Tamil Nadu,2022,Urban,Secondary,19.5,61.9,-42.4,-39.99399284253579,-42.58876551908537,-42.36921342325307,0.1887655190853721,-0.03078657674692664
Tamil Nadu,2022,Urban,Higher Secondary,14.4,45.7,-31.300000000000004,-39.99399284253579,-40.62723490684047,-40.14024085154089,9.327234906840467,8.840240851540884
Tamil Nadu,2022,Urban,Diploma/ Certificate Course,40.6,89.7,-49.1,-39.99399284253579,-24.492283566143257,-30.195770796112097,-24.607716433856744,-18.904229203887905
Tamil Nadu,2022,Urban,Graduate,31.7,83.5,-51.8,-39.99399284253579,-40.619581845615976,-40.57262321880405,-11.180418154384022,-11.22737678119595
Tamil Nadu,2022,Urban,Post Graduate & Above,49.7,86.2,-36.5,-39.99399284253579,-28.94274511092212,-26.199182918727306,-7.557254889077878,-10.300817081272694
Telangana,2022,Rural,Not Literate,59.5,71.3,-11.799999999999997,-39.899667689161554,-31.834979577608333,-23.59797486861444,20.034979577608336,11.797974868614443
Telangana,2022,Rural,Literate & Upto Primary,71.1,88.5,-17.400000000000006,-39.899667689161554,-43.05426529189403,-35.910274656356194,25.654265291894028,18.510274656356188
Telangana,2022,Rural,Middle,50.4,82.8,-32.4,-39.899667689161554,-43.8752857000573,-39.36000181658935,11.475285700057299,6.9600018165893545
Telangana,2022,Rural,Secondary,45.3,71.3,-26.0,-39.899667689161554,-36.060183659240984,-32.659895470999416,10.060183659240984,6.659895470999416
Telangana,2022,Rural,Higher Secondary,34.0,65.0,-31.0,-39.899667689161554,-34.02375508781241,-35.540156810245946,3.023755087812411,4.540156810245946
Telangana,2022,Rural,Diploma/ Certificate Course,0.0,100.0,-100.0,-39.899667689161554,-18.011266277398988,-26.205481390730867,-81.98873372260101,-73.79451860926913
Telangana,2022,Rural,Graduate,44.4,92.4,-48.00000000000001,-39.899667689161554,-34.218755087812404,-37.45780621394991,-13.781244912187603,-10.542193786050099
Telangana,2022,Rural,Post Graduate & Above,53.0,100.0,-47.0,-39.899667689161554,-22.192122434751173,-30.56479758105816,-24.807877565248827,-16.43520241894184
Telangana,2022,Urban,Not Literate,27.5,65.6,-38.099999999999994,-39.899667689161554,-38.34191466015857,-38.81040029152169,0.241914660158578,0.7104002915216938
Telangana,2022,Urban,Literate & Upto Primary,36.1,86.1,-49.99999999999999,-39.899667689161554,-49.561200374444276,-48.780488263265966,-0.43879962555571694,-1.2195117367340274
Telangana,2022,Urban,Middle,26.5,73.1,-46.599999999999994,-39.899667689161554,-50.38222078260753,-51.038503160258266,3.7822207826075385,4.438503160258271
Telangana,2022,Urban,Secondary,15.9,56.9,-41.0,-39.899667689161554,-42.56711874179122,-42.42417096650705,1.5671187417912193,1.4241709665070488
Telangana,2022,Urban,Higher Secondary,14.1,50.1,-36.0,-39.899667689161554,-40.53069017036265,-39.53460950569846,4.5306901703626465,3.5346095056984623
Telangana,2022,Urban,Diploma/ Certificate Course,23.4,93.2,-69.80000000000001,-39.899667689161554,-24.51820135994923,-29.678902243603414,-45.28179864005078,-40.121097756396594
Telangana,2022,Urban,Graduate,37.4,87.8,-50.4,-39.899667689161554,-40.72569017036265,-40.449047666393064,-9.674309829637352,-9.950952333606935
Telangana,2022,Urban,Post Graduate & Above,60.9,94.0,-33.1,-39.899667689161554,-28.699057517301412,-25.765464995374625,-4.400942482698589,-7.334535004625376
The Dadra and Nagar Haveli and Daman and Diu,2022,Rural,Not Literate,61.8,92.1,-30.299999999999997,-39.89038854805726,-32.088301467581175,-22.78255396779055,1.788301467581178,-7.517446032209445
The Dadra and Nagar Haveli and Daman and Diu,2022,Rural,Literate & Upto Primary,72.5,99.6,-27.099999999999994,-39.89038854805726,-43.132179018601576,-34.888658049712134,16.032179018601582,7.78865804971214
The Dadra and Nagar Haveli and Daman and Diu,2022,Rural,Middle,33.9,81.0,-47.1,-39.89038854805726,-44.14830146758116,-38.55017212451753,-2.9516985324188383,-8.549827875482471
The Dadra and Nagar Haveli and Daman and Diu,2022,Rural,Secondary,64.2,78.2,-14.0,-39.89038854805726,-36.29136269207096,-33.433442840734024,22.29136269207096,19.433442840734024
The Dadra and Nagar Haveli and Daman and Diu,2022,Rural,Higher Secondary,74.3,92.4,-18.10000000000001,-39.89038854805726,-34.08034228390769,-35.316238965791506,15.980342283907682,17.216238965791497
The Dadra and Nagar Haveli and Daman and Diu,2022,Rural,Diploma/ Certificate Course,100.0,100.0,0.0,-39.89038854805726,-19.058034970640257,-27.036928973039103,19.058034970640257,27.036928973039103
The Dadra and Nagar Haveli and Daman and Diu,2022,Rural,Graduate,46.7,92.5,-45.8,-39.89038854805726,-34.53932187574443,-37.549601718420014,-11.26067812425557,-8.250398281579983
The Dadra and Nagar Haveli and Daman and Diu,2022,Rural,Post Graduate & Above,100.0,100.0,0.0,-39.89038854805726,-23.49585248798935,-31.611159110556667,23.49585248798935,31.611159110556667
The Dadra and Nagar Haveli and Daman and Diu,2022,Urban,Not Literate,40.0,81.1,-41.099999999999994,-39.89038854805726,-37.90023777387937,-39.03997638564615,-3.199762226120626,-2.0600236143538453
The Dadra and Nagar Haveli and Daman and Diu,2022,Urban,Literate & Upto Primary,12.7,94.5,-81.8,-39.89038854805726,-48.94411532489977,-48.42419041644559,-32.85588467510023,-33.37580958355441
The Dadra and Nagar Haveli and Daman and Diu,2022,Urban,Middle,23.7,91.0,-67.3,-39.89038854805726,-49.960237773879356,-50.714223584474304,-17.33976222612064,-16.585776415525693
The Dadra and Nagar Haveli and Daman and Diu,2022,Urban,Secondary,24.9,78.8,-53.9,-39.89038854805726,-42.10329899836917,-42.17753221990125,-11.79670100163083,-11.722467780098746
The Dadra and Nagar Haveli and Daman and Diu,2022,Urban,Higher Secondary,22.3,90.7,-68.4,-39.89038854805726,-39.89227859020589,-39.489180919832236,-28.507721409794115,-28.91081908016777
The Dadra and Nagar Haveli and Daman and Diu,2022,Urban,Diploma/ Certificate Course,100.0,100.0,0.0,-39.89038854805726,-24.869971276938458,-30.644620078108805,24.869971276938458,30.644620078108805
The Dadra and Nagar Haveli and Daman and Diu,2022,Urban,Graduate,42.5,96.4,-53.900000000000006,-39.89038854805726,-40.35125818204263,-40.58258487351878,-13.548741817957378,-13.317415126481222
The Dadra and Nagar Haveli and Daman and Diu,2022,Urban,Post Graduate & Above,31.3,100.0,-68.7,-39.89038854805726,-29.307788794287546,-25.478031657920244,-39.39221120571246,-43.22196834207976
Tripura,2022,Rural,Not Literate,19.8,41.1,-21.3,-39.95669734151329,-31.533108085864242,-24.046222759221845,10.233108085864242,2.746222759221844
Tripura,2022,Rural,Literate & Upto Primary,50.0,82.2,-32.2,-39.95669734151329,-42.643414208313224,-35.542684315643164,10.443414208313222,3.3426843156431616
Tripura,2022,Rural,Middle,31.0,77.7,-46.7,-39.95669734151329,-43.52851624912955,-38.551138425249576,-3.1714837508704505,-8.148861574750427
Tripura,2022,Rural,Secondary,25.7,60.5,-34.8,-39.95669734151329,-35.89749584096628,-33.23964875374671,1.0974958409662818,-1.5603512462532905
Tripura,2022,Rural,Higher Secondary,19.7,60.5,-40.8,-39.95669734151329,-33.846577473619334,-34.91924654631424,-6.953422526380663,-5.880753453685756
Tripura,2022,Rural,Diploma/ Certificate Course,79.7,100.0,-20.299999999999997,-39.95669734151329,-19.143584002589073,-27.14605735571006,-1.1564159974109245,6.846057355710062
Tripura,2022,Rural,Graduate,59.9,86.1,-26.199999999999996,-39.95669734151329,-34.31810808586423,-37.90314078865328,8.118108085864236,11.703140788653286
Tripura,2022,Rural,Post Graduate & Above,84.1,98.3,-14.200000000000003,-39.95669734151329,-22.77106726953772,-31.361230638859073,8.571067269537718,17.16123063885907
Tripura,2022,Urban,Not Literate,6.8,3.6,3.1999999999999997,-39.95669734151329,-38.14009987242376,-39.58138195504252,41.340099872423764,42.78138195504252
Tripura,2022,Urban,Literate & Upto Primary,37.1,83.9,-46.800000000000004,-39.95669734151329,-49.25040599487274,-49.60578477840737,2.450405994872739,2.8057847784073644
Tripura,2022,Urban,Middle,23.7,77.4,-53.7,-39.95669734151329,-50.13550803568907,-51.119974209324546,-3.564491964310932,-2.5800257906754567
Tripura,2022,Urban,Secondary,18.2,61.4,-43.2,-39.95669734151329,-42.5044876275258,-42.677534227608824,-0.6955123724742052,-0.522465772391179
Tripura,2022,Urban,Higher Secondary,12.8,52.2,-39.400000000000006,-39.95669734151329,-40.45356926017885,-40.10664267595674,1.053569260178847,0.7066426759567364
Tripura,2022,Urban,Diploma/ Certificate Course,100.0,81.8,18.200000000000003,-39.95669734151329,-25.75057578914859,-31.262512519911013,43.950575789148594,49.462512519911016
Tripura,2022,Urban,Graduate,40.4,78.9,-38.50000000000001,-39.95669734151329,-40.92509987242375,-41.04611046728833,2.4250998724237434,2.5461104672883224
Tripura,2022,Urban,Post Graduate & Above,69.7,86.5,-16.799999999999997,-39.95669734151329,-29.378059056097236,-26.516657824269153,12.578059056097239,9.716657824269156
Uttar Pradesh,2022,Rural,Not Literate,48.0,82.8,-34.8,-39.538139059304704,-30.934774280329805,-23.052673954916425,-3.8652257196701925,-11.747326045083572
Uttar Pradesh,2022,Rural,Literate & Upto Primary,33.6,88.0,-54.4,-39.538139059304704,-42.21059060686042,-34.602473765903575,-12.189409393139577,-19.797526234096424
Uttar Pradesh,2022,Rural,Middle,30.4,82.6,-52.199999999999996,-39.538139059304704,-43.267121219105306,-38.8819858316919,-8.93287878089469,-13.318014168308096
Uttar Pradesh,2022,Rural,Secondary,21.1,69.2,-48.1,-39.538139059304704,-35.66140693339103,-33.75164657259732,-12.438593066608973,-14.348353427402678
Uttar Pradesh,2022,Rural,Higher Secondary,21.2,73.8,-52.599999999999994,-39.538139059304704,-33.58416203543184,-34.54415230043046,-19.015837964568156,-18.055847699569533
Uttar Pradesh,2022,Rural,Diploma/ Certificate Course,96.5,82.3,14.200000000000003,-39.538139059304704,-18.682838584522216,-26.67246807879037,32.88283858452222,40.87246807879038
Uttar Pradesh,2022,Rural,Graduate,19.6,89.5,-69.9,-39.538139059304704,-33.64569264767673,-36.79463187692679,-36.25430735232327,-33.10536812307321
Uttar Pradesh,2022,Rural,Post Graduate & Above,47.1,89.6,-42.49999999999999,-39.538139059304704,-21.927631423186938,-30.931113232804286,-20.572368576813055,-11.568886767195707
Uttar Pradesh,2022,Urban,Not Literate,15.5,80.6,-65.1,-39.538139059304704,-37.58482955667306,-38.33898002456641,-27.515170443326937,-26.761019975433584
Uttar Pradesh,2022,Urban,Literate & Upto Primary,13.5,87.4,-73.9,-39.538139059304704,-48.860645883203674,-48.79727939225126,-25.039354116796332,-25.102720607748743
Uttar Pradesh,2022,Urban,Middle,12.1,76.1,-63.99999999999999,-39.538139059304704,-49.91717649544856,-50.607728631496,-14.082823504551435,-13.392271368503991
Uttar Pradesh,2022,Urban,Secondary,9.0,60.5,-51.5,-39.538139059304704,-42.31146220973427,-42.913723553408026,-9.188537790265727,-8.586276446591974
Uttar Pradesh,2022,Urban,Higher Secondary,6.5,57.8,-51.3,-39.538139059304704,-40.23421731177508,-39.613088412133614,-11.065782688224914,-11.686911587866383
Uttar Pradesh,2022,Urban,Diploma/ Certificate Course,100.0,80.8,19.200000000000003,-39.538139059304704,-25.332893860865465,-30.667311871704978,44.53289386086547,49.867311871704985
Uttar Pradesh,2022,Urban,Graduate,18.6,82.2,-63.6,-39.538139059304704,-40.29574792401998,-40.35246212140907,-23.304252075980024,-23.247537878590933
Uttar Pradesh,2022,Urban,Post Graduate & Above,31.0,81.2,-50.2,-39.538139059304704,-28.57768669953019,-25.76119868911983,-21.622313300469813,-24.438801310880173
Uttarakhand,2022,Rural,Not Literate,38.6,70.8,-32.199999999999996,-39.766743353783234,-31.229832288067794,-23.490330955172514,-0.9701677119322021,-8.709669044827482
Uttarakhand,2022,Rural,Literate & Upto Primary,57.8,82.8,-25.0,-39.766743353783234,-42.653811879904524,-34.67232086758776,17.653811879904524,9.672320867587757
Uttarakhand,2022,Rural,Middle,40.7,72.0,-31.299999999999997,-39.766743353783234,-43.7995261656188,-38.75139235008097,12.499526165618803,7.4513923500809724
Uttarakhand,2022,Rural,Secondary,37.8,66.1,-28.299999999999997,-39.766743353783234,-36.08768943092494,-33.41272505500359,7.787689430924942,5.112725055003594
Uttarakhand,2022,Rural,Higher Secondary,48.0,73.5,-25.5,-39.766743353783234,-33.9075873901086,-35.63037599515536,8.407587390108603,10.130375995155362
Uttarakhand,2022,Rural,Diploma/ Certificate Course,0.0,87.4,-87.4,-39.766743353783234,-18.32449208357557,-26.69229352299627,-69.07550791642444,-60.70770647700374
Uttarakhand,2022,Rural,Graduate,58.8,79.0,-20.200000000000003,-39.766743353783234,-34.292179226843295,-38.169562469576874,14.092179226843292,17.96956246957687
Uttarakhand,2022,Rural,Post Graduate & Above,64.2,88.0,-23.799999999999997,-39.766743353783234,-22.484118002353497,-30.96398042145406,-1.3158819976464997,7.163980421454063
Uttarakhand,2022,Urban,Not Literate,11.3,71.8,-60.5,-39.766743353783234,-37.56823676913544,-38.29599125793657,-22.93176323086456,-22.20400874206343
Uttarakhand,2022,Urban,Literate & Upto Primary,13.1,88.5,-75.4,-39.766743353783234,-48.992216360972165,-48.64539494722907,-26.40778363902784,-26.754605052770934
Uttarakhand,2022,Urban,Middle,14.2,73.2,-59.0,-39.766743353783234,-50.13793064668644,-50.43773515362913,-8.862069353313558,-8.562264846370873
Uttarakhand,2022,Urban,Secondary,9.6,64.3,-54.699999999999996,-39.766743353783234,-42.42609391199258,-42.18150622506915,-12.273906088007415,-12.518493774930846
Uttarakhand,2022,Urban,Higher Secondary,13.7,52.0,-38.3,-39.766743353783234,-40.245991871176244,-39.87767652903502,1.945991871176247,1.577676529035024
Uttarakhand,2022,Urban,Diploma/ Certificate Course,0.0,90.5,-90.5,-39.766743353783234,-24.662896564643212,-30.02941143683035,-65.8371034353568,-60.47058856316965
Uttarakhand,2022,Urban,Graduate,19.2,76.0,-56.8,-39.766743353783234,-40.63058370791094,-40.77644046712696,-16.16941629208906,-16.023559532873037
Uttarakhand,2022,Urban,Post Graduate & Above,46.1,95.7,-49.6,-39.766743353783234,-28.82252248342114,-26.056149389673312,-20.777477516578863,-23.54385061032669
West Bengal,2022,Rural,Not Literate,44.1,79.3,-35.199999999999996,-39.757208588957056,-31.12960950225297,-22.699087992199125,-4.070390497747027,-12.50091200780087
West Bengal,2022,Rural,Literate & Upto Primary,42.4,91.9,-49.50000000000001,-39.757208588957056,-42.392976849191726,-35.13240279490502,-7.107023150808281,-14.367597205094988
West Bengal,2022,Rural,Middle,29.0,79.0,-50.0,-39.757208588957056,-43.29950746143662,-38.69817415780006,-6.700492538563381,-11.30182584219994
West Bengal,2022,Rural,Secondary,25.6,74.8,-49.199999999999996,-39.757208588957056,-35.623997257355,-32.410267489691265,-13.576002742644995,-16.78973251030873
West Bengal,2022,Rural,Higher Secondary,25.3,72.3,-47.0,-39.757208588957056,-33.54491562470193,-34.88464236245475,-13.455084375298071,-12.115357637545252
West Bengal,2022,Rural,Diploma/ Certificate Course,44.0,61.9,-17.9,-39.757208588957056,-18.48899068732254,-26.59605226619754,0.5889906873225428,8.69605226619754
West Bengal,2022,Rural,Graduate,47.0,89.2,-42.2,-39.757208588957056,-34.0344054206203,-37.60128032195773,-8.1655945793797,-4.598719678042272
West Bengal,2022,Rural,Post Graduate & Above,42.5,99.0,-56.5,-39.757208588957056,-22.394303379803976,-30.708387033680427,-34.10569662019603,-25.791612966319573
West Bengal,2022,Urban,Not Literate,31.4,70.2,-38.800000000000004,-39.757208588957056,-37.91468700954833,-38.84542811002752,-0.8853129904516734,0.045428110027515345
West Bengal,2022,Urban,Literate & Upto Primary,31.8,84.8,-53.0,-39.757208588957056,-49.17805435648708,-49.08641103637955,-3.821945643512919,-3.913588963620448
West Bengal,2022,Urban,Middle,21.8,80.7,-58.900000000000006,-39.757208588957056,-50.084584968731974,-51.275911676764885,-8.815415031268031,-7.624088323235121
West Bengal,2022,Urban,Secondary,17.7,66.8,-49.099999999999994,-39.757208588957056,-42.409074764650356,-42.346453124832905,-6.6909252353496385,-6.753546875167089
West Bengal,2022,Urban,Higher Secondary,14.9,64.9,-50.00000000000001,-39.757208588957056,-40.3299931319973,-39.456832063546514,-9.670006868002709,-10.543167936453493
West Bengal,2022,Urban,Diploma/ Certificate Course,60.3,79.0,-18.700000000000003,-39.757208588957056,-25.2740681946179,-30.517632161452237,6.574068194617897,11.817632161452234
West Bengal,2022,Urban,Graduate,36.2,81.7,-45.5,-39.757208588957056,-40.81948292791566,-41.04727581545741,-4.680517072084342,-4.452724184542589
West Bengal,2022,Urban,Post Graduate & Above,52.8,83.9,-31.10000000000001,-39.757208588957056,-29.179380887099335,-26.425287155333198,-1.920619112900674,-4.674712844666811
Andaman and Nicobar Islands,2021,Rural,Not Literate,26.4,31.1,-4.700000000000003,-40.10058793456033,-33.270017982348946,-28.063730603544897,28.570017982348944,23.363730603544894
Andaman and Nicobar Islands,2021,Rural,Literate & Upto Primary,67.6,93.7,-26.10000000000001,-40.10058793456033,-44.611344512961196,-41.104411104073606,18.511344512961188,15.004411104073597
Andaman and Nicobar Islands,2021,Rural,Middle,35.3,91.8,-56.5,-40.10058793456033,-45.52481390071629,-44.172233168732305,-10.975186099283711,-12.327766831267695
Andaman and Nicobar Islands,2021,Rural,Secondary,39.4,77.3,-37.9,-40.10058793456033,-37.9056302272469,-37.737494132127885,0.005630227246903985,-0.16250586787211319
Andaman and Nicobar Islands,2021,Rural,Higher Secondary,67.8,78.5,-10.700000000000003,-40.10058793456033,-35.95818124765507,-38.87771807476705,25.258181247655067,28.17771807476705
Andaman and Nicobar Islands,2021,Rural,Diploma/ Certificate Course,50.8,74.5,-23.700000000000003,-40.10058793456033,-20.67348778073114,-30.024618225837834,-3.026512219268863,6.324618225837831
Andaman and Nicobar Islands,2021,Rural,Graduate,76.8,100.0,-23.200000000000003,-40.10058793456033,-36.83705879867547,-39.221527577325034,13.637058798675469,16.02152757732503
Andaman and Nicobar Islands,2021,Rural,Post Graduate & Above,81.4,100.0,-18.599999999999994,-40.10058793456033,-25.207569002757097,-33.87026419758498,6.607569002757103,15.270264197584986
Andaman and Nicobar Islands,2021,Urban,Not Literate,36.8,65.6,-28.799999999999997,-40.10058793456033,-39.717813422746275,-42.952981032854574,10.917813422746278,14.152981032854576
Andaman and Nicobar Islands,2021,Urban,Literate & Upto Primary,45.6,91.1,-45.49999999999999,-40.10058793456033,-51.059139953358525,-54.34701936446097,5.559139953358532,8.847019364460976
Andaman and Nicobar Islands,2021,Urban,Middle,30.2,78.1,-47.89999999999999,-40.10058793456033,-51.972609341113625,-55.753366058686524,4.072609341113633,7.853366058686532
Andaman and Nicobar Islands,2021,Urban,Secondary,18.7,76.1,-57.39999999999999,-40.10058793456033,-44.353425667644245,-46.805513656135574,-13.046574332355746,-10.594486343864418
Andaman and Nicobar Islands,2021,Urban,Higher Secondary,21.7,71.4,-49.7,-40.10058793456033,-42.405976688052405,-43.050423205639476,-7.294023311947598,-6.649576794360527
Andaman and Nicobar Islands,2021,Urban,Diploma/ Certificate Course,50.7,85.4,-34.7,-40.10058793456033,-27.121283221128476,-34.074430835830064,-7.578716778871527,-0.6255691641699386
Andaman and Nicobar Islands,2021,Urban,Graduate,66.1,80.1,-14.0,-40.10058793456033,-43.28485423907281,-42.021744771789564,29.284854239072807,28.021744771789564
Andaman and Nicobar Islands,2021,Urban,Post Graduate & Above,68.3,100.0,-31.700000000000003,-40.10058793456033,-31.655364443154433,-29.97414486368393,-0.04463555684557008,-1.7258551363160741
Andhra Pradesh,2021,Rural,Not Literate,57.3,75.8,-18.5,-40.0069018404908,-33.53504169794985,-29.404453382852946,15.03504169794985,10.904453382852946
Andhra Pradesh,2021,Rural,Literate & Upto Primary,60.0,87.5,-27.5,-40.0069018404908,-44.707388636725355,-41.107802654894,17.207388636725355,13.607802654894002
Andhra Pradesh,2021,Rural,Middle,46.3,81.0,-34.7,-40.0069018404908,-45.56187843264373,-44.495855832351204,10.861878432643728,9.7958558323512
Andhra Pradesh,2021,Rural,Secondary,32.3,76.2,-43.900000000000006,-40.0069018404908,-37.8602457795825,-37.883498181231275,-6.039754220417507,-6.016501818768731
Andhra Pradesh,2021,Rural,Higher Secondary,19.7,58.7,-39.0,-40.0069018404908,-35.94810292243964,-38.65595558305323,-3.051897077560362,-0.34404441694677246
Andhra Pradesh,2021,Rural,Diploma/ Certificate Course,59.4,98.5,-39.1,-40.0069018404908,-20.3228932973421,-29.4876908408889,-18.7771067026579,-9.612309159111103
Andhra Pradesh,2021,Rural,Graduate,41.8,92.4,-50.60000000000001,-40.0069018404908,-36.08636822856208,-37.93420705794569,-14.513631771437929,-12.665792942054317
Andhra Pradesh,2021,Rural,Post Graduate & Above,82.7,98.3,-15.599999999999994,-40.0069018404908,-24.508511085704964,-33.389771278921685,8.90851108570497,17.78977127892169
Andhra Pradesh,2021,Urban,Not Literate,34.6,78.1,-43.49999999999999,-40.0069018404908,-40.06535901136833,-42.90555627443209,-3.4346409886316636,-0.5944437255679063
Andhra Pradesh,2021,Urban,Literate & Upto Primary,31.0,87.0,-56.0,-40.0069018404908,-51.237705950143834,-54.573838830986126,-4.762294049856166,-1.4261611690138736
Andhra Pradesh,2021,Urban,Middle,23.8,76.9,-53.10000000000001,-40.0069018404908,-52.09219574606221,-55.595893477865765,-1.007804253937799,2.4958934778657564
Andhra Pradesh,2021,Urban,Secondary,20.3,66.5,-46.2,-40.0069018404908,-44.39056309300098,-46.757219746253185,-1.809436906999025,0.5572197462531818
Andhra Pradesh,2021,Urban,Higher Secondary,10.6,40.4,-29.799999999999997,-40.0069018404908,-42.478420235858124,-43.373952015670326,12.678420235858127,13.57395201567033
Andhra Pradesh,2021,Urban,Diploma/ Certificate Course,44.6,86.6,-41.99999999999999,-40.0069018404908,-26.85321061076058,-33.98849595192694,-15.146789389239412,-8.01150404807305
Andhra Pradesh,2021,Urban,Graduate,42.9,86.0,-43.1,-40.0069018404908,-42.61668554198056,-41.258818612131755,-0.48331445801944284,-1.8411813878682466
Andhra Pradesh,2021,Urban,Post Graduate & Above,50.1,85.8,-35.699999999999996,-40.0069018404908,-31.038828399123442,-29.341981238754,-4.661171600876553,-6.358018761245997
Arunachal Pradesh,2021,Rural,Not Literate,40.2,78.1,-37.89999999999999,-40.20352760736196,-33.146868994900274,-28.423649381698354,-4.753131005099718,-9.476350618301637
Arunachal Pradesh,2021,Rural,Literate & Upto Primary,34.8,88.5,-53.7,-40.20352760736196,-44.45942001530843,-40.51753161513885,-9.240579984691571,-13.182468384861153
Arunachal Pradesh,2021,Rural,Middle,21.7,65.6,-43.89999999999999,-40.20352760736196,-45.80431797449211,-44.25095146235991,1.9043179744921162,0.3509514623599159
Arunachal Pradesh,2021,Rural,Secondary,26.0,54.7,-28.700000000000003,-40.20352760736196,-38.15595062755333,-38.13709818573694,9.455950627553328,9.437098185736936
Arunachal Pradesh,2021,Rural,Higher Secondary,20.1,51.3,-31.199999999999996,-40.20352760736196,-36.15809348469619,-38.35079208261789,4.958093484696192,7.1507920826178974
Arunachal Pradesh,2021,Rural,Diploma/ Certificate Course,0.0,100.0,-100.0,-40.20352760736196,-21.2522079675114,-30.521943510502435,-78.7477920324886,-69.47805648949756
Arunachal Pradesh,2021,Rural,Graduate,62.2,94.8,-32.599999999999994,-40.20352760736196,-36.831256750002304,-38.833181384293304,4.231256750002309,6.23318138429331
Arunachal Pradesh,2021,Rural,Post Graduate & Above,96.7,100.0,-3.299999999999997,-40.20352760736196,-25.225644505104356,-33.65496847814037,21.92564450510436,30.35496847814037
Arunachal Pradesh,2021,Urban,Not Literate,17.6,70.1,-52.49999999999999,-40.20352760736196,-39.6612710034452,-43.07873179113769,-12.838728996554792,-9.421268208862301
Arunachal Pradesh,2021,Urban,Literate & Upto Primary,23.3,83.9,-60.60000000000001,-40.20352760736196,-50.97382202385336,-53.71052627527024,-9.62617797614665,-6.889473724729768
Arunachal Pradesh,2021,Urban,Middle,17.1,63.1,-46.0,-40.20352760736196,-52.31871998303703,-55.38260821399633,6.3187199830370275,9.382608213996328
Arunachal Pradesh,2021,Urban,Secondary,11.9,51.9,-40.0,-40.20352760736196,-44.67035263609826,-47.60786758265639,4.670352636098258,7.6078675826563895
Arunachal Pradesh,2021,Urban,Higher Secondary,26.8,48.8,-21.999999999999996,-40.20352760736196,-42.67249549324111,-43.31958685929121,20.67249549324111,21.319586859291217
Arunachal Pradesh,2021,Urban,Diploma/ Certificate Course,100.0,100.0,0.0,-40.20352760736196,-27.766609976056323,-34.33741938403981,27.766609976056323,34.33741938403981
Arunachal Pradesh,2021,Urban,Graduate,63.9,83.3,-19.4,-40.20352760736196,-43.34565875854723,-41.861379249672595,23.945658758547232,22.461379249672596
Arunachal Pradesh,2021,Urban,Post Graduate & Above,85.8,96.9,-11.100000000000009,-40.20352760736196,-31.74004651364928,-30.179033305332435,20.64004651364927,19.079033305332427
Assam,2021,Rural,Not Literate,32.7,75.9,-43.2,-39.86255112474437,-32.91350288734495,-28.362662376373798,-10.286497112655056,-14.837337623626205
Assam,2021,Rural,Literate & Upto Primary,33.5,86.9,-53.400000000000006,-39.86255112474437,-44.05095186693679,-40.086623331801725,-9.349048133063214,-13.31337666819828
Assam,2021,Rural,Middle,22.4,82.2,-59.800000000000004,-39.86255112474437,-45.1313600302021,-43.78663463345443,-14.668639969797901,-16.01336536654557
Assam,2021,Rural,Secondary,29.1,66.6,-37.49999999999999,-39.86255112474437,-37.65584982612046,-37.87280252738133,0.15584982612046616,0.3728025273813387
Assam,2021,Rural,Higher Secondary,24.3,71.3,-47.0,-39.86255112474437,-35.590849826120454,-38.22866295949666,-11.409150173879546,-8.77133704050334
Assam,2021,Rural,Diploma/ Certificate Course,100.0,100.0,0.0,-39.86255112474437,-21.20006265410875,-30.166091544570047,21.20006265410875,30.166091544570047
Assam,2021,Rural,Graduate,43.6,89.9,-46.300000000000004,-39.86255112474437,-36.11074778530413,-38.27269192490872,-10.189252214695877,-8.027308075091284
Assam,2021,Rural,Post Graduate & Above,53.5,78.7,-25.200000000000003,-39.86255112474437,-24.561462071018433,-33.92458924472564,-0.6385379289815702,8.724589244725635
Assam,2021,Urban,Not Literate,20.5,58.8,-38.3,-39.86255112474437,-39.63546567735776,-43.292776148122336,1.3354656773577602,4.9927761481223385
Assam,2021,Urban,Literate & Upto Primary,25.4,77.3,-51.9,-39.86255112474437,-50.77291465694961,-54.2715150659757,-1.127085343050389,2.3715150659757
Assam,2021,Urban,Middle,12.9,79.5,-66.6,-39.86255112474437,-51.85332282021491,-55.386429463168014,-14.746677179785081,-11.21357053683198
Assam,2021,Urban,Secondary,15.0,65.6,-50.599999999999994,-39.86255112474437,-44.377812616133276,-46.99783599412741,-6.222187383866718,-3.602164005872581
Assam,2021,Urban,Higher Secondary,14.8,69.8,-55.0,-39.86255112474437,-42.31281261613327,-43.216052270514545,-12.687187383866728,-11.783947729485455
Assam,2021,Urban,Diploma/ Certificate Course,100.0,54.2,45.8,-39.86255112474437,-27.922025444121562,-34.61761231528842,73.72202544412156,80.41761231528841
Assam,2021,Urban,Graduate,41.6,80.2,-38.6,-39.86255112474437,-42.83271057531694,-41.37285285624577,4.232710575316936,2.7728528562457697
Assam,2021,Urban,Post Graduate & Above,84.4,76.3,8.100000000000009,-39.86255112474437,-31.283424861031246,-30.572915366744827,39.38342486103126,38.67291536674483
Bihar,2021,Rural,Not Literate,16.0,80.4,-64.4,-39.58849693251534,-32.346596004862164,-27.811366046264645,-32.05340399513784,-36.58863395373536
Bihar,2021,Rural,Literate & Upto Primary,6.4,87.6,-81.19999999999999,-39.58849693251534,-43.68690212731116,-39.954810947663056,-37.51309787268883,-41.24518905233693
Bihar,2021,Rural,Middle,2.9,75.2,-72.3,-39.58849693251534,-45.02180008649483,-43.727374033032255,-27.27819991350517,-28.572625966967742
Bihar,2021,Rural,Secondary,2.6,56.7,-54.1,-39.58849693251534,-37.48955518853564,-37.610230788102385,-16.61044481146436,-16.489769211897617
Bihar,2021,Rural,Higher Secondary,5.7,51.2,-45.5,-39.58849693251534,-35.50843273955604,-38.14079415811438,-9.991567260443958,-7.359205841885618
Bihar,2021,Rural,Diploma/ Certificate Course,35.6,61.0,-25.4,-39.58849693251534,-20.814280479054233,-29.617925528894144,-4.585719520945766,4.2179255288941455
Bihar,2021,Rural,Graduate,17.2,84.1,-66.89999999999999,-39.58849693251534,-35.46731029057645,-37.660736081968416,-31.432689709423542,-29.239263918031575
Bihar,2021,Rural,Post Graduate & Above,62.1,95.7,-33.6,-39.58849693251534,-23.9447592701683,-33.205535128969466,-9.6552407298317,-0.39446487103053585
Bihar,2021,Urban,Not Literate,13.0,87.3,-74.3,-39.58849693251534,-39.188820438847955,-41.609287066044075,-35.11117956115204,-32.69071293395592
Bihar,2021,Urban,Literate & Upto Primary,10.7,80.8,-70.1,-39.58849693251534,-50.52912656129695,-53.36775460984136,-19.570873438703046,-16.73224539015863
Bihar,2021,Urban,Middle,7.3,71.5,-64.2,-39.58849693251534,-51.864024520480626,-55.36957660813559,-12.335975479519377,-8.830423391864414
Bihar,2021,Urban,Secondary,3.5,57.8,-54.3,-39.58849693251534,-44.33177962252144,-46.39336692147896,-9.96822037747856,-7.90663307852104
Bihar,2021,Urban,Higher Secondary,5.7,46.6,-40.9,-39.58849693251534,-42.35065717354184,-42.69271013841421,1.4506571735418419,1.7927101384142148
Bihar,2021,Urban,Diploma/ Certificate Course,36.9,78.5,-41.6,-39.58849693251534,-27.65650491304003,-33.95669819695102,-13.94349508695997,-7.643301803048985
Bihar,2021,Urban,Graduate,16.2,73.9,-57.7,-39.58849693251534,-42.30953472456225,-40.63826628596864,-15.390465275437755,-17.061733714031362
Bihar,2021,Urban,Post Graduate & Above,35.7,77.6,-41.89999999999999,-39.58849693251534,-30.786983704154096,-30.00373752673853,-11.113016295845895,-11.896262473261462
Chandigarh,2021,Rural,Not Literate,39.8,78.7,-38.900000000000006,-39.647499999999994,-33.156999151179505,-28.85257462940549,-5.7430008488205,-10.047425370594517
Chandigarh,2021,Rural,Literate & Upto Primary,0.0,77.2,-77.2,-39.647499999999994,-43.95200933447891,-39.8477150235778,-33.247990665521094,-37.352284976422204
Chandigarh,2021,Rural,Middle,0.3,92.3,-92.0,-39.647499999999994,-44.94915801064998,-43.275063986139585,-47.05084198935002,-48.724936013860415
Chandigarh,2021,Rural,Secondary,15.3,83.6,-68.3,-39.647499999999994,-37.45038000657666,-37.50914915085958,-30.84961999342334,-30.79085084914042
Chandigarh,2021,Rural,Higher Secondary,0.5,59.6,-59.1,-39.647499999999994,-35.24253886604713,-37.71581790864866,-23.857461133952874,-21.38418209135134
Chandigarh,2021,Rural,Diploma/ Certificate Course,0.0,100.0,-100.0,-39.647499999999994,-20.208220738138284,-29.136123605488418,-79.79177926186172,-70.86387639451158
Chandigarh,2021,Rural,Graduate,20.5,36.0,-15.5,-39.647499999999994,-35.7530276644178,-38.09788107649568,20.2530276644178,22.597881076495682
Chandigarh,2021,Rural,Post Graduate & Above,0.0,100.0,-100.0,-39.647499999999994,-23.903231330405585,-32.06417629050032,-76.09676866959441,-67.93582370949969
Chandigarh,2021,Urban,Not Literate,17.4,81.8,-64.4,-39.647499999999994,-40.094562861678995,-42.41840785428207,-24.30543713832101,-21.981592145717933
Chandigarh,2021,Urban,Literate & Upto Primary,12.8,74.5,-61.7,-39.647499999999994,-50.889573044978405,-53.49036276506171,-10.810426955021597,-8.209637234938292
Chandigarh,2021,Urban,Middle,10.8,74.0,-63.2,-39.647499999999994,-51.88672172114947,-55.11631567953208,-11.313278278850532,-8.083684320467924
Chandigarh,2021,Urban,Secondary,16.9,67.3,-50.4,-39.647499999999994,-44.387943717076155,-46.57428885230122,-6.012056282923844,-3.825711147698776
Chandigarh,2021,Urban,Higher Secondary,8.2,57.4,-49.2,-39.647499999999994,-42.180102576546616,-42.82873214254027,-7.019897423453386,-6.371267857459735
Chandigarh,2021,Urban,Diploma/ Certificate Course,22.4,50.6,-28.200000000000003,-39.647499999999994,-27.145784448637777,-33.9936220254026,-1.0542155513622262,5.793622025402598
Chandigarh,2021,Urban,Graduate,25.7,78.5,-52.8,-39.647499999999994,-42.69059137491729,-41.18342212927416,-10.109408625082708,-11.616577870725834
Chandigarh,2021,Urban,Post Graduate & Above,34.8,71.7,-36.900000000000006,-39.647499999999994,-30.840795040905075,-28.929250844785667,-6.059204959094931,-7.970749155214339
Chhattisgarh,2021,Rural,Not Literate,65.2,81.1,-15.899999999999991,-40.028604294478534,-33.923210916689285,-29.10764379261138,18.023210916689294,13.207643792611389
Chhattisgarh,2021,Rural,Literate & Upto Primary,69.9,92.7,-22.799999999999997,-40.028604294478534,-45.14045581464847,-41.404325632441854,22.34045581464847,18.604325632441856
Chhattisgarh,2021,Rural,Middle,52.9,85.1,-32.199999999999996,-40.028604294478534,-45.8612721411791,-44.78815242532797,13.661272141179104,12.588152425327976
Chhattisgarh,2021,Rural,Secondary,31.7,66.0,-34.3,-40.028604294478534,-38.08637418199541,-38.18325088180587,3.786374181995413,3.8832508818058713
Chhattisgarh,2021,Rural,Higher Secondary,38.3,75.6,-37.3,-40.028604294478534,-35.80096601873011,-38.52438552369542,-1.4990339812698892,1.2243855236954246
Chhattisgarh,2021,Rural,Diploma/ Certificate Course,88.8,96.0,-7.200000000000003,-40.028604294478534,-20.3872539504018,-29.58951322776524,13.187253950401796,22.38951322776524
Chhattisgarh,2021,Rural,Graduate,36.7,87.7,-51.0,-40.028604294478534,-36.21800683505663,-38.06981468761414,-14.781993164943373,-12.93018531238586
Chhattisgarh,2021,Rural,Post Graduate & Above,46.4,96.4,-50.00000000000001,-40.028604294478534,-24.561578263628068,-33.207597349254975,-25.43842173637194,-16.792402650745032
Chhattisgarh,2021,Urban,Not Literate,42.5,74.6,-32.099999999999994,-40.028604294478534,-40.197745695398744,-42.715395243126586,8.09774569539875,10.615395243126592
Chhattisgarh,2021,Urban,Literate & Upto Primary,41.0,90.1,-49.099999999999994,-40.028604294478534,-51.41499059335793,-54.18346722981154,2.3149905933579333,5.083467229811546
Chhattisgarh,2021,Urban,Middle,24.5,83.3,-58.8,-40.028604294478534,-52.13580691988856,-55.359880563421584,-6.664193080111438,-3.4401194365784136
Chhattisgarh,2021,Urban,Secondary,18.9,57.7,-38.800000000000004,-40.028604294478534,-44.36090896070487,-46.732074341300645,5.5609089607048645,7.932074341300641
Chhattisgarh,2021,Urban,Higher Secondary,16.8,72.3,-55.5,-40.028604294478534,-42.07550079743956,-42.58371845183084,-13.42449920256044,-12.91628154816916
Chhattisgarh,2021,Urban,Diploma/ Certificate Course,53.9,90.3,-36.4,-40.028604294478534,-26.661788729111258,-33.64884615590064,-9.73821127088874,-2.751153844099356
Chhattisgarh,2021,Urban,Graduate,39.4,86.3,-46.9,-40.028604294478534,-42.49254161376609,-40.888859873762804,-4.407458386233905,-6.011140126237194
Chhattisgarh,2021,Urban,Post Graduate & Above,48.9,90.1,-41.199999999999996,-40.028604294478534,-30.836113042337526,-29.42604991366186,-10.36388695766247,-11.773950086338136
Delhi,2021,Rural,Not Literate,39.8,100.0,-60.2,-39.5120654396728,-32.56060741959064,-28.136467377062726,-27.639392580409364,-32.063532622937274
Delhi,2021,Rural,Literate & Upto Primary,0.9,96.0,-95.1,-39.5120654396728,-43.41172986857022,-39.40586258042953,-51.688270131429775,-55.69413741957047
Delhi,2021,Rural,Middle,1.1,76.8,-75.7,-39.5120654396728,-44.74826048081512,-43.77239985295065,-30.951739519184883,-31.927600147049354
Delhi,2021,Rural,Secondary,0.0,66.5,-66.5,-39.5120654396728,-37.18744415428451,-37.90164387005123,-29.312555845715487,-28.59835612994877
Delhi,2021,Rural,Higher Secondary,0.0,81.9,-81.9,-39.5120654396728,-34.9455053787743,-37.38905550694274,-46.954494621225706,-44.510944493057266
Delhi,2021,Rural,Diploma/ Certificate Course,0.0,0.0,0.0,-39.5120654396728,-20.620571284412264,-29.601506242467458,20.620571284412264,29.601506242467458
Delhi,2021,Rural,Graduate,42.7,67.4,-24.700000000000003,-39.5120654396728,-35.57152578693756,-38.47057867717998,10.87152578693756,13.770578677179977
Delhi,2021,Rural,Post Graduate & Above,0.0,98.6,-98.6,-39.5120654396728,-23.50121966448858,-31.62728812112595,-75.0987803355114,-66.97271187887404
Delhi,2021,Urban,Not Literate,8.0,70.1,-62.099999999999994,-39.5120654396728,-39.58210473070139,-41.86805345865438,-22.517895269298606,-20.231946541345614
Delhi,2021,Urban,Literate & Upto Primary,8.8,87.3,-78.5,-39.5120654396728,-50.43322717968097,-53.10917081364578,-28.06677282031903,-25.390829186354217
Delhi,2021,Urban,Middle,8.2,72.3,-64.1,-39.5120654396728,-51.769757791925876,-55.51724778728818,-12.330242208074118,-8.582752212711817
Delhi,2021,Urban,Secondary,5.1,63.9,-58.8,-39.5120654396728,-44.20894146539527,-46.22396761553295,-14.591058534604727,-12.576032384467048
Delhi,2021,Urban,Higher Secondary,9.0,66.6,-57.599999999999994,-39.5120654396728,-41.96700268988506,-42.30414475190895,-15.632997310114938,-15.295855248091044
Delhi,2021,Urban,Diploma/ Certificate Course,8.1,60.1,-52.0,-39.5120654396728,-27.642068595523018,-34.17950003897491,-24.357931404476982,-17.820499961025092
Delhi,2021,Urban,Graduate,21.1,75.7,-54.6,-39.5120654396728,-42.59302309804832,-41.22889347301587,-12.006976901951681,-13.371106526984128
Delhi,2021,Urban,Post Graduate & Above,45.6,76.3,-30.699999999999996,-39.5120654396728,-30.522716975599337,-29.1516919932629,-0.17728302440065846,-1.548308006737095
Goa,2021,Rural,Not Literate,18.6,27.4,-8.799999999999997,-40.07438650306749,-33.50787138477396,-28.650816677106913,24.707871384773966,19.850816677106916
Goa,2021,Rural,Literate & Upto Primary,8.1,55.6,-47.5,-40.07438650306749,-44.60287138477395,-41.012631619026735,-2.897128615226052,-6.487368380973265
Goa,2021,Rural,Middle,18.7,80.2,-61.5,-40.07438650306749,-45.287361180692315,-44.051666338030465,-16.212638819307685,-17.448333661969535
Goa,2021,Rural,Secondary,4.8,77.3,-72.5,-40.07438650306749,-37.62960607865151,-37.430360066292636,-34.87039392134849,-35.069639933707364
Goa,2021,Rural,Higher Secondary,21.4,86.4,-65.0,-40.07438650306749,-35.587259139876,-37.985853043164035,-29.412740860124003,-27.014146956835965
Goa,2021,Rural,Diploma/ Certificate Course,100.0,100.0,0.0,-40.07438650306749,-20.51097285071244,-30.19552508695275,20.51097285071244,30.19552508695275
Goa,2021,Rural,Graduate,43.8,100.0,-56.2,-40.07438650306749,-36.220014241916815,-37.76587313104462,-19.97998575808319,-18.43412686895538
Goa,2021,Rural,Post Graduate & Above,84.8,0.0,84.8,-40.07438650306749,-25.1615448541617,-34.83015921260362,109.9615448541617,119.63015921260362
Goa,2021,Urban,Not Literate,3.4,19.6,-16.200000000000003,-40.07438650306749,-40.17206993264301,-43.23347521650717,23.97206993264301,27.03347521650717
Goa,2021,Urban,Literate & Upto Primary,13.6,63.6,-50.0,-40.07438650306749,-51.267069932643,-54.23662938317738,1.2670699326429968,4.23662938317738
Goa,2021,Urban,Middle,18.3,77.3,-59.0,-40.07438650306749,-51.951559728561364,-55.30115982555889,-7.048440271438636,-3.6988401744411092
Goa,2021,Urban,Secondary,18.0,62.8,-44.8,-40.07438650306749,-44.293804626520554,-46.78188573292634,-0.5061953734794429,1.9818857329263437
Goa,2021,Urban,Higher Secondary,16.9,68.4,-51.50000000000001,-40.07438650306749,-42.251457687745045,-42.453898849846254,-9.248542312254962,-9.046101150153753
Goa,2021,Urban,Diploma/ Certificate Course,69.2,80.5,-11.299999999999997,-40.07438650306749,-27.175171398581487,-34.008597760177054,15.87517139858149,22.708597760177057
Goa,2021,Urban,Graduate,34.3,87.3,-53.0,-40.07438650306749,-42.884212789785856,-41.02509519683419,-10.115787210214144,-11.974904803165813
Goa,2021,Urban,Post Graduate & Above,58.4,83.5,-25.1,-40.07438650306749,-31.825743402030746,-30.742326203522488,6.725743402030744,5.642326203522487
Gujarat,2021,Rural,Not Literate,48.8,71.4,-22.60000000000001,-39.76339468302658,-33.466495124468686,-29.333811240728707,10.866495124468678,6.7338112407286985
Gujarat,2021,Rural,Literate & Upto Primary,46.5,85.9,-39.400000000000006,-39.76339468302658,-44.58353594079523,-41.140008004355366,5.183535940795224,1.74000800435536
Gujarat,2021,Rural,Middle,39.6,84.3,-44.699999999999996,-39.76339468302658,-45.49782165508094,-44.27689494400269,0.7978216550809449,-0.4231050559973042
Gujarat,2021,Rural,Secondary,36.9,77.1,-40.199999999999996,-39.76339468302658,-37.72496451222379,-37.75900021929836,-2.4750354877762035,-2.440999780701638
Gujarat,2021,Rural,Higher Secondary,29.6,72.6,-42.99999999999999,-39.76339468302658,-35.71853594079522,-38.29270858054183,-7.281464059204772,-4.707291419458166
Gujarat,2021,Rural,Diploma/ Certificate Course,80.8,82.4,-1.6000000000000085,-39.76339468302658,-20.46337107404367,-29.67786892169229,18.863371074043663,28.077868921692282
Gujarat,2021,Rural,Graduate,39.2,88.4,-49.2,-39.76339468302658,-36.03108696120337,-38.254060366118686,-13.168913038796632,-10.945939633881316
Gujarat,2021,Rural,Post Graduate & Above,49.1,79.2,-30.1,-39.76339468302658,-24.290372675489103,-32.8170389024167,-5.809627324510899,2.7170389024166965
Gujarat,2021,Urban,Not Literate,25.9,74.3,-48.4,-39.76339468302658,-39.864008815514396,-42.348198124001826,-8.535991184485603,-6.051801875998173
Gujarat,2021,Urban,Literate & Upto Primary,24.3,88.1,-63.8,-39.76339468302658,-50.98104963184093,-53.600672798203284,-12.818950368159065,-10.199327201796713
Gujarat,2021,Urban,Middle,19.2,81.6,-62.39999999999999,-39.76339468302658,-51.89533534612664,-55.31392267216499,-10.504664653873348,-7.0860773278349996
Gujarat,2021,Urban,Secondary,14.8,70.6,-55.8,-39.76339468302658,-44.122478203269495,-46.35114115842195,-11.677521796730503,-9.448858841578044
Gujarat,2021,Urban,Higher Secondary,15.7,67.2,-51.5,-39.76339468302658,-42.11604963184092,-42.48096409997712,-9.383950368159077,-9.019035900022878
Gujarat,2021,Urban,Diploma/ Certificate Course,53.9,77.5,-23.6,-39.76339468302658,-26.86088476508938,-33.505839694408046,3.2608847650893793,9.905839694408044
Gujarat,2021,Urban,Graduate,25.7,85.6,-59.89999999999999,-39.76339468302658,-42.42860065224909,-41.00903007667522,-17.471399347750904,-18.890969923324775
Gujarat,2021,Urban,Post Graduate & Above,31.8,83.8,-52.0,-39.76339468302658,-30.687886366534812,-29.004482968552054,-21.312113633465188,-22.995517031447946
Haryana,2021,Rural,Not Literate,21.3,62.9,-41.599999999999994,-39.56909509202455,-32.987235621707335,-28.29738672107101,-8.61276437829266,-13.302613278928984
Haryana,2021,Rural,Literate & Upto Primary,24.3,86.8,-62.5,-39.56909509202455,-44.03182745844204,-40.078132712879295,-18.468172541557962,-22.421867287120705
Haryana,2021,Rural,Middle,13.7,72.5,-58.8,-39.56909509202455,-45.18141929517673,-43.993052635407004,-13.618580704823266,-14.806947364592993
Haryana,2021,Rural,Secondary,8.7,67.0,-58.3,-39.56909509202455,-37.35794990742163,-37.56248268560867,-20.94205009257837,-20.737517314391326
Haryana,2021,Rural,Higher Secondary,17.5,69.7,-52.2,-39.56909509202455,-35.23294990742163,-37.743183490479055,-16.967050092578376,-14.456816509520948
Haryana,2021,Rural,Diploma/ Certificate Course,48.1,67.9,-19.800000000000004,-39.56909509202455,-19.892753627702557,-29.46677154177874,0.09275362770255313,9.666771541778736
Haryana,2021,Rural,Graduate,20.4,78.2,-57.800000000000004,-39.56909509202455,-35.68754174415631,-37.819569733043316,-22.11245825584369,-19.980430266956688
Haryana,2021,Rural,Post Graduate & Above,41.3,68.1,-26.799999999999997,-39.56909509202455,-23.97417439721755,-32.85804116011416,-2.825825602782448,6.058041160114165
Haryana,2021,Urban,Not Literate,17.9,60.9,-43.0,-39.56909509202455,-39.742145732909286,-42.59974796030039,-3.257854267090714,-0.400252039699609
Haryana,2021,Urban,Literate & Upto Primary,22.9,86.2,-63.300000000000004,-39.56909509202455,-50.78673756964399,-53.56489758162807,-12.513262430356015,-9.735102418371937
Haryana,2021,Urban,Middle,13.9,74.4,-60.50000000000001,-39.56909509202455,-51.93632940637869,-55.67582920728942,-8.563670593621318,-4.824170792710589
Haryana,2021,Urban,Secondary,11.4,60.5,-49.1,-39.56909509202455,-44.11286001862358,-46.687393434189694,-4.987139981376423,-2.4126065658103073
Haryana,2021,Urban,Higher Secondary,10.5,64.5,-54.0,-39.56909509202455,-41.98786001862358,-42.52197871594327,-12.012139981376421,-11.47802128405673
Haryana,2021,Urban,Diploma/ Certificate Course,52.4,73.0,-20.6,-39.56909509202455,-26.647663738904505,-33.90849476596327,6.047663738904504,13.308494765963268
Haryana,2021,Urban,Graduate,23.7,77.1,-53.39999999999999,-39.56909509202455,-42.442451855358264,-41.21513598928526,-10.957548144641727,-12.184864010714733
Haryana,2021,Urban,Post Graduate & Above,46.1,82.1,-35.99999999999999,-39.56909509202455,-30.729084508419504,-29.518111406877544,-5.270915491580489,-6.481888593122449
Himachal Pradesh,2021,Rural,Not Literate,54.5,72.1,-17.599999999999994,-40.32487218813906,-33.9876472754558,-28.891377682835913,16.387647275455805,11.291377682835918
Himachal Pradesh,2021,Rural,Literate & Upto Primary,81.1,89.9,-8.800000000000011,-40.32487218813906,-45.45203503055785,-41.86580717434319,36.65203503055784,33.06580717434318
Himachal Pradesh,2021,Rural,Middle,83.1,80.5,2.5999999999999943,-40.32487218813906,-46.349790132598656,-45.41445013099973,48.94979013259865,48.01445013099973
Himachal Pradesh,2021,Rural,Secondary,65.9,78.1,-12.199999999999989,-40.32487218813906,-38.58774931627214,-38.696138731550654,26.38774931627215,26.496138731550666
Himachal Pradesh,2021,Rural,Higher Secondary,57.8,83.6,-25.799999999999997,-40.32487218813906,-36.30948401014969,-38.833828400532276,10.509484010149691,13.033828400532279
Himachal Pradesh,2021,Rural,Diploma/ Certificate Course,86.9,94.8,-7.8999999999999915,-40.32487218813906,-21.054165158262812,-30.602307759075433,13.15416515826282,22.702307759075442
Himachal Pradesh,2021,Rural,Graduate,70.3,88.5,-18.200000000000003,-40.32487218813906,-36.71774931627213,-38.986078306034216,18.51774931627213,20.786078306034213
Himachal Pradesh,2021,Rural,Post Graduate & Above,85.4,100.0,-14.599999999999994,-40.32487218813906,-25.168463601986428,-33.72222381486397,10.568463601986434,19.12222381486398
Himachal Pradesh,2021,Urban,Not Literate,25.0,70.0,-45.0,-40.32487218813906,-39.97365544978149,-42.13607288522057,-5.026344550218511,-2.863927114779429
Himachal Pradesh,2021,Urban,Literate & Upto Primary,57.9,91.6,-33.699999999999996,-40.32487218813906,-51.43804320488354,-54.52548094425258,17.738043204883546,20.825480944252583
Himachal Pradesh,2021,Urban,Middle,15.5,83.2,-67.7,-40.32487218813906,-52.335798306924346,-55.094372113298796,-15.364201693075657,-12.605627886701207
Himachal Pradesh,2021,Urban,Secondary,31.2,75.2,-44.0,-40.32487218813906,-44.57375749059783,-47.27499510152892,0.5737574905978278,3.2749951015289227
Himachal Pradesh,2021,Urban,Higher Secondary,26.8,57.7,-30.900000000000002,-40.32487218813906,-42.29549218447538,-42.779401162881484,11.395492184475376,11.879401162881482
Himachal Pradesh,2021,Urban,Diploma/ Certificate Course,56.1,81.8,-25.699999999999996,-40.32487218813906,-27.040173332588505,-33.7583698866161,1.3401733325885097,8.058369886616106
Himachal Pradesh,2021,Urban,Graduate,43.7,87.4,-43.7,-40.32487218813906,-42.70375749059782,-41.43573393339058,-0.9962425094021796,-2.264266066609423
Himachal Pradesh,2021,Urban,Post Graduate & Above,56.2,72.2,-16.0,-40.32487218813906,-31.15447177631212,-29.98729107232408,15.154471776312121,13.98729107232408
Jammu and Kashmir,2021,Rural,Not Literate,60.4,73.6,-13.199999999999996,-40.06929959100205,-33.48594704869264,-28.81602632609106,20.28594704869264,15.616026326091063
Jammu and Kashmir,2021,Rural,Literate & Upto Primary,45.9,89.8,-43.9,-40.06929959100205,-44.669314395631396,-40.77078319180749,0.7693143956313975,-3.12921680819251
Jammu and Kashmir,2021,Rural,Middle,41.1,79.6,-38.49999999999999,-40.06929959100205,-45.67441643644773,-44.689570097215636,7.174416436447736,6.189570097215643
Jammu and Kashmir,2021,Rural,Secondary,33.0,76.2,-43.2,-40.06929959100205,-37.99013072216201,-37.68530860116326,-5.209869277837996,-5.514691398836746
Jammu and Kashmir,2021,Rural,Higher Secondary,34.8,69.3,-34.5,-40.06929959100205,-35.88757970175384,-38.49814826561095,1.3875797017538432,3.9981482656109506
Jammu and Kashmir,2021,Rural,Diploma/ Certificate Course,86.3,84.7,1.5999999999999943,-40.06929959100205,-20.727516054564546,-30.020115519456024,22.32751605456454,31.620115519456018
Jammu and Kashmir,2021,Rural,Graduate,58.0,82.4,-24.400000000000006,-40.06929959100205,-36.5462531711416,-38.92922816552866,12.146253171141595,14.529228165528657
Jammu and Kashmir,2021,Rural,Post Graduate & Above,71.5,96.2,-24.700000000000003,-40.06929959100205,-25.007783783386508,-33.39910995484797,0.3077837833865047,8.69910995484797
Jammu and Kashmir,2021,Urban,Not Literate,20.2,73.2,-53.0,-40.06929959100205,-39.87572119405888,-42.50875355769776,-13.124278805941117,-10.491246442302241
Jammu and Kashmir,2021,Urban,Literate & Upto Primary,31.1,88.0,-56.9,-40.06929959100205,-51.05908854099765,-53.9642377065368,-5.840911459002349,-2.935762293463199
Jammu and Kashmir,2021,Urban,Middle,28.1,75.1,-46.99999999999999,-40.06929959100205,-52.06419058181398,-55.9141572662035,5.064190581813989,8.91415726620351
Jammu and Kashmir,2021,Urban,Secondary,21.5,61.6,-40.1,-40.06929959100205,-44.37990486752826,-47.491621990847285,4.279904867528259,7.391621990847284
Jammu and Kashmir,2021,Urban,Higher Secondary,26.8,61.0,-34.2,-40.06929959100205,-42.2773538471201,-43.16946410690802,8.077353847120094,8.96946410690802
Jammu and Kashmir,2021,Urban,Diploma/ Certificate Course,87.8,100.0,-12.200000000000003,-40.06929959100205,-27.117290199930796,-34.10119454546947,14.917290199930793,21.901194545469465
Jammu and Kashmir,2021,Urban,Graduate,40.5,77.9,-37.400000000000006,-40.06929959100205,-42.93602731650785,-41.65878281908166,5.536027316507841,4.258782819081652
Jammu and Kashmir,2021,Urban,Post Graduate & Above,65.3,77.3,-12.0,-40.06929959100205,-31.397557928752757,-29.986906536498264,19.397557928752757,17.986906536498264
Jharkhand,2021,Rural,Not Literate,57.8,81.3,-23.5,-39.69248466257669,-33.2587003776778,-29.028493642049813,9.758700377677798,5.528493642049813
Jharkhand,2021,Rural,Literate & Upto Primary,61.3,89.4,-28.10000000000001,-39.69248466257669,-44.5471697654329,-41.72011061606872,16.44716976543289,13.620110616068715
Jharkhand,2021,Rural,Middle,45.4,79.1,-33.699999999999996,-39.69248466257669,-45.536761602167594,-44.66455486856746,11.836761602167599,10.964554868567461
Jharkhand,2021,Rural,Secondary,38.6,75.1,-36.49999999999999,-39.69248466257669,-37.71002690829003,-38.18213012065767,1.2100269082900397,1.6821301206576749
Jharkhand,2021,Rural,Higher Secondary,30.9,74.2,-43.300000000000004,-39.69248466257669,-35.655435071555345,-38.71081954690138,-7.644564928444659,-4.589180453098628
Jharkhand,2021,Rural,Diploma/ Certificate Course,100.0,94.7,5.299999999999997,-39.69248466257669,-19.647870089828263,-29.52301691857937,24.94787008982826,34.82301691857937
Jharkhand,2021,Rural,Graduate,42.3,91.9,-49.60000000000001,-39.69248466257669,-35.98880241849412,-38.300686775592396,-13.611197581505891,-11.299313224407612
Jharkhand,2021,Rural,Post Graduate & Above,27.7,88.8,-61.099999999999994,-39.69248466257669,-24.031353438902272,-32.48076523775076,-37.06864656109772,-28.619234762249235
Jharkhand,2021,Urban,Not Literate,18.3,71.1,-52.8,-39.69248466257669,-39.73492373170262,-42.52629815363763,-13.065076268297375,-10.273701846362364
Jharkhand,2021,Urban,Literate & Upto Primary,21.5,83.0,-61.5,-39.69248466257669,-51.02339311945772,-53.985463698278224,-10.476606880542278,-7.514536301721776
Jharkhand,2021,Urban,Middle,12.4,73.7,-61.300000000000004,-39.69248466257669,-52.012984956192426,-55.337378715189175,-9.287015043807578,-5.9626212848108295
Jharkhand,2021,Urban,Secondary,12.3,66.8,-54.5,-39.69248466257669,-44.186250262314864,-46.27133642615189,-10.313749737685136,-8.22866357384811
Jharkhand,2021,Urban,Higher Secondary,16.3,58.1,-41.8,-39.69248466257669,-42.13165842558017,-42.84460532356367,0.3316584255801729,1.0446053235636725
Jharkhand,2021,Urban,Diploma/ Certificate Course,45.0,93.6,-48.599999999999994,-39.69248466257669,-26.12409344385309,-33.36816649452993,-22.475906556146903,-15.231833505470064
Jharkhand,2021,Urban,Graduate,32.5,75.6,-43.099999999999994,-39.69248466257669,-42.46502577251894,-40.827415229654875,-0.6349742274810524,-2.2725847703451194
Jharkhand,2021,Urban,Post Graduate & Above,48.8,86.8,-38.0,-39.69248466257669,-30.5075767929271,-29.14815577864445,-7.4924232070729,-8.851844221355549
Karnataka,2021,Rural,Not Literate,43.1,70.6,-27.499999999999993,-39.81150306748467,-33.34508737274511,-28.466648279570716,5.84508737274512,0.9666482795707232
Karnataka,2021,Rural,Literate & Upto Primary,51.4,85.2,-33.800000000000004,-39.81150306748467,-44.5227404339696,-41.195117282789866,10.722740433969598,7.395117282789862
Karnataka,2021,Rural,Middle,31.6,83.3,-51.699999999999996,-39.81150306748467,-45.41376084213287,-44.23662292928435,-6.286239157867129,-7.463377070715644
Karnataka,2021,Rural,Secondary,24.1,76.9,-52.800000000000004,-39.81150306748467,-37.54416900539819,-37.634841766899626,-15.255830994601816,-15.165158233100378
Karnataka,2021,Rural,Higher Secondary,16.8,66.1,-49.3,-39.81150306748467,-35.45488329111247,-38.02415933936821,-13.845116708887524,-11.275840660631786
Karnataka,2021,Rural,Diploma/ Certificate Course,38.6,95.5,-56.9,-39.81150306748467,-20.068036085429465,-29.36570000619414,-36.83196391457054,-27.53429999380586
Karnataka,2021,Rural,Graduate,22.7,85.2,-62.5,-39.81150306748467,-35.86498533192879,-37.585952334638776,-26.635014668071207,-24.914047665361224
Karnataka,2021,Rural,Post Graduate & Above,18.8,93.7,-74.9,-39.81150306748467,-24.27549553601042,-32.59603090487675,-50.62450446398958,-42.30396909512326
Karnataka,2021,Urban,Not Literate,23.2,70.8,-47.599999999999994,-39.81150306748467,-40.05347443073023,-42.51728754466304,-7.546525569269761,-5.082712455336953
Karnataka,2021,Urban,Literate & Upto Primary,26.1,84.4,-58.300000000000004,-39.81150306748467,-51.23112749195472,-54.18933403595855,-7.068872508045281,-4.110665964041452
Karnataka,2021,Urban,Middle,20.7,75.8,-55.099999999999994,-39.81150306748467,-52.122147900117994,-55.47849325235056,-2.977852099882,0.37849325235056597
Karnataka,2021,Urban,Secondary,12.7,65.4,-52.7,-39.81150306748467,-44.25255606338331,-46.68843573912517,-8.447443936616693,-6.0115642608748345
Karnataka,2021,Urban,Higher Secondary,13.0,59.4,-46.4,-39.81150306748467,-42.1632703490976,-42.75697053889372,-4.236729650902397,-3.6430294611062806
Karnataka,2021,Urban,Diploma/ Certificate Course,52.4,91.3,-38.9,-39.81150306748467,-26.776423143414586,-33.51929861909233,-12.123576856585412,-5.3807013809076665
Karnataka,2021,Urban,Graduate,34.1,84.4,-50.300000000000004,-39.81150306748467,-42.573372389913914,-41.152180251202,-7.726627610086091,-9.147819748798007
Karnataka,2021,Urban,Post Graduate & Above,55.3,91.5,-36.2,-39.81150306748467,-30.983882593995546,-29.24582776948157,-5.216117406004457,-6.954172230518434
Kerala,2021,Rural,Not Literate,33.2,48.9,-15.699999999999996,-40.14302147239264,-33.62640106508046,-28.47688296351148,17.926401065080462,12.776882963511483
Kerala,2021,Rural,Literate & Upto Primary,37.1,71.5,-34.4,-40.14302147239264,-44.76956433038659,-40.81794446625756,10.369564330386588,6.417944466257559
Kerala,2021,Rural,Middle,38.5,83.7,-45.2,-40.14302147239264,-45.47262555487639,-44.32025019111276,0.2726255548763845,-0.8797498088872402
Kerala,2021,Rural,Secondary,32.3,73.3,-41.0,-40.14302147239264,-37.84752351406006,-38.24048700490049,-3.1524764859399426,-2.759512995099513
Kerala,2021,Rural,Higher Secondary,28.6,56.5,-27.9,-40.14302147239264,-35.86905412630495,-39.03488491769506,7.969054126304954,11.13488491769506
Kerala,2021,Rural,Diploma/ Certificate Course,62.8,90.6,-27.799999999999997,-40.14302147239264,-20.29948815907298,-29.779177450108342,-7.500511840927018,1.9791774501083452
Kerala,2021,Rural,Graduate,60.8,84.9,-24.10000000000001,-40.14302147239264,-36.45670718752944,-38.624003752202356,12.35670718752943,14.524003752202347
Kerala,2021,Rural,Post Graduate & Above,67.4,77.1,-9.699999999999989,-40.14302147239264,-24.867217391611064,-33.93684560067291,15.167217391611075,24.236845600672922
Kerala,2021,Urban,Not Literate,18.9,51.4,-32.5,-40.14302147239264,-40.29014111428083,-42.68658465633961,7.790141114280829,10.186584656339612
Kerala,2021,Urban,Literate & Upto Primary,31.2,63.7,-32.5,-40.14302147239264,-51.43330437958696,-54.457896210369036,18.933304379586957,21.957896210369036
Kerala,2021,Urban,Middle,27.1,77.1,-49.99999999999999,-40.14302147239264,-52.13636560407676,-55.10968314813857,2.136365604076765,5.109683148138579
Kerala,2021,Urban,Secondary,24.6,66.8,-42.199999999999996,-40.14302147239264,-44.51126356326043,-46.855920905123725,2.3112635632604324,4.655920905123729
Kerala,2021,Urban,Higher Secondary,23.6,56.6,-33.0,-40.14302147239264,-42.53279417550533,-43.18457678287666,9.53279417550533,10.184576782876661
Kerala,2021,Urban,Diploma/ Certificate Course,47.4,86.6,-39.199999999999996,-40.14302147239264,-26.963228208273357,-33.586819304960876,-12.236771791726639,-5.613180695039119
Kerala,2021,Urban,Graduate,50.5,80.7,-30.200000000000003,-40.14302147239264,-43.12044723672982,-41.232517079700116,12.920447236729814,11.032517079700114
Kerala,2021,Urban,Post Graduate & Above,70.7,86.2,-15.5,-40.14302147239264,-31.53095744081144,-29.9088489687493,16.03095744081144,14.4088489687493
Ladakh,2021,Rural,Not Literate,57.2,63.3,-6.099999999999994,-40.36160531697342,-33.785069782440004,-29.738004072308286,27.68506978244001,23.63800407230829
Ladakh,2021,Rural,Literate & Upto Primary,44.7,85.5,-40.8,-40.36160531697342,-44.88884529264408,-41.133236323639785,4.088845292644081,0.33323632363978817
Ladakh,2021,Rural,Middle,28.5,84.6,-56.099999999999994,-40.36160531697342,-45.71068202733795,-44.17204002168829,-10.389317972662042,-11.927959978311705
Ladakh,2021,Rural,Secondary,51.6,68.5,-16.9,-40.36160531697342,-38.17537590488898,-38.669267724521184,21.275375904888982,21.769267724521185
Ladakh,2021,Rural,Higher Secondary,59.1,57.6,1.5,-40.36160531697342,-36.130784068154284,-39.58907948504385,37.630784068154284,41.08907948504385
Ladakh,2021,Rural,Diploma/ Certificate Course,100.0,100.0,0.0,-40.36160531697342,-21.21350816785456,-30.450950251504516,21.21350816785456,30.450950251504516
Ladakh,2021,Rural,Graduate,46.6,68.5,-21.9,-40.36160531697342,-36.93741672121551,-39.30695134644907,15.037416721215514,17.40695134644907
Ladakh,2021,Rural,Post Graduate & Above,0.0,100.0,-100.0,-40.36160531697342,-25.00119223141958,-32.35480948544316,-74.99880776858042,-67.64519051455684
Ladakh,2021,Urban,Not Literate,18.1,59.8,-41.699999999999996,-40.36160531697342,-40.441451975753054,-42.784713970209864,-1.2585480242469416,1.0847139702098687
Ladakh,2021,Urban,Literate & Upto Primary,50.5,74.4,-23.900000000000006,-40.36160531697342,-51.54522748595713,-54.49897000162136,27.645227485957122,30.598970001621353
Ladakh,2021,Urban,Middle,22.1,67.5,-45.4,-40.36160531697342,-52.367064220651,-55.963695189297354,6.967064220651004,10.563695189297356
Ladakh,2021,Urban,Secondary,28.3,50.1,-21.8,-40.36160531697342,-44.83175809820203,-47.7480891987811,23.03175809820203,25.9480891987811
Ladakh,2021,Urban,Higher Secondary,28.3,53.6,-25.3,-40.36160531697342,-42.787166261467334,-43.61747162840986,17.487166261467333,18.31747162840986
Ladakh,2021,Urban,Diploma/ Certificate Course,100.0,100.0,0.0,-40.36160531697342,-27.869890361167613,-34.479342394870514,27.869890361167613,34.479342394870514
Ladakh,2021,Urban,Graduate,65.7,50.0,15.700000000000003,-40.36160531697342,-43.59379891452856,-42.401353511229786,59.293798914528566,58.10135351122979
Ladakh,2021,Urban,Post Graduate & Above,100.0,93.6,6.400000000000006,-40.36160531697342,-31.65757442473263,-30.402806867843704,38.057574424732636,36.802806867843714
Lakshadweep,2021,Rural,Not Literate,0.0,36.3,-36.3,-39.90754089979551,-33.47897951516768,-28.479902963992625,-2.8210204848323173,-7.820097036007372
Lakshadweep,2021,Rural,Literate & Upto Primary,18.2,67.1,-48.89999999999999,-39.90754089979551,-43.77969380088196,-40.29288853723279,-5.120306199118033,-8.6071114627672
Lakshadweep,2021,Rural,Middle,0.0,81.3,-81.3,-39.90754089979551,-44.76928563761666,-43.90087964913339,-36.530714362383335,-37.39912035086661
Lakshadweep,2021,Rural,Secondary,16.5,79.4,-62.900000000000006,-39.90754089979551,-37.11153053557584,-37.235745757212236,-25.788469464424168,-25.66425424278777
Lakshadweep,2021,Rural,Higher Secondary,17.7,93.9,-76.2,-39.90754089979551,-34.71714278047379,-37.55288943202671,-41.48285721952621,-38.64711056797329
Lakshadweep,2021,Rural,Diploma/ Certificate Course,21.8,67.1,-45.3,-39.90754089979551,-20.391512262673142,-29.6156881714705,-24.908487737326855,-15.684311828529498
Lakshadweep,2021,Rural,Graduate,100.0,90.9,9.099999999999994,-39.90754089979551,-36.379081555983994,-38.94497463097636,45.47908155598399,48.044974630976355
Lakshadweep,2021,Rural,Post Graduate & Above,45.8,100.0,-54.2,-39.90754089979551,-24.445918290677877,-32.781654515818644,-29.754081709322126,-21.41834548418136
Lakshadweep,2021,Urban,Not Literate,0.0,100.0,-100.0,-39.90754089979551,-40.5970474517463,-42.6423247082169,-59.4029525482537,-57.3576752917831
Lakshadweep,2021,Urban,Literate & Upto Primary,0.0,71.4,-71.4,-39.90754089979551,-50.89776173746058,-53.893048110824324,-20.50223826253943,-17.50695188917568
Lakshadweep,2021,Urban,Middle,7.6,70.9,-63.300000000000004,-39.90754089979551,-51.88735357419529,-55.19204860159773,-11.412646425804716,-8.107951398402271
Lakshadweep,2021,Urban,Secondary,3.7,65.1,-61.39999999999999,-39.90754089979551,-44.22959847215446,-46.79382515920545,-17.170401527845534,-14.606174840794544
Lakshadweep,2021,Urban,Higher Secondary,17.7,67.7,-50.0,-39.90754089979551,-41.83521071705242,-42.44156321645805,-8.16478928294758,-7.55843678354195
Lakshadweep,2021,Urban,Diploma/ Certificate Course,44.7,72.3,-27.599999999999994,-39.90754089979551,-27.509580199251765,-34.238096554502455,-0.0904198007482293,6.638096554502461
Lakshadweep,2021,Urban,Graduate,64.4,78.2,-13.799999999999997,-39.90754089979551,-43.49714949256261,-42.033390022188726,29.697149492562616,28.23339002218873
Lakshadweep,2021,Urban,Post Graduate & Above,59.7,100.0,-40.3,-39.90754089979551,-31.5639862272565,-30.57323282617027,-8.736013772743497,-9.726767173829728
Madhya Pradesh,2021,Rural,Not Literate,59.3,83.8,-24.5,-39.759560327198365,-33.380476301063005,-28.7392240732385,8.880476301063005,4.2392240732385
Madhya Pradesh,2021,Rural,Literate & Upto Primary,55.3,94.8,-39.5,-39.759560327198365,-44.44282323983851,-40.467705769508946,4.942823239838511,0.9677057695089459
Madhya Pradesh,2021,Rural,Middle,34.5,85.1,-50.599999999999994,-39.759560327198365,-45.310170178614015,-44.23064058907938,-5.289829821385979,-6.369359410920616
Madhya Pradesh,2021,Rural,Secondary,20.1,73.4,-53.300000000000004,-39.759560327198365,-37.62098650514464,-37.69982887408546,-15.679013494855361,-15.600171125914542
Madhya Pradesh,2021,Rural,Higher Secondary,22.2,70.9,-48.7,-39.759560327198365,-35.49639466840995,-37.70069899992405,-13.203605331590055,-10.999301000075953
Madhya Pradesh,2021,Rural,Diploma/ Certificate Course,78.0,92.8,-14.799999999999997,-39.759560327198365,-20.759136014445343,-30.02929863296659,5.959136014445345,15.229298632966593
Madhya Pradesh,2021,Rural,Graduate,26.0,93.7,-67.7,-39.759560327198365,-35.66690487249158,-37.78860794337664,-32.033095127508425,-29.911392056623363
Madhya Pradesh,2021,Rural,Post Graduate & Above,23.2,95.0,-71.8,-39.759560327198365,-23.739455892899727,-32.34015884971142,-48.06054410710027,-39.459841150288575
Madhya Pradesh,2021,Urban,Not Literate,28.0,73.3,-45.3,-39.759560327198365,-39.97961867570554,-43.11924235687181,-5.320381324294459,-2.1807576431281888
Madhya Pradesh,2021,Urban,Literate & Upto Primary,27.9,83.8,-55.9,-39.759560327198365,-51.04196561448104,-53.69004739133305,-4.858034385518955,-2.2099526086669457
Madhya Pradesh,2021,Urban,Middle,18.0,76.4,-58.400000000000006,-39.759560327198365,-51.90931255325654,-55.915302424696094,-6.490687446743465,-2.4846975753039118
Madhya Pradesh,2021,Urban,Secondary,12.4,60.8,-48.4,-39.759560327198365,-44.22012887978717,-46.77973659962532,-4.17987112021283,-1.6202634003746752
Madhya Pradesh,2021,Urban,Higher Secondary,11.2,56.5,-45.3,-39.759560327198365,-42.095537043052474,-42.594247272833535,-3.2044629569475234,-2.7057527271664625
Madhya Pradesh,2021,Urban,Diploma/ Certificate Course,48.1,77.1,-28.999999999999993,-39.759560327198365,-27.35827838908787,-34.28156282991978,-1.6417216109121213,5.281562829919785
Madhya Pradesh,2021,Urban,Graduate,27.6,81.0,-53.4,-39.759560327198365,-42.26604724713411,-41.16558474018937,-11.133952752865888,-12.234415259810632
Madhya Pradesh,2021,Urban,Post Graduate & Above,41.2,85.7,-44.5,-39.759560327198365,-30.338598267542256,-29.381370895482476,-14.161401732457744,-15.118629104517524
Maharashtra,2021,Rural,Not Literate,49.0,72.1,-23.099999999999994,-39.90828220858896,-33.44833676901697,-29.23015020324756,10.348336769016974,6.130150203247567
Maharashtra,2021,Rural,Literate & Upto Primary,60.7,86.5,-25.799999999999997,-39.90828220858896,-44.77721432003738,-41.082226002999924,18.977214320037383,15.282226002999927
Maharashtra,2021,Rural,Middle,47.7,81.1,-33.39999999999999,-39.90828220858896,-45.69803064656798,-44.65986185457217,12.298030646567987,11.25986185457218
Maharashtra,2021,Rural,Secondary,35.3,67.2,-31.900000000000006,-39.90828220858896,-37.88088778942513,-38.109985725469706,5.980887789425125,6.2099857254697
Maharashtra,2021,Rural,Higher Secondary,30.1,69.9,-39.800000000000004,-39.90828220858896,-35.61956125881289,-38.4124549030789,-4.180438741187118,-1.3875450969211016
Maharashtra,2021,Rural,Diploma/ Certificate Course,49.0,87.7,-38.7,-39.90828220858896,-20.359834736413223,-29.68271384512296,-18.34016526358678,-9.017286154877041
Maharashtra,2021,Rural,Graduate,41.8,87.3,-45.5,-39.90828220858896,-36.03517350371085,-38.34502789644245,-9.464826496289149,-7.154972103557547
Maharashtra,2021,Rural,Post Graduate & Above,48.3,96.8,-48.5,-39.90828220858896,-24.193642891465952,-32.73103480870154,-24.306357108534048,-15.768965191298463
Maharashtra,2021,Urban,Not Literate,27.6,70.7,-43.1,-39.90828220858896,-39.94889655456086,-42.52837221342301,-3.1511034454391407,-0.5716277865769896
Maharashtra,2021,Urban,Literate & Upto Primary,30.1,81.7,-51.6,-39.90828220858896,-51.27777410558127,-54.10810774469149,-0.32222589441872884,2.508107744691486
Maharashtra,2021,Urban,Middle,24.0,78.9,-54.900000000000006,-39.90828220858896,-52.19859043211187,-55.347628880718084,-2.7014095678881347,0.44762888071807794
Maharashtra,2021,Urban,Secondary,13.8,65.4,-51.60000000000001,-39.90828220858896,-44.38144757496902,-47.04898488887103,-7.218552425030985,-4.551015111128976
Maharashtra,2021,Urban,Higher Secondary,19.5,67.3,-47.8,-39.90828220858896,-42.12012104435678,-42.8843689372939,-5.679878955643218,-4.9156310627060975
Maharashtra,2021,Urban,Diploma/ Certificate Course,56.9,72.1,-15.199999999999996,-39.90828220858896,-26.86039452195711,-33.71908555409931,11.660394521957116,18.519085554099313
Maharashtra,2021,Urban,Graduate,38.6,80.2,-41.6,-39.90828220858896,-42.535733289254736,-41.42135729661868,0.9357332892547348,-0.17864270338132116
Maharashtra,2021,Urban,Post Graduate & Above,54.0,86.7,-32.7,-39.90828220858896,-30.694202677009844,-29.503100169542815,-2.0057973229901584,-3.1968998304571876
Manipur,2021,Rural,Not Literate,17.2,52.9,-35.7,-40.26620654396728,-33.478251464911466,-28.44636816230079,-2.221748535088537,-7.2536318376992135
Manipur,2021,Rural,Literate & Upto Primary,29.9,77.9,-48.00000000000001,-40.26620654396728,-44.59080248531964,-40.893674989720246,-3.409197514680365,-7.106325010279761
Manipur,2021,Rural,Middle,19.0,70.6,-51.599999999999994,-40.26620654396728,-45.522026975115566,-44.24951015762258,-6.077973024884429,-7.350489842377414
Manipur,2021,Rural,Secondary,22.9,54.0,-31.1,-40.26620654396728,-37.97733309756453,-37.86546519812365,6.877333097564531,6.76546519812365
Manipur,2021,Rural,Higher Secondary,17.7,60.7,-43.0,-40.26620654396728,-35.70906779144208,-38.3302985385196,-7.290932208557919,-4.6697014614804
Manipur,2021,Rural,Diploma/ Certificate Course,0.0,21.2,-21.2,-40.26620654396728,-21.253175704224947,-30.034751364373093,0.053175704224948106,8.834751364373094
Manipur,2021,Rural,Graduate,38.7,77.2,-38.5,-40.26620654396728,-36.35774126082984,-38.373627953444874,-2.1422587391701597,-0.1263720465551259
Manipur,2021,Rural,Post Graduate & Above,43.8,80.7,-36.900000000000006,-40.26620654396728,-24.9498841179727,-33.79675657734373,-11.950115882027305,-3.103243422656277
Manipur,2021,Urban,Not Literate,16.7,36.1,-19.400000000000002,-40.26620654396728,-40.40990330611695,-43.14079442993422,21.00990330611695,23.740794429934216
Manipur,2021,Urban,Literate & Upto Primary,30.6,68.9,-38.300000000000004,-40.26620654396728,-51.52245432652512,-54.38031561873573,13.222454326525117,16.080315618735725
Manipur,2021,Urban,Middle,20.8,67.8,-47.0,-40.26620654396728,-52.453678816321045,-55.58673632856354,5.453678816321045,8.58673632856354
Manipur,2021,Urban,Secondary,16.0,57.2,-41.2,-40.26620654396728,-44.90898493877002,-47.59303555823032,3.7089849387700156,6.393035558230316
Manipur,2021,Urban,Higher Secondary,18.9,60.0,-41.1,-40.26620654396728,-42.64071963264756,-43.152497112185465,1.5407196326475585,2.0524971121854634
Manipur,2021,Urban,Diploma/ Certificate Course,23.6,0.0,23.6,-40.26620654396728,-28.18482754543043,-34.75079746855208,51.78482754543043,58.35079746855208
Manipur,2021,Urban,Graduate,44.5,75.0,-30.5,-40.26620654396728,-43.28939310203532,-41.96813921468827,12.78939310203532,11.468139214688271
Manipur,2021,Urban,Post Graduate & Above,74.0,75.8,-1.7999999999999972,-40.26620654396728,-31.88153595917818,-30.338407906572108,30.081535959178183,28.53840790657211
Meghalaya,2021,Rural,Not Literate,56.7,88.6,-31.89999999999999,-40.526738241308784,-33.7348707012901,-28.16758320896853,1.8348707012901073,-3.7324167910314614
Meghalaya,2021,Rural,Literate & Upto Primary,64.0,86.2,-22.200000000000003,-40.526738241308784,-45.22170743598399,-41.613201786714704,23.021707435983984,19.4132017867147
Meghalaya,2021,Rural,Middle,40.9,68.3,-27.4,-40.526738241308784,-46.271911517616644,-45.04409220087453,18.871911517616645,17.644092200874532
Meghalaya,2021,Rural,Secondary,37.7,70.0,-32.3,-40.526738241308784,-38.52925845639216,-38.404688504823014,6.229258456392159,6.104688504823017
Meghalaya,2021,Rural,Higher Secondary,43.9,59.4,-15.5,-40.526738241308784,-36.43282988496358,-39.27396009076192,20.93282988496358,23.773960090761918
Meghalaya,2021,Rural,Diploma/ Certificate Course,100.0,100.0,0.0,-40.526738241308784,-21.40669306403804,-30.635661994937234,21.40669306403804,30.635661994937234
Meghalaya,2021,Rural,Graduate,78.9,81.4,-2.5,-40.526738241308784,-37.212727844147246,-39.60134736611743,34.712727844147246,37.10134736611743
Meghalaya,2021,Rural,Post Graduate & Above,100.0,51.5,48.5,-40.526738241308784,-25.736503354351346,-35.05479606290392,74.23650335435134,83.55479606290392
Meghalaya,2021,Urban,Not Literate,36.5,49.6,-13.100000000000001,-40.526738241308784,-39.92705645162161,-43.601812975743336,26.82705645162161,30.501812975743334
Meghalaya,2021,Urban,Literate & Upto Primary,34.0,74.6,-40.599999999999994,-40.526738241308784,-51.413893186315505,-54.74311199474003,10.81389318631551,14.143111994740039
Meghalaya,2021,Urban,Middle,25.1,60.8,-35.699999999999996,-40.526738241308784,-52.46409726794816,-56.087700979518814,16.764097267948166,20.38770097951882
Meghalaya,2021,Urban,Secondary,18.2,59.7,-41.5,-40.526738241308784,-44.721444206723675,-47.05012539568921,3.2214442067236746,5.550125395689207
Meghalaya,2021,Urban,Higher Secondary,29.6,54.0,-24.4,-40.526738241308784,-42.6250156352951,-43.507155185538515,18.2250156352951,19.107155185538517
Meghalaya,2021,Urban,Diploma/ Certificate Course,0.0,0.0,0.0,-40.526738241308784,-27.598878814369556,-34.62925287379712,27.598878814369556,34.62925287379712
Meghalaya,2021,Urban,Graduate,67.6,77.0,-9.400000000000006,-40.526738241308784,-43.404913594478764,-42.28008622073039,34.00491359447876,32.880086220730384
Meghalaya,2021,Urban,Post Graduate & Above,80.0,92.3,-12.299999999999997,-40.526738241308784,-31.928689104682864,-30.62996162634763,19.628689104682866,18.329961626347632
Mizoram,2021,Rural,Not Literate,0.0,0.0,0.0,-40.35442229038855,-33.259879181951575,-28.6361424896017,33.259879181951575,28.6361424896017
Mizoram,2021,Rural,Literate & Upto Primary,35.3,67.4,-32.10000000000001,-40.35442229038855,-44.845083263584215,-40.90897835522001,12.745083263584206,8.808978355219999
Mizoram,2021,Rural,Middle,39.7,80.6,-40.89999999999999,-40.35442229038855,-45.59998122276788,-44.390644054462825,4.699981222767889,3.490644054462834
Mizoram,2021,Rural,Secondary,29.7,42.7,-13.000000000000004,-40.35442229038855,-38.071001630931164,-38.28336280390318,25.07100163093116,25.283362803903177
Mizoram,2021,Rural,Higher Secondary,35.5,54.7,-19.200000000000003,-40.35442229038855,-35.98722612072708,-38.58228939603786,16.787226120727077,19.382289396037855
Mizoram,2021,Rural,Diploma/ Certificate Course,0.0,0.0,0.0,-40.35442229038855,-21.039497298816073,-29.886006218563786,21.039497298816073,29.886006218563786
Mizoram,2021,Rural,Graduate,50.8,91.7,-40.900000000000006,-40.35442229038855,-36.3773281615434,-38.40810865385828,-4.522671838456603,-2.4918913461417276
Mizoram,2021,Rural,Post Graduate & Above,43.7,62.7,-19.0,-40.35442229038855,-24.048858773788307,-32.866785575425496,5.048858773788307,13.866785575425496
Mizoram,2021,Urban,Not Literate,0.0,0.0,0.0,-40.35442229038855,-40.36804342694359,-42.99557636944029,40.36804342694359,42.99557636944029
Mizoram,2021,Urban,Literate & Upto Primary,18.0,40.7,-22.700000000000003,-40.35442229038855,-51.95324750857623,-55.00209521344004,29.25324750857623,32.30209521344004
Mizoram,2021,Urban,Middle,33.9,74.7,-40.800000000000004,-40.35442229038855,-52.7081454677599,-56.119520251587055,11.908145467759894,15.31952025158705
Mizoram,2021,Urban,Secondary,16.1,41.2,-25.1,-40.35442229038855,-45.179165875923175,-47.77439668871382,20.079165875923174,22.67439668871382
Mizoram,2021,Urban,Higher Secondary,25.4,44.8,-19.4,-40.35442229038855,-43.0953903657191,-43.760397704903156,23.6953903657191,24.360397704903157
Mizoram,2021,Urban,Diploma/ Certificate Course,0.0,0.0,0.0,-40.35442229038855,-28.147661543808088,-35.060907404427,28.147661543808088,35.060907404427
Mizoram,2021,Urban,Graduate,59.8,89.8,-30.0,-40.35442229038855,-43.485492406535414,-41.851723231032196,13.485492406535414,11.851723231032196
Mizoram,2021,Urban,Post Graduate & Above,86.4,92.6,-6.199999999999989,-40.35442229038855,-31.157023018780322,-30.339752915662334,24.957023018780333,24.139752915662346
Nagaland,2021,Rural,Not Literate,56.9,64.0,-7.100000000000001,-40.31935071574642,-33.60476705414827,-28.461498822277893,26.504767054148267,21.36149882227789
Nagaland,2021,Rural,Literate & Upto Primary,73.9,87.8,-13.899999999999991,-40.31935071574642,-45.270175217413566,-41.5456116831521,31.370175217413575,27.64561168315211
Nagaland,2021,Rural,Middle,46.7,74.3,-27.599999999999994,-40.31935071574642,-45.99548133986255,-44.56419327415655,18.395481339862556,16.964193274156557
Nagaland,2021,Rural,Secondary,52.1,65.8,-13.699999999999996,-40.31935071574642,-38.27854256435235,-38.4350274731152,24.578542564352354,24.735027473115203
Nagaland,2021,Rural,Higher Secondary,41.8,89.0,-47.2,-40.31935071574642,-36.106603788842136,-38.21894207517141,-11.093396211157867,-8.98105792482859
Nagaland,2021,Rural,Diploma/ Certificate Course,0.0,100.0,-100.0,-40.31935071574642,-20.72067844083565,-29.977042415149967,-79.27932155916434,-70.02295758485003
Nagaland,2021,Rural,Graduate,81.1,91.5,-10.400000000000006,-40.31935071574642,-36.93690991129112,-38.89715594642462,26.53690991129111,28.497155946424613
Nagaland,2021,Rural,Post Graduate & Above,100.0,100.0,0.0,-40.31935071574642,-25.048848686801332,-33.913764660461574,25.048848686801332,33.913764660461574
Nagaland,2021,Urban,Not Literate,29.5,47.0,-17.5,-40.31935071574642,-40.183418067437756,-42.69425482783154,22.683418067437756,25.194254827831543
Nagaland,2021,Urban,Literate & Upto Primary,43.9,62.7,-18.800000000000004,-40.31935071574642,-51.848826230703054,-54.414906696088615,33.04882623070305,35.61490669608861
Nagaland,2021,Urban,Middle,26.3,68.8,-42.5,-40.31935071574642,-52.57413235315204,-55.66939190114269,10.074132353152038,13.169391901142689
Nagaland,2021,Urban,Secondary,20.4,54.0,-33.6,-40.31935071574642,-44.85719357764184,-46.7215104682264,11.257193577641836,13.121510468226397
Nagaland,2021,Urban,Higher Secondary,34.4,57.9,-23.5,-40.31935071574642,-42.685254802131624,-43.13810431123442,19.185254802131624,19.63810431123442
Nagaland,2021,Urban,Diploma/ Certificate Course,100.0,100.0,0.0,-40.31935071574642,-27.29932945412514,-34.13610175822856,27.29932945412514,34.13610175822856
Nagaland,2021,Urban,Graduate,75.9,93.2,-17.299999999999997,-40.31935071574642,-43.51556092458061,-41.79166571854467,26.215560924580615,24.491665718544674
Nagaland,2021,Urban,Post Graduate & Above,85.2,96.8,-11.599999999999994,-40.31935071574642,-31.627499700090823,-29.874693792720976,20.02749970009083,18.27469379272098
Odisha,2021,Rural,Not Literate,47.7,75.3,-27.599999999999994,-39.887423312883435,-33.443716878742755,-29.186039659273128,5.843716878742761,1.5860396592731334
Odisha,2021,Rural,Literate & Upto Primary,34.0,89.3,-55.3,-39.887423312883435,-44.36708422568152,-40.23315181869751,-10.932915774318474,-15.06684818130249
Odisha,2021,Rural,Middle,27.7,84.7,-57.0,-39.887423312883435,-45.23218626649786,-43.90806082719185,-11.767813733502138,-13.091939172808146
Odisha,2021,Rural,Secondary,17.9,68.1,-50.199999999999996,-39.887423312883435,-37.71177810323256,-37.879086149407435,-12.488221896767435,-12.32091385059256
Odisha,2021,Rural,Higher Secondary,16.1,58.7,-42.6,-39.887423312883435,-35.65106381751827,-38.3087881210255,-6.948936182481731,-4.291211878974501
Odisha,2021,Rural,Diploma/ Certificate Course,80.9,95.2,-14.299999999999997,-39.887423312883435,-20.847670806390333,-29.741903680669047,6.547670806390336,15.44190368066905
Odisha,2021,Rural,Graduate,44.4,89.5,-45.1,-39.887423312883435,-35.93320667466112,-38.08603908160049,-9.16679332533888,-7.013960918399512
Odisha,2021,Rural,Post Graduate & Above,31.6,96.7,-65.1,-39.887423312883435,-24.632084225681528,-33.39438848971896,-40.46791577431847,-31.70561151028103
Odisha,2021,Urban,Not Literate,32.2,70.8,-38.599999999999994,-39.887423312883435,-40.03272868327096,-42.896472036312844,1.432728683270966,4.296472036312849
Odisha,2021,Urban,Literate & Upto Primary,17.4,92.4,-75.0,-39.887423312883435,-50.956096030209736,-53.414512192160956,-24.043903969790264,-21.585487807839044
Odisha,2021,Urban,Middle,10.3,82.1,-71.8,-39.887423312883435,-51.82119807102607,-55.119796902266955,-19.97880192897393,-16.68020309773304
Odisha,2021,Urban,Secondary,13.9,66.5,-52.6,-39.887423312883435,-44.300789907760766,-46.71649244473352,-8.299210092239235,-5.883507555266483
Odisha,2021,Urban,Higher Secondary,13.4,55.9,-42.5,-39.887423312883435,-42.240075622046476,-42.71710383184568,-0.2599243779535243,0.2171038318456766
Odisha,2021,Urban,Diploma/ Certificate Course,55.5,81.7,-26.200000000000003,-39.887423312883435,-27.436682610918538,-33.79654007686576,1.2366826109185354,7.596540076865757
Odisha,2021,Urban,Graduate,38.4,81.7,-43.300000000000004,-39.887423312883435,-42.52221847918933,-41.103955662403344,-0.7777815208106773,-2.1960443375966605
Odisha,2021,Urban,Post Graduate & Above,51.4,79.2,-27.800000000000004,-39.887423312883435,-31.221096030209733,-29.713625302199436,3.4210960302097284,1.9136253021994314
Puducherry,2021,Rural,Not Literate,61.5,52.7,8.799999999999997,-39.986042944785275,-33.67008477388322,-28.116505873296116,42.470084773883215,36.91650587329612
Puducherry,2021,Rural,Literate & Upto Primary,44.3,79.9,-35.60000000000001,-39.986042944785275,-44.68977865143423,-40.66265271500229,9.089778651434223,5.0626527150022795
Puducherry,2021,Rural,Middle,65.1,96.0,-30.900000000000006,-39.986042944785275,-45.5320235493934,-44.68546557340015,14.632023549393395,13.785465573400145
Puducherry,2021,Rural,Secondary,56.2,33.2,23.0,-39.986042944785275,-37.97937048816893,-38.63771707801511,60.97937048816893,61.63771707801511
Puducherry,2021,Rural,Higher Secondary,17.1,74.8,-57.699999999999996,-39.986042944785275,-35.77988069225056,-37.95544888987528,-21.920119307749438,-19.744551110124718
Puducherry,2021,Rural,Diploma/ Certificate Course,100.0,100.0,0.0,-39.986042944785275,-20.167523282485874,-29.53565375757161,20.167523282485874,29.53565375757161
Puducherry,2021,Rural,Graduate,59.9,85.4,-25.500000000000007,-39.986042944785275,-36.11039089633219,-38.28429715067245,10.610390896332184,12.784297150672444
Puducherry,2021,Rural,Post Graduate & Above,22.5,100.0,-77.5,-39.986042944785275,-24.556003141230143,-32.91076746396205,-52.94399685876986,-44.58923253603795
Puducherry,2021,Urban,Not Literate,34.3,32.8,1.5,-39.986042944785275,-40.283349580007695,-43.72967456193573,41.783349580007695,45.22967456193573
Puducherry,2021,Urban,Literate & Upto Primary,19.8,69.5,-49.7,-39.986042944785275,-51.303043457558715,-54.1087953409215,1.6030434575587122,4.4087953409215
Puducherry,2021,Urban,Middle,23.1,80.5,-57.4,-39.986042944785275,-52.145288355517884,-55.24654329772432,-5.254711644482114,-2.153456702275676
Puducherry,2021,Urban,Secondary,11.2,54.9,-43.7,-39.986042944785275,-44.592635294293416,-47.72343579713671,0.892635294293413,4.023435797136706
Puducherry,2021,Urban,Higher Secondary,13.5,55.9,-42.4,-39.986042944785275,-42.39314549837504,-42.94090146121292,-0.0068545016249572654,0.5409014612129184
Puducherry,2021,Urban,Diploma/ Certificate Course,57.4,92.0,-34.6,-39.986042944785275,-26.780788088610358,-33.92328038036892,-7.819211911389644,-0.6767196196310792
Puducherry,2021,Urban,Graduate,36.9,86.5,-49.6,-39.986042944785275,-42.72365570245667,-41.437535103727264,-6.8763442975433335,-8.162464896272738
Puducherry,2021,Urban,Post Graduate & Above,47.8,79.7,-31.900000000000006,-39.986042944785275,-31.169267947354623,-29.79070745670795,-0.7307320526453829,-2.1092925432920566
Punjab,2021,Rural,Not Literate,26.6,75.2,-48.6,-39.634943762781184,-32.97306875674211,-26.97076288612135,-15.626931243257893,-21.629237113878652
Punjab,2021,Rural,Literate & Upto Primary,30.2,85.9,-55.7,-39.634943762781184,-44.172558552660476,-40.03047531800405,-11.527441447339527,-15.669524681995952
Punjab,2021,Rural,Middle,19.2,77.2,-58.0,-39.634943762781184,-45.263987124089056,-44.20470826463541,-12.736012875910944,-13.795291735364593
Punjab,2021,Rural,Secondary,14.6,66.6,-51.99999999999999,-39.634943762781184,-37.43908916490537,-37.682880890453085,-14.560910835094624,-14.317119109546908
Punjab,2021,Rural,Higher Secondary,23.1,82.2,-59.1,-39.634943762781184,-35.215721817966596,-37.59781838141513,-23.884278182033405,-21.50218161858487
Punjab,2021,Rural,Diploma/ Certificate Course,50.6,80.5,-29.9,-39.634943762781184,-20.15110513829665,-29.369727266579076,-9.748894861703349,-0.5302727334209223
Punjab,2021,Rural,Graduate,34.8,80.2,-45.400000000000006,-39.634943762781184,-35.9007218179666,-38.274961393011544,-9.499278182033407,-7.125038606988461
Punjab,2021,Rural,Post Graduate & Above,57.4,87.8,-30.4,-39.634943762781184,-24.43041569551762,-33.244523782265375,-5.969584304482378,2.8445237822653766
Punjab,2021,Urban,Not Literate,26.3,76.5,-50.2,-39.634943762781184,-39.55379292157865,-42.90508802843484,-10.646207078421355,-7.294911971565163
Punjab,2021,Urban,Literate & Upto Primary,15.6,87.6,-72.0,-39.634943762781184,-50.753282717497015,-53.76482657280893,-21.246717282502985,-18.23517342719107
Punjab,2021,Urban,Middle,15.3,71.5,-56.2,-39.634943762781184,-51.844711288925595,-55.42275721736247,-4.355288711074408,-0.7772427826375363
Punjab,2021,Urban,Secondary,13.2,70.1,-56.89999999999999,-39.634943762781184,-44.019813329741915,-46.61105631765472,-12.880186670258077,-10.28894368234527
Punjab,2021,Urban,Higher Secondary,16.0,74.5,-58.5,-39.634943762781184,-41.796445982803135,-42.51592336707498,-16.703554017196865,-15.984076632925017
Punjab,2021,Urban,Diploma/ Certificate Course,49.2,89.1,-39.89999999999999,-39.634943762781184,-26.731829303133196,-33.67154715482237,-13.168170696866795,-6.228452845177621
Punjab,2021,Urban,Graduate,30.6,81.8,-51.199999999999996,-39.634943762781184,-42.48144598280314,-41.372429464562565,-8.718554017196858,-9.827570535437431
Punjab,2021,Urban,Post Graduate & Above,46.9,92.1,-45.199999999999996,-39.634943762781184,-31.011139860354163,-29.517962767688328,-14.188860139645833,-15.682037232311668
Rajasthan,2021,Rural,Not Literate,58.6,79.0,-20.4,-39.860761758691204,-33.562142343398264,-29.41220152254515,13.162142343398266,9.012201522545151
Rajasthan,2021,Rural,Literate & Upto Primary,49.1,89.8,-40.699999999999996,-39.860761758691204,-44.601019894418656,-40.817355070400126,3.90101989441866,0.11735507040013005
Rajasthan,2021,Rural,Middle,38.2,80.1,-41.89999999999999,-39.860761758691204,-45.52510152707173,-44.57375740129409,3.6251015270717417,2.673757401294097
Rajasthan,2021,Rural,Secondary,22.0,59.6,-37.6,-39.860761758691204,-37.82979540462275,-38.020133562212216,0.22979540462274883,0.42013356221221443
Rajasthan,2021,Rural,Higher Secondary,17.7,53.2,-35.5,-39.860761758691204,-35.87908111890846,-38.27402665987564,0.3790811189084593,2.774026659875638
Rajasthan,2021,Rural,Diploma/ Certificate Course,56.3,82.1,-25.799999999999997,-39.860761758691204,-20.866721656008615,-29.940182283342335,-4.9332783439913825,4.140182283342337
Rajasthan,2021,Rural,Graduate,40.9,81.7,-40.800000000000004,-39.860761758691204,-36.06795866992887,-38.25579853777445,-4.732041330071134,-2.5442014622255513
Rajasthan,2021,Rural,Post Graduate & Above,33.3,97.1,-63.8,-39.860761758691204,-24.145815812786005,-32.700081354615484,-39.65418418721399,-31.099918645384513
Rajasthan,2021,Urban,Not Literate,24.5,70.0,-45.5,-39.860761758691204,-39.9061285369426,-43.00960100988334,-5.593871463057397,-2.4903989901166597
Rajasthan,2021,Urban,Literate & Upto Primary,16.4,81.3,-64.9,-39.860761758691204,-50.945006087962994,-53.97210111543151,-13.954993912037011,-10.9278988845685
Rajasthan,2021,Urban,Middle,13.9,73.2,-59.300000000000004,-39.860761758691204,-51.86908772061607,-55.500705592997875,-7.430912279383932,-3.7992944070021295
Rajasthan,2021,Urban,Secondary,8.1,61.3,-53.199999999999996,-39.860761758691204,-44.17378159816709,-46.57326845861569,-9.026218401832907,-6.626731541384302
Rajasthan,2021,Urban,Higher Secondary,11.3,51.7,-40.400000000000006,-39.860761758691204,-42.2230673124528,-42.90882634572579,1.8230673124527925,2.5088263457257867
Rajasthan,2021,Urban,Diploma/ Certificate Course,100.0,88.0,12.0,-39.860761758691204,-27.210707849552954,-33.838806153065214,39.21070784955295,45.838806153065214
Rajasthan,2021,Urban,Graduate,22.4,81.4,-59.00000000000001,-39.860761758691204,-42.4119448634732,-40.77616053016026,-16.588055136526805,-18.223839469839746
Rajasthan,2021,Urban,Post Graduate & Above,32.7,90.5,-57.8,-39.860761758691204,-30.489802006330343,-28.858838980368635,-27.310197993669654,-28.941161019631362
Sikkim,2021,Rural,Not Literate,58.3,78.0,-19.700000000000003,-40.37691717791411,-33.63407998660175,-27.83470998697971,13.934079986601745,8.134709986979708
Sikkim,2021,Rural,Literate & Upto Primary,79.9,94.4,-14.5,-40.37691717791411,-45.101528966193584,-41.51968189726624,30.601528966193584,27.01968189726624
Sikkim,2021,Rural,Middle,56.5,80.6,-24.099999999999994,-40.37691717791411,-46.28846774170378,-45.43411950793156,22.18846774170379,21.334119507931568
Sikkim,2021,Rural,Secondary,46.0,73.2,-27.200000000000003,-40.37691717791411,-38.38091672129563,-38.273061369938546,11.180916721295624,11.073061369938543
Sikkim,2021,Rural,Higher Secondary,45.4,88.7,-43.300000000000004,-40.37691717791411,-36.20203917027522,-38.54468886864426,-7.097960829724784,-4.755311131355747
Sikkim,2021,Rural,Diploma/ Certificate Course,0.0,100.0,-100.0,-40.37691717791411,-21.285733992268455,-30.18066264660814,-78.71426600773154,-69.81933735339186
Sikkim,2021,Rural,Graduate,86.3,79.6,6.700000000000003,-40.37691717791411,-37.08316161925481,-39.23309193191144,43.78316161925481,45.93309193191144
Sikkim,2021,Rural,Post Graduate & Above,100.0,100.0,0.0,-40.37691717791411,-25.220406517214006,-33.520800945800964,25.220406517214006,33.520800945800964
Sikkim,2021,Urban,Not Literate,32.6,73.2,-40.6,-40.37691717791411,-39.74045290758694,-42.379070870081456,-0.8595470924130595,1.7790708700814548
Sikkim,2021,Urban,Literate & Upto Primary,25.2,86.3,-61.099999999999994,-40.37691717791411,-51.20790188717879,-53.731835015212994,-9.892098112821202,-7.3681649847870005
Sikkim,2021,Urban,Middle,38.3,82.6,-44.3,-40.37691717791411,-52.39484066268899,-55.80961244233158,8.094840662688995,11.50961244233158
Sikkim,2021,Urban,Secondary,40.6,68.2,-27.6,-40.37691717791411,-44.48728964228083,-47.08393401724024,16.887289642280827,19.483934017240237
Sikkim,2021,Urban,Higher Secondary,27.5,68.5,-41.0,-40.37691717791411,-42.30841209126042,-42.72705270449081,1.308412091260422,1.7270527044908093
Sikkim,2021,Urban,Diploma/ Certificate Course,0.0,100.0,-100.0,-40.37691717791411,-27.392106913253656,-33.87913228406493,-72.60789308674634,-66.12086771593508
Sikkim,2021,Urban,Graduate,45.2,91.8,-46.599999999999994,-40.37691717791411,-43.189534540240004,-41.496832553711116,-3.4104654597599904,-5.103167446288879
Sikkim,2021,Urban,Post Graduate & Above,46.0,100.0,-54.0,-40.37691717791411,-31.326779438199207,-29.198332466836682,-22.673220561800793,-24.801667533163318
Tamil Nadu,2021,Rural,Not Literate,55.9,68.7,-12.800000000000004,-39.99399284253579,-33.850615304053214,-28.075839470012898,21.05061530405321,15.275839470012894
Tamil Nadu,2021,Rural,Literate & Upto Primary,62.2,88.0,-25.799999999999997,-39.99399284253579,-44.941329589767506,-41.31994343131021,19.14132958976751,15.51994343131021
Tamil Nadu,2021,Rural,Middle,54.3,87.6,-33.3,-39.99399284253579,-45.61969693670629,-44.57108764382233,12.319696936706293,11.271087643822334
Tamil Nadu,2021,Rural,Secondary,37.5,59.4,-21.9,-39.99399284253579,-38.012145916298124,-38.14606555980661,16.112145916298125,16.24606555980661
Tamil Nadu,2021,Rural,Higher Secondary,27.8,56.8,-28.999999999999996,-39.99399284253579,-36.050615304053224,-38.74037883614497,7.050615304053228,9.740378836144973
Tamil Nadu,2021,Rural,Diploma/ Certificate Course,52.8,96.7,-43.900000000000006,-39.99399284253579,-19.915663963356007,-29.297640734942966,-23.984336036644,-14.60235926505704
Tamil Nadu,2021,Rural,Graduate,37.7,93.2,-55.5,-39.99399284253579,-36.04296224282873,-38.19004876346074,-19.45703775717127,-17.309951236539263
Tamil Nadu,2021,Rural,Post Graduate & Above,55.2,96.2,-41.0,-39.99399284253579,-24.36612550813487,-32.794791950793766,-16.63387449186513,-8.205208049206234
Tamil Nadu,2021,Urban,Not Literate,29.4,63.3,-33.9,-39.99399284253579,-40.318947745774494,-42.589604159262926,6.418947745774496,8.689604159262927
Tamil Nadu,2021,Urban,Literate & Upto Primary,37.1,86.0,-48.9,-39.99399284253579,-51.40966203148879,-54.082586156921984,2.5096620314887943,5.182586156921985
Tamil Nadu,2021,Urban,Middle,27.2,83.6,-56.39999999999999,-39.99399284253579,-52.08802937842758,-55.24243910241159,-4.311970621572414,-1.1575608975884037
Tamil Nadu,2021,Urban,Secondary,16.7,59.0,-42.3,-39.99399284253579,-44.480478358019404,-47.725428639120736,2.180478358019407,5.425428639120739
Tamil Nadu,2021,Urban,Higher Secondary,18.6,51.6,-33.0,-39.99399284253579,-42.5189477457745,-43.61113361120897,9.518947745774497,10.61113361120897
Tamil Nadu,2021,Urban,Diploma/ Certificate Course,37.3,93.0,-55.7,-39.99399284253579,-26.38399640507729,-33.66102359665422,-29.316003594922712,-22.038976403345785
Tamil Nadu,2021,Urban,Graduate,38.3,87.4,-49.10000000000001,-39.99399284253579,-42.51129468455001,-41.78611226022916,-6.5887053154499995,-7.313887739770848
Tamil Nadu,2021,Urban,Post Graduate & Above,41.8,88.3,-46.5,-39.99399284253579,-30.83445794985615,-28.762226673432412,-15.665542050143848,-17.737773326567588
Telangana,2021,Rural,Not Literate,59.5,75.3,-15.799999999999997,-39.899667689161554,-33.69463521269955,-27.480078509434506,17.894635212699555,11.680078509434509
Telangana,2021,Rural,Literate & Upto Primary,76.6,91.3,-14.700000000000003,-39.899667689161554,-44.913920926985256,-41.33973582872951,30.213920926985253,26.639735828729506
Telangana,2021,Rural,Middle,54.4,81.3,-26.9,-39.899667689161554,-45.73494133514852,-44.59709901423642,18.83494133514852,17.69709901423642
Telangana,2021,Rural,Secondary,36.2,69.0,-32.8,-39.899667689161554,-37.919839294332206,-38.14732081386329,5.119839294332209,5.347320813863291
Telangana,2021,Rural,Higher Secondary,35.0,67.3,-32.3,-39.899667689161554,-35.88341072290363,-38.535864161267206,3.5834107229036363,6.235864161267209
Telangana,2021,Rural,Diploma/ Certificate Course,0.0,77.9,-77.9,-39.899667689161554,-19.87092191249021,-29.128260982653504,-58.029078087509795,-48.771739017346505
Telangana,2021,Rural,Graduate,34.7,91.6,-56.89999999999999,-39.899667689161554,-36.07841072290363,-38.08617248430275,-20.821589277096365,-18.81382751569724
Telangana,2021,Rural,Post Graduate & Above,38.9,99.7,-60.800000000000004,-39.899667689161554,-24.051778069842392,-32.91744314528053,-36.74822193015761,-27.882556854719475
Telangana,2021,Urban,Not Literate,30.9,72.1,-41.199999999999996,-39.899667689161554,-40.201570295249795,-42.52442455076531,-0.9984297047502011,1.3244245507653147
Telangana,2021,Urban,Literate & Upto Primary,27.5,86.0,-58.5,-39.899667689161554,-51.4208560095355,-53.88954045294131,-7.079143990464502,-4.610459547058689
Telangana,2021,Urban,Middle,26.7,73.1,-46.39999999999999,-39.899667689161554,-52.241876417698755,-55.45061948519362,5.841876417698764,9.050619485193629
Telangana,2021,Urban,Secondary,19.6,64.2,-44.6,-39.899667689161554,-44.42677437688244,-46.88056924926848,-0.17322562311755973,2.2805692492684813
Telangana,2021,Urban,Higher Secondary,13.6,63.0,-49.4,-39.899667689161554,-42.39034580545387,-42.86513757239686,-7.00965419454613,-6.534862427603137
Telangana,2021,Urban,Diploma/ Certificate Course,76.4,84.0,-7.599999999999994,-39.899667689161554,-26.37785699504045,-33.39292650284702,18.777856995040455,25.792926502847024
Telangana,2021,Urban,Graduate,41.4,81.0,-39.6,-39.899667689161554,-42.58534580545387,-41.160460294741334,2.9853458054538677,1.5604602947413326
Telangana,2021,Urban,Post Graduate & Above,42.0,95.7,-53.7,-39.899667689161554,-30.55871315239263,-28.88798676282585,-23.141286847607372,-24.812013237174153
The Dadra and Nagar Haveli and Daman and Diu,2021,Rural,Not Literate,58.5,97.1,-38.599999999999994,-39.89038854805726,-33.894892620295536,-28.156598151184326,-4.705107379704458,-10.443401848815668
The Dadra and Nagar Haveli and Daman and Diu,2021,Rural,Literate & Upto Primary,50.8,95.4,-44.60000000000001,-39.89038854805726,-44.93877017131594,-40.579502103464584,0.3387701713159288,-4.020497896535424
The Dadra and Nagar Haveli and Daman and Diu,2021,Rural,Middle,62.4,82.4,-20.000000000000007,-39.89038854805726,-45.954892620295524,-44.92694862408047,25.954892620295517,24.92694862408046
The Dadra and Nagar Haveli and Daman and Diu,2021,Rural,Secondary,27.5,72.7,-45.2,-39.89038854805726,-38.09795384478534,-37.999771208844265,-7.102046155214666,-7.200228791155737
The Dadra and Nagar Haveli and Daman and Diu,2021,Rural,Higher Secondary,47.9,94.3,-46.4,-39.89038854805726,-35.88693343662206,-38.36520790287222,-10.51306656337794,-8.034792097127777
The Dadra and Nagar Haveli and Daman and Diu,2021,Rural,Diploma/ Certificate Course,100.0,100.0,0.0,-39.89038854805726,-20.864626123354626,-30.083348599881543,20.864626123354626,30.083348599881543
The Dadra and Nagar Haveli and Daman and Diu,2021,Rural,Graduate,83.4,99.5,-16.099999999999994,-39.89038854805726,-36.345913028458796,-38.60426439582143,20.2459130284588,22.504264395821437
The Dadra and Nagar Haveli and Daman and Diu,2021,Rural,Post Graduate & Above,100.0,100.0,0.0,-39.89038854805726,-25.302443640703718,-33.852553844218086,25.302443640703718,33.852553844218086
The Dadra and Nagar Haveli and Daman and Diu,2021,Urban,Not Literate,68.6,100.0,-31.400000000000006,-39.89038854805726,-39.706828926593744,-42.39632685081036,8.306828926593738,10.996326850810355
The Dadra and Nagar Haveli and Daman and Diu,2021,Urban,Literate & Upto Primary,19.1,91.8,-72.69999999999999,-39.89038854805726,-50.750706477614145,-53.3974729018651,-21.949293522385844,-19.302527098134888
The Dadra and Nagar Haveli and Daman and Diu,2021,Urban,Middle,25.9,84.3,-58.4,-39.89038854805726,-51.76682892659373,-55.15780165122723,-6.633171073406267,-3.2421983487727672
The Dadra and Nagar Haveli and Daman and Diu,2021,Urban,Secondary,22.1,89.8,-67.69999999999999,-39.89038854805726,-43.90989015108353,-46.425641480200895,-23.790109848916458,-21.274358519799094
The Dadra and Nagar Haveli and Daman and Diu,2021,Urban,Higher Secondary,22.6,87.5,-64.9,-39.89038854805726,-41.69886974292026,-42.23359289849631,-23.201130257079747,-22.666407101503694
The Dadra and Nagar Haveli and Daman and Diu,2021,Urban,Diploma/ Certificate Course,0.0,100.0,-100.0,-39.89038854805726,-26.676562429652826,-33.648658740993916,-73.32343757034718,-66.35134125900609
The Dadra and Nagar Haveli and Daman and Diu,2021,Urban,Graduate,31.5,89.8,-58.3,-39.89038854805726,-42.157849334756996,-41.0931818389414,-16.142150665243,-17.2068181610586
The Dadra and Nagar Haveli and Daman and Diu,2021,Urban,Post Graduate & Above,75.8,91.9,-16.10000000000001,-39.89038854805726,-31.11437994700192,-29.479084350554324,15.01437994700191,13.379084350554315
Tripura,2021,Rural,Not Literate,30.5,68.7,-38.2,-39.95669734151329,-33.37057764164611,-28.528524214827296,-4.829422358353895,-9.671475785172706
Tripura,2021,Rural,Literate & Upto Primary,32.2,81.6,-49.39999999999999,-39.95669734151329,-44.48088376409509,-40.847572457883544,-4.919116235904902,-8.552427542116448
Tripura,2021,Rural,Middle,25.9,80.2,-54.300000000000004,-39.95669734151329,-45.36598580491142,-43.94696979083368,-8.934014195088587,-10.353030209166327
Tripura,2021,Rural,Secondary,22.4,66.4,-44.00000000000001,-39.95669734151329,-37.734965396748144,-37.63442520687071,-6.265034603251863,-6.365574793129298
Tripura,2021,Rural,Higher Secondary,17.2,59.3,-42.099999999999994,-39.95669734151329,-35.6840470294012,-38.07327577121794,-6.415952970598795,-4.026724228782051
Tripura,2021,Rural,Diploma/ Certificate Course,0.0,100.0,-100.0,-39.95669734151329,-20.981053558370938,-29.785282258429252,-79.01894644162905,-70.21471774157075
Tripura,2021,Rural,Graduate,52.0,91.9,-39.900000000000006,-39.95669734151329,-36.155577641646104,-38.36559828547654,-3.7444223583539014,-1.5344017145234687
Tripura,2021,Rural,Post Graduate & Above,26.5,94.1,-67.6,-39.95669734151329,-24.608536825319586,-33.23727625351909,-42.991463174680405,-34.3627237464809
Tripura,2021,Urban,Not Literate,15.0,81.1,-66.1,-39.95669734151329,-39.977569428205626,-43.02310383382266,-26.122430571794368,-23.076896166177335
Tripura,2021,Urban,Literate & Upto Primary,27.7,74.0,-46.3,-39.95669734151329,-51.08787555065461,-54.12199247756223,4.787875550654611,7.821992477562233
Tripura,2021,Urban,Middle,13.3,77.0,-63.7,-39.95669734151329,-51.972977591470936,-55.257173545546586,-11.727022408529066,-8.442826454453417
Tripura,2021,Urban,Secondary,9.6,64.0,-54.4,-39.95669734151329,-44.34195718330766,-46.61899921243363,-10.058042816692335,-7.78100078756637
Tripura,2021,Urban,Higher Secondary,8.8,69.7,-60.900000000000006,-39.95669734151329,-42.29103881596072,-42.69804644559589,-18.608961184039288,-18.201953554404113
Tripura,2021,Urban,Diploma/ Certificate Course,60.0,54.7,5.299999999999997,-39.95669734151329,-27.588045344930457,-34.13036453512037,32.888045344930454,39.43036453512037
Tripura,2021,Urban,Graduate,26.8,73.5,-46.7,-39.95669734151329,-42.762569428205616,-41.27605864461543,-3.937430571794387,-5.423941355384571
Tripura,2021,Urban,Post Graduate & Above,39.0,83.6,-44.599999999999994,-39.95669734151329,-31.215528611879105,-29.203167355690432,-13.38447138812089,-15.396832644309562
Uttar Pradesh,2021,Rural,Not Literate,39.5,83.3,-43.8,-39.538139059304704,-32.78760801990046,-27.78725043942065,-11.012391980099537,-16.012749560579348
Uttar Pradesh,2021,Rural,Literate & Upto Primary,28.9,83.1,-54.199999999999996,-39.538139059304704,-44.06342434643108,-40.64562685154164,-10.136575653568919,-13.554373148458353
Uttar Pradesh,2021,Rural,Middle,24.5,79.3,-54.8,-39.538139059304704,-45.11995495867596,-43.79605703770331,-9.680045041324036,-11.00394296229669
Uttar Pradesh,2021,Rural,Secondary,13.7,66.9,-53.2,-39.538139059304704,-37.51424067296168,-37.90463584880878,-15.685759327038326,-15.295364151191222
Uttar Pradesh,2021,Rural,Higher Secondary,17.2,65.9,-48.7,-39.538139059304704,-35.43699577500249,-38.042764921287535,-13.263004224997516,-10.657235078712468
Uttar Pradesh,2021,Rural,Diploma/ Certificate Course,26.9,70.8,-43.9,-39.538139059304704,-20.535672324092868,-29.243783323668907,-23.36432767590713,-14.656216676331091
Uttar Pradesh,2021,Rural,Graduate,22.7,89.0,-66.3,-39.538139059304704,-35.49852638724738,-37.42321362847244,-30.801473612752616,-28.876786371527558
Uttar Pradesh,2021,Rural,Post Graduate & Above,30.8,92.1,-61.3,-39.538139059304704,-23.780465162757594,-32.47581685843527,-37.519534837242404,-28.824183141564724
Uttar Pradesh,2021,Urban,Not Literate,15.8,83.0,-67.2,-39.538139059304704,-39.43766329624371,-41.65392968549871,-27.76233670375629,-25.546070314501293
Uttar Pradesh,2021,Urban,Literate & Upto Primary,17.1,89.2,-72.1,-39.538139059304704,-50.71347962277433,-53.6010409689464,-21.386520377225665,-18.498959031053595
Uttar Pradesh,2021,Urban,Middle,6.6,76.0,-69.4,-39.538139059304704,-51.770010235019214,-55.06982880403798,-17.62998976498079,-14.330171195962023
Uttar Pradesh,2021,Urban,Secondary,7.9,59.8,-51.9,-39.538139059304704,-44.16429594930493,-46.908924571357815,-7.73570405069507,-4.9910754286421835
Uttar Pradesh,2021,Urban,Higher Secondary,7.8,53.9,-46.1,-39.538139059304704,-42.08705105134574,-42.772069047073835,-4.012948948654262,-3.3279309529261667
Uttar Pradesh,2021,Urban,Diploma/ Certificate Course,38.8,89.1,-50.3,-39.538139059304704,-27.18572760043612,-33.727067183304065,-23.114272399563877,-16.572932816695932
Uttar Pradesh,2021,Urban,Graduate,15.2,77.0,-61.8,-39.538139059304704,-42.14858166359063,-40.604151559231305,-19.651418336409364,-21.195848440768692
Uttar Pradesh,2021,Urban,Post Graduate & Above,28.3,86.4,-58.10000000000001,-39.538139059304704,-30.430520439100846,-28.84413395683405,-27.669479560899163,-29.25586604316596
Uttarakhand,2021,Rural,Not Literate,41.9,70.2,-28.300000000000004,-39.766743353783234,-33.09593582840293,-28.54499165439227,4.795935828402925,0.24499165439226545
Uttarakhand,2021,Rural,Literate & Upto Primary,43.2,71.5,-28.299999999999997,-39.766743353783234,-44.519915420239656,-40.89354832565527,16.21991542023966,12.59354832565527
Uttarakhand,2021,Rural,Middle,43.2,70.5,-27.299999999999997,-39.766743353783234,-45.66562970595393,-44.74672285035041,18.365629705953936,17.44672285035041
Uttarakhand,2021,Rural,Secondary,30.9,65.7,-34.800000000000004,-39.766743353783234,-37.95379297126007,-38.18314325292528,3.153792971260067,3.3831432529252723
Uttarakhand,2021,Rural,Higher Secondary,22.7,69.6,-46.89999999999999,-39.766743353783234,-35.77369093044374,-38.58857645802824,-11.12630906955625,-8.311423541971749
Uttarakhand,2021,Rural,Diploma/ Certificate Course,64.8,95.9,-31.10000000000001,-39.766743353783234,-20.190595623910706,-29.717736701576968,-10.909404376089302,-1.382263298423041
Uttarakhand,2021,Rural,Graduate,33.0,86.4,-53.400000000000006,-39.766743353783234,-36.158282767178434,-38.64176648843901,-17.24171723282157,-14.758233511560995
Uttarakhand,2021,Rural,Post Graduate & Above,47.3,97.4,-50.10000000000001,-39.766743353783234,-24.350221542688637,-32.82944246304499,-25.749778457311372,-17.270557536955017
Uttarakhand,2021,Urban,Not Literate,12.5,75.4,-62.900000000000006,-39.766743353783234,-39.43434030947057,-41.73048208083525,-23.465659690529435,-21.169517919164754
Uttarakhand,2021,Urban,Literate & Upto Primary,19.5,78.6,-59.099999999999994,-39.766743353783234,-50.8583199013073,-53.783756990814254,-8.241680098692697,-5.31624300918574
Uttarakhand,2021,Urban,Middle,8.0,63.7,-55.7,-39.766743353783234,-52.004034187021574,-55.78596779478367,-3.6959658129784287,0.08596779478367012
Uttarakhand,2021,Urban,Secondary,8.8,61.1,-52.3,-39.766743353783234,-44.29219745232771,-46.33140435102749,-8.007802547672284,-5.96859564897251
Uttarakhand,2021,Urban,Higher Secondary,10.8,54.3,-43.5,-39.766743353783234,-42.11209541151138,-42.74027041504059,-1.3879045884886168,-0.759729584959409
Uttarakhand,2021,Urban,Diploma/ Certificate Course,42.8,100.0,-57.2,-39.766743353783234,-26.529000104978348,-33.46390225972903,-30.670999895021655,-23.73609774027097
Uttarakhand,2021,Urban,Graduate,24.4,81.9,-57.50000000000001,-39.766743353783234,-42.496687248246076,-41.36096927000533,-15.003312751753931,-16.13903072999468
Uttarakhand,2021,Urban,Post Graduate & Above,54.7,80.7,-26.0,-39.766743353783234,-30.688626023756278,-29.401848288524846,4.688626023756278,3.401848288524846
West Bengal,2021,Rural,Not Literate,36.7,79.2,-42.5,-39.757208588957056,-32.995956439353876,-27.39396397548935,-9.504043560646124,-15.10603602451065
West Bengal,2021,Rural,Literate & Upto Primary,35.2,92.0,-56.8,-39.757208588957056,-44.25932378629263,-40.263679897809325,-12.540676213707364,-16.536320102190672
West Bengal,2021,Rural,Middle,20.0,80.0,-60.0,-39.757208588957056,-45.16585439853753,-43.90738679511739,-14.834145601462467,-16.09261320488261
West Bengal,2021,Rural,Secondary,18.1,70.3,-52.199999999999996,-39.757208588957056,-37.490344194455915,-37.53762980186836,-14.709655805544081,-14.662370198131633
West Bengal,2021,Rural,Higher Secondary,17.9,68.2,-50.300000000000004,-39.757208588957056,-35.41126256180284,-38.34593175793935,-14.888737438197161,-11.954068242060657
West Bengal,2021,Rural,Diploma/ Certificate Course,74.3,85.4,-11.100000000000009,-39.757208588957056,-20.355337624423452,-29.37390026688049,9.255337624423444,18.27390026688048
West Bengal,2021,Rural,Graduate,33.5,88.9,-55.400000000000006,-39.757208588957056,-35.90075235772122,-37.800307589754645,-19.49924764227879,-17.59969241024536
West Bengal,2021,Rural,Post Graduate & Above,47.8,93.9,-46.10000000000001,-39.757208588957056,-24.260650316904886,-32.81302317164997,-21.839349683095122,-13.286976828350042
West Bengal,2021,Urban,Not Literate,29.5,79.8,-50.3,-39.757208588957056,-39.78103394664924,-42.79305253591661,-10.51896605335076,-7.506947464083389
West Bengal,2021,Urban,Literate & Upto Primary,31.6,88.8,-57.199999999999996,-39.757208588957056,-51.044401293587995,-54.32639592627599,-6.155598706412,-2.873604073724003
West Bengal,2021,Urban,Middle,19.1,78.2,-59.1,-39.757208588957056,-51.95093190583289,-55.092746497374314,-7.149068094167113,-4.007253502625687
West Bengal,2021,Urban,Secondary,14.2,68.4,-54.2,-39.757208588957056,-44.27542170175127,-46.350589845532134,-9.924578298248733,-7.8494101544678685
West Bengal,2021,Urban,Higher Secondary,18.7,63.3,-44.599999999999994,-39.757208588957056,-42.196340069098206,-43.09370757002199,-2.4036599309017888,-1.5062924299780036
West Bengal,2021,Urban,Diploma/ Certificate Course,23.5,76.9,-53.400000000000006,-39.757208588957056,-27.14041513171881,-33.74143990349577,-26.259584868281195,-19.65856009650424
West Bengal,2021,Urban,Graduate,30.5,80.1,-49.599999999999994,-39.757208588957056,-42.68582986501657,-41.0470515222099,-6.914170134983422,-8.552948477790096
West Bengal,2021,Urban,Post Graduate & Above,48.8,81.8,-33.0,-39.757208588957056,-31.04572782420025,-29.440367498709243,-1.9542721757997512,-3.559632501290757
Andaman and Nicobar Islands,2020,Rural,Not Literate,33.4,78.6,-45.199999999999996,-40.10058793456033,-35.13019032692695,-28.404880808834232,-10.069809673073046,-16.795119191165764
Andaman and Nicobar Islands,2020,Rural,Literate & Upto Primary,47.8,80.2,-32.400000000000006,-40.10058793456033,-46.4715168575392,-41.676981835143486,14.071516857539194,9.27698183514348
Andaman and Nicobar Islands,2020,Rural,Middle,49.6,80.0,-30.4,-40.10058793456033,-47.3849862452943,-44.172233168732305,16.9849862452943,13.772233168732306
Andaman and Nicobar Islands,2020,Rural,Secondary,1.9,67.1,-65.19999999999999,-40.10058793456033,-39.76580257182492,-37.737494132127885,-25.434197428175068,-27.462505867872103
Andaman and Nicobar Islands,2020,Rural,Higher Secondary,38.0,62.9,-24.9,-40.10058793456033,-37.81835359223308,-37.61166530357746,12.918353592233082,12.711665303577462
Andaman and Nicobar Islands,2020,Rural,Diploma/ Certificate Course,79.9,91.6,-11.699999999999989,-40.10058793456033,-22.53366012530915,-30.024618225837834,10.833660125309162,18.324618225837845
Andaman and Nicobar Islands,2020,Rural,Graduate,78.1,86.7,-8.600000000000009,-40.10058793456033,-38.69723114325348,-39.99109461720471,30.097231143253474,31.3910946172047
Andaman and Nicobar Islands,2020,Rural,Post Graduate & Above,100.0,100.0,0.0,-40.10058793456033,-27.067741347335108,-29.99136673175742,27.067741347335108,29.99136673175742
Andaman and Nicobar Islands,2020,Urban,Not Literate,27.6,83.0,-55.4,-40.10058793456033,-41.57798576732429,-43.311768201145235,-13.822014232675706,-12.088231798854764
Andaman and Nicobar Islands,2020,Urban,Literate & Upto Primary,30.4,91.9,-61.50000000000001,-40.10058793456033,-52.91931229793654,-54.61097060105949,-8.580687702063464,-6.889029398940515
Andaman and Nicobar Islands,2020,Urban,Middle,30.6,88.6,-57.99999999999999,-40.10058793456033,-53.832781685691636,-56.329480528261264,-4.167218314308357,-1.6705194717387286
Andaman and Nicobar Islands,2020,Urban,Secondary,26.0,77.0,-51.0,-40.10058793456033,-46.21359801222225,-48.55614419504519,-4.786401987777751,-2.443855804954808
Andaman and Nicobar Islands,2020,Urban,Higher Secondary,33.1,62.1,-29.0,-40.10058793456033,-44.266149032630416,-41.78437043444988,15.266149032630416,12.784370434449883
Andaman and Nicobar Islands,2020,Urban,Diploma/ Certificate Course,44.8,84.8,-40.0,-40.10058793456033,-28.981455565706483,-34.074430835830064,-11.018544434293517,-5.925569164169936
Andaman and Nicobar Islands,2020,Urban,Graduate,63.2,86.6,-23.39999999999999,-40.10058793456033,-45.14502658365082,-42.26361396876426,21.745026583650827,18.86361396876427
Andaman and Nicobar Islands,2020,Urban,Post Graduate & Above,88.3,89.9,-1.6000000000000085,-40.10058793456033,-33.515536787732444,-27.58556755822427,31.915536787732435,25.98556755822426
Andhra Pradesh,2020,Rural,Not Literate,57.4,77.4,-20.000000000000007,-40.0069018404908,-35.44210413598719,-29.852803383982753,15.44210413598718,9.852803383982746
Andhra Pradesh,2020,Rural,Literate & Upto Primary,60.2,89.6,-29.39999999999999,-40.0069018404908,-46.6144510747627,-41.476805218036546,17.214451074762707,12.076805218036554
Andhra Pradesh,2020,Rural,Middle,48.9,84.0,-35.1,-40.0069018404908,-47.46894087068107,-44.60931250416144,12.368940870681065,9.509312504161436
Andhra Pradesh,2020,Rural,Secondary,39.8,69.9,-30.10000000000001,-40.0069018404908,-39.76730821761984,-37.99695485304151,9.667308217619833,7.8969548530415
Andhra Pradesh,2020,Rural,Higher Secondary,23.9,46.2,-22.300000000000004,-40.0069018404908,-37.85516536047698,-37.098087884331775,15.555165360476977,14.798087884331771
Andhra Pradesh,2020,Rural,Diploma/ Certificate Course,45.3,92.4,-47.10000000000001,-40.0069018404908,-22.22995573537944,-29.601147512699132,-24.870044264620567,-17.498852487300876
Andhra Pradesh,2020,Rural,Graduate,40.5,91.9,-51.400000000000006,-40.0069018404908,-37.99343066659942,-38.66773826787415,-13.406569333400583,-12.732261732125856
Andhra Pradesh,2020,Rural,Post Graduate & Above,82.9,98.6,-15.699999999999989,-40.0069018404908,-26.415573523742303,-28.979069985492803,10.715573523742314,13.279069985492814
Andhra Pradesh,2020,Urban,Not Literate,38.8,76.6,-37.8,-40.0069018404908,-41.97242144940567,-43.35390627556189,4.172421449405675,5.553906275561893
Andhra Pradesh,2020,Urban,Literate & Upto Primary,29.3,90.1,-60.8,-40.0069018404908,-53.14476838818118,-54.94284139412867,-7.65523161181882,-5.8571586058713265
Andhra Pradesh,2020,Urban,Middle,26.1,79.7,-53.6,-40.0069018404908,-53.999258184099546,-56.50943833469002,0.39925818409954417,2.909438334690016
Andhra Pradesh,2020,Urban,Secondary,16.8,69.8,-53.0,-40.0069018404908,-46.29762553103832,-48.857616057647064,-6.702374468961679,-4.142383942352936
Andhra Pradesh,2020,Urban,Higher Secondary,16.3,46.5,-30.2,-40.0069018404908,-44.38548267389546,-41.816084316948874,14.18548267389546,11.616084316948875
Andhra Pradesh,2020,Urban,Diploma/ Certificate Course,37.1,82.0,-44.9,-40.0069018404908,-28.76027304879792,-34.101952623737176,-16.13972695120208,-10.798047376262822
Andhra Pradesh,2020,Urban,Graduate,40.7,82.7,-42.0,-40.0069018404908,-44.5237479800179,-41.56413177664773,2.5237479800179017,-0.4358682233522728
Andhra Pradesh,2020,Urban,Post Graduate & Above,67.3,96.1,-28.799999999999997,-40.0069018404908,-32.94589083716078,-27.17822620844258,4.145890837160785,-1.6217737915574162
Arunachal Pradesh,2020,Rural,Not Literate,33.4,88.9,-55.50000000000001,-40.20352760736196,-34.94627531273129,-28.423649381698354,-20.55372468726872,-27.076350618301653
Arunachal Pradesh,2020,Rural,Literate & Upto Primary,28.1,88.7,-60.6,-40.20352760736196,-46.25882633313944,-40.619061060112614,-14.341173666860563,-19.980938939887388
Arunachal Pradesh,2020,Rural,Middle,20.7,71.1,-50.39999999999999,-40.20352760736196,-47.603724292323115,-44.25095146235991,-2.7962757076768767,-6.149048537640084
Arunachal Pradesh,2020,Rural,Secondary,21.4,62.2,-40.800000000000004,-40.20352760736196,-39.95535694538434,-38.13709818573694,-0.8446430546156662,-2.6629018142630656
Arunachal Pradesh,2020,Rural,Higher Secondary,24.0,55.4,-31.4,-40.20352760736196,-37.957499802527195,-37.2614932581084,6.557499802527197,5.861493258108403
Arunachal Pradesh,2020,Rural,Diploma/ Certificate Course,0.0,0.0,0.0,-40.20352760736196,-23.05161428534241,-30.521943510502435,23.05161428534241,30.521943510502435
Arunachal Pradesh,2020,Rural,Graduate,67.3,90.6,-23.299999999999997,-40.20352760736196,-38.63066306783331,-39.49655412714493,15.330663067833314,16.196554127144935
Arunachal Pradesh,2020,Rural,Post Graduate & Above,87.2,91.3,-4.099999999999994,-40.20352760736196,-27.025050822935363,-29.524911141196426,22.92505082293537,25.424911141196432
Arunachal Pradesh,2020,Urban,Not Literate,21.3,65.4,-44.10000000000001,-40.20352760736196,-41.46067732127621,-43.27225857610809,-2.6393226787238007,-0.8277414238919221
Arunachal Pradesh,2020,Urban,Literate & Upto Primary,10.7,77.6,-66.89999999999999,-40.20352760736196,-52.773228341684366,-53.812055720244004,-14.126771658315626,-13.087944279755988
Arunachal Pradesh,2020,Urban,Middle,15.5,62.6,-47.1,-40.20352760736196,-54.11812630086804,-56.393895515549325,7.01812630086804,9.293895515549323
Arunachal Pradesh,2020,Urban,Secondary,13.2,58.7,-45.5,-40.20352760736196,-46.469758953929265,-48.83731586063748,0.969758953929265,3.3373158606374815
Arunachal Pradesh,2020,Urban,Higher Secondary,22.9,52.6,-29.700000000000003,-40.20352760736196,-44.471901811072115,-42.23028803478172,14.771901811072112,12.53028803478172
Arunachal Pradesh,2020,Urban,Diploma/ Certificate Course,63.3,95.9,-32.60000000000001,-40.20352760736196,-29.566016293887333,-34.33741938403981,-3.033983706112675,1.7374193840398036
Arunachal Pradesh,2020,Urban,Graduate,62.9,84.6,-21.699999999999996,-40.20352760736196,-45.14506507637824,-41.97203456518389,23.445065076378242,20.272034565183894
Arunachal Pradesh,2020,Urban,Post Graduate & Above,66.4,83.5,-17.099999999999994,-40.20352760736196,-33.53945283148029,-27.693896721479252,16.439452831480295,10.593896721479258
Assam,2020,Rural,Not Literate,29.3,78.7,-49.400000000000006,-39.86255112474437,-34.7451141969017,-28.362662376373798,-14.654885803098303,-21.037337623626208
Assam,2020,Rural,Literate & Upto Primary,26.0,89.5,-63.5,-39.86255112474437,-45.88256317649355,-40.86365296058761,-17.617436823506452,-22.636347039412392
Assam,2020,Rural,Middle,21.7,80.4,-58.7,-39.86255112474437,-46.96297133975885,-43.78663463345443,-11.737028660241151,-14.91336536654557
Assam,2020,Rural,Secondary,22.7,66.9,-44.2,-39.86255112474437,-39.48746113567722,-37.87280252738133,-4.712538864322781,-6.327197472618671
Assam,2020,Rural,Higher Secondary,22.9,69.0,-46.1,-39.86255112474437,-37.42246113567721,-36.4025134515607,-8.677538864322791,-9.6974865484393
Assam,2020,Rural,Diploma/ Certificate Course,80.3,39.4,40.9,-39.86255112474437,-23.031673963665504,-30.166091544570047,63.9316739636655,71.06609154457004
Assam,2020,Rural,Graduate,52.9,90.8,-37.9,-39.86255112474437,-37.94235909486088,-38.96809534122722,0.04235909486088474,1.0680953412272203
Assam,2020,Rural,Post Graduate & Above,26.0,98.0,-72.0,-39.86255112474437,-26.39307338057519,-28.509626351297115,-45.60692661942481,-43.490373648702885
Assam,2020,Urban,Not Literate,13.8,73.7,-59.900000000000006,-39.86255112474437,-41.46707698691452,-43.292776148122336,-18.432923013085485,-16.60722385187767
Assam,2020,Urban,Literate & Upto Primary,20.6,89.8,-69.19999999999999,-39.86255112474437,-52.60452596650636,-54.71593010599016,-16.59547403349363,-14.484069894009828
Assam,2020,Urban,Middle,11.8,78.8,-67.0,-39.86255112474437,-53.68493412977167,-56.13261118923707,-13.31506587022833,-10.867388810762932
Assam,2020,Urban,Secondary,15.3,60.1,-44.8,-39.86255112474437,-46.20942392569003,-49.10839463317895,1.4094239256900352,4.308394633178956
Assam,2020,Urban,Higher Secondary,17.6,70.4,-52.800000000000004,-39.86255112474437,-44.14442392569002,-41.389902762578586,-8.655576074309984,-11.410097237421418
Assam,2020,Urban,Diploma/ Certificate Course,76.3,86.1,-9.799999999999997,-39.86255112474437,-29.753636753678318,-34.61761231528842,19.95363675367832,24.81761231528842
Assam,2020,Urban,Graduate,33.7,81.7,-48.0,-39.86255112474437,-44.6643218848737,-41.73278482353463,-3.3356781151262993,-6.2672151764653705
Assam,2020,Urban,Post Graduate & Above,49.5,89.8,-40.3,-39.86255112474437,-33.115036170588,-27.347142674605838,-7.184963829411998,-12.95285732539416
Bihar,2020,Rural,Not Literate,15.4,88.9,-73.5,-39.58849693251534,-34.210594484069595,-27.811366046264645,-39.289405515930405,-45.688633953735355
Bihar,2020,Rural,Literate & Upto Primary,10.3,85.6,-75.3,-39.58849693251534,-45.55090060651858,-40.49958151845047,-29.749099393481416,-34.80041848154953
Bihar,2020,Rural,Middle,7.4,67.7,-60.300000000000004,-39.58849693251534,-46.88579856570226,-43.727374033032255,-13.414201434297745,-16.57262596696775
Bihar,2020,Rural,Secondary,6.3,56.6,-50.300000000000004,-39.58849693251534,-39.35355366774307,-37.610230788102385,-10.946446332256933,-12.68976921189762
Bihar,2020,Rural,Higher Secondary,5.4,47.5,-42.1,-39.58849693251534,-37.372431218763474,-37.02740144552793,-4.727568781236528,-5.072598554472073
Bihar,2020,Rural,Diploma/ Certificate Course,100.0,14.0,86.0,-39.58849693251534,-22.678278958261664,-29.617925528894144,108.67827895826167,115.61792552889415
Bihar,2020,Rural,Graduate,7.8,73.1,-65.3,-39.58849693251534,-37.33130876978388,-37.98170838659121,-27.968691230216116,-27.31829161340879
Bihar,2020,Rural,Post Graduate & Above,35.1,36.8,-1.6999999999999957,-39.58849693251534,-25.80875774937573,-28.909392615192683,24.108757749375734,27.209392615192687
Bihar,2020,Urban,Not Literate,7.0,80.7,-73.7,-39.58849693251534,-41.052818918055394,-42.71182606735542,-32.64718108194461,-30.988173932644585
Bihar,2020,Urban,Literate & Upto Primary,2.0,88.5,-86.5,-39.58849693251534,-52.39312504050439,-54.14940285962642,-34.10687495949561,-32.35059714037358
Bihar,2020,Urban,Middle,4.8,68.0,-63.2,-39.58849693251534,-53.72802299968806,-56.38009852249961,-9.471977000311945,-6.8199014775003945
Bihar,2020,Urban,Secondary,2.7,58.7,-56.0,-39.58849693251534,-46.19577810172886,-48.94687580504778,-9.804221898271138,-7.053124194952218
Bihar,2020,Urban,Higher Secondary,4.7,39.7,-35.0,-39.58849693251534,-44.21465565274927,-42.12912002590607,9.214655652749272,7.129120025906069
Bihar,2020,Urban,Diploma/ Certificate Course,0.0,61.8,-61.8,-39.58849693251534,-29.520503392247463,-34.506500797029325,-32.279496607752534,-27.293499202970672
Bihar,2020,Urban,Graduate,12.2,79.9,-67.7,-39.58849693251534,-44.17353320376968,-41.31306962762028,-23.526466796230324,-26.386930372379723
Bihar,2020,Urban,Post Graduate & Above,43.5,72.2,-28.700000000000003,-39.58849693251534,-32.65098218336153,-27.46342576922136,3.950982183361525,-1.2365742307786434
Chandigarh,2020,Rural,Not Literate,25.9,71.5,-45.6,-39.647499999999994,-35.00877165819303,-28.85257462940549,-10.591228341806975,-16.747425370594513
Chandigarh,2020,Rural,Literate & Upto Primary,12.6,100.0,-87.4,-39.647499999999994,-45.80378184149242,-40.61514299557729,-41.59621815850758,-46.78485700442272
Chandigarh,2020,Rural,Middle,19.9,96.9,-77.0,-39.647499999999994,-46.800930517663495,-43.275063986139585,-30.199069482336505,-33.724936013860415
Chandigarh,2020,Rural,Secondary,11.8,59.0,-47.2,-39.647499999999994,-39.30215251359017,-37.50914915085958,-7.89784748640983,-9.690850849140425
Chandigarh,2020,Rural,Higher Secondary,1.2,74.3,-73.1,-39.647499999999994,-37.09431137306064,-36.25727042076282,-36.00568862693935,-36.84272957923717
Chandigarh,2020,Rural,Diploma/ Certificate Course,0.0,0.0,0.0,-39.647499999999994,-22.0599932451518,-29.136123605488418,22.0599932451518,29.136123605488418
Chandigarh,2020,Rural,Graduate,30.3,100.0,-69.7,-39.647499999999994,-37.60480017143132,-38.09788107649568,-32.09519982856868,-31.60211892350432
Chandigarh,2020,Rural,Post Graduate & Above,0.0,0.0,0.0,-39.647499999999994,-25.755003837419103,-29.176966939879865,25.755003837419103,29.176966939879865
Chandigarh,2020,Urban,Not Literate,20.2,66.8,-46.599999999999994,-39.647499999999994,-41.946335368692516,-43.373013002045994,-4.653664631307478,-3.2269869979540005
Chandigarh,2020,Urban,Literate & Upto Primary,18.3,82.7,-64.4,-39.647499999999994,-52.74134555199192,-54.54481689376566,-11.658654448008086,-9.855183106234342
Chandigarh,2020,Urban,Middle,11.4,72.0,-60.6,-39.647499999999994,-53.738494228162985,-56.10239675824063,-6.861505771837017,-4.497603241759371
Chandigarh,2020,Urban,Secondary,12.2,62.1,-49.900000000000006,-39.647499999999994,-46.23971622408967,-49.00184805611429,-3.6602837759103366,-0.8981519438857148
Chandigarh,2020,Urban,Higher Secondary,16.4,50.3,-33.9,-39.647499999999994,-44.03187508356014,-41.865361161934416,10.13187508356014,7.965361161934418
Chandigarh,2020,Urban,Diploma/ Certificate Course,57.9,100.0,-42.1,-39.647499999999994,-28.99755695565129,-34.48879853268259,-13.10244304434871,-7.611201467317414
Chandigarh,2020,Urban,Graduate,33.6,71.2,-37.6,-39.647499999999994,-44.54236388193081,-41.67859863655415,6.9423638819308096,4.078598636554148
Chandigarh,2020,Urban,Post Graduate & Above,60.5,85.1,-24.599999999999994,-39.647499999999994,-32.69256754791859,-27.21299966602043,8.092567547918598,2.6129996660204355
Chhattisgarh,2020,Rural,Not Literate,69.5,72.3,-2.799999999999997,-40.028604294478534,-35.79923303861777,-29.592399448542952,32.999233038617774,26.792399448542955
Chhattisgarh,2020,Rural,Literate & Upto Primary,76.6,90.7,-14.100000000000009,-40.028604294478534,-47.01647793657695,-42.13882583153194,32.91647793657694,28.03882583153193
Chhattisgarh,2020,Rural,Middle,56.9,80.6,-23.699999999999996,-40.028604294478534,-47.737294263107586,-44.78815242532797,24.03729426310759,21.088152425327976
Chhattisgarh,2020,Rural,Secondary,37.7,64.7,-27.0,-40.028604294478534,-39.962396303923896,-38.18325088180587,12.962396303923896,11.183250881805868
Chhattisgarh,2020,Rural,Higher Secondary,35.8,65.5,-29.700000000000003,-40.028604294478534,-37.67698814065859,-37.20561794047583,7.976988140658584,7.50561794047583
Chhattisgarh,2020,Rural,Diploma/ Certificate Course,100.0,100.0,0.0,-40.028604294478534,-22.26327607233028,-29.58951322776524,22.26327607233028,29.58951322776524
Chhattisgarh,2020,Rural,Graduate,19.3,77.4,-58.10000000000001,-40.028604294478534,-38.09402895698511,-38.31250728129472,-20.005971043014895,-19.787492718705288
Chhattisgarh,2020,Rural,Post Graduate & Above,67.2,81.5,-14.299999999999997,-40.028604294478534,-26.437600385556554,-29.01590695678512,12.137600385556556,14.715906956785123
Chhattisgarh,2020,Urban,Not Literate,34.1,74.0,-39.9,-40.028604294478534,-42.07376781732723,-43.70191062932507,2.1737678173272315,3.8019106293250715
Chhattisgarh,2020,Urban,Literate & Upto Primary,36.1,84.9,-48.800000000000004,-40.028604294478534,-53.29101271528641,-55.114457790887776,4.491012715286409,6.314457790887772
Chhattisgarh,2020,Urban,Middle,23.3,74.6,-51.3,-40.028604294478534,-54.01182904181704,-56.344128027021824,2.7118290418170403,5.044128027021827
Chhattisgarh,2020,Urban,Secondary,10.2,61.4,-51.2,-40.028604294478534,-46.236931082633355,-49.14607349170976,-4.963068917366648,-2.053926508290246
Chhattisgarh,2020,Urban,Higher Secondary,16.6,58.3,-41.699999999999996,-40.028604294478534,-43.951522919368045,-41.76671059887816,2.2515229193680497,0.0667105988781671
Chhattisgarh,2020,Urban,Diploma/ Certificate Course,0.0,92.9,-92.9,-40.028604294478534,-28.537810851039744,-34.150605886167554,-64.36218914896025,-58.74939411383245
Chhattisgarh,2020,Urban,Graduate,28.1,91.4,-63.300000000000004,-40.028604294478534,-44.36856373569457,-41.50602469947225,-18.931436264305432,-21.793975300527755
Chhattisgarh,2020,Urban,Post Graduate & Above,47.3,85.4,-38.10000000000001,-40.028604294478534,-32.71213516426601,-27.268050492255767,-5.387864835734,-10.831949507744241
Delhi,2020,Rural,Not Literate,26.6,58.7,-32.1,-39.5120654396728,-34.474644196954145,-28.99329266164087,2.3746441969541436,-3.106707338359133
Delhi,2020,Rural,Literate & Upto Primary,2.0,97.8,-95.8,-39.5120654396728,-45.325766645933726,-39.871992767753135,-50.47423335406627,-55.92800723224686
Delhi,2020,Rural,Middle,8.0,88.0,-80.0,-39.5120654396728,-46.66229725817863,-43.77239985295065,-33.33770274182137,-36.22760014704935
Delhi,2020,Rural,Secondary,0.6,56.2,-55.6,-39.5120654396728,-39.10148093164803,-38.056479391529585,-16.498519068351975,-17.543520608470416
Delhi,2020,Rural,Higher Secondary,0.0,47.9,-47.9,-39.5120654396728,-36.859542156137806,-36.59606764743638,-11.040457843862193,-11.30393235256362
Delhi,2020,Rural,Diploma/ Certificate Course,0.0,100.0,-100.0,-39.5120654396728,-22.534608061775774,-29.601506242467458,-77.46539193822423,-70.39849375753255
Delhi,2020,Rural,Graduate,49.2,71.8,-22.599999999999994,-39.5120654396728,-37.48556256430108,-38.83672959608282,14.885562564301082,16.236729596082824
Delhi,2020,Rural,Post Graduate & Above,0.0,95.4,-95.4,-39.5120654396728,-25.41525644185209,-27.765360046509123,-69.98474355814791,-67.63463995349088
Delhi,2020,Urban,Not Literate,17.4,79.7,-62.300000000000004,-39.5120654396728,-41.4961415080649,-42.86725906499757,-20.803858491935102,-19.432740935002435
Delhi,2020,Urban,Literate & Upto Primary,7.9,83.3,-75.39999999999999,-39.5120654396728,-52.347263957044476,-53.200561747809616,-23.052736042955516,-22.199438252190376
Delhi,2020,Urban,Middle,6.9,76.3,-69.39999999999999,-39.5120654396728,-53.68379456928939,-56.11811446261283,-15.716205430710602,-13.281885537387161
Delhi,2020,Urban,Secondary,7.6,65.1,-57.49999999999999,-39.5120654396728,-46.122978242758776,-48.49688912261311,-11.377021757241216,-9.00311087738688
Delhi,2020,Urban,Higher Secondary,7.2,58.9,-51.699999999999996,-39.5120654396728,-43.88103946724857,-41.51115689240259,-7.818960532751426,-10.188843107597407
Delhi,2020,Urban,Diploma/ Certificate Course,79.2,87.8,-8.599999999999994,-39.5120654396728,-29.556105372886528,-34.17950003897491,20.956105372886533,25.579500038974913
Delhi,2020,Urban,Graduate,21.4,75.8,-54.4,-39.5120654396728,-44.50705987541183,-41.22889347301587,-9.892940124588172,-13.171106526984126
Delhi,2020,Urban,Post Graduate & Above,37.4,73.5,-36.1,-39.5120654396728,-32.436753752962844,-26.553114411931254,-3.663246247037158,-9.546885588068747
Goa,2020,Rural,Not Literate,21.2,70.7,-49.5,-40.07438650306749,-35.418187136976286,-29.060191791729462,-14.081812863023714,-20.439808208270538
Goa,2020,Rural,Literate & Upto Primary,37.3,75.9,-38.60000000000001,-40.07438650306749,-46.51318713697627,-41.754815997983115,7.913187136976262,3.154815997983107
Goa,2020,Rural,Middle,15.0,70.9,-55.900000000000006,-40.07438650306749,-47.19767693289464,-44.16590000079997,-8.702323067105368,-11.734099999200033
Goa,2020,Rural,Secondary,17.1,46.1,-29.0,-40.07438650306749,-39.53992183085383,-37.86684881921995,10.539921830853828,8.866848819219953
Goa,2020,Rural,Higher Secondary,25.1,60.6,-35.5,-40.07438650306749,-37.49757489207832,-37.01648300436836,1.997574892078319,1.5164830043683608
Goa,2020,Rural,Diploma/ Certificate Course,90.0,75.9,14.099999999999994,-40.07438650306749,-22.421288602914757,-30.309758749722256,36.52128860291475,44.40975874972225
Goa,2020,Rural,Graduate,71.0,86.9,-15.900000000000006,-40.07438650306749,-38.13032999411913,-39.6153993371118,22.230329994119124,23.715399337111798
Goa,2020,Rural,Post Graduate & Above,93.3,41.7,51.599999999999994,-40.07438650306749,-27.07186060636402,-30.382746535021912,78.67186060636402,81.9827465350219
Goa,2020,Urban,Not Literate,11.6,35.0,-23.4,-40.07438650306749,-42.082385684845335,-43.84612620675684,18.682385684845336,20.446126206756844
Goa,2020,Urban,Literate & Upto Primary,19.7,69.7,-50.0,-40.07438650306749,-53.17738568484532,-54.97881376213376,3.1773856848453192,4.978813762133761
Goa,2020,Urban,Middle,11.1,74.1,-62.99999999999999,-40.07438650306749,-53.86187548076368,-56.293468168674046,-9.138124519236314,-6.706531831325947
Goa,2020,Urban,Secondary,9.4,66.2,-56.800000000000004,-40.07438650306749,-46.20412037872288,-49.10136302696147,-10.595879621277128,-7.698636973038532
Goa,2020,Urban,Higher Secondary,20.5,61.4,-40.9,-40.07438650306749,-44.16177343994736,-41.48452881105058,3.261773439947362,0.584528811050582
Goa,2020,Urban,Diploma/ Certificate Course,75.4,72.6,2.8000000000000114,-40.07438650306749,-29.085487150783806,-34.12283142294656,31.885487150783817,36.92283142294657
Goa,2020,Urban,Graduate,48.0,82.9,-34.900000000000006,-40.07438650306749,-44.79452854198817,-42.01517518137298,9.894528541988166,7.115175181372976
Goa,2020,Urban,Post Graduate & Above,79.8,100.0,-20.200000000000003,-40.07438650306749,-33.73605915423306,-27.85482877970975,13.536059154233058,7.654828779709746
Gujarat,2020,Rural,Not Literate,51.3,67.6,-16.299999999999997,-39.76339468302658,-35.29137298174139,-29.333811240728707,18.991372981741392,13.03381124072871
Gujarat,2020,Rural,Literate & Upto Primary,46.1,89.5,-43.4,-39.76339468302658,-46.408413798067926,-41.48785549990762,3.0084137980679273,-1.9121445000923813
Gujarat,2020,Rural,Middle,37.1,81.6,-44.49999999999999,-39.76339468302658,-47.32269951235364,-44.27689494400269,2.822699512353644,-0.22310505599730135
Gujarat,2020,Rural,Secondary,26.7,70.0,-43.3,-39.76339468302658,-39.54984236949649,-37.75900021929836,-3.7501576305035087,-5.54099978070164
Gujarat,2020,Rural,Higher Secondary,24.9,67.0,-42.1,-39.76339468302658,-37.54341379806792,-36.80157207991286,-4.556586201932085,-5.298427920087143
Gujarat,2020,Rural,Diploma/ Certificate Course,96.9,93.6,3.3000000000000114,-39.76339468302658,-22.288248931316375,-29.67786892169229,25.588248931316386,32.977868921692306
Gujarat,2020,Rural,Graduate,46.2,81.9,-35.7,-39.76339468302658,-37.855964818476075,-38.920500113192624,2.155964818476072,3.220500113192621
Gujarat,2020,Rural,Post Graduate & Above,44.2,89.4,-45.2,-39.76339468302658,-26.115250532761806,-28.705712666938666,-19.084749467238197,-16.494287333061337
Gujarat,2020,Urban,Not Literate,18.9,73.9,-55.00000000000001,-39.76339468302658,-41.68888667278709,-43.13877306783906,-13.311113327212915,-11.861226932160946
Gujarat,2020,Urban,Literate & Upto Primary,18.9,85.9,-67.0,-39.76339468302658,-52.80592748911364,-54.448827879335035,-14.194072510886357,-12.551172120664965
Gujarat,2020,Urban,Middle,16.4,80.8,-64.4,-39.76339468302658,-53.720213203399354,-56.26397871488735,-10.679786796600652,-8.136021285112655
Gujarat,2020,Urban,Secondary,10.7,73.1,-62.39999999999999,-39.76339468302658,-45.947356060542205,-48.80930024415017,-16.452643939457786,-13.590699755849819
Gujarat,2020,Urban,Higher Secondary,14.9,63.6,-48.7,-39.76339468302658,-43.94092748911363,-41.49013518492765,-4.759072510886369,-7.2098648150723506
Gujarat,2020,Urban,Diploma/ Certificate Course,53.2,88.6,-35.39999999999999,-39.76339468302658,-28.685762622362084,-34.006147279987545,-6.714237377637907,-1.3938527200124469
Gujarat,2020,Urban,Graduate,22.4,80.6,-58.199999999999996,-39.76339468302658,-44.253478509521784,-41.55912944752721,-13.946521490478212,-16.640870552472784
Gujarat,2020,Urban,Post Graduate & Above,44.9,88.9,-44.00000000000001,-39.76339468302658,-32.512764223807515,-26.849717473746274,-11.487235776192492,-17.150282526253733
Haryana,2020,Rural,Not Literate,20.9,66.2,-45.300000000000004,-39.56909509202455,-34.86720375533866,-28.822011493935744,-10.432796244661347,-16.47798850606426
Haryana,2020,Rural,Literate & Upto Primary,31.5,88.4,-56.900000000000006,-39.56909509202455,-45.91179559207336,-40.72562143740458,-10.988204407926645,-16.17437856259543
Haryana,2020,Rural,Middle,13.4,69.6,-56.199999999999996,-39.56909509202455,-47.06138742880805,-43.993052635407004,-9.138612571191949,-12.206947364592992
Haryana,2020,Rural,Secondary,9.5,68.5,-59.0,-39.56909509202455,-39.23791804105295,-37.56248268560867,-19.76208195894705,-21.43751731439133
Haryana,2020,Rural,Higher Secondary,12.5,70.6,-58.099999999999994,-39.56909509202455,-37.11291804105294,-36.638387088896614,-20.98708195894705,-21.46161291110338
Haryana,2020,Rural,Diploma/ Certificate Course,32.7,84.4,-51.7,-39.56909509202455,-21.772721761333877,-29.46677154177874,-29.927278238666126,-22.233228458221262
Haryana,2020,Rural,Graduate,19.2,79.0,-59.8,-39.56909509202455,-37.567509877787636,-38.377325299322166,-22.23249012221236,-21.42267470067783
Haryana,2020,Rural,Post Graduate & Above,37.9,73.7,-35.800000000000004,-39.56909509202455,-25.85414253084887,-28.33948213357364,-9.945857469151136,-7.460517866426365
Haryana,2020,Urban,Not Literate,21.1,63.1,-42.0,-39.56909509202455,-41.62211386654061,-43.27119687319126,-0.37788613345939126,1.2711968731912577
Haryana,2020,Urban,Literate & Upto Primary,13.1,81.8,-68.7,-39.56909509202455,-52.66670570327531,-54.21238630615335,-16.03329429672469,-14.487613693846654
Haryana,2020,Urban,Middle,14.2,69.5,-55.3,-39.56909509202455,-53.816297540010005,-56.5126069211836,-1.483702459989992,1.2126069211835997
Haryana,2020,Urban,Secondary,10.4,63.3,-52.9,-39.56909509202455,-45.9928281522549,-49.048099487137065,-6.907171847745097,-3.851900512862933
Haryana,2020,Urban,Higher Secondary,9.7,59.7,-50.0,-39.56909509202455,-43.8678281522549,-41.41718231436083,-6.132171847745099,-8.58281768563917
Haryana,2020,Urban,Diploma/ Certificate Course,32.6,83.8,-51.199999999999996,-39.56909509202455,-28.527631872535828,-33.90849476596327,-22.672368127464168,-17.291505234036727
Haryana,2020,Urban,Graduate,23.8,76.7,-52.900000000000006,-39.56909509202455,-44.32241998898959,-41.48495543896655,-8.577580011010419,-11.415044561033454
Haryana,2020,Urban,Post Graduate & Above,43.7,88.9,-45.2,-39.56909509202455,-32.60905264205082,-26.74429345815885,-12.590947357949183,-18.455706541841153
Himachal Pradesh,2020,Rural,Not Literate,54.1,59.8,-5.699999999999996,-40.32487218813906,-35.84859239227512,-29.383541186673888,30.148592392275127,23.683541186673892
Himachal Pradesh,2020,Rural,Literate & Upto Primary,77.9,90.3,-12.399999999999991,-40.32487218813906,-47.312980147377175,-42.20546294020643,34.91298014737718,29.80546294020644
Himachal Pradesh,2020,Rural,Middle,67.1,85.4,-18.30000000000001,-40.32487218813906,-48.21073524941798,-45.41445013099973,29.910735249417968,27.11445013099972
Himachal Pradesh,2020,Rural,Secondary,64.9,77.5,-12.599999999999994,-40.32487218813906,-40.44869443309146,-38.92034397012396,27.848694433091467,26.320343970123965
Himachal Pradesh,2020,Rural,Higher Secondary,57.1,75.2,-18.1,-40.32487218813906,-38.17042912696901,-37.78880548244445,20.07042912696901,19.68880548244445
Himachal Pradesh,2020,Rural,Diploma/ Certificate Course,86.6,99.0,-12.400000000000006,-40.32487218813906,-22.91511027508214,-30.602307759075433,10.515110275082133,18.202307759075428
Himachal Pradesh,2020,Rural,Graduate,65.9,95.2,-29.299999999999997,-40.32487218813906,-38.57869443309146,-39.24159937668188,9.27869443309146,9.941599376681886
Himachal Pradesh,2020,Rural,Post Graduate & Above,83.0,96.0,-13.0,-40.32487218813906,-27.029408718805755,-29.583588119909365,14.029408718805755,16.583588119909365
Himachal Pradesh,2020,Urban,Not Literate,37.1,83.5,-46.4,-40.32487218813906,-41.83460056660082,-43.49927758913003,-4.565399433399179,-2.9007224108699674
Himachal Pradesh,2020,Urban,Literate & Upto Primary,60.6,86.3,-25.699999999999996,-40.32487218813906,-53.29898832170287,-54.86513671011582,27.598988321702876,29.165136710115824
Himachal Pradesh,2020,Urban,Middle,30.0,78.5,-48.5,-40.32487218813906,-54.19674342374367,-56.32280112882747,5.696743423743669,7.8228011288274715
Himachal Pradesh,2020,Urban,Secondary,25.1,64.0,-38.9,-40.32487218813906,-46.43470260741715,-49.18622629128863,7.534702607417152,10.286226291288628
Himachal Pradesh,2020,Urban,Higher Secondary,20.9,64.3,-43.4,-40.32487218813906,-44.1564373012947,-41.73437824479366,0.756437301294703,-1.6656217552063382
Himachal Pradesh,2020,Urban,Diploma/ Certificate Course,46.8,79.2,-32.400000000000006,-40.32487218813906,-28.901118449407832,-33.7583698866161,-3.4988815505921735,1.3583698866160958
Himachal Pradesh,2020,Urban,Graduate,27.0,78.8,-51.8,-40.32487218813906,-44.564702607417146,-41.57157016871036,-7.235297392582851,-10.228429831289638
Himachal Pradesh,2020,Urban,Post Graduate & Above,49.0,92.8,-43.8,-40.32487218813906,-33.015416893131444,-27.38480059560705,-10.784583106868553,-16.415199404392947
Jammu and Kashmir,2020,Rural,Not Literate,57.2,76.6,-19.39999999999999,-40.06929959100205,-35.343810456376445,-29.20587002723978,15.943810456376454,9.805870027239788
Jammu and Kashmir,2020,Rural,Literate & Upto Primary,52.0,90.9,-38.900000000000006,-40.06929959100205,-46.527177803315205,-41.75759499901816,7.627177803315199,2.857594999018154
Jammu and Kashmir,2020,Rural,Middle,42.4,79.5,-37.1,-40.06929959100205,-47.53227984413154,-44.689570097215636,10.432279844131536,7.589570097215635
Jammu and Kashmir,2020,Rural,Secondary,32.5,61.7,-29.200000000000003,-40.06929959100205,-39.847994129845816,-38.3393342424203,10.647994129845813,9.139334242420297
Jammu and Kashmir,2020,Rural,Higher Secondary,29.0,55.2,-26.200000000000003,-40.06929959100205,-37.74544310943765,-37.058686902849,11.545443109437649,10.858686902848994
Jammu and Kashmir,2020,Rural,Diploma/ Certificate Course,80.3,79.3,1.0,-40.06929959100205,-22.585379462248355,-30.020115519456024,23.585379462248355,31.020115519456024
Jammu and Kashmir,2020,Rural,Graduate,44.9,82.5,-37.6,-40.06929959100205,-38.4041165788254,-39.11573807553148,0.8041165788254006,1.5157380755314804
Jammu and Kashmir,2020,Rural,Post Graduate & Above,77.9,93.5,-15.599999999999994,-40.06929959100205,-26.865647191070316,-29.126890168984954,11.265647191070322,13.52689016898496
Jammu and Kashmir,2020,Urban,Not Literate,19.6,70.4,-50.800000000000004,-40.06929959100205,-41.73358460174269,-43.324184216366234,-9.066415398257313,-7.47581578363377
Jammu and Kashmir,2020,Urban,Literate & Upto Primary,28.9,84.7,-55.800000000000004,-40.06929959100205,-52.91695194868146,-54.95104951374747,-2.8830480513185464,-0.8489504862525337
Jammu and Kashmir,2020,Urban,Middle,18.7,78.4,-59.7,-40.06929959100205,-53.92205398949779,-55.95786166541371,-5.7779460105022125,-3.7421383345862935
Jammu and Kashmir,2020,Urban,Secondary,17.8,62.6,-44.8,-40.06929959100205,-46.23776827521207,-48.98874074637852,1.437768275212072,4.188740746378521
Jammu and Kashmir,2020,Urban,Higher Secondary,15.7,60.4,-44.7,-40.06929959100205,-44.135217254803905,-41.73000274414607,-0.5647827451960978,-2.969997255853933
Jammu and Kashmir,2020,Urban,Diploma/ Certificate Course,42.1,85.7,-43.6,-40.06929959100205,-28.975153607614605,-34.10119454546947,-14.624846392385397,-9.498805454530533
Jammu and Kashmir,2020,Urban,Graduate,43.8,78.4,-34.60000000000001,-40.06929959100205,-44.793890724191655,-41.84529272908448,10.193890724191647,7.245292729084468
Jammu and Kashmir,2020,Urban,Post Graduate & Above,69.9,88.4,-18.5,-40.06929959100205,-33.25542133643656,-27.517222120847276,14.755421336436562,9.017222120847276
Jharkhand,2020,Rural,Not Literate,58.4,85.8,-27.4,-39.69248466257669,-35.14784664453066,-29.028493642049813,7.747846644530661,1.6284936420498148
Jharkhand,2020,Rural,Literate & Upto Primary,48.9,87.3,-38.4,-39.69248466257669,-46.43631603228576,-41.72011061606872,8.036316032285761,3.3201106160687246
Jharkhand,2020,Rural,Middle,40.9,77.7,-36.800000000000004,-39.69248466257669,-47.42590786902046,-44.66455486856746,10.625907869020459,7.864554868567453
Jharkhand,2020,Rural,Secondary,41.5,76.1,-34.599999999999994,-39.69248466257669,-39.5991731751429,-38.18213012065767,4.999173175142907,3.5821301206576734
Jharkhand,2020,Rural,Higher Secondary,38.5,72.1,-33.599999999999994,-39.69248466257669,-37.544581338408214,-36.80211326230687,3.94458133840822,3.2021132623068738
Jharkhand,2020,Rural,Diploma/ Certificate Course,0.0,77.9,-77.9,-39.69248466257669,-21.53701635668113,-29.52301691857937,-56.36298364331888,-48.37698308142063
Jharkhand,2020,Rural,Graduate,59.6,81.8,-22.199999999999996,-39.69248466257669,-37.87794868534698,-39.46806199465305,15.677948685346983,17.268061994653053
Jharkhand,2020,Rural,Post Graduate & Above,47.8,72.1,-24.299999999999997,-39.69248466257669,-25.92049970575514,-29.280444761023286,1.6204997057551438,4.980444761023289
Jharkhand,2020,Urban,Not Literate,22.5,77.2,-54.7,-39.69248466257669,-41.62406999855549,-43.082498989527224,-13.075930001444512,-11.617501010472779
Jharkhand,2020,Urban,Literate & Upto Primary,21.9,79.6,-57.699999999999996,-39.69248466257669,-52.912539386310584,-54.541664534167815,-4.787460613689412,-3.158335465832181
Jharkhand,2020,Urban,Middle,12.7,73.2,-60.5,-39.69248466257669,-53.90213122304529,-56.385835955943506,-6.597868776954712,-4.114164044056494
Jharkhand,2020,Urban,Secondary,11.4,67.0,-55.6,-39.69248466257669,-46.07539652916773,-48.79258663014935,-9.524603470832268,-6.80741336985065
Jharkhand,2020,Urban,Higher Secondary,9.8,59.1,-49.3,-39.69248466257669,-44.02080469243304,-41.49209987485875,-5.279195307566958,-7.807900125141245
Jharkhand,2020,Urban,Diploma/ Certificate Course,19.8,86.0,-66.2,-39.69248466257669,-28.013239710705957,-33.92436733041952,-38.18676028929404,-32.27563266958048
Jharkhand,2020,Urban,Graduate,29.2,79.3,-50.099999999999994,-39.69248466257669,-44.354172039371804,-41.49960542144011,-5.745827960628191,-8.600394578559886
Jharkhand,2020,Urban,Post Graduate & Above,24.5,78.8,-54.3,-39.69248466257669,-32.396723059779966,-26.621523318766492,-21.90327694022003,-27.678476681233505
Karnataka,2020,Rural,Not Literate,47.6,80.8,-33.199999999999996,-39.81150306748467,-35.22287272687916,-28.903997222426565,2.0228727268791644,-4.296002777573431
Karnataka,2020,Rural,Literate & Upto Primary,54.5,89.4,-34.900000000000006,-39.81150306748467,-46.40052578810364,-41.75259972129232,11.500525788103637,6.852599721292314
Karnataka,2020,Rural,Middle,40.4,78.8,-38.4,-39.81150306748467,-47.29154619626691,-44.23662292928435,8.891546196266908,5.836622929284353
Karnataka,2020,Rural,Secondary,29.6,78.6,-48.99999999999999,-39.81150306748467,-39.42195435953223,-37.634841766899626,-9.578045640467764,-11.365158233100367
Karnataka,2020,Rural,Higher Secondary,18.7,64.6,-45.89999999999999,-39.81150306748467,-37.332668645246514,-36.55853697910905,-8.567331354753478,-9.341463020890941
Karnataka,2020,Rural,Diploma/ Certificate Course,77.3,86.7,-9.400000000000006,-39.81150306748467,-21.945821439563506,-29.36570000619414,12.5458214395635,19.965700006194133
Karnataka,2020,Rural,Graduate,27.4,90.9,-63.50000000000001,-39.81150306748467,-37.74277068606283,-37.87088310975774,-25.757229313937174,-25.629116890242265
Karnataka,2020,Rural,Post Graduate & Above,70.7,94.5,-23.799999999999997,-39.81150306748467,-26.153280890144465,-29.141441169977096,2.353280890144468,5.341441169977099
Karnataka,2020,Urban,Not Literate,26.7,73.0,-46.3,-39.81150306748467,-41.93125978486428,-43.50447025034561,-4.368740215135716,-2.795529749654385
Karnataka,2020,Urban,Literate & Upto Primary,31.8,78.5,-46.7,-39.81150306748467,-53.10891284608877,-55.29665023728773,6.408912846088768,8.596650237287726
Karnataka,2020,Urban,Middle,23.7,75.1,-51.39999999999999,-39.81150306748467,-53.99993325425203,-56.48908227232014,2.5999332542520364,5.089082272320148
Karnataka,2020,Urban,Secondary,18.0,69.3,-51.3,-39.81150306748467,-46.13034141751736,-48.90228870443578,-5.16965858248264,-2.397711295564214
Karnataka,2020,Urban,Higher Secondary,15.8,64.8,-49.0,-39.81150306748467,-44.041055703231635,-41.84118194146128,-4.958944296768365,-7.158818058538721
Karnataka,2020,Urban,Diploma/ Certificate Course,46.4,83.9,-37.50000000000001,-39.81150306748467,-28.65420849754863,-34.069132381919054,-8.845791502451377,-3.4308676180809528
Karnataka,2020,Urban,Graduate,31.3,81.5,-50.2,-39.81150306748467,-44.45115774404796,-41.81385468251908,-5.748842255952042,-8.386145317480924
Karnataka,2020,Urban,Post Graduate & Above,49.6,88.1,-38.49999999999999,-39.81150306748467,-32.861667948129586,-27.16094640592287,-5.638332051870407,-11.339053594077122
Kerala,2020,Rural,Not Literate,23.1,45.4,-22.299999999999997,-40.14302147239264,-35.518060931372204,-28.863560553791444,13.218060931372207,6.563560553791447
Kerala,2020,Rural,Literate & Upto Primary,33.1,73.3,-40.199999999999996,-40.14302147239264,-46.661224196678326,-41.2155656031065,6.46122419667833,1.0155656031065021
Kerala,2020,Rural,Middle,34.8,84.1,-49.3,-40.14302147239264,-47.36428542116813,-44.32025019111276,-1.9357145788318704,-4.9797498088872345
Kerala,2020,Rural,Secondary,32.2,71.4,-39.2,-40.14302147239264,-39.739183380351804,-38.24048700490049,0.5391833803518011,-0.9595129950995158
Kerala,2020,Rural,Higher Secondary,21.9,60.1,-38.2,-40.14302147239264,-37.76071399259669,-36.821083635728144,-0.4392860074033109,-1.3789163642718592
Kerala,2020,Rural,Diploma/ Certificate Course,52.1,92.8,-40.699999999999996,-40.14302147239264,-22.191148025364726,-29.779177450108342,-18.50885197463527,-10.920822549891653
Kerala,2020,Rural,Graduate,53.5,84.0,-30.5,-40.14302147239264,-38.348367053821185,-38.91865435706014,7.848367053821185,8.418654357060142
Kerala,2020,Rural,Post Graduate & Above,65.9,83.6,-17.69999999999999,-40.14302147239264,-26.75887725790281,-28.89820569130856,9.058877257902822,11.198205691308573
Kerala,2020,Urban,Not Literate,25.5,55.0,-29.5,-40.14302147239264,-42.181800980572575,-44.07196537486394,12.681800980572575,14.571965374863943
Kerala,2020,Urban,Literate & Upto Primary,20.5,59.3,-38.8,-40.14302147239264,-53.324964245878704,-55.85422047546234,14.524964245878706,17.054220475462344
Kerala,2020,Urban,Middle,24.1,74.2,-50.1,-40.14302147239264,-54.028025470368505,-56.55250250849623,3.928025470368503,6.452502508496231
Kerala,2020,Urban,Secondary,23.6,64.7,-41.1,-40.14302147239264,-46.402923429552175,-49.19787267901237,5.302923429552173,8.097872679012369
Kerala,2020,Urban,Higher Secondary,20.5,51.3,-30.799999999999997,-40.14302147239264,-44.42445404179707,-41.96947862915411,13.624454041797073,11.169478629154113
Kerala,2020,Urban,Diploma/ Certificate Course,54.3,84.0,-29.700000000000003,-40.14302147239264,-28.8548880745651,-34.58552243320524,-0.8451119254349031,4.885522433205239
Kerala,2020,Urban,Graduate,48.2,78.4,-30.200000000000003,-40.14302147239264,-45.01210710302156,-42.352702406997196,14.81210710302156,12.152702406997193
Kerala,2020,Urban,Post Graduate & Above,59.8,88.0,-28.200000000000003,-40.14302147239264,-33.42261730710318,-26.968321879500383,5.222617307103178,-1.2316781204996197
Ladakh,2020,Rural,Not Literate,68.2,31.1,37.1,-40.36160531697342,-35.57036587473785,-30.587634261027517,72.67036587473785,67.68763426102751
Ladakh,2020,Rural,Literate & Upto Primary,88.1,100.0,-11.900000000000006,-40.36160531697342,-46.674141384941926,-41.72051652811618,34.77414138494192,29.820516528116173
Ladakh,2020,Rural,Middle,72.0,97.7,-25.700000000000003,-40.36160531697342,-47.495978119635794,-44.17204002168829,21.79597811963579,18.472040021688287
Ladakh,2020,Rural,Secondary,75.3,75.7,-0.4000000000000057,-40.36160531697342,-39.96067199718683,-39.10271872911247,39.56067199718682,38.70271872911246
Ladakh,2020,Rural,Higher Secondary,71.2,55.8,15.400000000000006,-40.36160531697342,-37.91608016045213,-38.06509642368137,53.31608016045214,53.46509642368137
Ladakh,2020,Rural,Diploma/ Certificate Course,0.0,0.0,0.0,-40.36160531697342,-22.998804260152404,-30.450950251504516,22.998804260152404,30.450950251504516
Ladakh,2020,Rural,Graduate,100.0,100.0,0.0,-40.36160531697342,-38.722712813513354,-40.155541192364076,38.722712813513354,40.155541192364076
Ladakh,2020,Rural,Post Graduate & Above,0.0,0.0,0.0,-40.36160531697342,-26.786488323717425,-29.92006049246597,26.786488323717425,29.92006049246597
Ladakh,2020,Urban,Not Literate,55.2,100.0,-44.8,-40.36160531697342,-42.2267480680509,-43.66711198712453,-2.5732519319490947,-1.132888012875469
Ladakh,2020,Urban,Literate & Upto Primary,48.0,100.0,-52.0,-40.36160531697342,-53.330523578254976,-54.703450331856274,1.3305235782549758,2.703450331856274
Ladakh,2020,Urban,Middle,0.0,72.8,-72.8,-40.36160531697342,-54.152360312948844,-56.37763456072592,-18.647639687051154,-16.422365439274074
Ladakh,2020,Urban,Secondary,15.5,92.1,-76.6,-40.36160531697342,-46.61705419049988,-48.537637395288556,-29.982945809500116,-28.06236260471144
Ladakh,2020,Urban,Higher Secondary,21.8,68.0,-46.2,-40.36160531697342,-44.57246235376518,-42.09348856704738,-1.6275376462348206,-4.106511432952622
Ladakh,2020,Urban,Diploma/ Certificate Course,0.0,100.0,-100.0,-40.36160531697342,-29.655186453465454,-34.479342394870514,-70.34481354653454,-65.52065760512949
Ladakh,2020,Urban,Graduate,100.0,74.3,25.700000000000003,-40.36160531697342,-45.379095006826404,-42.96182784552927,71.0790950068264,68.66182784552927
Ladakh,2020,Urban,Post Graduate & Above,100.0,56.3,43.7,-40.36160531697342,-33.44287051703047,-28.779994473871003,77.14287051703047,72.479994473871
Lakshadweep,2020,Rural,Not Literate,0.0,0.0,0.0,-39.90754089979551,-35.424131761852095,-29.541760824947964,35.424131761852095,29.541760824947964
Lakshadweep,2020,Rural,Literate & Upto Primary,7.7,86.5,-78.8,-39.90754089979551,-45.72484604756637,-40.29288853723279,-33.075153952433624,-38.507111462767206
Lakshadweep,2020,Rural,Middle,0.0,71.0,-71.0,-39.90754089979551,-46.71443788430108,-43.90087964913339,-24.285562115698923,-27.099120350866613
Lakshadweep,2020,Rural,Secondary,2.0,99.1,-97.1,-39.90754089979551,-39.05668278226025,-37.235745757212236,-58.04331721773974,-59.86425424278776
Lakshadweep,2020,Rural,Higher Secondary,19.1,47.1,-28.0,-39.90754089979551,-36.66229502715821,-36.503671928608576,8.662295027158208,8.503671928608576
Lakshadweep,2020,Rural,Diploma/ Certificate Course,100.0,27.1,72.9,-39.90754089979551,-22.336664509357558,-29.6156881714705,95.23666450935757,102.5156881714705
Lakshadweep,2020,Rural,Graduate,57.7,77.9,-20.200000000000003,-39.90754089979551,-38.32423380266841,-39.54239181828702,18.124233802668407,19.34239181828702
Lakshadweep,2020,Rural,Post Graduate & Above,0.0,100.0,-100.0,-39.90754089979551,-26.391070537362292,-27.743038047128664,-73.6089294626377,-72.25696195287134
Lakshadweep,2020,Urban,Not Literate,12.9,0.0,12.9,-39.90754089979551,-42.542199698430714,-45.234650593398115,55.44219969843071,58.13465059339811
Lakshadweep,2020,Urban,Literate & Upto Primary,15.6,72.8,-57.199999999999996,-39.90754089979551,-52.842913984145,-54.26592161879457,-4.357086015854996,-2.934078381205424
Lakshadweep,2020,Urban,Middle,5.7,73.1,-67.39999999999999,-39.90754089979551,-53.8325058208797,-56.31174814773469,-13.567494179120288,-11.088251852265302
Lakshadweep,2020,Urban,Secondary,12.4,70.4,-58.00000000000001,-39.90754089979551,-46.17475071883888,-49.079900409864635,-11.825249281161128,-8.920099590135372
Lakshadweep,2020,Urban,Higher Secondary,3.9,71.9,-68.0,-39.90754089979551,-43.780362963736835,-41.76521922101016,-24.219637036263165,-26.234780778989837
Lakshadweep,2020,Urban,Diploma/ Certificate Course,88.8,100.0,-11.200000000000003,-39.90754089979551,-29.45473244593618,-34.6109700624727,18.254732445936177,23.4109700624727
Lakshadweep,2020,Urban,Graduate,62.2,100.0,-37.8,-39.90754089979551,-45.442301739247036,-42.406263530158974,7.6423017392470385,4.6062635301589765
Lakshadweep,2020,Urban,Post Graduate & Above,100.0,0.0,100.0,-39.90754089979551,-33.509138473940915,-28.515198749831608,133.5091384739409,128.5151987498316
Madhya Pradesh,2020,Rural,Not Literate,57.1,84.5,-27.4,-39.759560327198365,-35.27008172119743,-28.944217755360484,7.87008172119743,1.544217755360485
Madhya Pradesh,2020,Rural,Literate & Upto Primary,51.9,93.1,-41.199999999999996,-39.759560327198365,-46.33242865997293,-40.59464196067937,5.132428659972938,-0.6053580393206275
Madhya Pradesh,2020,Rural,Middle,38.2,85.9,-47.7,-39.759560327198365,-47.19977559874844,-44.23064058907938,-0.5002244012515646,-3.4693594109206245
Madhya Pradesh,2020,Rural,Secondary,21.9,67.6,-45.699999999999996,-39.759560327198365,-39.51059192527906,-37.69982887408546,-6.189408074720937,-8.000171125914534
Madhya Pradesh,2020,Rural,Higher Secondary,21.6,65.1,-43.49999999999999,-39.759560327198365,-37.38600008854437,-37.02933213556437,-6.113999911455622,-6.470667864435626
Madhya Pradesh,2020,Rural,Diploma/ Certificate Course,21.5,73.8,-52.3,-39.759560327198365,-22.648741434579765,-30.02929863296659,-29.651258565420232,-22.270701367033407
Madhya Pradesh,2020,Rural,Graduate,27.7,85.3,-57.599999999999994,-39.759560327198365,-37.556510292626,-38.51775437211504,-20.043489707373993,-19.08224562788495
Madhya Pradesh,2020,Rural,Post Graduate & Above,41.5,87.6,-46.099999999999994,-39.759560327198365,-25.629061313034146,-28.41629038532214,-20.470938686965848,-17.683709614677856
Madhya Pradesh,2020,Urban,Not Literate,30.3,77.8,-47.5,-39.759560327198365,-41.869224095839954,-43.474350408818225,-5.630775904160046,-4.025649591181775
Madhya Pradesh,2020,Urban,Literate & Upto Primary,25.8,90.8,-65.0,-39.759560327198365,-52.93157103461546,-53.816983582503475,-12.068428965384541,-11.183016417496525
Madhya Pradesh,2020,Urban,Middle,20.6,81.2,-60.6,-39.759560327198365,-53.79891797339097,-56.32896187790505,-6.801082026609031,-4.27103812209495
Madhya Pradesh,2020,Urban,Secondary,12.8,62.6,-49.8,-39.759560327198365,-46.10973429992159,-48.9427143782196,-3.690265700078406,-0.8572856217803988
Madhya Pradesh,2020,Urban,Higher Secondary,12.7,60.1,-47.400000000000006,-39.759560327198365,-43.985142463186904,-41.92288040847385,-3.414857536813102,-5.477119591526154
Madhya Pradesh,2020,Urban,Diploma/ Certificate Course,39.7,80.4,-40.7,-39.759560327198365,-29.247883809222294,-34.28156282991978,-11.452116190777708,-6.4184371700802245
Madhya Pradesh,2020,Urban,Graduate,26.4,83.1,-56.699999999999996,-39.759560327198365,-44.15565266726853,-41.41263190228739,-12.54434733273147,-15.287368097712609
Madhya Pradesh,2020,Urban,Post Graduate & Above,39.9,87.9,-48.00000000000001,-39.759560327198365,-32.22820368767668,-26.654973459577306,-15.771796312323325,-21.3450265404227
Maharashtra,2020,Rural,Not Literate,45.6,71.7,-26.1,-39.90828220858896,-35.33652309108978,-29.23015020324756,9.23652309108978,3.1301502032475597
Maharashtra,2020,Rural,Literate & Upto Primary,56.3,87.2,-30.900000000000006,-39.90828220858896,-46.6654006421102,-42.06916396242651,15.765400642110194,11.169163962426502
Maharashtra,2020,Rural,Middle,49.5,80.5,-31.0,-39.90828220858896,-47.5862169686408,-44.65986185457217,16.586216968640798,13.65986185457217
Maharashtra,2020,Rural,Secondary,32.5,70.4,-37.900000000000006,-39.90828220858896,-39.76907411149795,-38.258019401288166,1.8690741114979446,0.35801940128816057
Maharashtra,2020,Rural,Higher Secondary,27.1,66.8,-39.699999999999996,-39.90828220858896,-37.507747580885706,-36.60758353226043,-2.19225241911429,-3.092416467739568
Maharashtra,2020,Rural,Diploma/ Certificate Course,50.6,85.4,-34.800000000000004,-39.90828220858896,-22.24802105848604,-29.68271384512296,-12.551978941513966,-5.117286154877043
Maharashtra,2020,Rural,Graduate,23.2,85.8,-62.599999999999994,-39.90828220858896,-37.92335982578366,-38.34502789644245,-24.67664017421633,-24.25497210355754
Maharashtra,2020,Rural,Post Graduate & Above,36.3,84.8,-48.5,-39.90828220858896,-26.081829213538768,-28.665749779476943,-22.418170786461232,-19.834250220523057
Maharashtra,2020,Urban,Not Literate,25.8,67.5,-41.7,-39.90828220858896,-41.83708287663367,-43.231657020779075,0.13708287663367003,1.5316570207790718
Maharashtra,2020,Urban,Literate & Upto Primary,24.7,80.6,-55.89999999999999,-39.90828220858896,-53.165960427654085,-55.060286586905406,-2.7340395723459068,-0.8397134130945858
Maharashtra,2020,Urban,Middle,22.5,77.2,-54.7,-39.90828220858896,-54.08677675418468,-56.377494460184565,-0.6132232458153197,1.6774944601845618
Maharashtra,2020,Urban,Secondary,12.8,63.5,-50.7,-39.90828220858896,-46.26963389704184,-48.558814723920165,-4.4303661029581605,-2.141185276079838
Maharashtra,2020,Urban,Higher Secondary,18.3,64.5,-46.2,-39.90828220858896,-44.00830736642959,-41.58251291665499,-2.191692633570412,-4.6174870833450115
Maharashtra,2020,Urban,Diploma/ Certificate Course,49.0,70.9,-21.900000000000006,-39.90828220858896,-28.74858084402993,-34.222100904278875,6.848580844029925,12.32210090427887
Maharashtra,2020,Urban,Graduate,37.0,80.8,-43.8,-39.90828220858896,-44.423919611327555,-41.92437264679825,0.6239196113275582,-1.8756273532017502
Maharashtra,2020,Urban,Post Graduate & Above,44.2,85.6,-41.39999999999999,-39.90828220858896,-32.58238899908266,-27.182801507829616,-8.817611000917331,-14.217198492170375
Manipur,2020,Rural,Not Literate,17.2,53.1,-35.900000000000006,-40.26620654396728,-35.280701173859114,-28.58030590369161,-0.6192988261408914,-7.319694096308396
Manipur,2020,Rural,Literate & Upto Primary,25.0,82.2,-57.2,-40.26620654396728,-46.393252194267276,-41.06308524518859,-10.806747805732726,-16.136914754811414
Manipur,2020,Rural,Middle,17.0,74.7,-57.7,-40.26620654396728,-47.32447668406321,-44.24951015762258,-10.375523315936796,-13.450489842377422
Manipur,2020,Rural,Secondary,14.4,56.1,-41.7,-40.26620654396728,-39.77978280651217,-37.86546519812365,-1.9202171934878294,-3.8345348018763517
Manipur,2020,Rural,Higher Secondary,7.9,55.1,-47.2,-40.26620654396728,-37.51151750038973,-36.64406992203571,-9.688482499610274,-10.555930077964291
Manipur,2020,Rural,Diploma/ Certificate Course,84.1,0.0,84.1,-40.26620654396728,-23.05562541317259,-30.034751364373093,107.15562541317259,114.13475136437309
Manipur,2020,Rural,Graduate,40.4,69.3,-28.9,-40.26620654396728,-38.160190969777474,-39.046210596336216,9.260190969777476,10.146210596336218
Manipur,2020,Rural,Post Graduate & Above,62.2,85.2,-23.0,-40.26620654396728,-26.752333826920342,-28.953728212722616,3.752333826920342,5.953728212722616
Manipur,2020,Urban,Not Literate,15.1,44.9,-29.799999999999997,-40.26620654396728,-42.21235301506459,-44.096421528836316,12.412353015064596,14.29642152883632
Manipur,2020,Urban,Literate & Upto Primary,24.0,66.1,-42.099999999999994,-40.26620654396728,-53.32490403547276,-54.54972587420407,11.224904035472768,12.449725874204077
Manipur,2020,Urban,Middle,20.5,70.5,-50.0,-40.26620654396728,-54.25612852526869,-56.6248478593985,4.256128525268693,6.6248478593985
Manipur,2020,Urban,Secondary,20.7,55.0,-34.3,-40.26620654396728,-46.71143464771765,-49.60278201799613,12.411434647717655,15.30278201799613
Manipur,2020,Urban,Higher Secondary,21.1,58.4,-37.3,-40.26620654396728,-44.44316934159521,-41.46626849570158,7.143169341595211,4.16626849570158
Manipur,2020,Urban,Diploma/ Certificate Course,58.1,100.0,-41.9,-40.26620654396728,-29.98727725437807,-34.75079746855208,-11.912722745621927,-7.149202531447919
Manipur,2020,Urban,Graduate,39.2,74.7,-35.5,-40.26620654396728,-45.09184281098296,-42.207185149700415,9.59184281098296,6.707185149700415
Manipur,2020,Urban,Post Graduate & Above,60.6,77.2,-16.6,-40.26620654396728,-33.68398566812582,-27.886296964032383,17.08398566812582,11.286296964032381
Meghalaya,2020,Rural,Not Literate,57.9,87.0,-29.1,-40.526738241308784,-35.57955472690115,-28.47408768222576,6.479554726901149,-0.6259123177742403
Meghalaya,2020,Rural,Literate & Upto Primary,67.5,87.1,-19.599999999999994,-40.526738241308784,-47.066391461595046,-42.09143612762362,27.46639146159505,22.49143612762363
Meghalaya,2020,Rural,Middle,49.5,73.5,-24.0,-40.526738241308784,-48.116595543227696,-45.04409220087453,24.116595543227696,21.04409220087453
Meghalaya,2020,Rural,Secondary,41.5,58.8,-17.299999999999997,-40.526738241308784,-40.37394248200321,-38.60778070607367,23.07394248200321,21.30778070607367
Meghalaya,2020,Rural,Higher Secondary,38.5,60.2,-21.700000000000003,-40.526738241308784,-38.27751391057463,-37.579219184156514,16.57751391057463,15.879219184156511
Meghalaya,2020,Rural,Diploma/ Certificate Course,100.0,85.3,14.700000000000003,-40.526738241308784,-23.251377089649097,-30.635661994937234,37.9513770896491,45.33566199493724
Meghalaya,2020,Rural,Graduate,67.5,94.8,-27.299999999999997,-40.526738241308784,-39.057411869758305,-39.60134736611743,11.757411869758307,12.301347366117433
Meghalaya,2020,Rural,Post Graduate & Above,100.0,48.1,51.9,-40.526738241308784,-27.5811873799624,-30.248215199035073,79.48118737996239,82.14821519903506
Meghalaya,2020,Urban,Not Literate,43.7,63.4,-19.699999999999996,-40.526738241308784,-41.77174047723267,-44.49049017754895,22.071740477232673,24.790490177548953
Meghalaya,2020,Urban,Literate & Upto Primary,37.1,79.1,-41.99999999999999,-40.526738241308784,-53.25857721192656,-54.82969525805617,11.258577211926564,12.829695258056176
Meghalaya,2020,Urban,Middle,25.6,66.8,-41.199999999999996,-40.526738241308784,-54.308781293559214,-56.718720603283,13.108781293559218,15.518720603283008
Meghalaya,2020,Urban,Secondary,15.9,57.0,-41.1,-40.526738241308784,-46.56612823233472,-49.586173650922596,5.466128232334718,8.486173650922595
Meghalaya,2020,Urban,Higher Secondary,26.8,49.4,-22.599999999999998,-40.526738241308784,-44.46969966090615,-41.81241427893311,21.869699660906154,19.212414278933114
Meghalaya,2020,Urban,Diploma/ Certificate Course,100.0,86.4,13.599999999999994,-40.526738241308784,-29.44356283998061,-34.62925287379712,43.04356283998061,48.229252873797115
Meghalaya,2020,Urban,Graduate,60.6,84.7,-24.1,-40.526738241308784,-45.249597620089816,-42.28008622073039,21.149597620089814,18.180086220730388
Meghalaya,2020,Urban,Post Graduate & Above,69.4,92.7,-23.299999999999997,-40.526738241308784,-33.77337313029392,-27.931873257674244,10.473373130293922,4.631873257674247
Mizoram,2020,Rural,Not Literate,69.1,81.4,-12.300000000000011,-40.35442229038855,-35.13782320251963,-28.782312728833904,22.837823202519616,16.482312728833893
Mizoram,2020,Rural,Literate & Upto Primary,52.4,81.6,-29.199999999999996,-40.35442229038855,-46.723027284152266,-41.675640016095194,17.52302728415227,12.475640016095198
Mizoram,2020,Rural,Middle,46.8,83.7,-36.900000000000006,-40.35442229038855,-47.47792524333593,-44.390644054462825,10.577925243335926,7.49064405446282
Mizoram,2020,Rural,Secondary,25.7,51.6,-25.900000000000002,-40.35442229038855,-39.948945651499216,-38.28336280390318,14.048945651499213,12.383362803903179
Mizoram,2020,Rural,Higher Secondary,33.7,56.2,-22.5,-40.35442229038855,-37.86517014129513,-37.32905871271876,15.365170141295131,14.829058712718762
Mizoram,2020,Rural,Diploma/ Certificate Course,0.0,0.0,0.0,-40.35442229038855,-22.917441319384125,-29.886006218563786,22.917441319384125,29.886006218563786
Mizoram,2020,Rural,Graduate,68.2,90.6,-22.39999999999999,-40.35442229038855,-38.255272182111455,-39.149471173751245,15.855272182111463,16.749471173751253
Mizoram,2020,Rural,Post Graduate & Above,0.0,100.0,-100.0,-40.35442229038855,-25.92680279435636,-27.119112444383358,-74.07319720564364,-72.88088755561664
Mizoram,2020,Urban,Not Literate,0.0,83.0,-83.0,-40.35442229038855,-42.245987447511645,-43.1417466086725,-40.754012552488355,-39.8582533913275
Mizoram,2020,Urban,Literate & Upto Primary,37.1,50.2,-13.100000000000001,-40.35442229038855,-53.831191529144284,-55.76875687431523,40.73119152914428,42.66875687431523
Mizoram,2020,Urban,Middle,38.7,75.0,-36.3,-40.35442229038855,-54.58608948832795,-56.85160461216859,18.286089488327953,20.551604612168596
Mizoram,2020,Urban,Secondary,16.4,39.0,-22.6,-40.35442229038855,-47.05710989649123,-49.65099907490487,24.457109896491225,27.050999074904865
Mizoram,2020,Urban,Higher Secondary,27.8,50.0,-22.2,-40.35442229038855,-44.97333438628715,-42.50716702158406,22.77333438628715,20.30716702158406
Mizoram,2020,Urban,Diploma/ Certificate Course,63.9,76.1,-12.199999999999996,-40.35442229038855,-30.02560556437614,-35.060907404427,17.825605564376144,22.860907404427003
Mizoram,2020,Urban,Graduate,61.0,86.1,-25.099999999999994,-40.35442229038855,-45.363436427103466,-42.103849524519134,20.26343642710347,17.00384952451914
Mizoram,2020,Urban,Post Graduate & Above,100.0,98.3,1.7000000000000028,-40.35442229038855,-33.03496703934837,-26.88499226438377,34.734967039348376,28.58499226438377
Nagaland,2020,Rural,Not Literate,69.0,91.3,-22.299999999999997,-40.31935071574642,-35.371972996530886,-28.703289785803495,13.071972996530889,6.403289785803498
Nagaland,2020,Rural,Literate & Upto Primary,72.2,78.1,-5.8999999999999915,-40.31935071574642,-47.03738115979618,-41.67489305385004,41.13738115979619,35.77489305385005
Nagaland,2020,Rural,Middle,45.6,75.9,-30.300000000000004,-40.31935071574642,-47.76268728224517,-44.56419327415655,17.462687282245163,14.264193274156547
Nagaland,2020,Rural,Secondary,42.8,72.3,-29.5,-40.31935071574642,-40.04574850673497,-38.4350274731152,10.545748506734967,8.935027473115198
Nagaland,2020,Rural,Higher Secondary,39.1,61.7,-22.6,-40.31935071574642,-37.87380973122475,-37.33510364277998,15.273809731224752,14.735103642779976
Nagaland,2020,Rural,Diploma/ Certificate Course,0.0,100.0,-100.0,-40.31935071574642,-22.487884383218265,-29.977042415149967,-77.51211561678173,-70.02295758485003
Nagaland,2020,Rural,Graduate,73.2,89.9,-16.700000000000003,-40.31935071574642,-38.704115853673734,-39.75029663157088,22.00411585367373,23.05029663157088
Nagaland,2020,Rural,Post Graduate & Above,82.7,100.0,-17.299999999999997,-40.31935071574642,-26.81605462918395,-29.20510550108272,9.516054629183952,11.905105501082723
Nagaland,2020,Urban,Not Literate,11.2,76.5,-65.3,-40.31935071574642,-41.95062400982037,-43.06980987560147,-23.349375990179624,-22.230190124398526
Nagaland,2020,Urban,Literate & Upto Primary,11.1,55.4,-44.3,-40.31935071574642,-53.61603217308567,-54.54418806678655,9.316032173085674,10.244188066786556
Nagaland,2020,Urban,Middle,26.6,66.4,-39.800000000000004,-40.31935071574642,-54.341338295534655,-56.53397513372943,14.54133829553465,16.733975133729423
Nagaland,2020,Urban,Secondary,21.0,63.7,-42.7,-40.31935071574642,-46.624399520024454,-49.01505211264454,3.9243995200244512,6.315052112644537
Nagaland,2020,Urban,Higher Secondary,30.4,64.0,-33.6,-40.31935071574642,-44.45246074451424,-42.254265878842986,10.85246074451424,8.654265878842985
Nagaland,2020,Urban,Diploma/ Certificate Course,0.0,100.0,-100.0,-40.31935071574642,-29.066535396507753,-34.13610175822856,-70.93346460349224,-65.86389824177144
Nagaland,2020,Urban,Graduate,60.2,79.9,-19.700000000000003,-40.31935071574642,-45.28276686696322,-42.09938559099851,25.58276686696322,22.399385590998506
Nagaland,2020,Urban,Post Graduate & Above,61.5,92.6,-31.099999999999994,-40.31935071574642,-33.39470564247344,-26.928103214441233,2.2947056424734456,-4.171896785558761
Odisha,2020,Rural,Not Literate,48.0,80.1,-32.099999999999994,-39.887423312883435,-35.29121384645212,-29.186039659273128,3.191213846452129,-2.9139603407268666
Odisha,2020,Rural,Literate & Upto Primary,37.6,90.9,-53.300000000000004,-39.887423312883435,-46.21458119339089,-41.18219160956639,-7.085418806609113,-12.117808390433616
Odisha,2020,Rural,Middle,23.6,84.2,-60.6,-39.887423312883435,-47.079683234207224,-43.90806082719185,-13.520316765792778,-16.691939172808148
Odisha,2020,Rural,Secondary,19.0,66.8,-47.8,-39.887423312883435,-39.55927507094192,-37.879086149407435,-8.240724929058075,-9.920913850592562
Odisha,2020,Rural,Higher Secondary,20.1,61.7,-41.6,-39.887423312883435,-37.49856078522764,-36.77894744336099,-4.101439214772363,-4.82105255663901
Odisha,2020,Rural,Diploma/ Certificate Course,62.6,75.7,-13.100000000000001,-39.887423312883435,-22.695167774099698,-29.741903680669047,9.595167774099696,16.641903680669046
Odisha,2020,Rural,Graduate,26.8,91.6,-64.8,-39.887423312883435,-37.78070364237049,-38.287048921409024,-27.019296357629507,-26.512951078590973
Odisha,2020,Rural,Post Graduate & Above,41.5,93.4,-51.900000000000006,-39.887423312883435,-26.479581193390896,-29.52998098867419,-25.42041880660911,-22.370019011325816
Odisha,2020,Urban,Not Literate,38.7,74.7,-36.0,-39.887423312883435,-41.88022565098032,-43.60646613938235,5.8802256509803215,7.6064661393823485
Odisha,2020,Urban,Literate & Upto Primary,16.2,85.8,-69.6,-39.887423312883435,-52.8035929979191,-54.705950481913995,-16.796407002080898,-14.894049518086
Odisha,2020,Urban,Middle,17.4,83.9,-66.5,-39.887423312883435,-53.668695038735436,-56.228084159055705,-12.831304961264564,-10.271915840944295
Odisha,2020,Urban,Secondary,17.0,67.2,-50.2,-39.887423312883435,-46.148286875470134,-48.903666973749694,-4.0517131245298685,-1.2963330262503092
Odisha,2020,Urban,Higher Secondary,10.5,56.5,-46.0,-39.887423312883435,-44.08757258975584,-41.73033378305011,-1.9124274102441632,-4.2696662169498865
Odisha,2020,Urban,Diploma/ Certificate Course,56.2,63.2,-7.0,-39.887423312883435,-29.284179578627903,-34.33961070573471,22.284179578627903,27.339610705734707
Odisha,2020,Urban,Graduate,33.9,87.4,-53.50000000000001,-39.887423312883435,-44.369715446898695,-41.64702629127229,-9.130284553101312,-11.852973708727717
Odisha,2020,Urban,Post Graduate & Above,64.8,83.7,-18.900000000000006,-39.887423312883435,-33.0685929979191,-27.576843820298574,14.168592997919092,8.676843820298568
Puducherry,2020,Rural,Not Literate,37.7,70.3,-32.599999999999994,-39.986042944785275,-35.52074759213361,-28.27698245574,2.9207475921336155,-4.323017544259994
Puducherry,2020,Rural,Literate & Upto Primary,42.7,94.9,-52.2,-39.986042944785275,-46.54044146968462,-40.971122200521506,-5.65955853031538,-11.228877799478497
Puducherry,2020,Rural,Middle,50.6,91.4,-40.800000000000004,-39.986042944785275,-47.3826863676438,-44.68546557340015,6.582686367643795,3.885465573400147
Puducherry,2020,Rural,Secondary,19.6,70.4,-50.800000000000004,-39.986042944785275,-39.830033306419324,-38.63771707801511,-10.96996669358068,-12.162282921984897
Puducherry,2020,Rural,Higher Secondary,2.1,43.1,-41.0,-39.986042944785275,-37.63054351050096,-36.87440458043127,-3.3694564894990435,-4.125595419568732
Puducherry,2020,Rural,Diploma/ Certificate Course,4.0,95.0,-91.0,-39.986042944785275,-22.018186100736266,-29.53565375757161,-68.98181389926373,-61.46434624242839
Puducherry,2020,Rural,Graduate,19.4,99.1,-79.69999999999999,-39.986042944785275,-37.96105371458258,-38.28429715067245,-41.738946285417406,-41.41570284932754
Puducherry,2020,Rural,Post Graduate & Above,88.1,90.0,-1.9000000000000057,-39.986042944785275,-26.406665959480534,-28.440995668412043,24.50666595948053,26.540995668412037
Puducherry,2020,Urban,Not Literate,20.4,61.6,-41.2,-39.986042944785275,-42.13401239825809,-43.890151144379615,0.9340123982580906,2.6901511443796124
Puducherry,2020,Urban,Literate & Upto Primary,26.5,82.2,-55.7,-39.986042944785275,-53.15370627580911,-54.41726482644072,-2.546293724190896,-1.2827351735592813
Puducherry,2020,Urban,Middle,14.4,69.3,-54.9,-39.986042944785275,-53.995951173768276,-56.33653042557888,-0.9040488262317226,1.43653042557888
Puducherry,2020,Urban,Secondary,18.3,64.0,-45.7,-39.986042944785275,-46.44329811254381,-49.003505479347375,0.7432981125438047,3.303505479347372
Puducherry,2020,Urban,Higher Secondary,29.7,53.2,-23.500000000000004,-39.986042944785275,-44.24380831662543,-41.85985715176891,20.74380831662543,18.359857151768903
Puducherry,2020,Urban,Diploma/ Certificate Course,21.9,94.5,-72.6,-39.986042944785275,-28.63145090686075,-33.92328038036892,-43.968549093139245,-38.67671961963107
Puducherry,2020,Urban,Graduate,33.9,82.8,-48.9,-39.986042944785275,-44.57431852070707,-41.437535103727264,-4.325681479292932,-7.462464896272735
Puducherry,2020,Urban,Post Graduate & Above,63.1,83.2,-20.1,-39.986042944785275,-33.01993076560502,-27.44349617981055,12.919930765605017,7.343496179810547
Punjab,2020,Rural,Not Literate,28.5,72.3,-43.8,-39.634943762781184,-34.856036224119535,-28.043223539383018,-8.943963775880462,-15.75677646061698
Punjab,2020,Rural,Literate & Upto Primary,27.6,84.8,-57.199999999999996,-39.634943762781184,-46.0555260200379,-40.72214612654963,-11.144473979962093,-16.477853873450364
Punjab,2020,Rural,Middle,20.6,80.4,-59.800000000000004,-39.634943762781184,-47.14695459146648,-44.20470826463541,-12.653045408533522,-15.595291735364597
Punjab,2020,Rural,Secondary,15.6,69.6,-53.99999999999999,-39.634943762781184,-39.3220566322828,-37.682880890453085,-14.67794336771719,-16.31711910954691
Punjab,2020,Rural,Higher Secondary,17.4,77.5,-60.1,-39.634943762781184,-37.09868928534403,-36.384400776180875,-23.001310714655972,-23.715599223819126
Punjab,2020,Rural,Diploma/ Certificate Course,59.4,64.2,-4.800000000000004,-39.634943762781184,-22.034072605674083,-29.369727266579076,17.23407260567408,24.569727266579072
Punjab,2020,Rural,Graduate,34.8,92.5,-57.7,-39.634943762781184,-37.783689285344025,-38.44400647303549,-19.916310714655978,-19.25599352696451
Punjab,2020,Rural,Post Graduate & Above,30.5,95.4,-64.9,-39.634943762781184,-26.313383162895054,-29.18213344603141,-38.586616837104955,-35.71786655396859
Punjab,2020,Urban,Not Literate,24.0,82.4,-58.400000000000006,-39.634943762781184,-41.43676038895608,-43.62222567706874,-16.963239611043925,-14.777774322931265
Punjab,2020,Urban,Literate & Upto Primary,23.8,82.0,-58.2,-39.634943762781184,-52.63625018487445,-54.19681274199313,-5.563749815125554,-4.003187258006875
Punjab,2020,Urban,Middle,11.9,72.0,-60.1,-39.634943762781184,-53.72767875630303,-56.01168150814838,-6.372321243696973,-4.0883184918516235
Punjab,2020,Urban,Secondary,8.4,70.0,-61.6,-39.634943762781184,-45.90278079711935,-48.3938484106462,-15.697219202880653,-13.206151589353802
Punjab,2020,Urban,Higher Secondary,17.1,77.6,-60.49999999999999,-39.634943762781184,-43.679413450180576,-41.30250576184073,-16.820586549819417,-19.197494238159265
Punjab,2020,Urban,Diploma/ Certificate Course,19.1,80.2,-61.1,-39.634943762781184,-28.614796770510626,-33.67154715482237,-32.48520322948937,-27.42845284517763
Punjab,2020,Urban,Graduate,18.7,79.7,-61.0,-39.634943762781184,-44.36441345018057,-41.372429464562565,-16.63558654981943,-19.627570535437435
Punjab,2020,Urban,Post Graduate & Above,61.4,93.0,-31.6,-39.634943762781184,-32.8941073277316,-27.09362269191339,1.294107327731595,-4.506377308086613
Rajasthan,2020,Rural,Not Literate,60.6,81.3,-20.699999999999996,-39.860761758691204,-35.42330160350493,-29.41220152254515,14.723301603504936,8.712201522545154
Rajasthan,2020,Rural,Literate & Upto Primary,45.9,91.7,-45.800000000000004,-39.860761758691204,-46.46217915452533,-41.35050288434098,0.6621791545253259,-4.449497115659021
Rajasthan,2020,Rural,Middle,36.7,77.3,-40.599999999999994,-39.860761758691204,-47.3862607871784,-44.57375740129409,6.786260787178406,3.973757401294094
Rajasthan,2020,Rural,Secondary,19.9,66.2,-46.300000000000004,-39.860761758691204,-39.69095466472942,-38.020133562212216,-6.6090453352705865,-8.279866437787788
Rajasthan,2020,Rural,Higher Secondary,17.2,56.7,-39.5,-39.860761758691204,-37.740240379015134,-37.1113780970991,-1.759759620984866,-2.3886219029009013
Rajasthan,2020,Rural,Diploma/ Certificate Course,50.0,75.4,-25.400000000000006,-39.860761758691204,-22.727880916115286,-29.940182283342335,-2.67211908388472,4.540182283342329
Rajasthan,2020,Rural,Graduate,22.3,80.8,-58.5,-39.860761758691204,-37.92911793003554,-38.70315318586001,-20.570882069964462,-19.79684681413999
Rajasthan,2020,Rural,Post Graduate & Above,36.2,81.5,-45.3,-39.860761758691204,-26.006975072892672,-28.269399935324454,-19.293024927107325,-17.030600064675543
Rajasthan,2020,Urban,Not Literate,22.4,80.7,-58.300000000000004,-39.860761758691204,-41.76728779704927,-43.00960100988334,-16.532712202950734,-15.290398990116664
Rajasthan,2020,Urban,Literate & Upto Primary,17.7,82.3,-64.6,-39.860761758691204,-52.80616534806967,-54.21857247512517,-11.793834651930325,-10.381427524874823
Rajasthan,2020,Urban,Middle,11.7,77.5,-65.8,-39.860761758691204,-53.73024698072274,-55.67641108563361,-12.069753019277258,-10.123588914366387
Rajasthan,2020,Urban,Secondary,8.4,59.9,-51.5,-39.860761758691204,-46.03494085827376,-48.67099450010088,-5.465059141726243,-2.829005499899118
Rajasthan,2020,Urban,Higher Secondary,6.7,51.8,-45.099999999999994,-39.860761758691204,-44.08422657255947,-41.74617778294925,-1.0157734274405215,-3.353822217050741
Rajasthan,2020,Urban,Diploma/ Certificate Course,57.0,86.4,-29.400000000000006,-39.860761758691204,-29.07186710965962,-33.838806153065214,-0.3281328903403846,4.438806153065208
Rajasthan,2020,Urban,Graduate,26.2,81.1,-54.89999999999999,-39.860761758691204,-44.27310412357988,-41.22351517824582,-10.626895876420114,-13.676484821754173
Rajasthan,2020,Urban,Post Graduate & Above,31.2,81.8,-50.599999999999994,-39.860761758691204,-32.35096126643701,-26.797981494668335,-18.249038733562983,-23.80201850533166
Sikkim,2020,Rural,Not Literate,76.0,82.8,-6.799999999999997,-40.37691717791411,-35.5403303421221,-29.139383775820175,28.7403303421221,22.339383775820178
Sikkim,2020,Rural,Literate & Upto Primary,87.5,95.1,-7.599999999999994,-40.37691717791411,-47.00777932171394,-42.6162870943234,39.407779321713946,35.0162870943234
Sikkim,2020,Rural,Middle,65.0,75.0,-10.0,-40.37691717791411,-48.19471809722414,-45.55922951272048,38.19471809722414,35.55922951272048
Sikkim,2020,Rural,Secondary,45.2,71.7,-26.5,-40.37691717791411,-40.287167076815976,-38.39817137472746,13.787167076815976,11.898171374727461
Sikkim,2020,Rural,Higher Secondary,41.1,83.9,-42.800000000000004,-40.37691717791411,-38.10828952579557,-37.06794140261976,-4.691710474204434,-5.732058597380245
Sikkim,2020,Rural,Diploma/ Certificate Course,100.0,100.0,0.0,-40.37691717791411,-23.191984347788807,-30.305772651397056,23.191984347788807,30.305772651397056
Sikkim,2020,Rural,Graduate,73.1,71.4,1.6999999999999886,-40.37691717791411,-38.98941197477516,-40.14820807337961,40.68941197477515,41.848208073379595
Sikkim,2020,Rural,Post Graduate & Above,87.8,62.6,25.199999999999996,-40.37691717791411,-27.126656872734358,-29.570663668238556,52.326656872734354,54.770663668238555
Sikkim,2020,Urban,Not Literate,23.1,86.8,-63.699999999999996,-40.37691717791411,-41.6467032631073,-43.160042878236595,-22.053296736892698,-20.5399571217634
Sikkim,2020,Urban,Literate & Upto Primary,44.4,92.2,-47.800000000000004,-40.37691717791411,-53.11415224269914,-54.82844021227015,5.314152242699137,7.028440212270148
Sikkim,2020,Urban,Middle,26.8,83.1,-56.3,-40.37691717791411,-54.30109101820934,-56.47603221452645,-1.998908981790656,0.17603221452645101
Sikkim,2020,Urban,Secondary,28.6,73.4,-44.800000000000004,-40.37691717791411,-46.393539997801184,-48.62371633425127,1.5935399978011802,3.823716334251266
Sikkim,2020,Urban,Higher Secondary,27.4,78.8,-51.4,-40.37691717791411,-44.21466244678077,-41.25030523846631,-7.185337553219227,-10.149694761533688
Sikkim,2020,Urban,Diploma/ Certificate Course,59.9,84.3,-24.4,-40.37691717791411,-29.29835726877401,-34.004242288853845,4.89835726877401,9.604242288853847
Sikkim,2020,Urban,Graduate,57.9,86.8,-28.9,-40.37691717791411,-45.09578489576036,-41.93164338160293,16.19578489576036,13.031643381602933
Sikkim,2020,Urban,Post Graduate & Above,70.4,93.1,-22.69999999999999,-40.37691717791411,-33.23302979371956,-27.416941059514492,10.533029793719571,4.716941059514504
Tamil Nadu,2020,Rural,Not Literate,59.0,72.5,-13.5,-39.99399284253579,-35.74232814298725,-28.84512158998852,22.242328142987247,15.34512158998852
Tamil Nadu,2020,Rural,Literate & Upto Primary,69.7,88.6,-18.89999999999999,-39.99399284253579,-46.833042428701546,-41.61721666461302,27.933042428701555,22.717216664613026
Tamil Nadu,2020,Rural,Middle,58.5,90.8,-32.3,-39.99399284253579,-47.511409775640324,-44.57108764382233,15.211409775640327,12.271087643822334
Tamil Nadu,2020,Rural,Secondary,34.8,60.4,-25.6,-39.99399284253579,-39.90385875523215,-38.471764865487486,14.303858755232149,12.871764865487485
Tamil Nadu,2020,Rural,Higher Secondary,26.4,53.8,-27.4,-39.99399284253579,-37.94232814298725,-36.96785050552636,10.542328142987252,9.567850505526359
Tamil Nadu,2020,Rural,Diploma/ Certificate Course,25.7,95.2,-69.5,-39.99399284253579,-21.80737680229004,-29.297640734942966,-47.69262319770996,-40.202359265057034
Tamil Nadu,2020,Rural,Graduate,43.8,95.4,-51.60000000000001,-39.99399284253579,-37.93467508176276,-38.42663968757564,-13.665324918237246,-13.173360312424371
Tamil Nadu,2020,Rural,Post Graduate & Above,50.0,95.3,-45.3,-39.99399284253579,-26.2578383470689,-28.44622330731462,-19.042161652931096,-16.853776692685376
Tamil Nadu,2020,Urban,Not Literate,35.9,70.1,-34.199999999999996,-39.99399284253579,-42.21066058470853,-44.08823308343479,8.010660584708532,9.888233083434791
Tamil Nadu,2020,Urban,Literate & Upto Primary,37.6,85.8,-48.199999999999996,-39.99399284253579,-53.30137487042282,-54.53515858282389,5.1013748704228234,6.335158582823894
Tamil Nadu,2020,Urban,Middle,26.3,83.4,-57.10000000000001,-39.99399284253579,-53.979742217361604,-56.18054009472754,-3.1202577826384044,-0.9194599052724683
Tamil Nadu,2020,Urban,Secondary,17.4,66.7,-49.300000000000004,-39.99399284253579,-46.37219119695344,-48.583599504630186,-2.9278088030465668,-0.7164004953698182
Tamil Nadu,2020,Urban,Higher Secondary,16.5,49.4,-32.9,-39.99399284253579,-44.41066058470854,-41.83860528059036,11.510660584708539,8.938605280590359
Tamil Nadu,2020,Urban,Diploma/ Certificate Course,39.1,94.0,-54.9,-39.99399284253579,-28.27570924401132,-33.66102359665422,-26.624290755988678,-21.23897640334578
Tamil Nadu,2020,Urban,Graduate,43.3,86.2,-42.900000000000006,-39.99399284253579,-44.403007523484035,-41.86070775761196,1.5030075234840297,-1.0392922423880435
Tamil Nadu,2020,Urban,Post Graduate & Above,48.9,88.3,-39.4,-39.99399284253579,-32.726170788790185,-26.745355884779013,-6.673829211209814,-12.654644115220986
Telangana,2020,Rural,Not Literate,63.7,76.5,-12.799999999999997,-39.899667689161554,-35.554290847790774,-28.838791968252995,22.754290847790777,16.038791968252998
Telangana,2020,Rural,Literate & Upto Primary,80.8,96.7,-15.900000000000006,-39.899667689161554,-46.77357656207647,-42.270442976618696,30.873576562076465,26.37044297661869
Telangana,2020,Rural,Middle,57.7,82.8,-25.099999999999994,-39.899667689161554,-47.594596970239735,-44.59709901423642,22.49459697023974,19.497099014236426
Telangana,2020,Rural,Secondary,38.0,68.0,-30.0,-39.899667689161554,-39.77949492942342,-38.14732081386329,9.779494929423421,8.147320813863288
Telangana,2020,Rural,Higher Secondary,32.8,57.6,-24.800000000000004,-39.899667689161554,-37.74306635799485,-37.12507716513937,12.943066357994844,12.32507716513937
Telangana,2020,Rural,Diploma/ Certificate Course,21.0,81.5,-60.5,-39.899667689161554,-21.73057754758143,-29.128260982653504,-38.76942245241857,-31.371739017346496
Telangana,2020,Rural,Graduate,43.2,90.7,-47.5,-39.899667689161554,-37.93806635799484,-38.464699279482815,-9.561933642005158,-9.035300720517185
Telangana,2020,Rural,Post Graduate & Above,51.6,99.4,-47.800000000000004,-39.899667689161554,-25.911433704933614,-28.52547454675009,-21.88856629506639,-19.274525453249915
Telangana,2020,Urban,Not Literate,35.7,76.0,-40.3,-39.899667689161554,-42.06122593034101,-44.02219483177209,1.7612259303410127,3.722194831772093
Telangana,2020,Urban,Literate & Upto Primary,41.2,91.7,-50.5,-39.899667689161554,-53.28051164462671,-55.31382490302748,2.7805116446267135,4.813824903027481
Telangana,2020,Urban,Middle,18.9,81.0,-62.1,-39.899667689161554,-54.10153205278998,-56.35223422548584,-7.998467947210024,-5.747765774514164
Telangana,2020,Urban,Secondary,20.1,66.1,-45.99999999999999,-39.899667689161554,-46.286430011973664,-49.345586593103434,0.28643001197367113,3.345586593103441
Telangana,2020,Urban,Higher Secondary,13.4,49.0,-35.6,-39.899667689161554,-44.25000144054509,-41.94792787846601,8.65000144054509,6.34792787846601
Telangana,2020,Urban,Diploma/ Certificate Course,50.4,95.4,-45.00000000000001,-39.899667689161554,-28.23751263013167,-33.886503805044,-16.76248736986834,-11.113496194956006
Telangana,2020,Urban,Graduate,33.0,86.9,-53.900000000000006,-39.899667689161554,-44.445001440545084,-41.654037596938316,-9.454998559454921,-12.24596240306169
Telangana,2020,Urban,Post Graduate & Above,41.4,89.7,-48.300000000000004,-39.899667689161554,-32.41836878748385,-26.94691130633871,-15.881631212516155,-21.353088693661295
The Dadra and Nagar Haveli and Daman and Diu,2020,Rural,Not Literate,55.2,94.1,-38.89999999999999,-39.89038854805726,-35.70148377300991,-28.449201660572395,-3.1985162269900798,-10.450798339427596
The Dadra and Nagar Haveli and Daman and Diu,2020,Rural,Literate & Upto Primary,53.2,82.7,-29.5,-39.89038854805726,-46.74536132403031,-41.83137958254731,17.245361324030313,12.331379582547306
The Dadra and Nagar Haveli and Daman and Diu,2020,Rural,Middle,27.5,73.2,-45.7,-39.89038854805726,-47.7614837730099,-44.92694862408047,2.061483773009897,-0.7730513759195361
The Dadra and Nagar Haveli and Daman and Diu,2020,Rural,Secondary,49.1,72.4,-23.300000000000004,-39.89038854805726,-39.9045449974997,-38.85072227019935,16.604544997499694,15.550722270199344
The Dadra and Nagar Haveli and Daman and Diu,2020,Rural,Higher Secondary,25.2,39.2,-14.000000000000004,-39.89038854805726,-37.693524589336434,-37.35010169403424,23.69352458933643,23.350101694034233
The Dadra and Nagar Haveli and Daman and Diu,2020,Rural,Diploma/ Certificate Course,100.0,100.0,0.0,-39.89038854805726,-22.671217276068994,-30.083348599881543,22.671217276068994,30.083348599881543
The Dadra and Nagar Haveli and Daman and Diu,2020,Rural,Graduate,96.8,100.0,-3.200000000000003,-39.89038854805726,-38.152504181173164,-39.850977279418444,34.95250418117316,36.65097727941844
The Dadra and Nagar Haveli and Daman and Diu,2020,Rural,Post Graduate & Above,100.0,100.0,0.0,-39.89038854805726,-27.109034793418086,-29.98747914444715,27.109034793418086,29.98747914444715
The Dadra and Nagar Haveli and Daman and Diu,2020,Urban,Not Literate,18.3,13.8,4.5,-39.89038854805726,-41.51342007930811,-45.1005915992207,46.01342007930811,49.6005915992207
The Dadra and Nagar Haveli and Daman and Diu,2020,Urban,Literate & Upto Primary,17.0,79.6,-62.599999999999994,-39.89038854805726,-52.55729763032851,-53.988421106161276,-10.042702369671481,-8.611578893838718
The Dadra and Nagar Haveli and Daman and Diu,2020,Urban,Middle,11.7,88.7,-77.0,-39.89038854805726,-53.57342007930809,-56.23343158389662,-23.426579920691907,-20.766568416103382
The Dadra and Nagar Haveli and Daman and Diu,2020,Urban,Secondary,1.0,68.4,-67.4,-39.89038854805726,-45.716481303797906,-48.22151714185388,-21.6835186962021,-19.178482858146126
The Dadra and Nagar Haveli and Daman and Diu,2020,Urban,Higher Secondary,8.0,68.1,-60.099999999999994,-39.89038854805726,-43.50546089563463,-41.21848668965833,-16.594539104365367,-18.881513310341667
The Dadra and Nagar Haveli and Daman and Diu,2020,Urban,Diploma/ Certificate Course,86.2,96.8,-10.599999999999994,-39.89038854805726,-28.483153582367194,-33.648658740993916,17.8831535823672,23.048658740993922
The Dadra and Nagar Haveli and Daman and Diu,2020,Urban,Graduate,35.3,77.0,-41.7,-39.89038854805726,-43.964440487471364,-41.346030288845206,2.2644404874713615,-0.3539697111547966
The Dadra and Nagar Haveli and Daman and Diu,2020,Urban,Post Graduate & Above,14.1,67.4,-53.300000000000004,-39.89038854805726,-32.92097109971628,-27.42381532874329,-20.37902890028372,-25.876184671256713
Tripura,2020,Rural,Not Literate,34.7,68.2,-33.5,-39.95669734151329,-35.20804719742797,-28.528524214827296,1.7080471974279732,-4.971475785172704
Tripura,2020,Rural,Literate & Upto Primary,40.2,89.0,-48.8,-39.95669734151329,-46.31835331987696,-40.847572457883544,-2.481646680123035,-7.952427542116453
Tripura,2020,Rural,Middle,26.3,83.3,-57.0,-39.95669734151329,-47.20345536069328,-43.94696979083368,-9.796544639306717,-13.053030209166323
Tripura,2020,Rural,Secondary,18.1,70.7,-52.6,-39.95669734151329,-39.57243495253002,-37.63442520687071,-13.027565047469984,-14.965574793129292
Tripura,2020,Rural,Higher Secondary,35.2,63.5,-28.299999999999997,-39.95669734151329,-37.521516585183065,-36.77443276547668,9.221516585183068,8.474432765476685
Tripura,2020,Rural,Diploma/ Certificate Course,100.0,43.5,56.5,-39.95669734151329,-22.818523114152807,-29.785282258429252,79.31852311415281,86.28528225842925
Tripura,2020,Rural,Graduate,38.3,93.1,-54.8,-39.95669734151329,-37.99304719742797,-38.602426121833986,-16.806952802572027,-16.19757387816601
Tripura,2020,Rural,Post Graduate & Above,74.7,75.3,-0.5999999999999943,-39.95669734151329,-26.446006381101455,-29.3006059507214,25.84600638110146,28.700605950721407
Tripura,2020,Urban,Not Literate,28.2,66.2,-38.0,-39.95669734151329,-41.81503898398749,-43.796493024782926,3.815038983987492,5.796493024782926
Tripura,2020,Urban,Literate & Upto Primary,28.4,84.3,-55.9,-39.95669734151329,-52.925345106436474,-54.60278678306827,-2.9746548935635246,-1.2972132169317305
Tripura,2020,Urban,Middle,16.7,80.1,-63.39999999999999,-39.95669734151329,-53.8104471472528,-56.23252727962406,-9.58955285274719,-7.167472720375933
Tripura,2020,Urban,Secondary,17.9,64.3,-46.4,-39.95669734151329,-46.17942673908953,-48.90199766635621,-0.22057326091047003,2.5019976663562105
Tripura,2020,Urban,Higher Secondary,19.0,61.1,-42.1,-39.95669734151329,-44.12850837174258,-41.87999774536067,2.028508371742582,-0.22000225463933276
Tripura,2020,Urban,Diploma/ Certificate Course,0.0,52.2,-52.2,-39.95669734151329,-29.425514900712322,-34.61115884062641,-22.77448509928768,-17.588841159373594
Tripura,2020,Urban,Graduate,29.1,72.5,-43.4,-39.95669734151329,-44.60003898398749,-41.75685295012147,1.2000389839874899,-1.6431470498785288
Tripura,2020,Urban,Post Graduate & Above,57.2,83.9,-26.700000000000003,-39.95669734151329,-33.052998167660974,-27.157922473449265,6.352998167660971,0.45792247344926196
Uttar Pradesh,2020,Rural,Not Literate,33.5,84.5,-51.0,-39.538139059304704,-34.640441759471116,-28.036754103712013,-16.359558240528884,-22.963245896287987
Uttar Pradesh,2020,Rural,Literate & Upto Primary,19.5,84.5,-65.0,-39.538139059304704,-45.91625808600173,-40.89116664834496,-19.083741913998267,-24.108833351655043
Uttar Pradesh,2020,Rural,Middle,20.3,79.9,-59.60000000000001,-39.538139059304704,-46.97278869824662,-43.79605703770331,-12.627211301753391,-15.803942962296702
Uttar Pradesh,2020,Rural,Secondary,15.4,68.2,-52.800000000000004,-39.538139059304704,-39.36707441253233,-37.90463584880878,-13.432925587467672,-14.895364151191224
Uttar Pradesh,2020,Rural,Higher Secondary,12.4,66.0,-53.6,-39.538139059304704,-37.28982951457314,-36.47173192256224,-16.31017048542686,-17.12826807743776
Uttar Pradesh,2020,Rural,Diploma/ Certificate Course,20.0,84.9,-64.9,-39.538139059304704,-22.388506063663524,-29.243783323668907,-42.51149393633648,-35.6562166763311
Uttar Pradesh,2020,Rural,Graduate,21.5,84.2,-62.7,-39.538139059304704,-37.35136012681804,-38.18572115066578,-25.348639873181966,-24.514278849334225
Uttar Pradesh,2020,Rural,Post Graduate & Above,44.1,91.1,-46.99999999999999,-39.538139059304704,-25.633298902328246,-28.288469192186376,-21.366701097671747,-18.711530807813617
Uttar Pradesh,2020,Urban,Not Literate,15.1,84.9,-69.80000000000001,-39.538139059304704,-41.29049703581437,-42.87300826989409,-28.509502964185643,-26.926991730105918
Uttar Pradesh,2020,Urban,Literate & Upto Primary,14.5,81.0,-66.5,-39.538139059304704,-52.56631336234498,-54.399847264189745,-13.933686637655022,-12.100152735810255
Uttar Pradesh,2020,Urban,Middle,7.0,75.1,-68.1,-39.538139059304704,-53.62284397458987,-56.19605246340301,-14.477156025410125,-11.903947536596988
Uttar Pradesh,2020,Urban,Secondary,5.7,61.8,-56.099999999999994,-39.538139059304704,-46.017129688875585,-48.64549087996772,-10.08287031112441,-7.454509120032277
Uttar Pradesh,2020,Urban,Higher Secondary,7.6,56.6,-49.0,-39.538139059304704,-43.939884790916395,-41.75430254678857,-5.060115209083605,-7.245697453211427
Uttar Pradesh,2020,Urban,Diploma/ Certificate Course,29.1,59.8,-30.699999999999996,-39.538139059304704,-29.038561340006773,-34.2803336817441,-1.6614386599932232,3.5803336817441007
Uttar Pradesh,2020,Urban,Graduate,16.5,79.5,-63.0,-39.538139059304704,-44.00141540316129,-41.2771995143861,-18.99858459683871,-21.722800485613902
Uttar Pradesh,2020,Urban,Post Graduate & Above,28.6,79.4,-50.800000000000004,-39.538139059304704,-32.2833541786715,-26.67633920185273,-18.516645821328503,-24.123660798147274
Uttarakhand,2020,Rural,Not Literate,39.9,80.8,-40.9,-39.766743353783234,-34.96203936873807,-28.54499165439227,-5.93796063126193,-12.355008345607729
Uttarakhand,2020,Rural,Literate & Upto Primary,42.8,82.4,-39.60000000000001,-39.766743353783234,-46.386018960574795,-41.29548530803532,6.786018960574786,1.695485308035309
Uttarakhand,2020,Rural,Middle,40.9,72.2,-31.300000000000004,-39.766743353783234,-47.53173324628907,-44.74672285035041,16.231733246289068,13.446722850350405
Uttarakhand,2020,Rural,Secondary,20.8,63.5,-42.7,-39.766743353783234,-39.81989651159521,-38.18314325292528,-2.8801034884047922,-4.516856747074726
Uttarakhand,2020,Rural,Higher Secondary,28.8,59.3,-30.499999999999996,-39.766743353783234,-37.63979447077888,-37.018474123543946,7.1397944707788845,6.51847412354395
Uttarakhand,2020,Rural,Diploma/ Certificate Course,100.0,100.0,0.0,-39.766743353783234,-22.056699164245845,-29.717736701576968,22.056699164245845,29.717736701576968
Uttarakhand,2020,Rural,Graduate,37.9,84.6,-46.699999999999996,-39.766743353783234,-38.024386307513566,-38.79766177256316,-8.67561369248643,-7.902338227436836
Uttarakhand,2020,Rural,Post Graduate & Above,34.2,94.5,-60.3,-39.766743353783234,-26.216325083023772,-27.70541676300426,-34.08367491697622,-32.59458323699574
Uttarakhand,2020,Urban,Not Literate,24.9,81.4,-56.50000000000001,-39.766743353783234,-41.30044384980571,-42.99264386941785,-15.199556150194297,-13.50735613058216
Uttarakhand,2020,Urban,Literate & Upto Primary,19.3,82.5,-63.2,-39.766743353783234,-52.724423441642436,-54.185693973194304,-10.475576558357567,-9.014306026805698
Uttarakhand,2020,Urban,Middle,8.3,68.7,-60.400000000000006,-39.766743353783234,-53.87013772735671,-56.41605220321625,-6.529862272643292,-3.9839477967837524
Uttarakhand,2020,Urban,Secondary,7.6,63.4,-55.8,-39.766743353783234,-46.15830099266285,-48.477862787729464,-9.641699007337145,-7.322137212270533
Uttarakhand,2020,Urban,Higher Secondary,7.0,61.4,-54.4,-39.766743353783234,-43.97819895184652,-41.170168080556294,-10.421801048153476,-13.229831919443704
Uttarakhand,2020,Urban,Diploma/ Certificate Course,7.4,100.0,-92.6,-39.766743353783234,-28.395103645313483,-33.46390225972903,-64.20489635468651,-59.13609774027096
Uttarakhand,2020,Urban,Graduate,29.1,76.5,-47.4,-39.766743353783234,-44.36279078858121,-41.51686455412948,-3.0372092114187907,-5.883135445870522
Uttarakhand,2020,Urban,Post Graduate & Above,36.7,76.8,-40.099999999999994,-39.766743353783234,-32.55472956409142,-26.54708425026416,-7.545270435908577,-13.552915749735835
West Bengal,2020,Rural,Not Literate,32.8,86.8,-54.0,-39.757208588957056,-34.86230337645479,-27.869159531478807,-19.13769662354521,-26.130840468521193
West Bengal,2020,Rural,Literate & Upto Primary,41.5,92.8,-51.3,-39.757208588957056,-46.12567072339354,-41.46432401809564,-5.174329276606457,-9.835675981904359
West Bengal,2020,Rural,Middle,21.5,83.8,-62.3,-39.757208588957056,-47.03220133563845,-43.90738679511739,-15.26779866436155,-18.392613204882608
West Bengal,2020,Rural,Secondary,17.6,68.7,-51.1,-39.757208588957056,-39.35669113155682,-37.53762980186836,-11.74330886844318,-13.562370198131639
West Bengal,2020,Rural,Higher Secondary,17.1,67.0,-49.9,-39.757208588957056,-37.27760949890376,-36.649818083291926,-12.622390501096241,-13.250181916708073
West Bengal,2020,Rural,Diploma/ Certificate Course,31.3,82.0,-50.7,-39.757208588957056,-22.221684561524363,-29.37390026688049,-28.47831543847564,-21.326099733119513
West Bengal,2020,Rural,Graduate,36.6,86.7,-50.1,-39.757208588957056,-37.767099294822124,-38.772965322383705,-12.332900705177877,-11.327034677616297
West Bengal,2020,Rural,Post Graduate & Above,62.5,90.8,-28.299999999999997,-39.757208588957056,-26.1269972540058,-28.7645445322564,-2.1730027459941965,0.46454453225640435
West Bengal,2020,Urban,Not Literate,32.4,81.6,-49.199999999999996,-39.757208588957056,-41.647380883750145,-43.843182036229365,-7.552619116249851,-5.356817963770631
West Bengal,2020,Urban,Literate & Upto Primary,29.6,88.3,-58.699999999999996,-39.757208588957056,-52.91074823068891,-54.78213085085369,-5.789251769311086,-3.9178691491463056
West Bengal,2020,Urban,Middle,20.5,80.0,-59.5,-39.757208588957056,-53.8172788429338,-56.1454640710021,-5.682721157066197,-3.3545359289978975
West Bengal,2020,Urban,Secondary,13.9,65.6,-51.699999999999996,-39.757208588957056,-46.141768638852184,-48.80661451645423,-5.558231361147811,-2.8933854835457637
West Bengal,2020,Urban,Higher Secondary,18.0,63.1,-45.1,-39.757208588957056,-44.06268700619911,-41.39759389537457,-1.0373129938008887,-3.7024061046254317
West Bengal,2020,Urban,Diploma/ Certificate Course,25.5,76.0,-50.5,-39.757208588957056,-29.006762068819725,-33.74143990349577,-21.493237931180275,-16.758560096504233
West Bengal,2020,Urban,Graduate,31.7,77.6,-45.89999999999999,-39.757208588957056,-44.552176802117486,-41.52342741318886,-1.347823197882505,-4.376572586811129
West Bengal,2020,Urban,Post Graduate & Above,50.6,75.6,-24.999999999999993,-39.757208588957056,-32.912074761301156,-27.47968427513738,7.912074761301163,2.4796842751373873
Andaman and Nicobar Islands,2019,Rural,Not Literate,13.2,52.4,-39.2,-40.10058793456033,-36.99036267150496,-31.490882819692036,-2.2096373284950417,-7.709117180307967
Andaman and Nicobar Islands,2019,Rural,Literate & Upto Primary,31.6,84.8,-53.199999999999996,-40.10058793456033,-48.33168920211721,-44.45824990583137,-4.868310797882785,-8.741750094168623
Andaman and Nicobar Islands,2019,Rural,Middle,22.0,68.7,-46.7,-40.10058793456033,-49.245158589872304,-45.19871476631099,2.545158589872301,-1.5012852336890106
Andaman and Nicobar Islands,2019,Rural,Secondary,22.1,60.8,-38.699999999999996,-40.10058793456033,-41.625974916402924,-38.76397572970657,2.9259749164029287,0.06397572970657706
Andaman and Nicobar Islands,2019,Rural,Higher Secondary,58.7,64.6,-5.8999999999999915,-40.10058793456033,-39.678525936811084,-40.46141270674389,33.77852593681109,34.5614127067439
Andaman and Nicobar Islands,2019,Rural,Diploma/ Certificate Course,69.3,94.1,-24.799999999999997,-40.10058793456033,-24.39383246988716,-31.051099823416543,-0.4061675301128389,6.251099823416546
Andaman and Nicobar Islands,2019,Rural,Graduate,97.9,92.9,5.0,-40.10058793456033,-40.55740348783149,-41.570547764919404,45.55740348783149,46.570547764919404
Andaman and Nicobar Islands,2019,Rural,Post Graduate & Above,100.0,100.0,0.0,-40.10058793456033,-28.927913691913115,-31.008631098184843,28.927913691913115,31.008631098184843
Andaman and Nicobar Islands,2019,Urban,Not Literate,17.3,86.1,-68.8,-40.10058793456033,-43.4381581119023,-46.96319340991229,-25.3618418880977,-21.836806590087704
Andaman and Nicobar Islands,2019,Urban,Literate & Upto Primary,26.0,84.5,-58.5,-40.10058793456033,-54.77948464251455,-56.515211377103924,-3.7205153574854535,-1.984788622896076
Andaman and Nicobar Islands,2019,Urban,Middle,23.7,81.3,-57.599999999999994,-40.10058793456033,-55.69295403026965,-56.24616605911927,-1.9070459697303477,-1.353833940880726
Andaman and Nicobar Islands,2019,Urban,Secondary,10.8,75.3,-64.5,-40.10058793456033,-48.07377035680026,-48.472829725903196,-16.42622964319974,-16.027170274096804
Andaman and Nicobar Islands,2019,Urban,Higher Secondary,25.0,59.5,-34.5,-40.10058793456033,-46.12632137720843,-42.81311957996118,11.626321377208427,8.313119579961182
Andaman and Nicobar Islands,2019,Urban,Diploma/ Certificate Course,47.5,86.8,-39.3,-40.10058793456033,-30.841627910284494,-33.99111636668807,-8.458372089715503,-5.308883633311929
Andaman and Nicobar Islands,2019,Urban,Graduate,75.2,93.7,-18.5,-40.10058793456033,-47.00519892822882,-42.43298423899401,28.505198928228822,23.93298423899401
Andaman and Nicobar Islands,2019,Urban,Post Graduate & Above,67.7,92.9,-25.200000000000003,-40.10058793456033,-35.37570913231045,-29.036828242593913,10.175709132310445,3.83682824259391
Andhra Pradesh,2019,Rural,Not Literate,50.3,77.6,-27.299999999999997,-40.0069018404908,-37.34916657402453,-33.155043663676544,10.049166574024532,5.855043663676547
Andhra Pradesh,2019,Rural,Literate & Upto Primary,49.9,91.2,-41.300000000000004,-40.0069018404908,-48.52151351280004,-44.745957998254994,7.221513512800037,3.4459579982549897
Andhra Pradesh,2019,Rural,Middle,33.2,88.5,-55.3,-40.0069018404908,-49.37600330871841,-45.141595551836126,-5.923996691281587,-10.158404448163871
Andhra Pradesh,2019,Rural,Secondary,30.4,69.5,-39.1,-40.0069018404908,-41.674370655657185,-39.20053675547917,2.5743706556571837,0.10053675547916896
Andhra Pradesh,2019,Rural,Higher Secondary,24.4,53.1,-28.700000000000003,-40.0069018404908,-39.76222779851432,-39.616816232110715,11.062227798514314,10.916816232110712
Andhra Pradesh,2019,Rural,Diploma/ Certificate Course,49.1,93.4,-44.300000000000004,-40.0069018404908,-24.13701817341678,-30.8047294151368,-20.162981826583223,-13.495270584863203
Andhra Pradesh,2019,Rural,Graduate,46.0,91.6,-45.599999999999994,-40.0069018404908,-39.900493104636766,-39.87132017031181,-5.699506895363228,-5.728679829688183
Andhra Pradesh,2019,Rural,Post Graduate & Above,56.7,98.7,-42.0,-40.0069018404908,-28.322635961779643,-30.027795354317703,-13.677364038220357,-11.972204645682297
Andhra Pradesh,2019,Urban,Not Literate,35.5,79.5,-44.0,-40.0069018404908,-43.87948388744301,-46.19043998061611,-0.12051611255699157,2.1904399806161123
Andhra Pradesh,2019,Urban,Literate & Upto Primary,36.1,87.9,-51.800000000000004,-40.0069018404908,-55.05183082621852,-57.13497893094,3.251830826218516,5.334978930939997
Andhra Pradesh,2019,Urban,Middle,18.5,75.9,-57.400000000000006,-40.0069018404908,-55.90632062213689,-56.28092459427905,-1.493679377863117,-1.119075405720956
Andhra Pradesh,2019,Urban,Secondary,15.5,66.3,-50.8,-40.0069018404908,-48.204687969075664,-48.98418271667761,-2.595312030924333,-1.8158172833223887
Andhra Pradesh,2019,Urban,Higher Secondary,11.1,44.4,-33.3,-40.0069018404908,-46.292545111932796,-42.94076781987051,12.992545111932799,9.640767819870511
Andhra Pradesh,2019,Urban,Diploma/ Certificate Course,58.7,80.4,-21.700000000000003,-40.0069018404908,-30.667335486835263,-34.22851928276772,8.96733548683526,12.528519282767718
Andhra Pradesh,2019,Urban,Graduate,34.8,81.8,-47.0,-40.0069018404908,-46.430810418055245,-41.69069843567827,-0.5691895819447552,-5.3093015643217285
Andhra Pradesh,2019,Urban,Post Graduate & Above,52.0,89.4,-37.400000000000006,-40.0069018404908,-34.85295327519812,-28.406738951794555,-2.5470467248018878,-8.99326104820545
Arunachal Pradesh,2019,Rural,Not Literate,22.9,86.8,-63.9,-40.20352760736196,-36.745681630562295,-32.37134084879288,-27.154318369437703,-31.528659151207115
Arunachal Pradesh,2019,Rural,Literate & Upto Primary,24.9,78.2,-53.300000000000004,-40.20352760736196,-48.05823265097045,-44.437316591266764,-5.241767349029551,-8.86268340873324
Arunachal Pradesh,2019,Rural,Middle,21.9,63.0,-41.1,-40.20352760736196,-49.40313061015412,-45.5292300078975,8.30313061015412,4.429230007897502
Arunachal Pradesh,2019,Rural,Secondary,16.0,48.6,-32.6,-40.20352760736196,-41.75476326321535,-39.243272503528125,9.15476326321535,6.643272503528124
Arunachal Pradesh,2019,Rural,Higher Secondary,25.0,58.6,-33.6,-40.20352760736196,-39.75690612035821,-39.33756678139027,6.156906120358208,5.737566781390271
Arunachal Pradesh,2019,Rural,Diploma/ Certificate Course,100.0,0.0,100.0,-40.20352760736196,-24.85102060317342,-31.62811782829362,124.85102060317342,131.62811782829363
Arunachal Pradesh,2019,Rural,Graduate,77.9,82.5,-4.599999999999994,-40.20352760736196,-40.430069385664325,-41.46781800284877,35.83006938566433,36.86781800284878
Arunachal Pradesh,2019,Rural,Post Graduate & Above,62.4,91.1,-28.699999999999996,-40.20352760736196,-28.824457140766373,-30.41294078442829,0.1244571407663777,1.7129407844282944
Arunachal Pradesh,2019,Urban,Not Literate,11.3,80.8,-69.5,-40.20352760736196,-43.26008363910722,-46.12140906414243,-26.239916360892778,-23.378590935857567
Arunachal Pradesh,2019,Urban,Literate & Upto Primary,5.0,82.3,-77.3,-40.20352760736196,-54.57263465951537,-56.6485527673896,-22.727365340484624,-20.651447232610394
Arunachal Pradesh,2019,Urban,Middle,11.2,63.5,-52.3,-40.20352760736196,-55.91753261869905,-56.42722581629624,3.6175326186990517,4.127225816296246
Arunachal Pradesh,2019,Urban,Secondary,12.8,57.4,-44.599999999999994,-40.20352760736196,-48.26916527176027,-48.961731694420116,3.669165271760278,4.361731694420122
Arunachal Pradesh,2019,Urban,Higher Secondary,20.3,56.3,-36.0,-40.20352760736196,-46.27130812890313,-42.91254069842125,10.27130812890313,6.912540698421253
Arunachal Pradesh,2019,Urban,Diploma/ Certificate Course,100.0,73.0,27.0,-40.20352760736196,-31.365422611718344,-34.46183521782245,58.365422611718344,61.46183521782245
Arunachal Pradesh,2019,Urban,Graduate,51.4,84.3,-32.9,-40.20352760736196,-46.944471394209245,-42.096450398966525,14.044471394209246,9.196450398966526
Arunachal Pradesh,2019,Urban,Post Graduate & Above,80.6,84.7,-4.1000000000000085,-40.20352760736196,-35.3388591493113,-29.77050033804003,31.23885914931129,25.67050033804002
Assam,2019,Rural,Not Literate,23.4,73.9,-50.50000000000001,-39.86255112474437,-36.57672550645846,-31.851318907965823,-13.923274493541548,-18.648681092034185
Assam,2019,Rural,Literate & Upto Primary,11.7,87.3,-75.6,-39.86255112474437,-47.714174486050304,-43.46098620205797,-27.88582551394969,-32.13901379794203
Assam,2019,Rural,Middle,13.0,81.5,-68.5,-39.86255112474437,-48.794582649315615,-44.844997127311345,-19.705417350684385,-23.655002872688655
Assam,2019,Rural,Secondary,9.1,62.1,-53.0,-39.86255112474437,-41.31907244523397,-38.860706109297944,-11.68092755476603,-14.139293890702056
Assam,2019,Rural,Higher Secondary,20.5,58.6,-38.1,-39.86255112474437,-39.254072445233966,-39.52493139384287,1.1540724452339646,1.4249313938428685
Assam,2019,Rural,Diploma/ Certificate Course,89.6,100.0,-10.400000000000006,-39.86255112474437,-24.86328527322226,-31.22445403842696,14.463285273222255,20.824454038426953
Assam,2019,Rural,Graduate,49.1,86.4,-37.300000000000004,-39.86255112474437,-39.77397040441764,-40.314315305640314,2.473970404417635,3.0143153056403094
Assam,2019,Rural,Post Graduate & Above,42.2,54.3,-12.099999999999994,-39.86255112474437,-28.224684690131944,-29.49759496003602,16.12468469013195,17.397594960036027
Assam,2019,Urban,Not Literate,13.2,61.0,-47.8,-39.86255112474437,-43.29868829647127,-46.38637779805808,-4.501311703528728,-1.4136222019419193
Assam,2019,Urban,Literate & Upto Primary,16.3,87.9,-71.60000000000001,-39.86255112474437,-54.43613727606312,-56.157243586582894,-17.163862723936887,-15.442756413417115
Assam,2019,Urban,Middle,9.3,79.5,-70.2,-39.86255112474437,-55.516545439328425,-56.03495392221635,-14.683454560671578,-14.16504607778365
Assam,2019,Urban,Secondary,12.7,68.5,-55.8,-39.86255112474437,-48.04103523524679,-48.94027845421794,-7.758964764753209,-6.859721545782058
Assam,2019,Urban,Higher Secondary,17.2,58.9,-41.7,-39.86255112474437,-45.97603523524678,-42.73574139515161,4.2760352352467805,1.0357413951516037
Assam,2019,Urban,Diploma/ Certificate Course,0.0,71.1,-71.1,-39.86255112474437,-31.585248063235078,-34.519955048267704,-39.51475193676492,-36.58004495173229
Assam,2019,Urban,Graduate,36.5,81.1,-44.599999999999994,-39.86255112474437,-46.49593319443046,-41.70109110430133,1.8959331944304623,-2.8989088956986677
Assam,2019,Urban,Post Graduate & Above,63.1,75.0,-11.899999999999999,-39.86255112474437,-34.94664748014476,-29.145103836724118,23.046647480144763,17.24510383672412
Bihar,2019,Rural,Not Literate,13.4,90.3,-76.89999999999999,-39.58849693251534,-36.07459296327703,-30.852024686135962,-40.825407036722964,-46.04797531386403
Bihar,2019,Rural,Literate & Upto Primary,7.9,85.8,-77.89999999999999,-39.58849693251534,-47.41489908572602,-43.629588116624376,-30.48510091427397,-34.270411883375616
Bihar,2019,Rural,Middle,6.0,69.0,-63.0,-39.58849693251534,-48.74979704490969,-44.48530037915007,-14.250202955090309,-18.51469962084993
Bihar,2019,Rural,Secondary,2.6,56.0,-53.4,-39.58849693251534,-41.2175521469505,-38.609735317120894,-12.182447853049496,-14.790264682879105
Bihar,2019,Rural,Higher Secondary,4.3,45.8,-41.5,-39.58849693251534,-39.236429697970905,-39.018668417245664,-2.2635703020290947,-2.4813315827543363
Bihar,2019,Rural,Diploma/ Certificate Course,0.0,56.4,-56.4,-39.58849693251534,-24.542277437469096,-30.617430057912653,-31.857722562530903,-25.782569942087346
Bihar,2019,Rural,Graduate,12.0,82.9,-70.9,-39.58849693251534,-39.19530724899131,-39.40036290990784,-31.704692751008693,-31.499637090092165
Bihar,2019,Rural,Post Graduate & Above,36.2,86.7,-50.5,-39.58849693251534,-27.67275622858316,-29.386906669109788,-22.82724377141684,-21.113093330890212
Bihar,2019,Urban,Not Literate,11.7,86.2,-74.5,-39.58849693251534,-42.91681739726282,-46.44377200518019,-31.583182602737182,-28.056227994819807
Bihar,2019,Urban,Literate & Upto Primary,7.0,84.9,-77.9,-39.58849693251534,-54.25712351971181,-56.28792303926306,-23.642876480288194,-21.612076960736943
Bihar,2019,Urban,Middle,4.2,70.3,-66.1,-39.58849693251534,-55.59202147889549,-55.98925920050626,-10.507978521104505,-10.110740799493733
Bihar,2019,Urban,Secondary,3.8,59.3,-55.5,-39.58849693251534,-48.0597765809363,-48.95489391552903,-7.440223419063699,-6.545106084470973
Bihar,2019,Urban,Higher Secondary,2.2,47.8,-45.599999999999994,-39.58849693251534,-46.078654131956704,-42.92615378209977,0.47865413195670925,-2.673846217900227
Bihar,2019,Urban,Diploma/ Certificate Course,100.0,60.9,39.1,-39.58849693251534,-31.384501871454894,-34.51451890751057,70.4845018714549,73.61451890751057
Bihar,2019,Urban,Graduate,16.6,72.1,-55.49999999999999,-39.58849693251534,-46.03753168297711,-41.21653513667121,-9.462468317022882,-14.283464863328781
Bihar,2019,Urban,Post Graduate & Above,42.7,80.3,-37.599999999999994,-39.58849693251534,-34.51498066256896,-28.553138851312593,-3.085019337431035,-9.046861148687402
Chandigarh,2019,Rural,Not Literate,54.1,52.7,1.3999999999999986,-39.647499999999994,-36.86054416520654,-33.1814986966849,38.26054416520654,34.581498696684896
Chandigarh,2019,Rural,Literate & Upto Primary,69.8,98.6,-28.799999999999997,-39.647499999999994,-47.655554348505945,-44.56059812073348,18.855554348505947,15.760598120733484
Chandigarh,2019,Rural,Middle,15.3,96.3,-81.0,-39.647499999999994,-48.65270302467701,-44.32849554562358,-32.34729697532299,-36.67150445437642
Chandigarh,2019,Rural,Secondary,10.4,41.5,-31.1,-39.647499999999994,-41.153925020603694,-38.60275756891917,10.053925020603693,7.502757568919172
Chandigarh,2019,Rural,Higher Secondary,16.4,92.5,-76.1,-39.647499999999994,-38.946083880074156,-38.336237844228435,-37.15391611992584,-37.76376215577156
Chandigarh,2019,Rural,Diploma/ Certificate Course,0.0,0.0,0.0,-39.647499999999994,-23.91176575216532,-30.229732023548003,23.91176575216532,30.229732023548003
Chandigarh,2019,Rural,Graduate,0.0,100.0,-100.0,-39.647499999999994,-39.456572678444836,-38.76268519715572,-60.543427321555164,-61.23731480284428
Chandigarh,2019,Rural,Post Graduate & Above,1.1,100.0,-98.9,-39.647499999999994,-27.606776344432618,-29.60339484110845,-71.29322365556739,-69.29660515889155
Chandigarh,2019,Urban,Not Literate,24.6,91.2,-66.6,-39.647499999999994,-43.79810787570603,-46.95825210786157,-22.801892124293964,-19.641747892138426
Chandigarh,2019,Urban,Literate & Upto Primary,19.6,84.1,-64.5,-39.647499999999994,-54.593118059005434,-57.11060950586511,-9.906881940994566,-7.3893904941348865
Chandigarh,2019,Urban,Middle,7.7,77.3,-69.6,-39.647499999999994,-55.5902667351765,-56.05316038494642,-14.009733264823495,-13.546839615053571
Chandigarh,2019,Urban,Secondary,6.8,81.0,-74.2,-39.647499999999994,-48.09148873110318,-48.566651371235814,-26.10851126889682,-25.63334862876419
Chandigarh,2019,Urban,Higher Secondary,16.6,60.8,-44.199999999999996,-39.647499999999994,-45.88364759057365,-42.68802584904904,1.6836475905736563,-1.5119741509509552
Chandigarh,2019,Urban,Diploma/ Certificate Course,100.0,100.0,0.0,-39.647499999999994,-30.84932946266481,-34.47973901796398,30.84932946266481,34.47973901796398
Chandigarh,2019,Urban,Graduate,30.3,80.3,-50.0,-39.647499999999994,-46.394136388944325,-41.66953912183554,-3.6058636110556748,-8.330460878164459
Chandigarh,2019,Urban,Post Graduate & Above,29.7,70.9,-41.2,-39.647499999999994,-34.54434005493211,-28.45480385393956,-6.655659945067896,-12.745196146060444
Chhattisgarh,2019,Rural,Not Literate,68.1,83.6,-15.5,-40.028604294478534,-37.67525516054626,-33.07050054767879,22.175255160546257,17.57050054767879
Chhattisgarh,2019,Rural,Literate & Upto Primary,74.2,95.3,-21.099999999999994,-40.028604294478534,-48.89250005850543,-44.673981598204485,27.79250005850544,23.57398159820449
Chhattisgarh,2019,Rural,Middle,57.7,82.2,-24.5,-40.028604294478534,-49.61331638503607,-45.5324064116347,25.11331638503607,21.032406411634703
Chhattisgarh,2019,Rural,Secondary,35.0,68.9,-33.900000000000006,-40.028604294478534,-41.83841842585238,-39.02653048725558,7.938418425852376,5.126530487255572
Chhattisgarh,2019,Rural,Higher Secondary,33.8,78.0,-44.2,-40.028604294478534,-39.55301026258707,-38.99918554382888,-4.64698973741293,-5.200814456171123
Chhattisgarh,2019,Rural,Diploma/ Certificate Course,0.0,80.0,-80.0,-40.028604294478534,-24.139298194258767,-30.432792833214954,-55.86070180574123,-49.567207166785046
Chhattisgarh,2019,Rural,Graduate,48.4,85.9,-37.50000000000001,-40.028604294478534,-39.9700510789136,-40.13731569993494,2.470051078913592,2.6373156999349305
Chhattisgarh,2019,Rural,Post Graduate & Above,59.4,95.4,-36.00000000000001,-40.028604294478534,-28.313622507485036,-29.643090654307322,-7.686377492514971,-6.356909345692685
Chhattisgarh,2019,Urban,Not Literate,33.3,78.4,-45.10000000000001,-40.028604294478534,-43.949789939255716,-47.32057879808265,-1.1502100607442927,2.2205787980826415
Chhattisgarh,2019,Urban,Literate & Upto Primary,27.4,89.3,-61.9,-40.028604294478534,-55.16703483721489,-56.82946698876705,-6.732965162785106,-5.070533011232946
Chhattisgarh,2019,Urban,Middle,21.0,81.7,-60.7,-40.028604294478534,-55.88785116374552,-56.268235444535286,-4.8121488362544795,-4.431764555464717
Chhattisgarh,2019,Urban,Secondary,14.8,67.3,-52.5,-40.028604294478534,-48.11295320456183,-48.992297336488484,-4.387046795438167,-3.507702663511516
Chhattisgarh,2019,Urban,Higher Secondary,13.2,70.6,-57.39999999999999,-40.028604294478534,-45.82754504129653,-42.55055983631208,-11.57245495870346,-14.849440163687909
Chhattisgarh,2019,Urban,Diploma/ Certificate Course,28.9,73.9,-45.00000000000001,-40.028604294478534,-30.413832972968226,-34.17373892282399,-14.586167027031781,-10.826261077176014
Chhattisgarh,2019,Urban,Graduate,37.5,85.7,-48.2,-40.028604294478534,-46.24458585762306,-41.71229734839495,-1.955414142376945,-6.487702651605055
Chhattisgarh,2019,Urban,Post Graduate & Above,47.4,83.6,-36.199999999999996,-40.028604294478534,-34.588157286194495,-28.52539374852896,-1.6118427138055011,-7.674606251471037
Delhi,2019,Rural,Not Literate,25.9,28.0,-2.1000000000000014,-39.5120654396728,-36.38868097431765,-33.32913674992381,34.28868097431765,31.22913674992381
Delhi,2019,Rural,Literate & Upto Primary,1.0,97.2,-96.2,-39.5120654396728,-47.23980342329723,-43.681545182357546,-48.96019657670277,-52.51845481764246
Delhi,2019,Rural,Middle,3.8,50.2,-46.400000000000006,-39.5120654396728,-48.57633403554214,-44.13571138041787,2.1763340355421334,-2.264288619582139
Delhi,2019,Rural,Secondary,78.4,78.2,0.20000000000000284,-39.5120654396728,-41.01551770901153,-38.940229517362035,41.215517709011536,39.14022951736204
Delhi,2019,Rural,Higher Secondary,3.1,62.0,-58.9,-39.5120654396728,-38.77357893350132,-38.559511810173454,-20.12642106649868,-20.340488189826544
Delhi,2019,Rural,Diploma/ Certificate Course,0.0,100.0,-100.0,-39.5120654396728,-24.448644839139284,-30.536276600433833,-75.55135516086071,-69.46372339956616
Delhi,2019,Rural,Graduate,0.0,96.4,-96.4,-39.5120654396728,-39.39959934166458,-39.77149995404918,-57.00040065833542,-56.62850004595082
Delhi,2019,Rural,Post Graduate & Above,0.0,0.0,0.0,-39.5120654396728,-27.3292932192156,-29.262574069120355,27.3292932192156,29.262574069120355
Delhi,2019,Urban,Not Literate,19.7,79.7,-60.0,-39.5120654396728,-43.41017828542841,-46.24196491655378,-16.589821714571592,-13.758035083446217
Delhi,2019,Urban,Literate & Upto Primary,10.3,90.1,-79.8,-39.5120654396728,-54.26130073440799,-56.39600845174099,-25.538699265592008,-23.403991548259008
Delhi,2019,Urban,Middle,7.0,75.3,-68.3,-39.5120654396728,-55.597831346652896,-55.778451839272186,-12.702168653347101,-12.52154816072781
Delhi,2019,Urban,Secondary,5.1,67.3,-62.199999999999996,-39.5120654396728,-48.03701502012228,-48.766533537772524,-14.162984979877713,-13.433466462227472
Delhi,2019,Urban,Higher Secondary,9.3,60.9,-51.599999999999994,-39.5120654396728,-45.795076244612076,-42.440249120263445,-5.804923755387918,-9.15975087973655
Delhi,2019,Urban,Diploma/ Certificate Course,23.8,64.9,-41.10000000000001,-39.5120654396728,-31.470142150250037,-34.500164686268235,-9.629857849749971,-6.599835313731774
Delhi,2019,Urban,Graduate,20.0,73.7,-53.7,-39.5120654396728,-46.42109665277534,-41.5495581203092,-7.278903347224663,-12.150441879690803
Delhi,2019,Urban,Post Graduate & Above,41.1,85.6,-44.49999999999999,-39.5120654396728,-34.35079053032636,-28.634533940962264,-10.149209469673636,-15.865466059037729
Goa,2019,Rural,Not Literate,26.9,49.0,-22.1,-40.07438650306749,-37.3285028891786,-33.70447974788026,15.2285028891786,11.604479747880255
Goa,2019,Rural,Literate & Upto Primary,23.7,81.0,-57.3,-40.07438650306749,-48.423502889178586,-44.31083324805666,-8.876497110821411,-12.989166751943337
Goa,2019,Rural,Middle,26.4,78.6,-52.199999999999996,-40.07438650306749,-49.10799268509695,-44.48276584206848,-3.092007314903043,-7.7172341579315145
Goa,2019,Rural,Secondary,31.5,77.7,-46.2,-40.07438650306749,-41.45023758305615,-38.18371466048846,-4.749762416943852,-8.01628533951154
Goa,2019,Rural,Higher Secondary,17.9,72.8,-54.9,-40.07438650306749,-39.407890644280634,-39.227185516166095,-15.492109355719364,-15.672814483833903
Goa,2019,Rural,Diploma/ Certificate Course,0.0,96.5,-96.5,-40.07438650306749,-24.331604355117076,-30.626624590990758,-72.16839564488292,-65.87337540900924
Goa,2019,Rural,Graduate,27.5,77.4,-49.900000000000006,-40.07438650306749,-40.040645746321445,-40.26505507079502,-9.85935425367856,-9.634944929204984
Goa,2019,Rural,Post Graduate & Above,100.0,100.0,0.0,-40.07438650306749,-28.982176358566335,-31.373450793839105,28.982176358566335,31.373450793839105
Goa,2019,Urban,Not Literate,14.7,68.8,-54.099999999999994,-40.07438650306749,-43.99270143704765,-46.9890215077965,-10.107298562952344,-7.110978492203493
Goa,2019,Urban,Literate & Upto Primary,23.6,66.7,-43.1,-40.07438650306749,-55.087701437047635,-57.11529642566516,11.987701437047633,14.015296425665156
Goa,2019,Urban,Middle,25.7,79.0,-53.3,-40.07438650306749,-55.772191232966,-56.19079942340041,2.4721912329660043,2.8907994234004093
Goa,2019,Urban,Secondary,13.5,73.2,-59.7,-40.07438650306749,-48.11443613092519,-49.059539818482484,-11.58556386907481,-10.640460181517518
Goa,2019,Urban,Higher Secondary,29.6,67.6,-37.99999999999999,-40.07438650306749,-46.072089192149676,-42.516513022235245,8.072089192149683,4.516513022235252
Goa,2019,Urban,Diploma/ Certificate Course,100.0,100.0,0.0,-40.07438650306749,-30.99580290298612,-34.02016267767292,30.99580290298612,34.02016267767292
Goa,2019,Urban,Graduate,62.0,83.4,-21.400000000000006,-40.07438650306749,-46.704844294190494,-42.089416128085475,25.304844294190488,20.68941612808547
Goa,2019,Urban,Post Graduate & Above,59.2,91.1,-31.89999999999999,-40.07438650306749,-35.64637490643538,-29.374881096070755,3.746374906435392,-2.5251189039292363
Gujarat,2019,Rural,Not Literate,48.7,77.6,-28.89999999999999,-39.76339468302658,-37.11625083901409,-33.10186712156867,8.216250839014101,4.201867121568675
Gujarat,2019,Rural,Literate & Upto Primary,37.5,88.4,-50.900000000000006,-39.76339468302658,-48.233291655340636,-44.007055165441095,-2.6667083446593693,-6.892944834558911
Gujarat,2019,Rural,Middle,36.6,84.7,-48.1,-39.76339468302658,-49.14757736962635,-44.95569178194095,1.047577369626346,-3.1443082180590523
Gujarat,2019,Rural,Secondary,25.6,71.4,-45.800000000000004,-39.76339468302658,-41.3747202267692,-38.75604338968602,-4.425279773230805,-7.043956610313984
Gujarat,2019,Rural,Higher Secondary,29.2,62.1,-32.900000000000006,-39.76339468302658,-39.36829165534063,-39.110144373847604,6.468291655340622,6.210144373847598
Gujarat,2019,Rural,Diploma/ Certificate Course,44.6,92.8,-48.199999999999996,-39.76339468302658,-24.113126788589078,-30.67491209207996,-24.086873211410918,-17.525087907920035
Gujarat,2019,Rural,Graduate,32.0,73.5,-41.5,-39.76339468302658,-39.68084267574878,-39.91754328358029,-1.819157324251222,-1.5824567164197134
Gujarat,2019,Rural,Post Graduate & Above,36.1,87.9,-51.800000000000004,-39.76339468302658,-27.94012839003451,-29.451968368462538,-23.859871609965495,-22.348031631537467
Gujarat,2019,Urban,Not Literate,26.9,80.0,-53.1,-39.76339468302658,-43.5137645300598,-46.445715411464725,-9.586235469940199,-6.654284588535276
Gujarat,2019,Urban,Literate & Upto Primary,22.3,88.2,-65.9,-39.76339468302658,-54.63080534638634,-56.135845453901176,-11.269194653613667,-9.76415454609883
Gujarat,2019,Urban,Middle,16.5,82.9,-66.4,-39.76339468302658,-55.54509106067205,-55.89022088157832,-10.854908939327956,-10.509779118421683
Gujarat,2019,Urban,Secondary,10.8,71.9,-61.10000000000001,-39.76339468302658,-47.7722339178149,-48.9741613235705,-13.327766082185107,-12.12583867642951
Gujarat,2019,Urban,Higher Secondary,11.3,65.9,-54.60000000000001,-39.76339468302658,-45.76580534638633,-42.66266264118836,-8.834194653613679,-11.937337358811646
Gujarat,2019,Urban,Diploma/ Certificate Course,44.4,79.8,-35.4,-39.76339468302658,-30.510640479634787,-34.17100835940787,-4.889359520365211,-1.2289916405921275
Gujarat,2019,Urban,Graduate,25.3,83.2,-57.900000000000006,-39.76339468302658,-46.078356366794495,-41.72399052694754,-11.821643633205511,-16.176009473052467
Gujarat,2019,Urban,Post Graduate & Above,37.5,79.2,-41.7,-39.76339468302658,-34.33764208108022,-28.311828956055685,-7.362357918919784,-13.388171043944318
Haryana,2019,Rural,Not Literate,13.8,72.2,-58.400000000000006,-39.56909509202455,-36.74717188896997,-32.88723797435513,-21.652828111030033,-25.512762025644875
Haryana,2019,Rural,Literate & Upto Primary,15.3,87.0,-71.7,-39.56909509202455,-47.79176372570468,-44.032323270074485,-23.90823627429532,-27.667676729925518
Haryana,2019,Rural,Middle,10.2,66.6,-56.39999999999999,-39.56909509202455,-48.94135556243937,-44.391487279415394,-7.458644437560622,-12.008512720584598
Haryana,2019,Rural,Secondary,9.1,73.8,-64.7,-39.56909509202455,-41.117886174684266,-38.00716040997685,-23.582113825315737,-26.692839590023155
Haryana,2019,Rural,Higher Secondary,13.1,68.8,-55.699999999999996,-39.56909509202455,-38.992886174684266,-38.78492992050564,-16.70711382531573,-16.915070079494356
Haryana,2019,Rural,Diploma/ Certificate Course,32.1,84.0,-51.9,-39.56909509202455,-23.652689894965196,-29.91144926614691,-28.247310105034803,-21.98855073385309
Haryana,2019,Rural,Graduate,17.6,72.1,-54.49999999999999,-39.56909509202455,-39.44747801141895,-40.02151446986762,-15.052521988581042,-14.478485530132374
Haryana,2019,Rural,Post Graduate & Above,30.2,93.4,-63.2,-39.56909509202455,-27.73411066448019,-29.519203238021042,-35.46588933551981,-33.68079676197896
Haryana,2019,Urban,Not Literate,18.0,76.8,-58.8,-39.56909509202455,-43.502082000171924,-45.959053117691234,-15.297917999828073,-12.840946882308764
Haryana,2019,Urban,Literate & Upto Primary,18.5,84.6,-66.1,-39.56909509202455,-54.54667383690663,-56.87095339211293,-11.553326163093367,-9.229046607887064
Haryana,2019,Urban,Middle,14.5,69.4,-54.900000000000006,-39.56909509202455,-55.69626567364132,-56.26290681848166,0.7962656736413152,1.3629068184816546
Haryana,2019,Urban,Secondary,7.6,60.5,-52.9,-39.56909509202455,-47.87279628588622,-48.844642464794916,-5.0272037141137815,-4.055357535205083
Haryana,2019,Urban,Higher Secondary,12.1,71.3,-59.199999999999996,-39.56909509202455,-45.74779628588622,-42.3234582815681,-13.452203714113779,-16.876541718431895
Haryana,2019,Urban,Diploma/ Certificate Course,34.9,79.7,-44.800000000000004,-39.56909509202455,-30.407600006167147,-33.70503774362112,-14.392399993832857,-11.094962256378885
Haryana,2019,Urban,Graduate,29.5,76.3,-46.8,-39.56909509202455,-46.2023881226209,-41.42057437178613,-0.5976118773790944,-5.379425628213866
Haryana,2019,Urban,Post Graduate & Above,41.1,85.4,-44.300000000000004,-39.56909509202455,-34.48902077568214,-28.608109234907065,-9.810979224317862,-15.69189076509294
Himachal Pradesh,2019,Rural,Not Literate,59.0,64.9,-5.900000000000006,-40.32487218813906,-37.70953750909445,-33.16575554947051,31.809537509094447,27.265755549470505
Himachal Pradesh,2019,Rural,Literate & Upto Primary,80.3,92.6,-12.299999999999997,-40.32487218813906,-49.173925264196505,-45.764902745891604,36.87392526419651,33.46490274589161
Himachal Pradesh,2019,Rural,Middle,71.9,86.2,-14.299999999999997,-40.32487218813906,-50.0716803662373,-46.0617308775606,35.771680366237305,31.761730877560602
Himachal Pradesh,2019,Rural,Secondary,62.6,79.2,-16.6,-40.32487218813906,-42.309639549910784,-39.38474855102751,25.709639549910783,22.784748551027512
Himachal Pradesh,2019,Rural,Higher Secondary,63.3,77.2,-13.900000000000006,-40.32487218813906,-40.031374243788335,-39.65421421533438,26.13137424378833,25.754214215334372
Himachal Pradesh,2019,Rural,Diploma/ Certificate Course,82.5,92.5,-10.0,-40.32487218813906,-24.776055391901465,-31.475783017714637,14.776055391901465,21.475783017714637
Himachal Pradesh,2019,Rural,Graduate,65.5,85.6,-20.099999999999994,-40.32487218813906,-40.43963954991078,-40.80959386292894,20.339639549910785,20.709593862928948
Himachal Pradesh,2019,Rural,Post Graduate & Above,90.0,97.3,-7.299999999999997,-40.32487218813906,-28.89035383562508,-30.18336859605353,21.590353835625084,22.883368596053533
Himachal Pradesh,2019,Urban,Not Literate,45.4,80.1,-34.699999999999996,-40.32487218813906,-43.69554568342014,-46.53577959751973,8.995545683420147,11.835779597519732
Himachal Pradesh,2019,Urban,Literate & Upto Primary,46.0,89.1,-43.099999999999994,-40.32487218813906,-55.159933438522195,-57.70586291460314,12.0599334385222,14.605862914603144
Himachal Pradesh,2019,Urban,Middle,45.4,89.9,-44.50000000000001,-40.32487218813906,-56.057688540563,-56.32124387211405,11.557688540562992,11.821243872114046
Himachal Pradesh,2019,Urban,Secondary,20.2,68.8,-48.599999999999994,-40.32487218813906,-48.29564772423648,-48.438068205869826,-0.3043522757635131,-0.16193179413016878
Himachal Pradesh,2019,Urban,Higher Secondary,23.6,76.1,-52.49999999999999,-40.32487218813906,-46.017382418114025,-42.7291611150514,-6.482617581885968,-9.770838884948596
Himachal Pradesh,2019,Urban,Diploma/ Certificate Course,35.9,93.5,-57.6,-40.32487218813906,-30.76206356622716,-33.98300714198101,-26.837936433772843,-23.61699285801899
Himachal Pradesh,2019,Urban,Graduate,46.9,66.6,-19.699999999999996,-40.32487218813906,-46.42564772423648,-42.333621621202276,26.72564772423648,22.63362162120228
Himachal Pradesh,2019,Urban,Post Graduate & Above,62.9,91.1,-28.199999999999996,-40.32487218813906,-34.876362009950775,-28.80304813607157,6.676362009950779,0.6030481360715747
Jammu and Kashmir,2019,Rural,Not Literate,41.9,77.3,-35.4,-40.06929959100205,-37.201673864060254,-33.06255918181958,1.8016738640602554,-2.3374408181804185
Jammu and Kashmir,2019,Rural,Literate & Upto Primary,44.3,90.8,-46.5,-40.06929959100205,-48.38504121099901,-44.19777669837452,1.8850412109990131,-2.3022233016254816
Jammu and Kashmir,2019,Rural,Middle,39.6,73.8,-34.199999999999996,-40.06929959100205,-49.390143251815346,-45.579145387944415,15.19014325181535,11.379145387944419
Jammu and Kashmir,2019,Rural,Secondary,34.4,68.7,-34.300000000000004,-40.06929959100205,-41.705857537529624,-38.921435013404775,7.40585753752962,4.621435013404771
Jammu and Kashmir,2019,Rural,Higher Secondary,24.8,61.5,-36.7,-40.06929959100205,-39.60330651712146,-39.35812951185128,2.9033065171214574,2.6581295118512784
Jammu and Kashmir,2019,Rural,Diploma/ Certificate Course,49.4,77.4,-28.000000000000007,-40.06929959100205,-24.443242869932163,-30.602216290440502,-3.5567571300678438,2.602216290440495
Jammu and Kashmir,2019,Rural,Graduate,39.9,72.5,-32.6,-40.06929959100205,-40.26197998650922,-40.366818080725565,7.661979986509216,7.766818080725564
Jammu and Kashmir,2019,Rural,Post Graduate & Above,67.2,91.1,-23.89999999999999,-40.06929959100205,-28.723510598754125,-30.42171067428224,4.823510598754133,6.52171067428225
Jammu and Kashmir,2019,Urban,Not Literate,16.8,65.4,-48.60000000000001,-40.06929959100205,-43.5914480094265,-46.20843648422399,-5.008551990573508,-2.3915635157760207
Jammu and Kashmir,2019,Urban,Literate & Upto Primary,26.6,83.6,-56.99999999999999,-40.06929959100205,-54.774815356365266,-56.95178669545142,-2.2251846436347265,-0.04821330454857531
Jammu and Kashmir,2019,Urban,Middle,15.6,78.4,-62.800000000000004,-40.06929959100205,-55.779917397181606,-56.407992438490076,-7.020082602818398,-6.392007561509928
Jammu and Kashmir,2019,Urban,Secondary,15.5,61.4,-45.9,-40.06929959100205,-48.09563168289588,-49.13139699971058,2.195631682895879,3.231396999710583
Jammu and Kashmir,2019,Urban,Higher Secondary,27.0,68.9,-41.900000000000006,-40.06929959100205,-45.99308066248771,-42.63865719544818,4.093080662487708,0.7386571954481767
Jammu and Kashmir,2019,Urban,Diploma/ Certificate Course,52.3,84.6,-32.3,-40.06929959100205,-30.833017015298413,-34.24385079880153,-1.466982984701584,1.9438507988015346
Jammu and Kashmir,2019,Urban,Graduate,48.3,81.8,-33.5,-40.06929959100205,-46.651754131875464,-42.074012221320466,13.151754131875464,8.574012221320466
Jammu and Kashmir,2019,Urban,Post Graduate & Above,63.3,85.5,-22.200000000000003,-40.06929959100205,-35.11328474412037,-29.363534977240775,12.913284744120368,7.163534977240772
Jharkhand,2019,Rural,Not Literate,47.6,84.6,-36.99999999999999,-39.69248466257669,-37.03699291138353,-32.973923490649014,0.03699291138353544,-4.026076509350979
Jharkhand,2019,Rural,Literate & Upto Primary,41.2,89.1,-47.89999999999999,-39.69248466257669,-48.32546229913862,-44.18282804821075,0.4254622991386299,-3.71717195178924
Jharkhand,2019,Rural,Middle,40.4,77.8,-37.4,-39.69248466257669,-49.315054135873325,-44.95178892738372,11.915054135873326,7.551788927383718
Jharkhand,2019,Rural,Secondary,25.1,71.3,-46.199999999999996,-39.69248466257669,-41.48831944199577,-38.46936417947393,-4.711680558004225,-7.730635820526068
Jharkhand,2019,Rural,Higher Secondary,27.4,57.8,-30.4,-39.69248466257669,-39.433727605261076,-39.089633665213164,9.033727605261078,8.689633665213165
Jharkhand,2019,Rural,Diploma/ Certificate Course,0.0,100.0,-100.0,-39.69248466257669,-23.426162623533994,-29.81025097739563,-76.573837376466,-70.18974902260437
Jharkhand,2019,Rural,Graduate,31.1,77.7,-46.6,-39.69248466257669,-39.76709495219984,-40.307959934960536,-6.8329050478001605,-6.2920400650394654
Jharkhand,2019,Rural,Post Graduate & Above,62.8,87.4,-24.60000000000001,-39.69248466257669,-27.809645972608006,-29.8616503741144,3.2096459726079978,5.261650374114392
Jharkhand,2019,Urban,Not Literate,14.5,78.4,-63.900000000000006,-39.69248466257669,-43.51321626540835,-46.091299054592334,-20.386783734591653,-17.808700945407672
Jharkhand,2019,Urban,Literate & Upto Primary,19.1,83.1,-63.99999999999999,-39.69248466257669,-54.80168565316345,-56.61026375152364,-9.19831434683654,-7.389736248476353
Jharkhand,2019,Urban,Middle,16.6,68.4,-51.800000000000004,-39.69248466257669,-55.79127748989816,-56.27895179997356,3.9912774898981525,4.478951799973558
Jharkhand,2019,Urban,Secondary,7.2,60.7,-53.5,-39.69248466257669,-47.964542796020595,-48.68570247417941,-5.535457203979405,-4.814297525820592
Jharkhand,2019,Urban,Higher Secondary,13.1,66.9,-53.800000000000004,-39.69248466257669,-45.90995095928591,-42.9532696573945,-7.890049040714096,-10.846730342605504
Jharkhand,2019,Urban,Diploma/ Certificate Course,24.9,61.6,-36.7,-39.69248466257669,-29.902385977558822,-33.81748317444958,-6.797614022441181,-2.882516825550425
Jharkhand,2019,Urban,Graduate,22.2,76.9,-54.7,-39.69248466257669,-46.24331830622467,-41.392721265470165,-8.45668169377533,-13.307278734529838
Jharkhand,2019,Urban,Post Graduate & Above,28.2,86.2,-58.0,-39.69248466257669,-34.285869326632834,-27.755526977887733,-23.714130673367166,-30.244473022112267
Karnataka,2019,Rural,Not Literate,45.9,76.9,-31.000000000000007,-39.81150306748467,-37.1006580810132,-32.570556914551936,6.100658081013194,1.5705569145519291
Karnataka,2019,Rural,Literate & Upto Primary,44.7,87.1,-42.39999999999999,-39.81150306748467,-48.27831114223768,-44.45575366312314,5.878311142237692,2.0557536631231486
Karnataka,2019,Rural,Middle,38.0,83.2,-45.2,-39.81150306748467,-49.169331550400955,-45.31429649175003,3.969331550400952,0.1142964917500251
Karnataka,2019,Rural,Secondary,28.0,76.7,-48.7,-39.81150306748467,-41.29973971366627,-38.7125153293653,-7.400260286333733,-9.9874846706347
Karnataka,2019,Rural,Higher Secondary,19.3,69.7,-50.400000000000006,-39.81150306748467,-39.21045399938056,-39.16925595005318,-11.189546000619444,-11.230744049946829
Karnataka,2019,Rural,Diploma/ Certificate Course,48.8,91.6,-42.8,-39.81150306748467,-23.82360679369755,-30.44337356865981,-18.976393206302447,-12.356626431340189
Karnataka,2019,Rural,Graduate,48.0,83.3,-35.3,-39.81150306748467,-39.620556040196874,-40.1297313252606,4.320556040196877,4.829731325260603
Karnataka,2019,Rural,Post Graduate & Above,69.0,88.8,-19.799999999999997,-39.81150306748467,-28.031066244278506,-29.664223439274355,8.231066244278509,9.864223439274358
Karnataka,2019,Urban,Not Literate,33.5,69.7,-36.2,-39.81150306748467,-43.80904513899832,-47.11600117430852,7.609045138998319,10.91600117430852
Karnataka,2019,Urban,Literate & Upto Primary,15.5,88.4,-72.9,-39.81150306748467,-54.986698200222804,-56.802738930211355,-17.9133017997772,-16.09726106978865
Karnataka,2019,Urban,Middle,19.6,78.2,-58.6,-39.81150306748467,-55.877718608386076,-56.36969058587862,-2.722281391613926,-2.230309414121379
Karnataka,2019,Urban,Secondary,12.7,66.1,-53.39999999999999,-39.81150306748467,-48.00812677165139,-48.782897017994266,-5.391873228348601,-4.617102982005726
Karnataka,2019,Urban,Higher Secondary,16.6,52.6,-36.0,-39.81150306748467,-45.91884105736568,-42.68560372570644,9.918841057365682,6.685603725706443
Karnataka,2019,Urban,Diploma/ Certificate Course,55.6,91.4,-35.800000000000004,-39.81150306748467,-30.53199385168267,-33.94974069547754,-5.268006148317333,-1.8502593045224671
Karnataka,2019,Urban,Graduate,38.2,77.1,-38.89999999999999,-39.81150306748467,-46.328943098181995,-41.94653229100827,7.428943098182003,3.046532291008276
Karnataka,2019,Urban,Post Graduate & Above,51.3,84.2,-32.900000000000006,-39.81150306748467,-34.73945330226363,-28.575327965499813,1.839453302263621,-4.3246720345001926
Kerala,2019,Rural,Not Literate,26.6,49.3,-22.699999999999996,-40.14302147239264,-37.409720797663944,-32.86221702835805,14.709720797663948,10.162217028358057
Kerala,2019,Rural,Literate & Upto Primary,29.9,71.0,-41.1,-40.14302147239264,-48.552884062970065,-44.7548352887866,7.452884062970064,3.6548352887866002
Kerala,2019,Rural,Middle,35.6,81.9,-46.300000000000004,-40.14302147239264,-49.255945287459866,-44.84296225186473,2.955945287459862,-1.4570377481352708
Kerala,2019,Rural,Secondary,30.2,65.1,-34.89999999999999,-40.14302147239264,-41.63084324664354,-38.76319906565246,6.730843246643552,3.8631990656524664
Kerala,2019,Rural,Higher Secondary,25.3,56.0,-30.7,-40.14302147239264,-39.65237385888844,-39.06981270453301,8.95237385888844,8.369812704533008
Kerala,2019,Rural,Diploma/ Certificate Course,60.7,93.3,-32.599999999999994,-40.14302147239264,-24.08280789165647,-30.30188951086031,-8.517192108343526,-2.2981104891396846
Kerala,2019,Rural,Graduate,49.2,85.2,-36.0,-40.14302147239264,-40.240026920112925,-39.95324370821103,4.240026920112925,3.9532437082110334
Kerala,2019,Rural,Post Graduate & Above,78.9,97.4,-18.5,-40.14302147239264,-28.650537124194553,-30.719169777453104,10.150537124194553,12.219169777453104
Kerala,2019,Urban,Not Literate,18.7,54.4,-35.7,-40.14302147239264,-44.07346084686432,-47.57650839555554,8.373460846864319,11.87650839555554
Kerala,2019,Urban,Literate & Upto Primary,19.3,64.7,-45.400000000000006,-40.14302147239264,-55.21662411217045,-57.290712937554204,9.816624112170445,11.890712937554198
Kerala,2019,Urban,Middle,25.3,74.6,-49.3,-40.14302147239264,-55.91968533666025,-56.54859416744197,6.619685336660254,7.248594167441972
Kerala,2019,Urban,Secondary,20.2,65.4,-45.2,-40.14302147239264,-48.29458329584392,-49.19396433795811,3.0945832958439183,3.9939643379581042
Kerala,2019,Urban,Higher Secondary,19.3,59.8,-40.5,-40.14302147239264,-46.31611390808881,-43.28175688271687,5.816113908088809,2.78175688271687
Kerala,2019,Urban,Diploma/ Certificate Course,51.6,82.7,-31.1,-40.14302147239264,-30.746547940856843,-34.58161409215098,-0.3534520591431587,3.481614092150977
Kerala,2019,Urban,Graduate,46.1,74.0,-27.9,-40.14302147239264,-46.9037669693133,-42.52189317599016,19.003766969313304,14.62189317599016
Kerala,2019,Urban,Post Graduate & Above,64.7,90.3,-25.599999999999994,-40.14302147239264,-35.31427717339493,-29.108449690763308,9.714277173394933,3.508449690763314
Ladakh,2019,Rural,Not Literate,58.5,86.3,-27.799999999999997,-40.36160531697342,-37.355661967035694,-32.942045826313624,9.555661967035697,5.142045826313627
Ladakh,2019,Rural,Literate & Upto Primary,59.0,100.0,-41.0,-40.36160531697342,-48.45943747723977,-45.11148027247658,7.459437477239767,4.111480272476577
Ladakh,2019,Rural,Middle,24.9,80.4,-55.50000000000001,-40.36160531697342,-49.281274211933635,-44.814513758983814,-6.218725788066372,-10.685486241016193
Ladakh,2019,Rural,Secondary,47.8,46.8,1.0,-40.36160531697342,-41.74596808948467,-40.004987942880845,42.74596808948467,41.004987942880845
Ladakh,2019,Rural,Higher Secondary,13.0,52.8,-39.8,-40.36160531697342,-39.701376252749974,-39.706566087783635,-0.09862374725002354,-0.0934339122163621
Ladakh,2019,Rural,Diploma/ Certificate Course,0.0,100.0,-100.0,-40.36160531697342,-24.784100352450245,-31.353219465272893,-75.21589964754975,-68.6467805347271
Ladakh,2019,Rural,Graduate,32.6,72.4,-39.800000000000004,-40.36160531697342,-40.508008905811195,-40.2286242404324,0.7080089058111909,0.42862424043239855
Ladakh,2019,Rural,Post Graduate & Above,100.0,100.0,0.0,-40.36160531697342,-28.57178441601527,-30.668656489458765,28.57178441601527,30.668656489458765
Ladakh,2019,Urban,Not Literate,50.4,67.9,-17.500000000000007,-40.36160531697342,-44.01204416034875,-47.19722008622039,26.512044160348744,29.697220086220383
Ladakh,2019,Urban,Literate & Upto Primary,28.1,72.2,-44.1,-40.36160531697342,-55.115819670552824,-57.41371630154086,11.015819670552823,13.313716301540858
Ladakh,2019,Urban,Middle,37.8,85.9,-48.10000000000001,-40.36160531697342,-55.937656405246685,-56.20217396621248,7.837656405246676,8.102173966212469
Ladakh,2019,Urban,Secondary,21.7,62.3,-40.599999999999994,-40.36160531697342,-48.40235028279773,-48.65305603621032,7.8023502827977325,8.053056036210329
Ladakh,2019,Urban,Higher Secondary,57.6,88.1,-30.499999999999993,-40.36160531697342,-46.35775844606302,-42.78183955999702,15.85775844606303,12.281839559997024
Ladakh,2019,Urban,Diploma/ Certificate Course,100.0,0.0,100.0,-40.36160531697342,-31.440482545763295,-34.70091383396308,131.4404825457633,134.70091383396309
Ladakh,2019,Urban,Graduate,55.5,81.2,-25.700000000000003,-40.36160531697342,-47.164391099124245,-42.8616946334798,21.464391099124242,17.161694633479797
Ladakh,2019,Urban,Post Graduate & Above,100.0,100.0,0.0,-40.36160531697342,-35.22816660932832,-29.79286480692807,35.22816660932832,29.79286480692807
Lakshadweep,2019,Rural,Not Literate,0.0,0.0,0.0,-39.90754089979551,-37.36928400853651,-33.14179044974739,37.36928400853651,33.14179044974739
Lakshadweep,2019,Rural,Literate & Upto Primary,23.3,99.1,-75.8,-39.90754089979551,-47.66999829425079,-43.63951638203006,-28.13000170574921,-32.16048361796994
Lakshadweep,2019,Rural,Middle,50.6,100.0,-49.4,-39.90754089979551,-48.65959013098549,-44.863592251571326,-0.7404098690145062,-4.5364077484286724
Lakshadweep,2019,Rural,Secondary,24.4,50.8,-26.4,-39.90754089979551,-41.00183502894467,-38.46841513491672,14.60183502894467,12.06841513491672
Lakshadweep,2019,Rural,Higher Secondary,0.0,100.0,-100.0,-39.90754089979551,-38.607447273842624,-37.72287561893547,-61.392552726157376,-62.27712438106453
Lakshadweep,2019,Rural,Diploma/ Certificate Course,100.0,100.0,0.0,-39.90754089979551,-24.281816756041977,-30.84835754917497,24.281816756041977,30.84835754917497
Lakshadweep,2019,Rural,Graduate,100.0,100.0,0.0,-39.90754089979551,-40.26938604935283,-41.15664772898354,40.26938604935283,41.15664772898354
Lakshadweep,2019,Rural,Post Graduate & Above,0.0,100.0,-100.0,-39.90754089979551,-28.33622278404671,-29.128656445424433,-71.66377721595329,-70.87134355457556
Lakshadweep,2019,Urban,Not Literate,0.0,40.1,-40.1,-39.90754089979551,-44.48735194511513,-47.30503337195627,4.387351945115128,7.205033371956269
Lakshadweep,2019,Urban,Literate & Upto Primary,12.4,68.1,-55.699999999999996,-39.90754089979551,-54.788066230829415,-56.23602771314055,-0.9119337691705809,0.5360277131405553
Lakshadweep,2019,Urban,Middle,16.6,85.9,-69.30000000000001,-39.90754089979551,-55.77765806756412,-55.71987241874351,-13.522341932435893,-13.580127581256498
Lakshadweep,2019,Urban,Secondary,38.9,76.3,-37.4,-39.90754089979551,-48.119902965523295,-48.93604803711783,10.719902965523296,11.53604803711783
Lakshadweep,2019,Urban,Higher Secondary,13.8,93.3,-79.5,-39.90754089979551,-45.72551521042125,-41.60790116088577,-33.77448478957875,-37.89209883911423
Lakshadweep,2019,Urban,Diploma/ Certificate Course,78.6,100.0,-21.400000000000006,-39.90754089979551,-31.399884692620596,-34.467117689725896,9.99988469262059,13.06711768972589
Lakshadweep,2019,Urban,Graduate,77.1,100.0,-22.900000000000006,-39.90754089979551,-47.38745398593145,-42.42707533601908,24.487453985931445,19.527075336019074
Lakshadweep,2019,Urban,Post Graduate & Above,33.0,48.1,-15.100000000000001,-39.90754089979551,-35.45429072062533,-29.40408833825276,20.35429072062533,14.304088338252757
Madhya Pradesh,2019,Rural,Not Literate,55.6,79.8,-24.199999999999996,-39.759560327198365,-37.15968714133185,-33.820727751065924,12.959687141331855,9.620727751065928
Madhya Pradesh,2019,Rural,Literate & Upto Primary,40.6,90.8,-50.199999999999996,-39.759560327198365,-48.22203408010735,-44.90617094232748,-1.9779659198926467,-5.293829057672518
Madhya Pradesh,2019,Rural,Middle,32.3,83.8,-51.5,-39.759560327198365,-49.08938101888286,-44.76441508521376,-2.410618981117139,-6.735584914786237
Madhya Pradesh,2019,Rural,Secondary,28.8,65.0,-36.2,-39.759560327198365,-41.40019734541348,-38.740090388955146,5.2001973454134784,2.540090388955143
Madhya Pradesh,2019,Rural,Higher Secondary,19.5,72.0,-52.5,-39.759560327198365,-39.275605508678794,-38.90026897344064,-13.224394491321206,-13.599731026559361
Madhya Pradesh,2019,Rural,Diploma/ Certificate Course,65.3,94.5,-29.200000000000003,-39.759560327198365,-24.538346854714185,-31.25576685235216,-4.661653145285818,2.055766852352157
Madhya Pradesh,2019,Rural,Graduate,23.8,86.1,-62.3,-39.759560327198365,-39.44611571276042,-39.70708423871097,-22.85388428723958,-22.592915761289028
Madhya Pradesh,2019,Rural,Post Graduate & Above,30.2,94.5,-64.3,-39.759560327198365,-27.51866673316857,-29.366146036666592,-36.781333266831425,-34.933853963333405
Madhya Pradesh,2019,Urban,Not Literate,29.9,71.5,-41.6,-39.759560327198365,-43.758829515974384,-46.60239721224513,2.158829515974382,5.002397212245128
Madhya Pradesh,2019,Urban,Literate & Upto Primary,27.2,87.6,-60.39999999999999,-39.759560327198365,-54.82117645474989,-57.180855087115944,-5.578823545250103,-3.2191449128840475
Madhya Pradesh,2019,Urban,Middle,16.4,79.8,-63.4,-39.759560327198365,-55.68852339352539,-56.09383529453229,-7.711476606474612,-7.306164705467708
Madhya Pradesh,2019,Urban,Secondary,9.9,60.4,-50.5,-39.759560327198365,-47.999339720056014,-49.03531841605364,-2.500660279943986,-1.4646815839463585
Madhya Pradesh,2019,Urban,Higher Secondary,14.4,62.1,-47.7,-39.759560327198365,-45.87474788332132,-42.65353713841668,-1.8252521166786835,-5.046462861583322
Madhya Pradesh,2019,Urban,Diploma/ Certificate Course,74.2,65.9,8.299999999999997,-39.759560327198365,-31.137489229356717,-34.56037357226974,39.437489229356714,42.86037357226974
Madhya Pradesh,2019,Urban,Graduate,26.3,80.1,-53.8,-39.759560327198365,-46.04525808740295,-41.370113365241416,-7.754741912597048,-12.429886634758581
Madhya Pradesh,2019,Urban,Post Graduate & Above,36.7,89.2,-52.5,-39.759560327198365,-34.1178091078111,-27.932475944892616,-18.382190892188902,-24.567524055107384
Maharashtra,2019,Rural,Not Literate,54.7,74.5,-19.799999999999997,-39.90828220858896,-37.2247094131626,-32.585625626520276,17.424709413162603,12.785625626520279
Maharashtra,2019,Rural,Literate & Upto Primary,59.1,87.4,-28.300000000000004,-39.90828220858896,-48.55358696418301,-44.73031478639972,20.253586964183008,16.430314786399713
Maharashtra,2019,Rural,Middle,51.9,80.1,-28.199999999999996,-39.90828220858896,-49.47440329071361,-45.46875606385334,21.274403290713614,17.268756063853345
Maharashtra,2019,Rural,Secondary,36.6,68.6,-31.999999999999993,-39.90828220858896,-41.65726043357077,-39.36709885472088,9.657260433570777,7.367098854720886
Maharashtra,2019,Rural,Higher Secondary,25.5,66.2,-40.7,-39.90828220858896,-39.39593390295852,-38.93119524252143,-1.3040660970414848,-1.76880475747857
Maharashtra,2019,Rural,Diploma/ Certificate Course,40.9,89.6,-48.699999999999996,-39.90828220858896,-24.136207380558858,-30.79179329855567,-24.563792619441138,-17.908206701444325
Maharashtra,2019,Rural,Graduate,29.5,85.8,-56.3,-39.90828220858896,-39.81154614785648,-39.67136372096288,-16.488453852143515,-16.628636279037117
Maharashtra,2019,Rural,Post Graduate & Above,59.3,91.4,-32.10000000000001,-39.90828220858896,-27.970015535611587,-29.51004754981683,-4.129984464388421,-2.58995245018318
Maharashtra,2019,Urban,Not Literate,23.9,75.1,-51.199999999999996,-39.90828220858896,-43.72526919870649,-46.857356684446586,-7.474730801293504,-4.34264331555341
Maharashtra,2019,Urban,Literate & Upto Primary,26.8,78.7,-51.900000000000006,-39.90828220858896,-55.054146749726904,-56.84257380382881,3.1541467497268982,4.942573803828807
Maharashtra,2019,Urban,Middle,21.5,78.2,-56.7,-39.90828220858896,-55.9749630762575,-56.319127213866224,-0.7250369237425005,-0.3808727861337786
Maharashtra,2019,Urban,Secondary,13.4,66.0,-52.6,-39.90828220858896,-48.157820219114654,-48.80063272175337,-4.442179780885347,-3.799367278246635
Maharashtra,2019,Urban,Higher Secondary,17.2,61.0,-43.8,-39.90828220858896,-45.89649368850241,-42.888552786051186,2.096493688502413,-0.9114472139488115
Maharashtra,2019,Urban,Diploma/ Certificate Course,42.0,77.6,-35.599999999999994,-39.90828220858896,-30.636767166102747,-34.46391890211208,-4.963232833897248,-1.1360810978879172
Maharashtra,2019,Urban,Graduate,39.2,81.0,-41.8,-39.90828220858896,-46.312105933400375,-41.830727446996036,4.5121059334003775,0.03072744699603902
Maharashtra,2019,Urban,Post Graduate & Above,53.8,89.6,-35.8,-39.90828220858896,-34.47057532115548,-28.499497223182125,-1.3294246788445179,-7.300502776817872
Manipur,2019,Rural,Not Literate,23.7,72.5,-48.8,-40.26620654396728,-37.08315088280675,-31.614958278505302,-11.716849117193249,-17.185041721494695
Manipur,2019,Rural,Literate & Upto Primary,34.0,79.5,-45.5,-40.26620654396728,-48.195701903214925,-44.85985408676498,2.6957019032149248,-0.6401459132350169
Manipur,2019,Rural,Middle,25.2,75.1,-49.89999999999999,-40.26620654396728,-49.12692639301085,-45.10655247185958,-0.7730736069891435,-4.793447528140412
Manipur,2019,Rural,Secondary,20.6,59.6,-39.0,-40.26620654396728,-41.582232515459815,-39.08699079485198,2.5822325154598147,0.08699079485197814
Manipur,2019,Rural,Higher Secondary,18.9,61.6,-42.7,-40.26620654396728,-39.31396720933736,-39.46317244741053,-3.3860327906626395,-3.2368275525894745
Manipur,2019,Rural,Diploma/ Certificate Course,98.5,100.0,-1.5,-40.26620654396728,-24.85807512212023,-31.256276961101435,23.35807512212023,29.756276961101435
Manipur,2019,Rural,Graduate,52.4,81.5,-29.1,-40.26620654396728,-39.96264067872512,-40.44589830301986,10.862640678725121,11.345898303019858
Manipur,2019,Rural,Post Graduate & Above,75.1,95.7,-20.60000000000001,-40.26620654396728,-28.554783535867983,-30.207127598927414,7.954783535867975,9.607127598927406
Manipur,2019,Urban,Not Literate,20.6,47.0,-26.4,-40.26620654396728,-44.014802724012235,-48.20319910055865,17.614802724012236,21.80319910055865
Manipur,2019,Urban,Literate & Upto Primary,36.5,76.5,-40.0,-40.26620654396728,-55.127353744420404,-57.1766483360795,15.127353744420404,17.176648336079502
Manipur,2019,Urban,Middle,32.6,72.3,-39.699999999999996,-40.26620654396728,-56.058578234216334,-56.6248478593985,16.35857823421634,16.924847859398504
Manipur,2019,Urban,Secondary,24.6,56.6,-32.0,-40.26620654396728,-48.5138843566653,-49.65446123502349,16.5138843566653,17.65446123502349
Manipur,2019,Urban,Higher Secondary,29.5,61.6,-32.1,-40.26620654396728,-46.24561905054284,-42.808931016485126,14.145619050542841,10.708931016485124
Manipur,2019,Urban,Diploma/ Certificate Course,44.6,87.9,-43.300000000000004,-40.26620654396728,-31.789726963325712,-34.80247668557944,-11.510273036674292,-8.497523314420562
Manipur,2019,Urban,Graduate,54.0,82.3,-28.299999999999997,-40.26620654396728,-46.8942925199306,-42.286976279783055,18.594292519930605,13.986976279783057
Manipur,2019,Urban,Post Graduate & Above,75.3,84.5,-9.200000000000003,-40.26620654396728,-35.48643537707346,-29.180358022615092,26.28643537707346,19.98035802261509
Meghalaya,2019,Rural,Not Literate,36.4,78.3,-41.9,-40.526738241308784,-37.42423875251221,-31.555898143604963,-4.475761247487789,-10.344101856395035
Meghalaya,2019,Rural,Literate & Upto Primary,57.3,89.1,-31.799999999999997,-40.526738241308784,-48.9110754872061,-44.34810457098131,17.1110754872061,12.548104570981316
Meghalaya,2019,Rural,Middle,47.4,70.1,-22.699999999999996,-40.526738241308784,-49.96127956883875,-45.41761943100033,27.261279568838752,22.717619431000337
Meghalaya,2019,Rural,Secondary,33.0,54.9,-21.9,-40.526738241308784,-42.21862650761426,-38.98130793619947,20.318626507614262,17.081307936199472
Meghalaya,2019,Rural,Higher Secondary,38.0,65.0,-27.0,-40.526738241308784,-40.122197936185685,-39.69575284550815,13.122197936185685,12.695752845508153
Meghalaya,2019,Rural,Diploma/ Certificate Course,100.0,97.2,2.799999999999997,-40.526738241308784,-25.096061115260152,-31.009189225063036,27.89606111526015,33.80918922506304
Meghalaya,2019,Rural,Graduate,87.5,90.4,-2.9000000000000057,-40.526738241308784,-40.90209589536936,-40.948578216341126,38.00209589536935,38.04857821634112
Meghalaya,2019,Rural,Post Graduate & Above,100.0,100.0,0.0,-40.526738241308784,-29.425871405573456,-31.05343854015895,29.425871405573456,31.05343854015895
Meghalaya,2019,Urban,Not Literate,24.8,89.1,-64.3,-40.526738241308784,-43.61642450284373,-47.07616215750079,-20.68357549715627,-17.223837842499208
Meghalaya,2019,Urban,Literate & Upto Primary,27.7,89.9,-62.2,-40.526738241308784,-55.10326123753761,-56.6511164503529,-7.096738762462394,-5.548883549647101
Meghalaya,2019,Urban,Middle,18.0,63.7,-45.7,-40.526738241308784,-56.153465319170266,-56.65700058234785,10.453465319170263,10.957000582347845
Meghalaya,2019,Urban,Secondary,12.9,52.5,-39.6,-40.526738241308784,-48.41081225794578,-49.06712736811607,8.810812257945777,9.467127368116067
Meghalaya,2019,Urban,Higher Secondary,26.9,59.2,-32.300000000000004,-40.526738241308784,-46.3143836865172,-42.96950720525876,14.0143836865172,10.669507205258753
Meghalaya,2019,Urban,Diploma/ Certificate Course,48.7,100.0,-51.3,-40.526738241308784,-31.288246865591667,-34.567532852861966,-20.01175313440833,-16.73246714713803
Meghalaya,2019,Urban,Graduate,51.9,86.1,-34.199999999999996,-40.526738241308784,-47.094281645700875,-42.331103243322204,12.894281645700879,8.131103243322208
Meghalaya,2019,Urban,Post Graduate & Above,89.7,96.3,-6.599999999999994,-40.526738241308784,-35.61805715590498,-29.58452776824736,29.018057155904984,22.984527768247364
Mizoram,2019,Rural,Not Literate,0.0,63.7,-63.7,-40.35442229038855,-37.01576722308768,-31.80837940084913,-26.684232776912324,-31.891620599150873
Mizoram,2019,Rural,Literate & Upto Primary,44.9,75.5,-30.6,-40.35442229038855,-48.60097130472032,-45.191459563535126,18.000971304720316,14.591459563535125
Mizoram,2019,Rural,Middle,37.8,85.0,-47.2,-40.35442229038855,-49.35586926390398,-45.146806855881614,2.1558692639039805,-2.0531931441183886
Mizoram,2019,Rural,Secondary,31.1,56.8,-25.699999999999996,-40.35442229038855,-41.82688967206727,-39.563086857555675,16.12688967206727,13.863086857555679
Mizoram,2019,Rural,Higher Secondary,35.3,46.0,-10.700000000000003,-40.35442229038855,-39.74311416186318,-39.97740388580951,29.04311416186318,29.277403885809505
Mizoram,2019,Rural,Diploma/ Certificate Course,0.0,0.0,0.0,-40.35442229038855,-24.795385339952176,-31.253671755689062,24.795385339952176,31.253671755689062
Mizoram,2019,Rural,Graduate,40.2,85.0,-44.8,-40.35442229038855,-40.133216202679506,-40.51713671087649,-4.666783797320491,-4.282863289123505
Mizoram,2019,Rural,Post Graduate & Above,27.1,100.0,-72.9,-40.35442229038855,-27.80474681492441,-29.271315095373062,-45.09525318507559,-43.628684904626944
Mizoram,2019,Urban,Not Literate,21.8,65.4,-43.60000000000001,-40.35442229038855,-44.1239314680797,-47.38731224607321,0.523931468079688,3.787312246073199
Mizoram,2019,Urban,Literate & Upto Primary,28.6,45.9,-17.299999999999997,-40.35442229038855,-55.709135549712336,-58.1076191679389,38.40913554971234,40.8076191679389
Mizoram,2019,Urban,Middle,35.0,70.9,-35.900000000000006,-40.35442229038855,-56.464033508896,-56.57898326264575,20.564033508895996,20.678983262645744
Mizoram,2019,Urban,Secondary,17.2,48.7,-31.500000000000004,-40.35442229038855,-48.935053917059285,-49.7537658747411,17.43505391705928,18.253765874741095
Mizoram,2019,Urban,Higher Secondary,26.2,47.9,-21.7,-40.35442229038855,-46.8512784068552,-43.489595188625614,25.1512784068552,21.789595188625615
Mizoram,2019,Urban,Diploma/ Certificate Course,100.0,46.4,53.6,-40.35442229038855,-31.903549584944194,-35.251615687735985,85.5035495849442,88.85161568773599
Mizoram,2019,Urban,Graduate,58.2,80.7,-22.5,-40.35442229038855,-47.241380447671524,-42.29455780782812,24.741380447671524,19.79455780782812
Mizoram,2019,Urban,Post Graduate & Above,77.4,85.1,-7.699999999999989,-40.35442229038855,-34.912911059916425,-28.9397390116615,27.212911059916436,21.239739011661513
Nagaland,2019,Rural,Not Literate,73.3,88.5,-15.200000000000003,-40.31935071574642,-37.139178938913496,-34.11230286635179,21.939178938913493,18.912302866351787
Nagaland,2019,Rural,Literate & Upto Primary,64.3,88.6,-24.299999999999997,-40.31935071574642,-48.8045871021788,-45.58191816891132,24.504587102178803,21.281918168911325
Nagaland,2019,Rural,Middle,40.2,85.0,-44.8,-40.31935071574642,-49.52989322462778,-45.813605818942335,4.72989322462778,1.013605818942338
Nagaland,2019,Rural,Secondary,41.1,71.0,-29.9,-40.31935071574642,-41.812954449117576,-39.51016656812063,11.912954449117578,9.610166568120633
Nagaland,2019,Rural,Higher Secondary,30.0,58.0,-28.0,-40.31935071574642,-39.64101567360737,-39.849156026797544,11.64101567360737,11.849156026797544
Nagaland,2019,Rural,Diploma/ Certificate Course,0.0,0.0,0.0,-40.31935071574642,-24.255090325600882,-31.052181510155407,24.255090325600882,31.052181510155407
Nagaland,2019,Rural,Graduate,74.2,92.5,-18.299999999999997,-40.31935071574642,-40.47132179605635,-40.86501976980621,22.171321796056354,22.565019769806213
Nagaland,2019,Rural,Post Graduate & Above,93.5,100.0,-6.5,-40.31935071574642,-28.583260571566562,-30.553739164156976,22.083260571566562,24.053739164156976
Nagaland,2019,Urban,Not Literate,31.8,61.9,-30.099999999999998,-40.31935071574642,-43.71782995220299,-47.18655496331038,13.617829952202992,17.08655496331038
Nagaland,2019,Urban,Literate & Upto Primary,26.5,70.6,-44.099999999999994,-40.31935071574642,-55.38323811546829,-57.874333693369195,11.283238115468293,13.7743336933692
Nagaland,2019,Urban,Middle,20.4,61.0,-40.6,-40.31935071574642,-56.10854423791727,-56.57397967369379,15.50854423791727,15.97397967369379
Nagaland,2019,Urban,Secondary,15.7,61.5,-45.8,-40.31935071574642,-48.39160546240707,-49.0687863788092,2.591605462407074,3.268786378809203
Nagaland,2019,Urban,Higher Secondary,35.5,57.4,-21.9,-40.31935071574642,-46.21966668689686,-43.13232397176997,24.31966668689686,21.232323971769972
Nagaland,2019,Urban,Diploma/ Certificate Course,100.0,100.0,0.0,-40.31935071574642,-30.83374133889037,-34.18983602439322,30.83374133889037,34.18983602439322
Nagaland,2019,Urban,Graduate,66.3,86.0,-19.700000000000003,-40.31935071574642,-47.04997280934584,-42.19270390039306,27.349972809345836,22.49270390039306
Nagaland,2019,Urban,Post Graduate & Above,79.8,92.4,-12.600000000000009,-40.31935071574642,-35.16191158485605,-29.212691833903836,22.56191158485604,16.612691833903828
Odisha,2019,Rural,Not Literate,42.8,76.2,-33.400000000000006,-39.887423312883435,-37.138710814161485,-33.54210513090484,3.738710814161479,0.1421051309048309
Odisha,2019,Rural,Literate & Upto Primary,39.3,86.8,-47.5,-39.887423312883435,-48.06207816110026,-44.43767176882692,0.5620781611002599,-3.0623282311730833
Odisha,2019,Rural,Middle,24.5,81.2,-56.7,-39.887423312883435,-48.9271802019166,-44.87608392128952,-7.772819798083404,-11.823916078710482
Odisha,2019,Rural,Secondary,21.9,70.6,-48.699999999999996,-39.887423312883435,-41.4067720386513,-38.79579977151752,-7.293227961348698,-9.904200228482473
Odisha,2019,Rural,Higher Secondary,19.8,65.6,-45.8,-39.887423312883435,-39.346057752937,-39.026070802506325,-6.453942247062997,-6.773929197493672
Odisha,2019,Rural,Diploma/ Certificate Course,73.1,69.1,4.0,-39.887423312883435,-24.542664741809066,-30.90138334252196,28.542664741809066,34.90138334252196
Odisha,2019,Rural,Graduate,38.1,91.3,-53.199999999999996,-39.887423312883435,-39.62820061007986,-40.094187030489664,-13.571799389920137,-13.105812969510332
Odisha,2019,Rural,Post Graduate & Above,64.7,74.8,-10.099999999999994,-39.887423312883435,-28.32707816110026,-30.171583948487882,18.227078161100266,20.071583948487888
Odisha,2019,Urban,Not Literate,35.4,82.0,-46.6,-39.887423312883435,-43.72772261868969,-46.68231178513651,-2.8722773813103117,0.08231178513651116
Odisha,2019,Urban,Literate & Upto Primary,17.3,81.9,-64.60000000000001,-39.887423312883435,-54.651089965628465,-56.77924471450444,-9.948910034371544,-7.820755285495565
Odisha,2019,Urban,Middle,18.2,73.9,-55.7,-39.887423312883435,-55.5161920064448,-55.90793831902674,-0.18380799355520594,0.20793831902673787
Odisha,2019,Urban,Secondary,9.6,65.0,-55.4,-39.887423312883435,-47.995783843179495,-48.6381946691897,-7.404216156820503,-6.761805330810297
Odisha,2019,Urban,Higher Secondary,13.2,61.8,-48.599999999999994,-39.887423312883435,-45.93506955746521,-42.46249629086888,-2.664930442534782,-6.137503709131117
Odisha,2019,Urban,Diploma/ Certificate Course,32.4,78.0,-45.6,-39.887423312883435,-31.131676546337268,-34.31690444091753,-14.468323453662734,-11.283095559082469
Odisha,2019,Urban,Graduate,31.3,85.4,-54.10000000000001,-39.887423312883435,-46.217212414608056,-41.624320026455116,-7.882787585391952,-12.475679973544892
Odisha,2019,Urban,Post Graduate & Above,67.0,76.9,-9.900000000000006,-39.887423312883435,-34.916089965628466,-28.806747171971214,25.01608996562846,18.906747171971208
Puducherry,2019,Rural,Not Literate,30.8,61.2,-30.400000000000002,-39.986042944785275,-37.371410410384,-32.185774148364274,6.971410410383999,1.785774148364272
Puducherry,2019,Rural,Literate & Upto Primary,34.8,73.5,-38.7,-39.986042944785275,-48.39110428793502,-45.050630835664904,9.691104287935019,6.3506308356649015
Puducherry,2019,Rural,Middle,49.4,76.6,-27.199999999999996,-39.986042944785275,-49.23334918589419,-45.675959598946974,22.033349185894195,18.47595959894698
Puducherry,2019,Rural,Secondary,58.6,85.7,-27.1,-39.986042944785275,-41.68069612466972,-39.578628564966486,14.580696124669721,12.478628564966485
Puducherry,2019,Rural,Higher Secondary,22.7,63.3,-40.599999999999994,-39.986042944785275,-39.48120632875134,-39.33145329856015,-1.1187936712486533,-1.2685467014398455
Puducherry,2019,Rural,Diploma/ Certificate Course,86.6,86.8,-0.20000000000000284,-39.986042944785275,-23.86884891898666,-30.74129870671063,23.668848918986658,30.541298706710627
Puducherry,2019,Rural,Graduate,39.0,88.9,-49.900000000000006,-39.986042944785275,-39.811716532832975,-39.79443316593836,-10.088283467167031,-10.105566834061648
Puducherry,2019,Rural,Post Graduate & Above,3.5,100.0,-96.5,-39.986042944785275,-28.25732877773093,-29.33012390199097,-68.24267122226907,-67.16987609800903
Puducherry,2019,Urban,Not Literate,19.2,56.0,-36.8,-39.986042944785275,-43.98467521650849,-47.510855966534905,7.184675216508495,10.710855966534908
Puducherry,2019,Urban,Literate & Upto Primary,25.6,69.9,-44.300000000000004,-39.986042944785275,-55.0043690940595,-57.30764594564026,10.704369094059494,13.007645945640256
Puducherry,2019,Urban,Middle,21.9,82.5,-60.6,-39.986042944785275,-55.846613992018675,-56.01111942054428,-4.753386007981327,-4.588880579455719
Puducherry,2019,Urban,Secondary,28.4,62.7,-34.300000000000004,-39.986042944785275,-48.2939609307942,-48.755289450354894,13.993960930794195,14.45528945035489
Puducherry,2019,Urban,Higher Secondary,10.3,39.7,-29.400000000000002,-39.986042944785275,-46.09447113487583,-42.83186330074236,16.69447113487583,13.43186330074236
Puducherry,2019,Urban,Diploma/ Certificate Course,61.6,83.6,-21.999999999999993,-39.986042944785275,-30.48211372511114,-33.93979781356409,8.482113725111148,11.939797813564098
Puducherry,2019,Urban,Graduate,41.3,83.1,-41.8,-39.986042944785275,-46.42498133895746,-41.75854360304931,4.624981338957461,-0.041456396950685814
Puducherry,2019,Urban,Post Graduate & Above,48.6,63.5,-14.899999999999999,-39.986042944785275,-34.87059358385541,-28.785140044203754,19.97059358385541,13.885140044203755
Punjab,2019,Rural,Not Literate,24.7,73.2,-48.5,-39.634943762781184,-36.739003691496976,-32.981862883247835,-11.760996308503024,-15.518137116752165
Punjab,2019,Rural,Literate & Upto Primary,25.7,84.6,-58.89999999999999,-39.634943762781184,-47.93849348741534,-44.273778299266525,-10.961506512584648,-14.626221700733467
Punjab,2019,Rural,Middle,21.8,71.3,-49.5,-39.634943762781184,-49.02992205884392,-44.79147022071651,-0.4700779411560774,-4.708529779283488
Punjab,2019,Rural,Secondary,16.1,74.1,-57.99999999999999,-39.634943762781184,-41.205024099660235,-38.68740869437948,-16.794975900339757,-19.312591305620515
Punjab,2019,Rural,Higher Secondary,17.9,77.4,-59.50000000000001,-39.634943762781184,-38.98165675272146,-38.67630782696727,-20.518343247278544,-20.82369217303274
Punjab,2019,Rural,Diploma/ Certificate Course,9.7,80.7,-71.0,-39.634943762781184,-23.917040073051517,-30.37425507050547,-47.08295992694848,-40.62574492949453
Punjab,2019,Rural,Graduate,28.8,87.8,-59.0,-39.634943762781184,-39.66665675272146,-39.671615021655334,-19.333343247278542,-19.328384978344666
Punjab,2019,Rural,Post Graduate & Above,82.1,74.2,7.8999999999999915,-39.634943762781184,-28.196350630272484,-29.93285729864893,36.096350630272475,37.83285729864892
Punjab,2019,Urban,Not Literate,25.9,79.1,-53.199999999999996,-39.634943762781184,-43.319727856333515,-46.42018280354066,-9.880272143666481,-6.779817196459334
Punjab,2019,Urban,Literate & Upto Primary,16.0,87.3,-71.3,-39.634943762781184,-54.51921765225188,-56.86707122410239,-16.780782347748115,-14.432928775897608
Punjab,2019,Urban,Middle,12.4,76.7,-64.3,-39.634943762781184,-55.61064622368046,-56.07984596081587,-8.689353776319535,-8.22015403918413
Punjab,2019,Urban,Secondary,9.6,68.8,-59.199999999999996,-39.634943762781184,-47.785748264496775,-48.51700252396496,-11.414251735503221,-10.682997476035034
Punjab,2019,Urban,Higher Secondary,11.9,72.1,-60.199999999999996,-39.634943762781184,-45.562380917558,-42.346098374070365,-14.637619082441994,-17.85390162592963
Punjab,2019,Urban,Diploma/ Certificate Course,25.3,81.0,-55.7,-39.634943762781184,-30.49776423788806,-33.79470126814113,-25.202235762111943,-21.90529873185887
Punjab,2019,Urban,Graduate,33.2,84.4,-51.2,-39.634943762781184,-46.247380917558004,-41.49558357788133,-4.952619082441998,-9.704416422118676
Punjab,2019,Urban,Post Graduate & Above,56.8,88.8,-32.0,-39.634943762781184,-34.77707479510903,-28.307849303356843,2.77707479510903,-3.692150696643157
Rajasthan,2019,Rural,Not Literate,56.1,79.9,-23.800000000000004,-39.860761758691204,-37.2844608636116,-33.51606313998938,13.484460863611595,9.716063139989373
Rajasthan,2019,Rural,Literate & Upto Primary,47.6,90.0,-42.4,-39.860761758691204,-48.323338414632,-44.87849266619808,5.923338414631999,2.478492666198079
Rajasthan,2019,Rural,Middle,26.8,78.9,-52.10000000000001,-39.860761758691204,-49.247420047285075,-45.012153969467086,-2.852579952714933,-7.087846030532923
Rajasthan,2019,Rural,Secondary,18.6,62.5,-43.9,-39.860761758691204,-41.55211392483609,-38.89988498880049,-2.347886075163906,-5.000115011199512
Rajasthan,2019,Rural,Higher Secondary,17.3,52.0,-34.7,-39.860761758691204,-39.6013996391218,-39.11482679251042,4.901399639121799,4.414826792510418
Rajasthan,2019,Rural,Diploma/ Certificate Course,57.7,84.8,-27.099999999999994,-39.860761758691204,-24.589040176221953,-30.819933709930623,-2.510959823778041,3.719933709930629
Rajasthan,2019,Rural,Graduate,38.7,84.8,-46.099999999999994,-39.860761758691204,-39.790277190142206,-40.06934967288593,-6.309722809857789,-6.030650327114067
Rajasthan,2019,Rural,Post Graduate & Above,46.4,91.0,-44.6,-39.860761758691204,-27.868134332999343,-29.495770193694742,-16.73186566700066,-15.10422980630526
Rajasthan,2019,Urban,Not Literate,25.9,79.4,-53.50000000000001,-39.860761758691204,-43.62844705715594,-45.847524044469985,-9.871552942844069,-7.652475955530022
Rajasthan,2019,Urban,Literate & Upto Primary,16.0,82.8,-66.8,-39.860761758691204,-54.66732460817634,-56.99366124169039,-12.13267539182366,-9.806338758309607
Rajasthan,2019,Urban,Middle,11.1,80.4,-69.30000000000001,-39.860761758691204,-55.591406240829414,-55.68919835446421,-13.708593759170597,-13.610801645535801
Rajasthan,2019,Urban,Secondary,11.8,66.5,-54.7,-39.860761758691204,-47.89610011838043,-48.79784491139728,-6.8038998816195715,-5.902155088602726
Rajasthan,2019,Urban,Higher Secondary,9.3,54.5,-45.2,-39.860761758691204,-45.94538583266613,-42.76911867920971,0.7453858326661305,-2.4308813207902915
Rajasthan,2019,Urban,Diploma/ Certificate Course,24.6,58.3,-33.699999999999996,-39.860761758691204,-30.933026369766292,-33.96565656436161,-2.7669736302337036,0.26565656436161333
Rajasthan,2019,Urban,Graduate,23.3,80.6,-57.3,-39.860761758691204,-46.134263383686545,-41.350365589542214,-11.165736616313453,-15.949634410457783
Rajasthan,2019,Urban,Post Graduate & Above,32.1,84.2,-52.1,-39.860761758691204,-34.212120526543686,-28.40573137670274,-17.887879473456316,-23.694268623297262
Sikkim,2019,Rural,Not Literate,58.3,77.5,-19.200000000000003,-40.37691717791411,-37.446580697642446,-32.49163127145318,18.246580697642443,13.291631271453177
Sikkim,2019,Rural,Literate & Upto Primary,67.7,89.1,-21.39999999999999,-40.37691717791411,-48.914029677234296,-45.72371124194065,27.514029677234305,24.323711241940657
Sikkim,2019,Rural,Middle,75.2,70.6,4.6000000000000085,-40.37691717791411,-50.100968452744496,-46.37247299405832,54.700968452744505,50.97247299405833
Sikkim,2019,Rural,Secondary,48.0,63.5,-15.5,-40.37691717791411,-42.19341743233633,-39.65270467105611,26.693417432336332,24.152704671056107
Sikkim,2019,Rural,Higher Secondary,65.0,72.7,-7.700000000000003,-40.37691717791411,-40.014539881315926,-40.4405491522254,32.31453988131592,32.7405491522254
Sikkim,2019,Rural,Diploma/ Certificate Course,64.1,61.3,2.799999999999997,-40.37691717791411,-25.09823470330916,-31.56030594772572,27.898234703309157,34.36030594772572
Sikkim,2019,Rural,Graduate,85.5,100.0,-14.5,-40.37691717791411,-40.89566233029551,-41.13944365845674,26.395662330295508,26.63944365845674
Sikkim,2019,Rural,Post Graduate & Above,79.2,100.0,-20.799999999999997,-40.37691717791411,-29.032907228254707,-30.713075986923705,8.23290722825471,9.913075986923708
Sikkim,2019,Urban,Not Literate,23.3,74.3,-51.0,-40.37691717791411,-43.552953618627654,-46.89445247656329,-7.4470463813723455,-4.105547523436712
Sikkim,2019,Urban,Literate & Upto Primary,40.4,94.8,-54.4,-40.37691717791411,-55.02040259821949,-57.11496688561715,0.6204025982194921,2.7149668856171516
Sikkim,2019,Urban,Middle,30.3,74.7,-44.400000000000006,-40.37691717791411,-56.20734137372969,-56.46837822159404,11.807341373729685,12.068378221594031
Sikkim,2019,Urban,Secondary,40.2,84.4,-44.2,-40.37691717791411,-48.299790353321534,-49.05735215630966,4.099790353321531,4.857352156309659
Sikkim,2019,Urban,Higher Secondary,30.1,60.5,-30.4,-40.37691717791411,-46.12091280230112,-42.92467793945835,15.720912802301122,12.52467793945835
Sikkim,2019,Urban,Diploma/ Certificate Course,59.9,65.9,-6.000000000000007,-40.37691717791411,-31.20460762429436,-34.43787811091224,25.204607624294354,28.43787811091223
Sikkim,2019,Urban,Graduate,62.2,85.6,-23.39999999999999,-40.37691717791411,-47.00203525128071,-42.36527920366132,23.602035251280718,18.965279203661332
Sikkim,2019,Urban,Post Graduate & Above,72.1,93.0,-20.900000000000006,-40.37691717791411,-35.13928014923991,-29.51844560976806,14.239280149239903,8.618445609768056
Tamil Nadu,2019,Rural,Not Literate,56.1,71.3,-15.199999999999996,-39.99399284253579,-37.634040981921274,-32.596851502449795,22.434040981921278,17.3968515024498
Tamil Nadu,2019,Rural,Literate & Upto Primary,66.9,90.3,-23.39999999999999,-39.99399284253579,-48.72475526763557,-45.109488237216176,25.32475526763558,21.709488237216185
Tamil Nadu,2019,Rural,Middle,45.2,91.1,-45.89999999999999,-39.99399284253579,-49.40312261457436,-45.56801546751558,3.503122614574366,-0.3319845324844124
Tamil Nadu,2019,Rural,Secondary,31.1,67.4,-36.300000000000004,-39.99399284253579,-41.795571594166184,-39.594824701062315,5.495571594166179,3.2948247010623106
Tamil Nadu,2019,Rural,Higher Secondary,20.4,51.9,-31.5,-39.99399284253579,-39.834040981921284,-39.61369861845487,8.334040981921284,8.113698618454869
Tamil Nadu,2019,Rural,Diploma/ Certificate Course,47.0,95.4,-48.400000000000006,-39.99399284253579,-23.69908964122407,-30.420700570517806,-24.700910358775936,-17.9792994294822
Tamil Nadu,2019,Rural,Graduate,36.6,87.0,-50.4,-39.99399284253579,-39.82638792069679,-39.634702508151804,-10.57361207930321,-10.765297491848195
Tamil Nadu,2019,Rural,Post Graduate & Above,64.2,87.1,-22.89999999999999,-39.99399284253579,-28.14955118600293,-29.627358135459158,5.24955118600294,6.727358135459166
Tamil Nadu,2019,Urban,Not Literate,34.0,73.9,-39.900000000000006,-39.99399284253579,-44.10237342364256,-47.521169708320954,4.202373423642555,7.621169708320949
Tamil Nadu,2019,Urban,Literate & Upto Primary,35.2,83.0,-47.8,-39.99399284253579,-55.19308770935685,-56.83364761124553,7.393087709356855,9.033647611245534
Tamil Nadu,2019,Urban,Middle,27.6,83.5,-55.9,-39.99399284253579,-55.87145505629564,-55.98368537423927,-0.028544943704361003,0.08368537423927336
Tamil Nadu,2019,Urban,Secondary,16.6,67.1,-50.49999999999999,-39.99399284253579,-48.263904035887464,-48.5128767960235,-2.236095964112529,-1.9871232039764948
Tamil Nadu,2019,Urban,Higher Secondary,17.0,50.8,-33.8,-39.99399284253579,-46.302373423642564,-42.999155411259764,12.502373423642567,9.199155411259767
Tamil Nadu,2019,Urban,Diploma/ Certificate Course,47.8,90.5,-42.7,-39.99399284253579,-30.16742208294535,-33.59030088804753,-12.532577917054653,-9.109699111952473
Tamil Nadu,2019,Urban,Graduate,45.9,84.4,-38.50000000000001,-39.99399284253579,-46.29472036241807,-41.87498803400661,7.794720362418062,3.3749880340066056
Tamil Nadu,2019,Urban,Post Graduate & Above,57.2,85.6,-28.39999999999999,-39.99399284253579,-34.61788362772421,-28.704101080319447,6.21788362772422,0.30410108031945526
Telangana,2019,Rural,Not Literate,61.9,76.4,-14.500000000000007,-39.899667689161554,-37.413946482882,-32.37516708034643,22.91394648288199,17.875167080346422
Telangana,2019,Rural,Literate & Upto Primary,71.6,95.7,-24.10000000000001,-39.899667689161554,-48.6332321971677,-45.32034866311941,24.533232197167692,21.220348663119402
Telangana,2019,Rural,Middle,46.2,86.0,-39.8,-39.899667689161554,-49.45425260533096,-45.50091410524371,9.65425260533096,5.700914105243712
Telangana,2019,Rural,Secondary,45.1,77.3,-32.199999999999996,-39.899667689161554,-41.639150564514644,-39.05113590487058,9.439150564514648,6.851135904870581
Telangana,2019,Rural,Higher Secondary,40.7,56.7,-16.0,-39.899667689161554,-39.60272199308607,-39.69616296931088,23.60272199308607,23.696162969310883
Telangana,2019,Rural,Diploma/ Certificate Course,0.0,96.1,-96.1,-39.899667689161554,-23.59023318267265,-30.032076073660793,-72.50976681732735,-66.0679239263392
Telangana,2019,Rural,Graduate,33.4,79.1,-45.699999999999996,-39.899667689161554,-39.79772199308607,-39.493112451647534,-5.9022780069139245,-6.206887548352462
Telangana,2019,Rural,Post Graduate & Above,17.2,98.6,-81.39999999999999,-39.899667689161554,-27.771089340024833,-28.96294995351889,-53.62891065997516,-52.437050046481104
Telangana,2019,Urban,Not Literate,33.2,73.0,-39.8,-39.899667689161554,-43.92088156543223,-47.54462151479794,4.120881565432235,7.744621514797942
Telangana,2019,Urban,Literate & Upto Primary,33.8,84.0,-50.2,-39.899667689161554,-55.140167279717936,-57.19686329798072,4.940167279717933,6.996863297980717
Telangana,2019,Urban,Middle,25.5,79.2,-53.7,-39.899667689161554,-55.96118768788119,-56.358236880417266,2.26118768788119,2.658236880417263
Telangana,2019,Urban,Secondary,23.4,64.8,-41.4,-39.899667689161554,-48.14608564706488,-49.01810448745113,6.746085647064881,7.618104487451134
Telangana,2019,Urban,Higher Secondary,18.0,58.6,-40.6,-39.899667689161554,-46.109657075636306,-43.05934837305384,5.509657075636305,2.4593483730538352
Telangana,2019,Urban,Diploma/ Certificate Course,53.8,84.9,-31.10000000000001,-39.899667689161554,-30.09716826522289,-33.89250645997543,-1.0028317347771178,2.792506459975421
Telangana,2019,Urban,Graduate,34.3,84.6,-50.3,-39.899667689161554,-46.30465707563631,-41.784638333027175,-3.9953429243636904,-8.515361666972822
Telangana,2019,Urban,Post Graduate & Above,38.0,89.4,-51.400000000000006,-39.899667689161554,-34.27802442257507,-28.410833969758492,-17.121975577424934,-22.989166030241513
The Dadra and Nagar Haveli and Daman and Diu,2019,Rural,Not Literate,55.25,68.9,-13.650000000000006,-39.89038854805726,-37.50807492572428,-32.15402062260521,23.858074925724274,18.504020622605204
The Dadra and Nagar Haveli and Daman and Diu,2019,Rural,Literate & Upto Primary,74.1,87.1,-13.0,-39.89038854805726,-48.55195247674468,-45.69759029156227,35.55195247674468,32.69759029156227
The Dadra and Nagar Haveli and Daman and Diu,2019,Rural,Middle,44.5,89.2,-44.7,-39.89038854805726,-49.56807492572427,-45.05384202732886,4.868074925724265,0.3538420273288594
The Dadra and Nagar Haveli and Daman and Diu,2019,Rural,Secondary,40.2,65.2,-25.0,-39.89038854805726,-41.711136150214074,-39.40858033844283,16.711136150214074,14.408580338442832
The Dadra and Nagar Haveli and Daman and Diu,2019,Rural,Higher Secondary,47.3,67.45,-20.150000000000006,-39.89038854805726,-39.500115742050795,-39.442664317465024,19.35011574205079,19.292664317465018
The Dadra and Nagar Haveli and Daman and Diu,2019,Rural,Diploma/ Certificate Course,0.0,68.35,-68.35,-39.89038854805726,-24.477808428783366,-30.641206668125033,-43.87219157121663,-37.70879333187496
The Dadra and Nagar Haveli and Daman and Diu,2019,Rural,Graduate,59.75,100.0,-40.25,-39.89038854805726,-39.95909533388753,-40.40883534766193,-0.2909046661124677,0.15883534766192753
The Dadra and Nagar Haveli and Daman and Diu,2019,Rural,Post Graduate & Above,43.85,0.0,43.85,-39.89038854805726,-28.915625946132455,-30.54533721269064,72.76562594613246,74.39533721269063
The Dadra and Nagar Haveli and Daman and Diu,2019,Urban,Not Literate,14.5,100.0,-85.5,-39.89038854805726,-43.32001123202248,-46.39461850862452,-42.17998876797752,-39.10538149137548
The Dadra and Nagar Haveli and Daman and Diu,2019,Urban,Literate & Upto Primary,25.15,86.2,-61.050000000000004,-39.89038854805726,-54.36388878304288,-57.24500186598113,-6.686111216957123,-3.8049981340188737
The Dadra and Nagar Haveli and Daman and Diu,2019,Urban,Middle,50.0,95.9,-45.900000000000006,-39.89038854805726,-55.38001123202247,-56.132538039626304,9.480011232022463,10.232538039626299
The Dadra and Nagar Haveli and Daman and Diu,2019,Urban,Secondary,30.75,81.95,-51.2,-39.89038854805726,-47.523072456512274,-48.16974526090225,-3.6769275434877287,-3.0302547390977495
The Dadra and Nagar Haveli and Daman and Diu,2019,Urban,Higher Secondary,12.7,87.6,-74.89999999999999,-39.89038854805726,-45.312052048349,-42.21702033608047,-29.58794795165099,-32.68297966391952
The Dadra and Nagar Haveli and Daman and Diu,2019,Urban,Diploma/ Certificate Course,0.0,100.0,-100.0,-39.89038854805726,-30.289744735081563,-33.59688686004229,-69.71025526491843,-66.40311313995771
The Dadra and Nagar Haveli and Daman and Diu,2019,Urban,Graduate,18.75,91.3,-72.55,-39.89038854805726,-45.77103164018573,-41.29425840789358,-26.778968359814264,-31.255741592106418
The Dadra and Nagar Haveli and Daman and Diu,2019,Urban,Post Graduate & Above,70.45,100.0,-29.549999999999997,-39.89038854805726,-34.72756225243066,-28.203630105399803,5.177562252430661,-1.346369894600194
Tripura,2019,Rural,Not Literate,25.7,71.5,-45.8,-39.95669734151329,-37.045516753209846,-32.25323791942423,-8.754483246790151,-13.546762080575768
Tripura,2019,Rural,Literate & Upto Primary,29.9,88.8,-58.9,-39.95669734151329,-48.15582287565883,-44.08252029931173,-10.74417712434117,-14.817479700688267
Tripura,2019,Rural,Middle,23.2,74.2,-51.0,-39.95669734151329,-49.04092491647515,-44.97240401387367,-1.9590750835248514,-6.027595986126329
Tripura,2019,Rural,Secondary,14.0,71.9,-57.900000000000006,-39.95669734151329,-41.40990450831188,-38.95573866179607,-16.490095491688123,-18.944261338203937
Tripura,2019,Rural,Higher Secondary,17.5,61.4,-43.9,-39.95669734151329,-39.35898614096493,-38.99292371464538,-4.541013859035068,-4.90707628535462
Tripura,2019,Rural,Diploma/ Certificate Course,100.0,31.0,69.0,-39.95669734151329,-24.655992669934673,-31.19710334056493,93.65599266993468,100.19710334056492
Tripura,2019,Rural,Graduate,43.7,88.3,-44.599999999999994,-39.95669734151329,-39.830516753209835,-40.014247203969674,-4.769483246790159,-4.58575279603032
Tripura,2019,Rural,Post Graduate & Above,62.1,97.5,-35.4,-39.95669734151329,-28.28347593688332,-30.067832621600225,-7.116524063116678,-5.332167378399774
Tripura,2019,Urban,Not Literate,29.5,77.4,-47.900000000000006,-39.95669734151329,-43.65250853976936,-47.22936213852003,-4.247491460230648,-0.6706378614799746
Tripura,2019,Urban,Literate & Upto Primary,19.6,83.2,-63.6,-39.95669734151329,-54.76281466221834,-56.59001684221499,-8.837185337781662,-7.009983157785008
Tripura,2019,Urban,Middle,18.2,82.3,-64.1,-39.95669734151329,-55.64791670303467,-55.88349193961324,-8.452083296965327,-8.21650806038675
Tripura,2019,Urban,Secondary,14.1,71.0,-56.9,-39.95669734151329,-48.016896294871394,-48.975593339000106,-8.883103705128605,-7.924406660999892
Tripura,2019,Urban,Higher Secondary,10.6,62.3,-51.699999999999996,-39.95669734151329,-45.96597792752445,-42.47704832092295,-5.734022072475547,-9.222951679077049
Tripura,2019,Urban,Diploma/ Certificate Course,30.3,20.5,9.8,-39.95669734151329,-31.262984456494188,-34.775262140480635,41.06298445649419,44.57526214048063
Tripura,2019,Urban,Graduate,28.8,81.1,-52.3,-39.95669734151329,-46.437508539769354,-41.920956249975696,-5.862491460230643,-10.379043750024302
Tripura,2019,Urban,Post Graduate & Above,50.4,93.8,-43.4,-39.95669734151329,-34.89046772344284,-28.773087725428628,-8.50953227655716,-14.62691227457137
Uttar Pradesh,2019,Rural,Not Literate,26.1,83.1,-56.99999999999999,-39.538139059304704,-36.49327549904177,-31.817817607872797,-20.50672450095822,-25.182182392127196
Uttar Pradesh,2019,Rural,Literate & Upto Primary,17.1,84.9,-67.80000000000001,-39.538139059304704,-47.76909182557238,-44.02981157620159,-20.03090817442763,-23.770188423798423
Uttar Pradesh,2019,Rural,Middle,12.7,77.1,-64.39999999999999,-39.538139059304704,-48.82562243781727,-44.8246877122751,-15.574377562182718,-19.57531228772489
Uttar Pradesh,2019,Rural,Secondary,10.4,62.1,-51.7,-39.538139059304704,-41.21990815210299,-39.05213637674386,-10.480091847897015,-12.647863623256143
Uttar Pradesh,2019,Rural,Higher Secondary,11.1,66.5,-55.4,-39.538139059304704,-39.1426632541438,-38.756603299198865,-16.2573367458562,-16.643396700801134
Uttar Pradesh,2019,Rural,Diploma/ Certificate Course,26.5,47.5,-21.0,-39.538139059304704,-24.241339803234176,-30.391283851603994,3.241339803234176,9.391283851603994
Uttar Pradesh,2019,Rural,Graduate,9.9,85.1,-75.19999999999999,-39.538139059304704,-39.20419386638869,-39.33322167860086,-35.995806133611296,-35.86677832139913
Uttar Pradesh,2019,Rural,Post Graduate & Above,24.9,91.5,-66.6,-39.538139059304704,-27.4861326418989,-28.83822650976493,-39.11386735810109,-37.761773490235065
Uttar Pradesh,2019,Urban,Not Literate,14.0,81.5,-67.5,-39.538139059304704,-43.143330775385024,-46.8982645876171,-24.356669224614976,-20.6017354123829
Uttar Pradesh,2019,Urban,Literate & Upto Primary,12.5,85.6,-73.1,-39.538139059304704,-54.41914710191564,-56.303897854760606,-18.680852898084353,-16.796102145239388
Uttar Pradesh,2019,Urban,Middle,9.1,75.3,-66.2,-39.538139059304704,-55.475677714160526,-55.99008880068903,-10.724322285839477,-10.209911199310973
Uttar Pradesh,2019,Urban,Secondary,5.6,62.5,-56.9,-39.538139059304704,-47.86996342844624,-48.11783625467332,-9.030036571553758,-8.782163745326677
Uttar Pradesh,2019,Urban,Higher Secondary,6.5,54.3,-47.8,-39.538139059304704,-45.79271853048705,-42.583795737982804,-2.0072814695129466,-5.216204262017193
Uttar Pradesh,2019,Urban,Diploma/ Certificate Course,45.0,57.3,-12.299999999999997,-39.538139059304704,-30.89139507957743,-34.193239872393406,18.59139507957743,21.89323987239341
Uttar Pradesh,2019,Urban,Graduate,17.7,81.4,-63.7,-39.538139059304704,-45.854249142731945,-41.19010570503541,-17.845750857268058,-22.509894294964596
Uttar Pradesh,2019,Urban,Post Graduate & Above,33.3,79.6,-46.3,-39.538139059304704,-34.13618791824215,-27.9311908738754,-12.163812081757847,-18.368809126124596
Uttarakhand,2019,Rural,Not Literate,37.9,81.6,-43.699999999999996,-39.766743353783234,-36.82814290907321,-31.520643262590852,-6.871857090926788,-12.179356737409144
Uttarakhand,2019,Rural,Literate & Upto Primary,44.0,85.4,-41.400000000000006,-39.766743353783234,-48.252122500909934,-45.26870743275565,6.852122500909928,3.8687074327556417
Uttarakhand,2019,Rural,Middle,34.3,68.6,-34.3,-39.766743353783234,-49.39783678662421,-45.60446144896708,15.097836786624214,11.304461448967082
Uttarakhand,2019,Rural,Secondary,34.3,68.1,-33.8,-39.766743353783234,-41.68600005193035,-39.209163169482885,7.886000051930353,5.409163169482888
Uttarakhand,2019,Rural,Higher Secondary,30.8,73.7,-42.900000000000006,-39.766743353783234,-39.50589801111401,-39.45013048775773,-3.3941019888859927,-3.449869512242273
Uttarakhand,2019,Rural,Diploma/ Certificate Course,100.0,88.6,11.400000000000006,-39.766743353783234,-23.92280270458098,-30.74375661813458,35.32280270458099,42.14375661813459
Uttarakhand,2019,Rural,Graduate,45.2,72.5,-27.299999999999997,-39.766743353783234,-39.890489847848706,-40.46034360090906,12.590489847848708,13.160343600909066
Uttarakhand,2019,Rural,Post Graduate & Above,36.1,86.7,-50.6,-39.766743353783234,-28.082428623358908,-29.434930436199878,-22.517571376641094,-21.165069563800124
Uttarakhand,2019,Urban,Not Literate,8.0,77.9,-69.9,-39.766743353783234,-43.16654739014085,-46.45685298484788,-26.733452609859157,-23.443147015152128
Uttarakhand,2019,Urban,Literate & Upto Primary,18.2,76.9,-58.7,-39.766743353783234,-54.59052698197757,-57.30077130277618,-4.109473018022435,-1.3992286972238261
Uttarakhand,2019,Urban,Middle,15.1,66.7,-51.6,-39.766743353783234,-55.73624126769185,-56.17254598439723,4.136241267691851,4.57254598439723
Uttarakhand,2019,Urban,Secondary,10.1,66.4,-56.300000000000004,-39.766743353783234,-48.02440453299799,-48.645737909148615,-8.275595467002013,-7.65426209085139
Uttarakhand,2019,Urban,Higher Secondary,15.0,67.5,-52.5,-39.766743353783234,-45.844302492181654,-42.30743776152768,-6.655697507818346,-10.19256223847232
Uttarakhand,2019,Urban,Diploma/ Certificate Course,100.0,80.6,19.400000000000006,-39.766743353783234,-30.261207185648622,-33.63177738114818,49.66120718564863,53.03177738114819
Uttarakhand,2019,Urban,Graduate,30.6,83.2,-52.6,-39.766743353783234,-46.22889432891635,-41.68473967554863,-6.371105671083654,-10.915260324451374
Uttarakhand,2019,Urban,Post Graduate & Above,29.9,87.8,-57.9,-39.766743353783234,-34.42083310442655,-28.49631469974884,-23.47916689557345,-29.40368530025116
West Bengal,2019,Rural,Not Literate,26.0,83.9,-57.900000000000006,-39.757208588957056,-36.728650313555704,-31.1784910091296,-21.1713496864443,-26.721508990870404
West Bengal,2019,Rural,Literate & Upto Primary,30.6,89.2,-58.6,-39.757208588957056,-47.992017660494454,-43.837711520089826,-10.607982339505547,-14.762288479910175
West Bengal,2019,Rural,Middle,13.8,81.2,-67.4,-39.757208588957056,-48.898548272739355,-45.06843758278633,-18.50145172726065,-22.331562417213675
West Bengal,2019,Rural,Secondary,13.9,72.3,-58.4,-39.757208588957056,-41.22303806865773,-38.698680589537304,-17.17696193134227,-19.701319410462695
West Bengal,2019,Rural,Higher Secondary,11.9,65.3,-53.4,-39.757208588957056,-39.14395643600467,-39.08660843755803,-14.256043563995327,-14.313391562441971
West Bengal,2019,Rural,Diploma/ Certificate Course,24.9,75.8,-50.9,-39.757208588957056,-24.088031498625273,-30.534951054549442,-26.811968501374725,-20.365048945450557
West Bengal,2019,Rural,Graduate,39.6,85.3,-45.699999999999996,-39.757208588957056,-39.63344623192304,-39.979188707367086,-6.0665537680769575,-5.720811292632909
West Bengal,2019,Rural,Post Graduate & Above,48.7,89.5,-40.8,-39.757208588957056,-27.99334419110671,-29.351387251520052,-12.806655808893286,-11.448612748479945
West Bengal,2019,Urban,Not Literate,32.6,84.0,-51.4,-39.757208588957056,-43.51372782085106,-47.202822281629025,-7.886272179148939,-4.197177718370973
West Bengal,2019,Urban,Literate & Upto Primary,31.9,86.7,-54.800000000000004,-39.757208588957056,-54.777095167789824,-56.25944721565066,-0.02290483221018036,1.4594472156506555
West Bengal,2019,Urban,Middle,19.7,75.6,-55.89999999999999,-39.757208588957056,-55.68362578003472,-56.2083805431954,-0.2163742199652745,0.30838054319541186
West Bengal,2019,Urban,Secondary,13.4,66.5,-53.1,-39.757208588957056,-48.0081155759531,-48.86953098864753,-5.091884424046903,-4.2304690113524686
West Bengal,2019,Urban,Higher Secondary,19.4,62.3,-42.9,-39.757208588957056,-45.92903394330003,-42.73624993416503,3.0290339433000284,-0.16375006583496798
West Bengal,2019,Urban,Diploma/ Certificate Course,27.6,70.3,-42.699999999999996,-39.757208588957056,-30.873109005920636,-33.80435637568907,-11.82689099407936,-8.895643624310928
West Bengal,2019,Urban,Graduate,33.2,77.6,-44.39999999999999,-39.757208588957056,-46.4185237392184,-41.631516482696604,2.018523739218409,-2.7684835173033875
West Bengal,2019,Urban,Post Graduate & Above,52.7,86.6,-33.89999999999999,-39.757208588957056,-34.77842169840207,-28.950734215090392,0.8784216984020787,-4.949265784909599
Andaman and Nicobar Islands,2018,Rural,Not Literate,7.7,76.9,-69.2,-40.10058793456033,-38.85053501608297,-40.76146786239088,-30.34946498391703,-28.438532137609123
Andaman and Nicobar Islands,2018,Rural,Literate & Upto Primary,21.8,79.1,-57.3,-40.10058793456033,-50.19186154669522,-50.817902085814744,-7.108138453304775,-6.482097914185253
Andaman and Nicobar Islands,2018,Rural,Middle,13.6,80.3,-66.7,-40.10058793456033,-51.10533093445032,-50.92873801130234,-15.594669065549681,-15.77126198869766
Andaman and Nicobar Islands,2018,Rural,Secondary,22.4,49.9,-27.5,-40.10058793456033,-43.486147260980935,-42.35911720726702,15.986147260980935,14.859117207267019
Andaman and Nicobar Islands,2018,Rural,Higher Secondary,36.8,81.2,-44.400000000000006,-40.10058793456033,-41.5386982813891,-42.03001676175516,-2.8613017186109033,-2.369983238244849
Andaman and Nicobar Islands,2018,Rural,Diploma/ Certificate Course,75.5,93.2,-17.700000000000003,-40.10058793456033,-26.25400481446517,-32.9749057911927,8.554004814465166,15.274905791192694
Andaman and Nicobar Islands,2018,Rural,Graduate,67.6,100.0,-32.400000000000006,-40.10058793456033,-42.4175758324095,-43.56403730192085,10.017575832409491,11.164037301920843
Andaman and Nicobar Islands,2018,Rural,Post Graduate & Above,100.0,61.1,38.9,-40.10058793456033,-30.788086036491123,-31.34894395521859,69.68808603649111,70.24894395521859
Andaman and Nicobar Islands,2018,Urban,Not Literate,16.1,76.4,-60.300000000000004,-40.10058793456033,-45.29833045648031,-49.94282627908427,-15.001669543519697,-10.357173720915732
Andaman and Nicobar Islands,2018,Urban,Literate & Upto Primary,21.0,88.1,-67.1,-40.10058793456033,-56.63965698709255,-61.79546234647721,-10.460343012907444,-5.304537653522786
Andaman and Nicobar Islands,2018,Urban,Middle,12.7,83.9,-71.2,-40.10058793456033,-57.55312637484765,-57.65037356007352,-13.646873625152352,-13.549626439926485
Andaman and Nicobar Islands,2018,Urban,Secondary,20.8,70.6,-49.8,-40.10058793456033,-49.93394270137827,-48.73527438887194,0.1339427013782739,-1.064725611128054
Andaman and Nicobar Islands,2018,Urban,Higher Secondary,27.1,83.8,-56.699999999999996,-40.10058793456033,-47.98649372178643,-43.06067391418165,-8.713506278213565,-13.639326085818347
Andaman and Nicobar Islands,2018,Urban,Diploma/ Certificate Course,40.9,85.4,-44.50000000000001,-40.10058793456033,-32.701800254862505,-34.59387261367345,-11.798199745137502,-9.90612738632656
Andaman and Nicobar Islands,2018,Urban,Graduate,54.2,95.4,-41.2,-40.10058793456033,-48.86537127280684,-43.23553573173602,7.665371272806837,2.0355357317360188
Andaman and Nicobar Islands,2018,Urban,Post Graduate & Above,80.7,89.2,-8.5,-40.10058793456033,-37.23588147688846,-30.17805131336897,28.73588147688846,21.67805131336897
Andhra Pradesh,2018,Rural,Not Literate,52.8,77.8,-25.0,-40.0069018404908,-39.256229012061866,-40.96168308708743,14.256229012061866,15.96168308708743
Andhra Pradesh,2018,Rural,Literate & Upto Primary,54.0,85.7,-31.700000000000003,-40.0069018404908,-50.42857595083738,-51.69539084670098,18.728575950837374,19.995390846700978
Andhra Pradesh,2018,Rural,Middle,39.9,86.6,-46.699999999999996,-40.0069018404908,-51.28306574675575,-51.83658162175095,4.583065746755757,5.136581621750956
Andhra Pradesh,2018,Rural,Secondary,31.7,61.5,-29.8,-40.0069018404908,-43.58143309369452,-42.33943127605801,13.78143309369452,12.539431276058007
Andhra Pradesh,2018,Rural,Higher Secondary,28.6,56.1,-27.5,-40.0069018404908,-41.66929023655166,-42.7513729993665,14.16929023655166,15.251372999366502
Andhra Pradesh,2018,Rural,Diploma/ Certificate Course,81.9,86.4,-4.5,-40.0069018404908,-26.04408061145412,-33.076945478215066,21.54408061145412,28.576945478215066
Andhra Pradesh,2018,Rural,Graduate,31.0,90.5,-59.5,-40.0069018404908,-41.8075555426741,-42.94306030456731,-17.692444457325898,-16.55693969543269
Andhra Pradesh,2018,Rural,Post Graduate & Above,79.9,96.1,-16.19999999999999,-40.0069018404908,-30.229698399816982,-30.219884242903692,14.029698399816994,14.019884242903704
Andhra Pradesh,2018,Urban,Not Literate,35.2,81.5,-46.3,-40.0069018404908,-45.786546325480344,-49.22218791042993,-0.5134536745196527,2.9221879104299333
Andhra Pradesh,2018,Urban,Literate & Upto Primary,22.6,83.2,-60.6,-40.0069018404908,-56.95889326425586,-62.3791180423307,-3.6411067357441382,1.7791180423307011
Andhra Pradesh,2018,Urban,Middle,20.6,76.0,-55.4,-40.0069018404908,-57.81338306017423,-57.95071051329872,2.413383060174233,2.550710513298725
Andhra Pradesh,2018,Urban,Secondary,13.9,58.8,-44.9,-40.0069018404908,-50.11175040711301,-48.859361596419284,5.2117504071130085,3.959361596419285
Andhra Pradesh,2018,Urban,Higher Secondary,11.5,51.5,-40.0,-40.0069018404908,-48.19960754997014,-43.32960936977474,8.199607549970139,3.3296093697747366
Andhra Pradesh,2018,Urban,Diploma/ Certificate Course,39.3,83.1,-43.8,-40.0069018404908,-32.5743979248726,-34.712915819006355,-11.225602075127398,-9.087084180993642
Andhra Pradesh,2018,Urban,Graduate,43.9,82.0,-38.1,-40.0069018404908,-48.33787285609259,-42.73747273108815,10.237872856092586,4.637472731088145
Andhra Pradesh,2018,Urban,Post Graduate & Above,54.8,92.1,-37.3,-40.0069018404908,-36.76001571323546,-29.176614693782035,-0.5399842867645361,-8.123385306217962
Arunachal Pradesh,2018,Rural,Not Literate,12.4,83.1,-70.69999999999999,-40.20352760736196,-38.5450879483933,-40.30022057528673,-32.154912051606686,-30.39977942471326
Arunachal Pradesh,2018,Rural,Literate & Upto Primary,26.9,95.2,-68.30000000000001,-40.20352760736196,-49.85763896880147,-50.71175779786647,-18.442361031198544,-17.588242202133543
Arunachal Pradesh,2018,Rural,Middle,15.1,62.6,-47.5,-40.20352760736196,-51.202536927985136,-51.36563576997735,3.702536927985136,3.8656357699773523
Arunachal Pradesh,2018,Rural,Secondary,7.9,43.7,-35.800000000000004,-40.20352760736196,-43.55416958104637,-42.296463677716844,7.754169581046362,6.496463677716839
Arunachal Pradesh,2018,Rural,Higher Secondary,17.0,51.9,-34.9,-40.20352760736196,-41.55631243818922,-42.653058006633046,6.656312438189218,7.753058006633047
Arunachal Pradesh,2018,Rural,Diploma/ Certificate Course,0.0,0.0,0.0,-40.20352760736196,-26.65042692100443,-33.05733449767952,26.65042692100443,33.05733449767952
Arunachal Pradesh,2018,Rural,Graduate,68.9,74.6,-5.699999999999989,-40.20352760736196,-42.22947570349534,-44.12176826775462,36.52947570349535,38.42176826775463
Arunachal Pradesh,2018,Rural,Post Graduate & Above,100.0,100.0,0.0,-40.20352760736196,-30.623863458597384,-30.686118740001742,30.623863458597384,30.686118740001742
Arunachal Pradesh,2018,Urban,Not Literate,4.2,77.7,-73.5,-40.20352760736196,-45.05948995693823,-48.72425861964398,-28.44051004306177,-24.775741380356017
Arunachal Pradesh,2018,Urban,Literate & Upto Primary,9.4,87.3,-77.89999999999999,-40.20352760736196,-56.37204097734639,-62.09903010628093,-21.527959022653604,-15.800969893719063
Arunachal Pradesh,2018,Urban,Middle,10.5,60.4,-49.9,-40.20352760736196,-57.716938936530056,-58.33127436611849,7.8169389365300574,8.431274366118494
Arunachal Pradesh,2018,Urban,Secondary,11.5,58.5,-47.0,-40.20352760736196,-50.068571589591286,-48.83517492944667,3.0685715895912864,1.8351749294466728
Arunachal Pradesh,2018,Urban,Higher Secondary,14.6,49.8,-35.199999999999996,-40.20352760736196,-48.070714446734144,-43.04794468175137,12.870714446734148,7.847944681751372
Arunachal Pradesh,2018,Urban,Diploma/ Certificate Course,0.0,100.0,-100.0,-40.20352760736196,-33.16482892954936,-35.06708801949995,-66.83517107045064,-64.93291198050005
Arunachal Pradesh,2018,Urban,Graduate,45.3,80.0,-34.7,-40.20352760736196,-48.74387771204026,-43.410142665902136,14.043877712040256,8.710142665902133
Arunachal Pradesh,2018,Urban,Post Graduate & Above,78.3,93.5,-15.200000000000003,-40.20352760736196,-37.138265467142304,-30.044444245451693,21.9382654671423,14.84444424545169
Assam,2018,Rural,Not Literate,12.7,78.2,-65.5,-39.86255112474437,-38.408336816015215,-40.669424981097826,-27.091663183984785,-24.830575018902174
Assam,2018,Rural,Literate & Upto Primary,12.9,91.5,-78.6,-39.86255112474437,-49.54578579560706,-50.16602479641055,-29.054214204392935,-28.433975203589448
Assam,2018,Rural,Middle,10.3,81.9,-71.60000000000001,-39.86255112474437,-50.62619395887237,-50.83152775198633,-20.973806041127638,-20.76847224801368
Assam,2018,Rural,Secondary,9.1,55.9,-46.8,-39.86255112474437,-43.150683754790734,-41.9206636031487,-3.6493162452092633,-4.879336396851301
Assam,2018,Rural,Higher Secondary,11.8,65.6,-53.8,-39.86255112474437,-41.08568375479072,-42.23820668332158,-12.714316245209275,-11.561793316678418
Assam,2018,Rural,Diploma/ Certificate Course,57.7,81.5,-23.799999999999997,-39.86255112474437,-26.694896582779016,-33.38950508417441,2.894896582779019,9.589505084174412
Assam,2018,Rural,Graduate,35.3,83.6,-48.3,-39.86255112474437,-41.605581713974395,-43.063737570104024,-6.694418286025602,-5.236262429895973
Assam,2018,Rural,Post Graduate & Above,36.7,95.2,-58.5,-39.86255112474437,-30.0562959996887,-29.500774643973763,-28.4437040003113,-28.999225356026237
Assam,2018,Urban,Not Literate,8.1,72.6,-64.5,-39.86255112474437,-45.13029960602803,-49.39091213758536,-19.369700393971968,-15.10908786241464
Assam,2018,Urban,Literate & Upto Primary,8.0,89.3,-81.3,-39.86255112474437,-56.26774858561988,-61.60917958034628,-25.03225141438012,-19.69082041965372
Assam,2018,Urban,Middle,7.3,74.8,-67.5,-39.86255112474437,-57.34815674888518,-57.95619623970972,-10.151843251114819,-9.543803760290281
Assam,2018,Urban,Secondary,6.9,60.1,-53.2,-39.86255112474437,-49.872646544803544,-48.76487154301676,-3.3273534551964588,-4.435128456983243
Assam,2018,Urban,Higher Secondary,14.7,60.4,-45.7,-39.86255112474437,-47.80764654480354,-43.077015317320374,2.1076465448035364,-2.622984682679629
Assam,2018,Urban,Diploma/ Certificate Course,88.3,53.1,35.199999999999996,-39.86255112474437,-33.41685937279183,-35.431903493425956,68.61685937279182,70.63190349342595
Assam,2018,Urban,Graduate,31.2,77.4,-46.2,-39.86255112474437,-48.32754450398721,-42.86234863106923,2.1275445039872096,-3.3376513689307714
Assam,2018,Urban,Post Graduate & Above,63.4,91.6,-28.199999999999996,-39.86255112474437,-36.77825878970152,-29.345734849873594,8.578258789701522,1.1457348498735982
Bihar,2018,Rural,Not Literate,5.4,85.5,-80.1,-39.58849693251534,-37.93859144248446,-40.24684249246151,-42.161408557515536,-39.853157507538484
Bihar,2018,Rural,Literate & Upto Primary,2.8,85.2,-82.4,-39.58849693251534,-49.278897564933445,-50.31028169765117,-33.12110243506656,-32.089718302348835
Bihar,2018,Rural,Middle,1.9,70.3,-68.39999999999999,-39.58849693251534,-50.61379552411712,-51.00820563030335,-17.78620447588287,-17.39179436969664
Bihar,2018,Rural,Secondary,3.6,55.9,-52.3,-39.58849693251534,-43.081550626157934,-41.905797547300246,-9.218449373842063,-10.394202452699751
Bihar,2018,Rural,Higher Secondary,1.8,54.6,-52.800000000000004,-39.58849693251534,-41.100428177178344,-42.082674893624706,-11.69957182282166,-10.717325106375299
Bihar,2018,Rural,Diploma/ Certificate Course,0.0,100.0,-100.0,-39.58849693251534,-26.406275916676528,-32.66959301170748,-73.59372408332348,-67.33040698829252
Bihar,2018,Rural,Graduate,8.9,79.1,-70.19999999999999,-39.58849693251534,-41.05930572819875,-42.54913375373624,-29.140694271801237,-27.650866246263746
Bihar,2018,Rural,Post Graduate & Above,0.0,89.6,-89.6,-39.58849693251534,-29.536754707790593,-29.44562660501114,-60.0632452922094,-60.15437339498885
Bihar,2018,Urban,Not Literate,4.3,87.3,-83.0,-39.58849693251534,-44.78081587647026,-49.163714765032694,-38.21918412352974,-33.836285234967306
Bihar,2018,Urban,Literate & Upto Primary,2.4,81.8,-79.39999999999999,-39.58849693251534,-56.12112199891925,-61.47748439614302,-23.27887800108074,-17.922515603856972
Bihar,2018,Urban,Middle,2.0,71.1,-69.1,-39.58849693251534,-57.456019958102914,-57.63860263944719,-11.64398004189708,-11.461397360552802
Bihar,2018,Urban,Secondary,3.6,52.4,-48.8,-39.58849693251534,-49.923775060143726,-48.681090022826545,1.1237750601437284,-0.11890997717345186
Bihar,2018,Urban,Higher Secondary,4.8,48.6,-43.800000000000004,-39.58849693251534,-47.942652611164135,-43.08791561234929,4.142652611164131,-0.7120843876507124
Bihar,2018,Urban,Diploma/ Certificate Course,64.2,69.2,-5.0,-39.58849693251534,-33.248500350662326,-35.07554963715857,28.248500350662326,30.075549637158574
Bihar,2018,Urban,Graduate,17.5,78.9,-61.400000000000006,-39.58849693251534,-47.90153016218454,-42.28281711168634,-13.498469837815463,-19.117182888313664
Bihar,2018,Urban,Post Graduate & Above,42.5,89.1,-46.599999999999994,-39.58849693251534,-36.37897914177639,-28.686695217992654,-10.221020858223604,-17.91330478200734
Chandigarh,2018,Rural,Not Literate,26.4,100.0,-73.6,-39.647499999999994,-38.712316672220055,-40.45984896649988,-34.88768332777994,-33.14015103350012
Chandigarh,2018,Rural,Literate & Upto Primary,32.5,100.0,-67.5,-39.647499999999994,-49.50732685551946,-50.3528483002423,-17.99267314448054,-17.1471516997577
Chandigarh,2018,Rural,Middle,32.4,78.9,-46.50000000000001,-39.647499999999994,-50.50447553169053,-51.33917087762458,4.004475531690524,4.839170877624575
Chandigarh,2018,Rural,Secondary,0.0,72.7,-72.7,-39.647499999999994,-43.00569752761721,-41.15899547396659,-29.694302472382795,-31.54100452603341
Chandigarh,2018,Rural,Higher Secondary,25.5,53.6,-28.1,-39.647499999999994,-40.79785638708768,-41.82786055393792,12.697856387087676,13.727860553937916
Chandigarh,2018,Rural,Diploma/ Certificate Course,0.0,100.0,-100.0,-39.647499999999994,-25.763538259178837,-32.20006119271202,-74.23646174082117,-67.79993880728799
Chandigarh,2018,Rural,Graduate,27.1,100.0,-72.9,-39.647499999999994,-41.30834518545835,-42.32013968428429,-31.591654814541656,-30.579860315715713
Chandigarh,2018,Rural,Post Graduate & Above,100.0,100.0,0.0,-39.647499999999994,-29.458548851446135,-30.52373346604045,29.458548851446135,30.52373346604045
Chandigarh,2018,Urban,Not Literate,22.5,70.5,-48.0,-39.647499999999994,-45.649880382719545,-49.3028196038487,-2.3501196172804555,1.3028196038486968
Chandigarh,2018,Urban,Literate & Upto Primary,14.9,94.2,-79.3,-39.647499999999994,-56.444890566018955,-61.666005019954504,-22.855109433981042,-17.633994980045493
Chandigarh,2018,Urban,Middle,2.0,69.3,-67.3,-39.647499999999994,-57.44203924219002,-57.9742227269992,-9.857960757809977,-9.325777273000796
Chandigarh,2018,Urban,Secondary,8.3,62.7,-54.400000000000006,-39.647499999999994,-49.943261238116705,-48.57547953488591,-4.456738761883301,-5.824520465114098
Chandigarh,2018,Urban,Higher Secondary,19.4,61.2,-41.800000000000004,-39.647499999999994,-47.735420097587166,-43.328319027602866,5.935420097587162,1.528319027602862
Chandigarh,2018,Urban,Diploma/ Certificate Course,93.8,100.0,-6.200000000000003,-39.647499999999994,-32.70110196967833,-34.80697253469972,26.501101969678324,28.606972534699715
Chandigarh,2018,Urban,Graduate,33.0,79.4,-46.400000000000006,-39.647499999999994,-48.24590889595785,-42.73358624029361,1.845908895957841,-3.666413759706394
Chandigarh,2018,Urban,Post Graduate & Above,55.8,93.8,-38.0,-39.647499999999994,-36.39611256194563,-29.040321641207324,-1.6038874380543717,-8.959678358792676
Chhattisgarh,2018,Rural,Not Literate,64.5,73.7,-9.200000000000003,-40.028604294478534,-39.55127728247474,-41.490701952411804,30.35127728247474,32.2907019524118
Chhattisgarh,2018,Rural,Literate & Upto Primary,65.4,91.0,-25.599999999999994,-40.028604294478534,-50.76852218043392,-51.82405253265824,25.168522180433925,26.22405253265825
Chhattisgarh,2018,Rural,Middle,45.4,79.9,-34.50000000000001,-40.028604294478534,-51.48933850696455,-51.958497285963794,16.989338506964543,17.458497285963787
Chhattisgarh,2018,Rural,Secondary,30.5,59.3,-28.799999999999997,-40.028604294478534,-43.71444054778086,-42.37794396031462,14.914440547780863,13.57794396031462
Chhattisgarh,2018,Rural,Higher Secondary,26.9,65.0,-38.1,-40.028604294478534,-41.42903238451555,-41.966047829321845,3.32903238451555,3.866047829321843
Chhattisgarh,2018,Rural,Diploma/ Certificate Course,28.4,86.1,-57.699999999999996,-40.028604294478534,-26.01532031618725,-32.90529499901395,-31.684679683812746,-24.79470500098605
Chhattisgarh,2018,Rural,Graduate,36.6,87.6,-50.99999999999999,-40.028604294478534,-41.846073200842085,-43.33180870919193,-9.153926799157908,-7.6681912908080605
Chhattisgarh,2018,Rural,Post Graduate & Above,46.3,97.7,-51.400000000000006,-40.028604294478534,-30.18964462941352,-29.900225049002856,-21.210355370586484,-21.49977495099715
Chhattisgarh,2018,Urban,Not Literate,38.4,84.3,-45.9,-40.028604294478534,-45.825812061184195,-49.816105487847516,-0.07418793881580399,3.916105487847517
Chhattisgarh,2018,Urban,Literate & Upto Primary,37.0,89.4,-52.400000000000006,-40.028604294478534,-57.04305695914338,-62.1597469826295,4.643056959143372,9.759746982629494
Chhattisgarh,2018,Urban,Middle,23.2,78.2,-55.0,-40.028604294478534,-57.76387328567401,-58.02652432158639,2.763873285674009,3.0265243215863933
Chhattisgarh,2018,Urban,Secondary,15.2,65.0,-49.8,-40.028604294478534,-49.98897532649032,-48.786698130083394,0.188975326490322,-1.013301869916603
Chhattisgarh,2018,Urban,Higher Secondary,16.0,68.3,-52.3,-40.028604294478534,-47.70356716322502,-43.4404199998025,-4.59643283677498,-8.859580000197496
Chhattisgarh,2018,Urban,Diploma/ Certificate Course,46.9,68.6,-21.699999999999996,-40.028604294478534,-32.28985509489671,-34.56923896662046,10.589855094896713,12.869238966620465
Chhattisgarh,2018,Urban,Graduate,36.7,80.6,-43.89999999999999,-40.028604294478534,-48.12060797955154,-42.554820110128034,4.220607979551545,-1.3451798898719574
Chhattisgarh,2018,Urban,Post Graduate & Above,40.5,86.2,-45.7,-40.028604294478534,-36.46417940812297,-28.987556912521743,-9.23582059187703,-16.71244308747826
Delhi,2018,Rural,Not Literate,2.9,35.9,-33.0,-39.5120654396728,-38.302717751681165,-40.45508153014555,5.302717751681165,7.455081530145549
Delhi,2018,Rural,Literate & Upto Primary,0.0,60.5,-60.5,-39.5120654396728,-49.153840200660746,-50.57296025166744,-11.346159799339254,-9.927039748332561
Delhi,2018,Rural,Middle,2.9,68.1,-65.19999999999999,-39.5120654396728,-50.49037081290565,-51.355859199772155,-14.709629187094336,-13.844140800227834
Delhi,2018,Rural,Secondary,38.8,76.9,-38.10000000000001,-39.5120654396728,-42.92955448637504,-42.128968792624015,4.829554486375031,4.028968792624006
Delhi,2018,Rural,Higher Secondary,2.1,93.6,-91.5,-39.5120654396728,-40.68761571086483,-40.58324314986282,-50.81238428913517,-50.91675685013718
Delhi,2018,Rural,Diploma/ Certificate Course,0.0,0.0,0.0,-39.5120654396728,-26.36268161650279,-33.00398735335359,26.36268161650279,33.00398735335359
Delhi,2018,Rural,Graduate,71.6,100.0,-28.400000000000006,-39.5120654396728,-41.31363611902809,-43.483797798549524,12.913636119028084,15.083797798549519
Delhi,2018,Rural,Post Graduate & Above,0.0,100.0,-100.0,-39.5120654396728,-29.24332999657911,-29.17130070302106,-70.7566700034209,-70.82869929697894
Delhi,2018,Urban,Not Literate,25.6,90.7,-65.1,-39.5120654396728,-45.32421506279192,-49.65874319907754,-19.775784937208073,-15.441256800922453
Delhi,2018,Urban,Literate & Upto Primary,10.5,85.9,-75.4,-39.5120654396728,-56.1753375117715,-62.18912227642479,-19.224662488228503,-13.210877723575216
Delhi,2018,Urban,Middle,12.6,70.2,-57.6,-39.5120654396728,-57.5118681240164,-57.77479292144237,-0.08813187598359917,0.1747929214423678
Delhi,2018,Urban,Secondary,9.8,70.6,-60.8,-39.5120654396728,-49.951051797485796,-49.16178910506043,-10.848948202514201,-11.638210894939569
Delhi,2018,Urban,Higher Secondary,6.7,66.9,-60.2,-39.5120654396728,-47.70911302197558,-42.90698632259961,-12.49088697802442,-17.293013677400396
Delhi,2018,Urban,Diploma/ Certificate Course,41.8,42.7,-0.9000000000000057,-39.5120654396728,-33.38417892761355,-35.41088130183479,32.48417892761354,34.510881301834786
Delhi,2018,Urban,Graduate,23.5,77.0,-53.5,-39.5120654396728,-48.335133430138846,-42.71716876586593,-5.164866569861154,-10.782831234134072
Delhi,2018,Urban,Post Graduate & Above,34.1,83.8,-49.699999999999996,-39.5120654396728,-36.26482730768986,-28.873588460262372,-13.435172692310132,-20.826411539737624
Goa,2018,Rural,Not Literate,28.1,66.0,-37.9,-40.07438650306749,-39.23881864138092,-41.20555403465452,1.338818641380918,3.30555403465452
Goa,2018,Rural,Literate & Upto Primary,11.9,51.2,-39.300000000000004,-40.07438650306749,-50.3338186413809,-51.11464209594745,11.033818641380897,11.814642095947448
Goa,2018,Rural,Middle,21.5,79.3,-57.8,-40.07438650306749,-51.01830843729927,-51.14375995305718,-6.781691562700729,-6.65624004694282
Goa,2018,Rural,Secondary,24.3,65.2,-40.900000000000006,-40.07438650306749,-43.360553335258466,-42.28153808849034,2.46055333525846,1.3815380884903377
Goa,2018,Rural,Higher Secondary,43.5,54.0,-10.5,-40.07438650306749,-41.31820639648295,-42.86057199780941,30.81820639648295,32.36057199780941
Goa,2018,Rural,Diploma/ Certificate Course,50.4,99.6,-49.199999999999996,-40.07438650306749,-26.241920107319395,-32.91776706193459,-22.9580798926806,-16.282232938065405
Goa,2018,Rural,Graduate,45.0,73.2,-28.200000000000003,-40.07438650306749,-41.95096149852377,-43.93263588674047,13.750961498523765,15.732635886740468
Goa,2018,Rural,Post Graduate & Above,95.9,93.7,2.200000000000003,-40.07438650306749,-30.892492110768654,-31.220684513919913,33.09249211076866,33.420684513919916
Goa,2018,Urban,Not Literate,31.4,62.8,-31.4,-40.07438650306749,-45.903017189249965,-49.15983217226104,14.503017189249967,17.759832172261042
Goa,2018,Urban,Literate & Upto Primary,27.3,60.7,-33.400000000000006,-40.07438650306749,-56.99801718924995,-62.2519370332377,23.598017189249944,28.851937033237697
Goa,2018,Urban,Middle,17.5,77.9,-60.400000000000006,-40.07438650306749,-57.68250698516832,-58.019584002512524,-2.717493014831689,-2.380415997487482
Goa,2018,Urban,Secondary,25.0,54.8,-29.799999999999997,-40.07438650306749,-50.02475188312751,-49.249486184558464,20.22475188312751,19.449486184558467
Goa,2018,Urban,Higher Secondary,28.0,70.5,-42.5,-40.07438650306749,-47.982404944352,-43.45675816223098,5.482404944351998,0.9567581622309831
Goa,2018,Urban,Diploma/ Certificate Course,53.7,98.9,-45.2,-40.07438650306749,-32.906118655188436,-34.64413690829851,-12.293881344811567,-10.55586309170149
Goa,2018,Urban,Graduate,44.8,90.2,-45.400000000000006,-40.07438650306749,-48.61516004639281,-43.14139265588401,3.2151600463928034,-2.258607344115994
Goa,2018,Urban,Post Graduate & Above,100.0,100.0,0.0,-40.07438650306749,-37.5566906586377,-30.116211999062514,37.5566906586377,30.116211999062514
Gujarat,2018,Rural,Not Literate,29.7,79.6,-49.89999999999999,-39.76339468302658,-38.941128696286796,-40.45625774755995,-10.958871303713195,-9.443742252440039
Gujarat,2018,Rural,Literate & Upto Primary,28.6,91.9,-63.300000000000004,-39.76339468302658,-50.05816951261333,-51.084037546779555,-13.241830487386672,-12.215962453220449
Gujarat,2018,Rural,Middle,18.2,81.7,-63.5,-39.76339468302658,-50.972455226899044,-51.34485019066832,-12.527544773100956,-12.155149809331682
Gujarat,2018,Rural,Secondary,23.9,71.3,-47.4,-39.76339468302658,-43.199598084041895,-41.902478392511945,-4.200401915958103,-5.4975216074880535
Gujarat,2018,Rural,Higher Secondary,15.5,69.8,-54.3,-39.76339468302658,-41.19316951261332,-41.91788270458811,-13.106830487386674,-12.382117295411888
Gujarat,2018,Rural,Diploma/ Certificate Course,2.0,87.0,-85.0,-39.76339468302658,-25.93800464586178,-32.366966206850975,-59.06199535413822,-52.633033793149025
Gujarat,2018,Rural,Graduate,16.3,78.5,-62.2,-39.76339468302658,-41.50572053302148,-43.093849921360665,-20.69427946697852,-19.106150078639338
Gujarat,2018,Rural,Post Graduate & Above,58.7,77.3,-18.599999999999994,-39.76339468302658,-29.765006247307213,-29.840020733089005,11.165006247307218,11.240020733089011
Gujarat,2018,Urban,Not Literate,11.8,73.7,-61.900000000000006,-39.76339468302658,-45.3386423873325,-49.71867460735779,-16.561357612667507,-12.181325392642215
Gujarat,2018,Urban,Literate & Upto Primary,15.4,80.6,-65.19999999999999,-39.76339468302658,-56.45568320365905,-61.8588117510467,-8.74431679634094,-3.341188248953287
Gujarat,2018,Urban,Middle,16.6,81.7,-65.1,-39.76339468302658,-57.36996891794476,-57.52569313861776,-7.730031082055234,-7.574306861382233
Gujarat,2018,Urban,Secondary,5.8,68.6,-62.8,-39.76339468302658,-49.59711177508761,-48.42355952735519,-13.202888224912385,-14.37644047264481
Gujarat,2018,Urban,Higher Secondary,12.3,63.3,-51.0,-39.76339468302658,-47.59068320365904,-42.85460086245651,-3.40931679634096,-8.145399137543492
Gujarat,2018,Urban,Diploma/ Certificate Course,22.0,88.9,-66.9,-39.76339468302658,-32.33551833690749,-34.509046389985954,-34.564481663092515,-32.39095361001405
Gujarat,2018,Urban,Graduate,27.6,84.4,-56.800000000000004,-39.76339468302658,-47.90323422406719,-42.351724289766054,-8.896765775932813,-14.44827571023395
Gujarat,2018,Urban,Post Graduate & Above,32.0,86.9,-54.900000000000006,-39.76339468302658,-36.16251993835292,-28.780765898444105,-18.737480061647084,-26.1192341015559
Haryana,2018,Rural,Not Literate,14.4,66.0,-51.6,-39.56909509202455,-38.627140022601296,-40.17514852120934,-12.972859977398706,-11.424851478790664
Haryana,2018,Rural,Literate & Upto Primary,17.8,91.5,-73.7,-39.56909509202455,-49.671731859336,-50.53192296979108,-24.028268140664004,-23.16807703020892
Haryana,2018,Rural,Middle,10.5,75.5,-65.0,-39.56909509202455,-50.82132369607069,-51.340959526945525,-14.178676303929308,-13.659040473054475
Haryana,2018,Rural,Secondary,8.4,70.2,-61.800000000000004,-39.56909509202455,-42.99785430831558,-41.42112822675469,-18.802145691684423,-20.378871773245315
Haryana,2018,Rural,Higher Secondary,6.2,70.6,-64.39999999999999,-39.56909509202455,-40.87285430831558,-41.7062564524919,-23.52714569168441,-22.69374354750809
Haryana,2018,Rural,Diploma/ Certificate Course,46.8,62.5,-15.700000000000003,-39.56909509202455,-25.532658028596515,-32.252437880457954,9.832658028596512,16.55243788045795
Haryana,2018,Rural,Graduate,24.4,78.6,-54.199999999999996,-39.56909509202455,-41.327446145050274,-42.804237666663546,-12.872553854949722,-11.39576233333645
Haryana,2018,Rural,Post Graduate & Above,46.4,80.9,-34.50000000000001,-39.56909509202455,-29.61407879811151,-29.48682985433818,-4.885921201888497,-5.013170145661828
Haryana,2018,Urban,Not Literate,13.9,68.2,-54.300000000000004,-39.56909509202455,-45.38205013380325,-49.49243932994653,-8.917949866196757,-4.807560670053476
Haryana,2018,Urban,Literate & Upto Primary,20.2,87.2,-67.0,-39.56909509202455,-56.42664197053795,-62.06824955198924,-10.57335802946205,-4.93175044801076
Haryana,2018,Urban,Middle,10.2,73.3,-63.099999999999994,-39.56909509202455,-57.576233807272644,-57.41617632996815,-5.523766192727351,-5.683823670031842
Haryana,2018,Urban,Secondary,9.7,62.9,-53.2,-39.56909509202455,-49.75276441951753,-49.09294369637182,-3.44723558048247,-4.107056303628184
Haryana,2018,Urban,Higher Secondary,5.1,57.3,-52.199999999999996,-39.56909509202455,-47.62776441951753,-42.84516576535906,-4.572235580482463,-9.354834234640933
Haryana,2018,Urban,Diploma/ Certificate Course,36.8,85.3,-48.5,-39.56909509202455,-32.287568139798466,-34.5448460965708,-16.212431860201534,-13.9551539034292
Haryana,2018,Urban,Graduate,24.4,85.4,-61.00000000000001,-39.56909509202455,-48.082356256252226,-42.29322179506958,-12.917643743747782,-18.70677820493043
Haryana,2018,Urban,Post Graduate & Above,51.0,91.8,-40.8,-39.56909509202455,-36.36898890931346,-29.139806031589128,-4.431011090686539,-11.66019396841087
Himachal Pradesh,2018,Rural,Not Literate,55.4,57.0,-1.6000000000000014,-40.32487218813906,-39.57048262591378,-42.026426844888945,37.97048262591378,40.426426844888944
Himachal Pradesh,2018,Rural,Literate & Upto Primary,74.4,84.7,-10.299999999999997,-40.32487218813906,-51.034870381015836,-51.966786312108916,40.73487038101584,41.66678631210892
Himachal Pradesh,2018,Rural,Middle,64.7,80.3,-15.599999999999994,-40.32487218813906,-51.93262548305663,-52.60450106876684,36.33262548305664,37.00450106876684
Himachal Pradesh,2018,Rural,Secondary,60.9,70.9,-10.000000000000007,-40.32487218813906,-44.170584666730115,-42.751045227935656,34.17058466673011,32.75104522793565
Himachal Pradesh,2018,Rural,Higher Secondary,51.3,73.3,-22.0,-40.32487218813906,-41.892319360607665,-43.15376830468017,19.892319360607665,21.15376830468017
Himachal Pradesh,2018,Rural,Diploma/ Certificate Course,92.0,85.3,6.700000000000003,-40.32487218813906,-26.637000508720796,-33.246525961397204,33.3370005087208,39.94652596139721
Himachal Pradesh,2018,Rural,Graduate,47.5,90.7,-43.2,-40.32487218813906,-42.30058466673011,-43.46354650763431,-0.8994153332698929,0.26354650763430953
Himachal Pradesh,2018,Rural,Post Graduate & Above,87.2,89.3,-2.0999999999999943,-40.32487218813906,-30.751298952444408,-30.83680736579084,28.651298952444414,28.736807365790845
Himachal Pradesh,2018,Urban,Not Literate,36.5,87.5,-51.0,-40.32487218813906,-45.55649080023947,-50.441606318279035,-5.443509199760527,-0.5583936817209647
Himachal Pradesh,2018,Urban,Literate & Upto Primary,28.3,92.2,-63.900000000000006,-40.32487218813906,-57.020878555341525,-62.857708499736084,-6.87912144465848,-1.0422915002639215
Himachal Pradesh,2018,Urban,Middle,42.6,87.7,-45.1,-40.32487218813906,-57.91863365738233,-58.05729568818824,12.818633657382328,12.957295688188239
Himachal Pradesh,2018,Urban,Secondary,21.2,67.3,-46.099999999999994,-40.32487218813906,-50.15659284105581,-49.158773168468024,4.056592841055817,3.0587731684680293
Himachal Pradesh,2018,Urban,Higher Secondary,18.2,52.2,-34.0,-40.32487218813906,-47.878327534933355,-42.915424381304014,13.878327534933355,8.915424381304014
Himachal Pradesh,2018,Urban,Diploma/ Certificate Course,49.6,84.6,-34.99999999999999,-40.32487218813906,-32.623008683046486,-34.70371210457921,-2.3769913169535073,-0.2962878954207824
Himachal Pradesh,2018,Urban,Graduate,23.0,77.5,-54.5,-40.32487218813906,-48.28659284105581,-42.373482803342725,-6.213407158944193,-12.126517196657275
Himachal Pradesh,2018,Urban,Post Graduate & Above,55.4,70.5,-15.100000000000001,-40.32487218813906,-36.7373071267701,-29.847960869083238,21.637307126770096,14.747960869083236
Jammu and Kashmir,2018,Rural,Not Literate,41.7,74.7,-33.0,-40.06929959100205,-39.05953727174406,-41.184336459598235,6.0595372717440625,8.184336459598235
Jammu and Kashmir,2018,Rural,Literate & Upto Primary,48.7,91.7,-43.0,-40.06929959100205,-50.24290461868282,-50.85733148887876,7.242904618682822,7.8573314888787635
Jammu and Kashmir,2018,Rural,Middle,33.6,79.3,-45.699999999999996,-40.06929959100205,-51.248006659499154,-51.53452063619038,5.548006659499158,5.834520636190383
Jammu and Kashmir,2018,Rural,Secondary,22.6,66.8,-44.199999999999996,-40.06929959100205,-43.56372094521343,-42.007575907340154,-0.6362790547865629,-2.1924240926598415
Jammu and Kashmir,2018,Rural,Higher Secondary,18.1,72.8,-54.699999999999996,-40.06929959100205,-41.46116992480527,-42.17783716869011,-13.238830075194727,-12.522162831309885
Jammu and Kashmir,2018,Rural,Diploma/ Certificate Course,79.9,92.0,-12.099999999999994,-40.06929959100205,-26.301106277615972,-32.96761039723078,14.201106277615978,20.867610397230784
Jammu and Kashmir,2018,Rural,Graduate,41.1,81.9,-40.800000000000004,-40.06929959100205,-42.119843394193026,-43.20837135010441,1.3198433941930219,2.408371350104403
Jammu and Kashmir,2018,Rural,Post Graduate & Above,84.5,93.3,-8.799999999999997,-40.06929959100205,-30.581374006437933,-30.865530063538245,21.781374006437936,22.065530063538247
Jammu and Kashmir,2018,Urban,Not Literate,11.2,70.0,-58.8,-40.06929959100205,-45.44931141711031,-49.93149602523013,-13.350688582889688,-8.868503974769865
Jammu and Kashmir,2018,Urban,Literate & Upto Primary,14.7,89.7,-75.0,-40.06929959100205,-56.632678764049075,-61.87766875274835,-18.367321235950925,-13.122331247251651
Jammu and Kashmir,2018,Urban,Middle,11.6,74.6,-62.99999999999999,-40.06929959100205,-57.637780804865415,-58.05166984076842,-5.362219195134578,-4.948330159231574
Jammu and Kashmir,2018,Urban,Secondary,8.9,62.9,-54.0,-40.06929959100205,-49.953495090579686,-48.7156583246336,-4.046504909420314,-5.284341675366399
Jammu and Kashmir,2018,Urban,Higher Secondary,15.1,65.7,-50.6,-40.06929959100205,-47.85094407017152,-42.73197176771435,-2.7490559298284793,-7.868028232285653
Jammu and Kashmir,2018,Urban,Diploma/ Certificate Course,32.9,82.8,-49.9,-40.06929959100205,-32.69088042298222,-34.7411981648742,-17.20911957701778,-15.1588018351258
Jammu and Kashmir,2018,Urban,Graduate,38.0,72.4,-34.400000000000006,-40.06929959100205,-48.50961753955927,-43.0468010891263,14.109617539559267,8.646801089126292
Jammu and Kashmir,2018,Urban,Post Graduate & Above,72.8,79.6,-6.799999999999997,-40.06929959100205,-36.97114815180418,-30.081319067232766,30.171148151804182,23.28131906723277
Jharkhand,2018,Rural,Not Literate,26.8,83.0,-56.2,-39.69248466257669,-38.9261391782364,-40.08497838499365,-17.273860821763606,-16.115021615006356
Jharkhand,2018,Rural,Literate & Upto Primary,26.0,91.1,-65.1,-39.69248466257669,-50.2146085659915,-51.01181663803076,-14.885391434008497,-14.088183361969236
Jharkhand,2018,Rural,Middle,16.4,78.4,-62.00000000000001,-39.69248466257669,-51.204200402726194,-51.4114596114382,-10.795799597273813,-10.58854038856181
Jharkhand,2018,Rural,Secondary,16.3,68.8,-52.5,-39.69248466257669,-43.37746570884863,-41.61234765402943,-9.122534291151368,-10.887652345970572
Jharkhand,2018,Rural,Higher Secondary,15.1,64.9,-49.800000000000004,-39.69248466257669,-41.322873872113945,-42.170608351104526,-8.47712612788606,-7.629391648895478
Jharkhand,2018,Rural,Diploma/ Certificate Course,0.0,87.3,-87.3,-39.69248466257669,-25.315308890386863,-32.25461161894112,-61.98469110961314,-55.04538838105888
Jharkhand,2018,Rural,Graduate,41.9,76.2,-34.300000000000004,-39.69248466257669,-41.65624121905272,-43.210822198557295,7.356241219052713,8.910822198557291
Jharkhand,2018,Rural,Post Graduate & Above,86.7,80.0,6.700000000000003,-39.69248466257669,-29.69879223946087,-30.387736211642576,36.398792239460874,37.08773621164258
Jharkhand,2018,Urban,Not Literate,20.9,72.5,-51.6,-39.69248466257669,-45.40236253226122,-49.940063035665524,-6.1976374677387795,-1.6599369643344772
Jharkhand,2018,Urban,Literate & Upto Primary,6.4,62.1,-55.7,-39.69248466257669,-56.69083192001632,-61.78114978708621,0.9908319200163191,6.081149787086204
Jharkhand,2018,Urban,Middle,7.7,67.9,-60.2,-39.69248466257669,-57.68042375675102,-57.57056270100575,-2.5195762432489843,-2.6294372989942545
Jharkhand,2018,Urban,Secondary,5.9,67.7,-61.800000000000004,-39.69248466257669,-49.853689062873464,-48.718747814170705,-11.94631093712654,-13.0812521858293
Jharkhand,2018,Urban,Higher Secondary,4.2,55.2,-51.0,-39.69248466257669,-47.79909722613877,-42.90644500297582,-3.2009027738612303,-8.093554997024178
Jharkhand,2018,Urban,Diploma/ Certificate Course,100.0,83.9,16.099999999999994,-39.69248466257669,-31.79153224441169,-34.42826071956264,47.891532244411685,50.52826071956263
Jharkhand,2018,Urban,Graduate,18.3,79.1,-60.8,-39.69248466257669,-48.13246457307754,-42.590807074113755,-12.667535426922456,-18.209192925886242
Jharkhand,2018,Urban,Post Graduate & Above,32.4,87.5,-55.1,-39.69248466257669,-36.175015593485696,-28.70112349634445,-18.924984406514305,-26.39887650365555
Karnataka,2018,Rural,Not Literate,29.5,69.0,-39.5,-39.81150306748467,-38.97844343514724,-41.43869032506657,-0.5215565648527587,1.9386903250665668
Karnataka,2018,Rural,Literate & Upto Primary,41.1,87.8,-46.699999999999996,-39.81150306748467,-50.15609649637173,-50.94444303603127,3.4560964963717353,4.244443036031271
Karnataka,2018,Rural,Middle,23.7,82.9,-59.2,-39.81150306748467,-51.04711690453499,-51.30124815399042,-8.152883095465015,-7.898751846009581
Karnataka,2018,Rural,Secondary,21.2,67.5,-46.3,-39.81150306748467,-43.17752506780032,-41.760516823068485,-3.1224749321996796,-4.539483176931512
Karnataka,2018,Rural,Higher Secondary,7.6,69.1,-61.49999999999999,-39.81150306748467,-41.088239353514595,-41.78686376940877,-20.411760646485398,-19.713136230591225
Karnataka,2018,Rural,Diploma/ Certificate Course,10.1,85.0,-74.9,-39.81150306748467,-25.70139214783159,-32.25951847347346,-49.198607852168415,-42.64048152652654
Karnataka,2018,Rural,Graduate,25.0,90.2,-65.2,-39.81150306748467,-41.49834139433092,-42.92792598106617,-23.70165860566908,-22.272074018933836
Karnataka,2018,Rural,Post Graduate & Above,63.4,98.1,-34.699999999999996,-39.81150306748467,-29.908851598412546,-30.044217208487353,-4.791148401587449,-4.655782791512642
Karnataka,2018,Urban,Not Literate,20.3,62.7,-42.400000000000006,-39.81150306748467,-45.68683049313236,-49.76781286948018,3.2868304931323564,7.367812869480176
Karnataka,2018,Urban,Literate & Upto Primary,28.6,87.0,-58.4,-39.81150306748467,-56.86448355435685,-62.13018331779123,-1.5355164456431467,3.73018331779123
Karnataka,2018,Urban,Middle,16.0,77.9,-61.900000000000006,-39.81150306748467,-57.75550396252011,-57.83365084207818,-4.144496037479897,-4.066349157921827
Karnataka,2018,Urban,Secondary,10.2,69.4,-59.2,-39.81150306748467,-49.88591212578544,-48.55738676820946,-9.314087874214565,-10.642613231790541
Karnataka,2018,Urban,Higher Secondary,8.4,63.7,-55.300000000000004,-39.81150306748467,-47.79662641149972,-42.728442381629534,-7.503373588500281,-12.57155761837047
Karnataka,2018,Urban,Diploma/ Certificate Course,44.0,77.4,-33.400000000000006,-39.81150306748467,-32.40977920581671,-34.322937256457365,-0.9902207941832941,0.9229372564573595
Karnataka,2018,Urban,Graduate,29.5,83.7,-54.2,-39.81150306748467,-48.20672845231604,-42.659330812984585,-5.99327154768396,-11.540669187015418
Karnataka,2018,Urban,Post Graduate & Above,46.7,90.1,-43.39999999999999,-39.81150306748467,-36.617238656397674,-29.073082213548055,-6.782761343602317,-14.326917786451936
Kerala,2018,Rural,Not Literate,24.6,53.5,-28.9,-40.14302147239264,-39.30138066395569,-41.608532263070686,10.401380663955692,12.708532263070687
Kerala,2018,Rural,Literate & Upto Primary,28.6,66.2,-37.6,-40.14302147239264,-50.44454392926181,-51.43252586673752,12.84454392926181,13.83252586673752
Kerala,2018,Rural,Middle,28.1,83.4,-55.300000000000004,-40.14302147239264,-51.14760515375161,-51.086961315142645,-4.1523948462483915,-4.213038684857359
Kerala,2018,Rural,Secondary,27.0,66.3,-39.3,-40.14302147239264,-43.52250311293528,-42.23588339159364,4.222503112935286,2.9358833915936415
Kerala,2018,Rural,Higher Secondary,22.5,47.1,-24.6,-40.14302147239264,-41.544033725180185,-42.72364929152167,16.944033725180184,18.123649291521666
Kerala,2018,Rural,Diploma/ Certificate Course,49.4,86.0,-36.6,-40.14302147239264,-25.97446775794821,-32.80087107842412,-10.62553224205179,-3.7991289215758783
Kerala,2018,Rural,Graduate,47.2,81.0,-33.8,-40.14302147239264,-42.13168678640467,-44.22472954795534,8.331686786404674,10.424729547955344
Kerala,2018,Rural,Post Graduate & Above,79.8,90.2,-10.400000000000006,-40.14302147239264,-30.542196990486296,-31.157492674379007,20.14219699048629,20.757492674379
Kerala,2018,Urban,Not Literate,18.2,55.1,-36.900000000000006,-40.14302147239264,-45.96512071315607,-50.01711820693759,9.065120713156062,13.117118206937583
Kerala,2018,Urban,Literate & Upto Primary,21.0,63.6,-42.6,-40.14302147239264,-57.10828397846218,-62.019266758028536,14.508283978462181,19.419266758028535
Kerala,2018,Urban,Middle,24.9,80.9,-56.00000000000001,-40.14302147239264,-57.81134520295198,-58.11475935109592,1.8113452029519763,2.1147593510959126
Kerala,2018,Urban,Secondary,22.0,65.5,-43.5,-40.14302147239264,-50.18624316213566,-48.73434302063947,6.686243162135661,5.234343020639471
Kerala,2018,Urban,Higher Secondary,19.0,50.1,-31.1,-40.14302147239264,-48.207773774380556,-43.73842352996204,17.107773774380554,12.63842352996204
Kerala,2018,Urban,Diploma/ Certificate Course,54.6,85.8,-31.199999999999996,-40.14302147239264,-32.63820780714859,-35.0422621130994,1.4382078071485935,3.8422621130994017
Kerala,2018,Urban,Graduate,46.4,78.1,-31.699999999999996,-40.14302147239264,-48.79542683560504,-43.026416644735455,17.095426835605046,11.32641664473546
Kerala,2018,Urban,Post Graduate & Above,76.5,87.2,-10.700000000000003,-40.14302147239264,-37.205937039686674,-29.125698176261942,26.50593703968667,18.42569817626194
Ladakh,2018,Rural,Not Literate,41.7,74.7,-33.0,-40.36160531697342,-39.14095805933354,-41.27131291978849,6.140958059333542,8.271312919788492
Ladakh,2018,Rural,Literate & Upto Primary,48.7,91.7,-43.0,-40.36160531697342,-50.244733569537615,-51.02428226756986,7.244733569537615,8.024282267569859
Ladakh,2018,Rural,Middle,33.6,79.3,-45.699999999999996,-40.36160531697342,-51.06657030423148,-51.791871553187875,5.366570304231487,6.091871553187879
Ladakh,2018,Rural,Secondary,22.6,66.8,-44.199999999999996,-40.36160531697342,-43.53126418178252,-42.10070801179703,-0.6687358182174776,-2.099291988202964
Ladakh,2018,Rural,Higher Secondary,18.1,72.8,-54.699999999999996,-40.36160531697342,-41.48667234504782,-42.10231664821813,-13.213327654952174,-12.597683351781868
Ladakh,2018,Rural,Diploma/ Certificate Course,79.9,92.0,-12.099999999999994,-40.36160531697342,-26.56939644474809,-33.13639101193421,14.469396444748096,21.036391011934214
Ladakh,2018,Rural,Graduate,41.1,81.9,-40.800000000000004,-40.36160531697342,-42.293304998109036,-43.818116031576984,1.493304998109032,3.01811603157698
Ladakh,2018,Rural,Post Graduate & Above,84.5,93.3,-8.799999999999997,-40.36160531697342,-30.35708050831311,-31.03566316088694,21.557080508313113,22.235663160886944
Ladakh,2018,Urban,Not Literate,11.2,70.0,-58.8,-40.36160531697342,-45.79734025264659,-49.89840686095662,-13.002659747353405,-8.901593139043378
Ladakh,2018,Urban,Literate & Upto Primary,14.7,89.7,-75.0,-40.36160531697342,-56.901115762850665,-61.927438512840745,-18.098884237149335,-13.072561487159255
Ladakh,2018,Urban,Middle,11.6,74.6,-62.99999999999999,-40.36160531697342,-57.722952497544526,-57.62510061417373,-5.277047502455467,-5.374899385826261
Ladakh,2018,Urban,Secondary,8.9,62.9,-54.0,-40.36160531697342,-50.18764637509557,-48.5466361766834,-3.812353624904432,-5.4533638233166
Ladakh,2018,Urban,Higher Secondary,15.1,65.7,-50.6,-40.36160531697342,-48.14305453836087,-42.90123292698822,-2.4569454616391297,-7.69876707301178
Ladakh,2018,Urban,Diploma/ Certificate Course,32.9,82.8,-49.9,-40.36160531697342,-33.22577863806114,-35.08500559683101,-16.674221361938855,-14.814994403168988
Ladakh,2018,Urban,Graduate,38.0,72.4,-34.400000000000006,-40.36160531697342,-48.949687191422086,-43.157282088914386,14.54968719142208,8.75728208891438
Ladakh,2018,Urban,Post Graduate & Above,72.8,79.6,-6.799999999999997,-40.36160531697342,-37.01346270162616,-30.256113590880176,30.213462701626163,23.45611359088018
Lakshadweep,2018,Rural,Not Literate,0.0,67.1,-67.1,-39.90754089979551,-39.314436255220926,-40.64664912069409,-27.78556374477907,-26.4533508793059
Lakshadweep,2018,Rural,Literate & Upto Primary,0.0,68.9,-68.9,-39.90754089979551,-49.615150540935204,-51.112628110308144,-19.2848494590648,-17.787371889691862
Lakshadweep,2018,Rural,Middle,0.0,56.5,-56.5,-39.90754089979551,-50.60474237766991,-51.08338038993381,-5.895257622330092,-5.416619610066192
Lakshadweep,2018,Rural,Secondary,2.5,72.4,-69.9,-39.90754089979551,-42.946987275629084,-41.220649416572165,-26.95301272437092,-28.67935058342784
Lakshadweep,2018,Rural,Higher Secondary,66.1,100.0,-33.900000000000006,-39.90754089979551,-40.552599520527046,-42.450960035919046,6.6525995205270405,8.55096003591904
Lakshadweep,2018,Rural,Diploma/ Certificate Course,24.1,0.0,24.1,-39.90754089979551,-26.226969002726392,-33.18088803049445,50.32696900272639,57.28088803049445
Lakshadweep,2018,Rural,Graduate,100.0,100.0,0.0,-39.90754089979551,-42.21453829603725,-43.983916619716545,42.21453829603725,43.983916619716545
Lakshadweep,2018,Rural,Post Graduate & Above,3.8,100.0,-96.2,-39.90754089979551,-30.281375030731127,-29.033152025119154,-65.91862496926888,-67.16684797488085
Lakshadweep,2018,Urban,Not Literate,0.0,0.0,0.0,-39.90754089979551,-46.43250419179955,-50.597967998111294,46.43250419179955,50.597967998111294
Lakshadweep,2018,Urban,Literate & Upto Primary,3.7,85.3,-81.6,-39.90754089979551,-56.73321847751383,-62.31759945726874,-24.866781522486164,-19.282400542731253
Lakshadweep,2018,Urban,Middle,8.0,59.4,-51.4,-39.90754089979551,-57.722810314248534,-58.451700393397694,6.322810314248535,7.051700393397695
Lakshadweep,2018,Urban,Secondary,14.0,69.1,-55.099999999999994,-39.90754089979551,-50.06505521220771,-49.30067551923574,-5.034944787792284,-5.799324480764255
Lakshadweep,2018,Urban,Higher Secondary,20.3,77.4,-57.10000000000001,-39.90754089979551,-47.670667457105665,-42.670846328720636,-9.429332542894343,-14.429153671279373
Lakshadweep,2018,Urban,Diploma/ Certificate Course,70.7,63.7,7.0,-39.90754089979551,-33.34503693930502,-35.408108186895475,40.34503693930502,42.408108186895475
Lakshadweep,2018,Urban,Graduate,68.3,68.5,-0.20000000000000284,-39.90754089979551,-49.332606232615866,-43.89213026690367,49.13260623261586,43.69213026690367
Lakshadweep,2018,Urban,Post Graduate & Above,100.0,100.0,0.0,-39.90754089979551,-37.39944296730975,-29.95822338579689,37.39944296730975,29.95822338579689
Madhya Pradesh,2018,Rural,Not Literate,43.0,84.6,-41.599999999999994,-39.759560327198365,-39.049292561466274,-39.94818110474526,-2.5507074385337205,-1.6518188952547348
Madhya Pradesh,2018,Rural,Literate & Upto Primary,32.6,95.2,-62.6,-39.759560327198365,-50.11163950024178,-51.12336135236206,-12.488360499758222,-11.476638647637941
Madhya Pradesh,2018,Rural,Middle,16.9,78.3,-61.4,-39.759560327198365,-50.97898643901728,-51.296298642688335,-10.421013560982722,-10.103701357311664
Madhya Pradesh,2018,Rural,Secondary,11.0,65.8,-54.8,-39.759560327198365,-43.289802765547904,-41.56589400066611,-11.510197234452093,-13.234105999333885
Madhya Pradesh,2018,Rural,Higher Secondary,12.7,61.7,-49.0,-39.759560327198365,-41.16521092881321,-42.33290405341281,-7.8347890711867905,-6.667095946587189
Madhya Pradesh,2018,Rural,Diploma/ Certificate Course,77.6,59.7,17.89999999999999,-39.759560327198365,-26.427952274848607,-32.93916808111889,44.3279522748486,50.839168081118885
Madhya Pradesh,2018,Rural,Graduate,23.0,85.9,-62.900000000000006,-39.759560327198365,-41.33572113289485,-42.62130472671296,-21.56427886710516,-20.27869527328705
Madhya Pradesh,2018,Rural,Post Graduate & Above,38.2,92.7,-54.5,-39.759560327198365,-29.40827215330299,-29.712208176065,-25.09172784669701,-24.787791823935
Madhya Pradesh,2018,Urban,Not Literate,23.4,76.9,-53.50000000000001,-39.759560327198365,-45.6484349361088,-49.80147904275945,-7.851565063891208,-3.6985209572405537
Madhya Pradesh,2018,Urban,Literate & Upto Primary,18.1,85.6,-67.5,-39.759560327198365,-56.710781874884304,-62.35664807142813,-10.789218125115696,-5.143351928571867
Madhya Pradesh,2018,Urban,Middle,12.4,77.9,-65.5,-39.759560327198365,-57.578128813659816,-57.77997981189877,-7.921871186340184,-7.7200201881012305
Madhya Pradesh,2018,Urban,Secondary,8.0,64.1,-56.099999999999994,-39.759560327198365,-49.88894514019043,-48.69953849964958,-6.211054859809565,-7.400461500350417
Madhya Pradesh,2018,Urban,Higher Secondary,11.3,50.1,-38.8,-39.759560327198365,-47.76435330345574,-43.10552486808973,8.964353303455745,4.305524868089734
Madhya Pradesh,2018,Urban,Diploma/ Certificate Course,44.8,68.0,-23.200000000000003,-39.759560327198365,-33.02709464949113,-35.20237737531408,9.82709464949113,12.002377375314076
Madhya Pradesh,2018,Urban,Graduate,20.8,79.8,-59.0,-39.759560327198365,-47.93486350753737,-42.451912220654044,-11.065136492462628,-16.548087779345956
Madhya Pradesh,2018,Urban,Post Graduate & Above,32.8,91.5,-58.7,-39.759560327198365,-36.00741452794552,-28.74189529860386,-22.692585472054482,-29.95810470139614
Maharashtra,2018,Rural,Not Literate,42.6,69.1,-26.499999999999993,-39.90828220858896,-39.11289573523542,-41.80771956883678,12.612895735235426,15.307719568836788
Maharashtra,2018,Rural,Literate & Upto Primary,46.6,84.5,-37.9,-39.90828220858896,-50.44177328625583,-51.78445282481888,12.541773286255832,13.88445282481888
Maharashtra,2018,Rural,Middle,39.9,79.4,-39.50000000000001,-39.90828220858896,-51.36258961278643,-51.88164111312518,11.862589612786422,12.38164111312517
Maharashtra,2018,Rural,Secondary,28.1,67.2,-39.1,-39.90828220858896,-43.54544675564358,-42.11358966723617,4.44544675564358,3.013589667236168
Maharashtra,2018,Rural,Higher Secondary,22.9,65.9,-43.00000000000001,-39.90828220858896,-41.28412022503134,-41.94532273716624,-1.7158797749686698,-1.0546772628337706
Maharashtra,2018,Rural,Diploma/ Certificate Course,59.0,78.2,-19.200000000000003,-39.90828220858896,-26.024393702631674,-32.58843197720064,6.824393702631671,13.38843197720064
Maharashtra,2018,Rural,Graduate,34.3,85.0,-50.7,-39.90828220858896,-41.6997324699293,-43.010186572768504,-9.000267530070701,-7.689813427231499
Maharashtra,2018,Rural,Post Graduate & Above,43.4,92.5,-49.1,-39.90828220858896,-29.858201857684403,-29.87161980939279,-19.2417981423156,-19.22838019060721
Maharashtra,2018,Urban,Not Literate,22.7,71.7,-49.0,-39.90828220858896,-45.61345552077931,-49.423083706199016,-3.3865444792206887,0.4230837061990158
Maharashtra,2018,Urban,Literate & Upto Primary,23.3,78.6,-55.3,-39.90828220858896,-56.94233307179972,-62.37767235711556,1.642333071799726,7.07767235711556
Maharashtra,2018,Urban,Middle,19.6,78.2,-58.6,-39.90828220858896,-57.863149398330314,-57.798333129341586,-0.736850601669687,-0.8016668706584156
Maharashtra,2018,Urban,Secondary,12.1,62.8,-50.699999999999996,-39.90828220858896,-50.046006541187474,-48.47532556743338,-0.653993458812522,-2.2246744325666157
Maharashtra,2018,Urban,Higher Secondary,13.9,64.4,-50.50000000000001,-39.90828220858896,-47.78468001057523,-43.15505949230162,-2.7153199894247777,-7.344940507698389
Maharashtra,2018,Urban,Diploma/ Certificate Course,43.2,83.8,-40.599999999999994,-39.90828220858896,-32.52495348817556,-34.74151809562461,-8.075046511824432,-5.858481904375381
Maharashtra,2018,Urban,Graduate,34.1,77.0,-42.9,-39.90828220858896,-48.20029225547319,-42.738408523025136,5.300292255473188,-0.16159147697486276
Maharashtra,2018,Urban,Post Graduate & Above,46.1,86.1,-39.99999999999999,-39.90828220858896,-36.35876164322829,-28.859529064368083,-3.6412383567717015,-11.14047093563191
Manipur,2018,Rural,Not Literate,17.8,72.3,-54.5,-40.26620654396728,-38.8856005917544,-41.27456911347184,-15.614399408245603,-13.225430886528159
Manipur,2018,Rural,Literate & Upto Primary,24.6,82.2,-57.6,-40.26620654396728,-49.99815161216256,-51.510139791517965,-7.6018483878374425,-6.089860208482037
Manipur,2018,Rural,Middle,22.6,78.1,-55.49999999999999,-40.26620654396728,-50.92937610195849,-51.47448190435208,-4.570623898041504,-4.025518095647911
Manipur,2018,Rural,Secondary,24.2,62.9,-38.7,-40.26620654396728,-43.384682224407456,-42.17763602447436,4.684682224407453,3.477636024474357
Manipur,2018,Rural,Higher Secondary,26.9,62.8,-35.9,-40.26620654396728,-41.11641691828501,-42.279416328525386,5.216416918285013,6.379416328525387
Manipur,2018,Rural,Diploma/ Certificate Course,61.7,65.5,-3.799999999999997,-40.26620654396728,-26.66052483106787,-33.13491495582968,22.860524831067874,29.33491495582968
Manipur,2018,Rural,Graduate,48.7,83.8,-35.099999999999994,-40.26620654396728,-41.76509038767276,-43.402907704550515,6.6650903876727625,8.30290770455052
Manipur,2018,Rural,Post Graduate & Above,76.0,83.3,-7.299999999999997,-40.26620654396728,-30.357233244815625,-30.978596422950318,23.057233244815627,23.67859642295032
Manipur,2018,Urban,Not Literate,14.8,35.6,-20.8,-40.26620654396728,-45.817252432959876,-50.52048183336825,25.017252432959875,29.72048183336825
Manipur,2018,Urban,Literate & Upto Primary,26.0,77.2,-51.2,-40.26620654396728,-56.929803453368045,-62.34127961475516,5.729803453368042,11.141279614755156
Manipur,2018,Urban,Middle,22.8,73.8,-51.0,-40.26620654396728,-57.861027943163975,-58.12546926695067,6.861027943163975,7.125469266950667
Manipur,2018,Urban,Secondary,26.8,61.0,-34.2,-40.26620654396728,-50.316334065612935,-49.57692458795161,16.116334065612932,15.376924587951606
Manipur,2018,Urban,Higher Secondary,20.0,53.5,-33.5,-40.26620654396728,-48.04806875949049,-43.70194407750829,14.54806875949049,10.201944077508287
Manipur,2018,Urban,Diploma/ Certificate Course,96.4,77.8,18.60000000000001,-40.26620654396728,-33.592176672273354,-35.19546025423038,52.19217667227336,53.79546025423039
Manipur,2018,Urban,Graduate,41.6,77.8,-36.199999999999996,-40.26620654396728,-48.69674222887824,-42.94318650010846,12.496742228878247,6.7431865001084645
Manipur,2018,Urban,Post Graduate & Above,70.5,86.0,-15.5,-40.26620654396728,-37.288885086021104,-29.746676864082655,21.788885086021104,14.246676864082655
Meghalaya,2018,Rural,Not Literate,50.1,80.6,-30.499999999999993,-40.526738241308784,-39.26892277812327,-41.76716789716908,8.768922778123276,11.267167897169088
Meghalaya,2018,Rural,Literate & Upto Primary,69.4,89.7,-20.299999999999997,-40.526738241308784,-50.75575951281715,-52.24137058848086,30.455759512817153,31.941370588480865
Meghalaya,2018,Rural,Middle,44.8,71.9,-27.10000000000001,-40.526738241308784,-51.80596359444981,-52.322350546040994,24.7059635944498,25.222350546040985
Meghalaya,2018,Rural,Secondary,37.5,54.4,-16.9,-40.526738241308784,-44.06331053322532,-42.684721492934976,27.16331053322532,25.784721492934978
Meghalaya,2018,Rural,Higher Secondary,46.8,74.2,-27.400000000000006,-40.526738241308784,-41.966881961796744,-42.71922448382742,14.566881961796739,15.319224483827412
Meghalaya,2018,Rural,Diploma/ Certificate Course,61.4,100.0,-38.6,-40.526738241308784,-26.940745140871208,-33.586158695456604,-11.659254859128794,-5.013841304543398
Meghalaya,2018,Rural,Graduate,87.3,94.4,-7.1000000000000085,-40.526738241308784,-42.746779920980416,-44.458230934553335,35.64677992098041,37.358230934553326
Meghalaya,2018,Rural,Post Graduate & Above,100.0,100.0,0.0,-40.526738241308784,-31.270555431184512,-31.013802327581523,31.270555431184512,31.013802327581523
Meghalaya,2018,Urban,Not Literate,20.7,91.8,-71.1,-40.526738241308784,-45.46110852845478,-49.36204994796927,-25.638891471545215,-21.737950052030726
Meghalaya,2018,Urban,Literate & Upto Primary,31.1,88.1,-56.99999999999999,-40.526738241308784,-56.94794526314867,-62.66507692319051,-0.05205473685132489,5.665076923190519
Meghalaya,2018,Urban,Middle,20.0,61.7,-41.7,-40.526738241308784,-57.998149344781325,-58.29675771787805,16.298149344781322,16.59675771787805
Meghalaya,2018,Urban,Secondary,11.5,48.8,-37.3,-40.526738241308784,-50.25549628355684,-49.22729739096226,12.95549628355684,11.927297390962266
Meghalaya,2018,Urban,Higher Secondary,28.4,50.3,-21.9,-40.526738241308784,-48.15906771212826,-43.72601452437982,26.259067712128264,21.826014524379822
Meghalaya,2018,Urban,Diploma/ Certificate Course,100.0,100.0,0.0,-40.526738241308784,-33.132930891202726,-35.26519677859357,33.132930891202726,35.26519677859357
Meghalaya,2018,Urban,Graduate,56.3,86.1,-29.799999999999997,-40.526738241308784,-48.938965671311934,-43.4654871558507,19.138965671311936,13.665487155850705
Meghalaya,2018,Urban,Post Graduate & Above,70.1,86.6,-16.5,-40.526738241308784,-37.46274118151603,-30.109694739204393,20.96274118151603,13.609694739204393
Mizoram,2018,Rural,Not Literate,5.8,63.8,-58.0,-40.35442229038855,-38.89371124365574,-40.90351635757274,-19.106288756344263,-17.09648364242726
Mizoram,2018,Rural,Literate & Upto Primary,27.6,81.0,-53.4,-40.35442229038855,-50.478915325288376,-51.54459625984695,-2.921084674711622,-1.8554037401530508
Mizoram,2018,Rural,Middle,35.1,80.4,-45.300000000000004,-40.35442229038855,-51.23381328447204,-51.792257365317326,5.933813284472038,6.492257365317322
Mizoram,2018,Rural,Secondary,13.6,55.2,-41.6,-40.35442229038855,-43.70483369263532,-42.13771080119557,2.1048336926353173,0.5377108011955656
Mizoram,2018,Rural,Higher Secondary,24.6,52.6,-28.0,-40.35442229038855,-41.621058182431234,-43.12735279224706,13.621058182431234,15.12735279224706
Mizoram,2018,Rural,Diploma/ Certificate Course,0.0,0.0,0.0,-40.35442229038855,-26.673329360520228,-33.49938500674728,26.673329360520228,33.49938500674728
Mizoram,2018,Rural,Graduate,57.9,83.4,-25.500000000000007,-40.35442229038855,-42.01116022324756,-43.7230665877776,16.51116022324755,18.223066587777595
Mizoram,2018,Rural,Post Graduate & Above,0.0,94.0,-94.0,-40.35442229038855,-29.682690835492465,-29.2379122725487,-64.31730916450753,-64.7620877274513
Mizoram,2018,Urban,Not Literate,0.0,0.0,0.0,-40.35442229038855,-46.001875488647755,-51.38422003071055,46.001875488647755,51.38422003071055
Mizoram,2018,Urban,Literate & Upto Primary,23.7,55.2,-31.500000000000004,-40.35442229038855,-57.58707957028039,-63.05558305762493,26.087079570280384,31.555583057624926
Mizoram,2018,Urban,Middle,27.2,72.5,-45.3,-40.35442229038855,-58.34197752946405,-58.04679046569081,13.041977529464056,12.746790465690815
Mizoram,2018,Urban,Secondary,23.4,53.3,-29.9,-40.35442229038855,-50.81299793762734,-49.55363792291519,20.91299793762734,19.653637922915195
Mizoram,2018,Urban,Higher Secondary,21.3,40.0,-18.7,-40.35442229038855,-48.72922242742325,-43.44238726792898,30.029222427423253,24.74238726792898
Mizoram,2018,Urban,Diploma/ Certificate Course,28.4,45.8,-17.4,-40.35442229038855,-33.781493605512246,-35.815685990539514,16.381493605512247,18.415685990539515
Mizoram,2018,Urban,Graduate,51.9,76.9,-25.000000000000007,-40.35442229038855,-49.119324468239576,-43.367418601414066,24.11932446823957,18.36741860141406
Mizoram,2018,Urban,Post Graduate & Above,90.4,91.5,-1.0999999999999943,-40.35442229038855,-36.79085508048448,-29.713575352866815,35.69085508048448,28.61357535286682
Nagaland,2018,Rural,Not Literate,29.1,68.9,-39.800000000000004,-40.31935071574642,-38.90638488129611,-40.53821701303899,-0.8936151187038917,0.7382170130389838
Nagaland,2018,Rural,Literate & Upto Primary,30.0,74.0,-44.0,-40.31935071574642,-50.57179304456142,-51.239212809073464,6.571793044561417,7.239212809073464
Nagaland,2018,Rural,Middle,18.0,63.2,-45.2,-40.31935071574642,-51.297099167010394,-51.27176469202511,6.097099167010391,6.071764692025106
Nagaland,2018,Rural,Secondary,21.2,60.2,-39.0,-40.31935071574642,-43.58016039150019,-42.17521737616014,4.580160391500193,3.175217376160141
Nagaland,2018,Rural,Higher Secondary,21.0,71.3,-50.3,-40.31935071574642,-41.40822161598999,-42.13742724450557,-8.89177838401001,-8.16257275549443
Nagaland,2018,Rural,Diploma/ Certificate Course,100.0,0.0,100.0,-40.31935071574642,-26.022296267983496,-32.68501866257877,126.02229626798349,132.68501866257878
Nagaland,2018,Rural,Graduate,58.4,95.5,-37.1,-40.31935071574642,-42.23852773843896,-43.667853436288816,5.13852773843896,6.567853436288814
Nagaland,2018,Rural,Post Graduate & Above,100.0,100.0,0.0,-40.31935071574642,-30.35046651394918,-30.919357013519928,30.35046651394918,30.919357013519928
Nagaland,2018,Urban,Not Literate,6.0,56.5,-50.5,-40.31935071574642,-45.4850358945856,-49.84998595560648,-5.0149641054144,-0.6500140443935223
Nagaland,2018,Urban,Literate & Upto Primary,5.9,66.6,-60.699999999999996,-40.31935071574642,-57.150444057850905,-62.29383240969855,-3.549555942149091,1.5938324096985568
Nagaland,2018,Urban,Middle,9.6,68.6,-58.99999999999999,-40.31935071574642,-57.87575018029989,-58.17209422018999,-1.124249819700104,-0.8279057798100027
Nagaland,2018,Urban,Secondary,8.0,56.3,-48.3,-40.31935071574642,-50.15881140478968,-48.79875482786087,1.8588114047896838,0.49875482786087133
Nagaland,2018,Urban,Higher Secondary,24.3,59.0,-34.7,-40.31935071574642,-47.986872629279475,-43.41250103136467,13.286872629279472,8.712501031364667
Nagaland,2018,Urban,Diploma/ Certificate Course,59.4,100.0,-40.6,-40.31935071574642,-32.60094728127299,-34.58487725298381,-7.999052718727015,-6.015122747016193
Nagaland,2018,Urban,Graduate,50.4,81.1,-30.699999999999996,-40.31935071574642,-48.817178751728456,-43.29201358154682,18.11717875172846,12.592013581546823
Nagaland,2018,Urban,Post Graduate & Above,63.9,100.0,-36.1,-40.31935071574642,-36.92911752723867,-29.774607413327665,0.8291175272386653,-6.325392586672336
Odisha,2018,Rural,Not Literate,30.6,79.6,-48.99999999999999,-39.887423312883435,-38.98620778187085,-40.496574606158546,-10.01379221812914,-8.503425393841447
Odisha,2018,Rural,Literate & Upto Primary,28.1,88.6,-60.49999999999999,-39.887423312883435,-49.90957512880962,-50.61203171941422,-10.590424871190372,-9.887968280585774
Odisha,2018,Rural,Middle,19.5,84.6,-65.1,-39.887423312883435,-50.77467716962596,-51.19682977146385,-14.325322830374034,-13.903170228536148
Odisha,2018,Rural,Secondary,14.4,64.4,-50.00000000000001,-39.887423312883435,-43.25426900636066,-41.897749698807964,-6.745730993639349,-8.102250301192043
Odisha,2018,Rural,Higher Secondary,13.7,61.1,-47.400000000000006,-39.887423312883435,-41.19355472064637,-42.32017363318478,-6.2064452793536375,-5.079826366815226
Odisha,2018,Rural,Diploma/ Certificate Course,95.4,83.0,12.400000000000006,-39.887423312883435,-26.39016170951843,-33.19369501595298,38.790161709518436,45.59369501595299
Odisha,2018,Rural,Graduate,38.0,86.4,-48.400000000000006,-39.887423312883435,-41.47569757778922,-42.86204973401441,-6.924302422210786,-5.537950265985593
Odisha,2018,Rural,Post Graduate & Above,76.7,94.2,-17.5,-39.887423312883435,-30.17457512880963,-30.138110204469402,12.674575128809629,12.638110204469402
Odisha,2018,Urban,Not Literate,30.4,76.1,-45.699999999999996,-39.887423312883435,-45.57521958639906,-49.570916191434,-0.12478041360093783,3.870916191434006
Odisha,2018,Urban,Literate & Upto Primary,17.5,83.8,-66.3,-39.887423312883435,-56.498586933337826,-61.64345263379688,-9.801413066662171,-4.656547366203114
Odisha,2018,Urban,Middle,14.8,85.2,-70.4,-39.887423312883435,-57.363688974154165,-57.484961095480614,-13.03631102584584,-12.915038904519392
Odisha,2018,Urban,Secondary,13.5,62.3,-48.8,-39.887423312883435,-49.843280810888864,-48.80564014790385,1.0432808108888665,0.0056401479038541424
Odisha,2018,Urban,Higher Secondary,11.5,51.1,-39.6,-39.887423312883435,-47.78256652517457,-43.049858647456574,8.182566525174572,3.4498586474565727
Odisha,2018,Urban,Diploma/ Certificate Course,65.1,88.6,-23.5,-39.887423312883435,-32.979173514046636,-34.90190710531525,9.479173514046636,11.401907105315253
Odisha,2018,Urban,Graduate,25.0,80.8,-55.8,-39.887423312883435,-48.064709382317425,-42.342523743424216,-7.735290617682573,-13.45747625657578
Odisha,2018,Urban,Post Graduate & Above,36.5,82.7,-46.2,-39.887423312883435,-36.763586933337834,-29.2041524877261,-9.436413066662169,-16.995847512273905
Puducherry,2018,Rural,Not Literate,28.2,57.4,-29.2,-39.986042944785275,-39.2220732286344,-41.49305636959655,10.022073228634401,12.293056369596552
Puducherry,2018,Rural,Literate & Upto Primary,62.6,93.5,-30.9,-39.986042944785275,-50.24176710618541,-51.809816436197075,19.341767106185408,20.909816436197076
Puducherry,2018,Rural,Middle,51.9,97.9,-46.00000000000001,-39.986042944785275,-51.08401200414458,-51.45225279324357,5.084012004144576,5.452252793243559
Puducherry,2018,Rural,Secondary,33.7,49.1,-15.399999999999999,-39.986042944785275,-43.53135894292011,-42.27820695918186,28.13135894292011,26.87820695918186
Puducherry,2018,Rural,Higher Secondary,22.9,86.7,-63.800000000000004,-39.986042944785275,-41.33186914700174,-41.67668546540481,-22.468130852998264,-22.123314534595195
Puducherry,2018,Rural,Diploma/ Certificate Course,86.3,82.4,3.8999999999999915,-39.986042944785275,-25.719511737237056,-32.4339473108951,29.619511737237048,36.33394731089509
Puducherry,2018,Rural,Graduate,18.5,97.1,-78.6,-39.986042944785275,-41.66237935108337,-42.577127374333976,-36.93762064891662,-36.02287262566602
Puducherry,2018,Rural,Post Graduate & Above,51.9,100.0,-48.1,-39.986042944785275,-30.10799159598132,-29.769881773656195,-17.99200840401868,-18.330118226343806
Puducherry,2018,Urban,Not Literate,20.6,71.1,-50.49999999999999,-39.986042944785275,-45.83533803475888,-50.14923279960566,-4.664661965241116,-0.35076720039432985
Puducherry,2018,Urban,Literate & Upto Primary,26.7,73.6,-46.89999999999999,-39.986042944785275,-56.8550319123099,-62.899707106380305,9.955031912309906,15.999707106380313
Puducherry,2018,Urban,Middle,19.6,81.5,-61.9,-39.986042944785275,-57.69727681026906,-57.9055306574067,-4.202723189730939,-3.9944693425932982
Puducherry,2018,Urban,Secondary,19.7,63.5,-43.8,-39.986042944785275,-50.1446237490446,-49.15122823194601,6.344623749044601,5.35122823194601
Puducherry,2018,Urban,Higher Secondary,9.1,45.3,-36.199999999999996,-39.986042944785275,-47.945133953126216,-43.221230602087175,11.74513395312622,7.021230602087179
Puducherry,2018,Urban,Diploma/ Certificate Course,37.1,84.0,-46.9,-39.986042944785275,-32.33277654336153,-34.465321977956414,-14.567223456638466,-12.434678022043585
Puducherry,2018,Urban,Graduate,44.4,76.6,-32.199999999999996,-39.986042944785275,-48.27564415720785,-42.91748236025104,16.075644157207854,10.717482360251047
Puducherry,2018,Urban,Post Graduate & Above,46.6,84.7,-38.1,-39.986042944785275,-36.7212564021058,-29.47052311735843,-1.3787435978942,-8.629476882641573
Punjab,2018,Rural,Not Literate,18.1,69.8,-51.699999999999996,-39.634943762781184,-38.6219711588744,-40.283775120484535,-13.078028841125594,-11.416224879515461
Punjab,2018,Rural,Literate & Upto Primary,21.2,82.8,-61.599999999999994,-39.634943762781184,-49.82146095479277,-50.96145698571805,-11.778539045207225,-10.638543014281943
Punjab,2018,Rural,Middle,17.7,68.9,-51.2,-39.634943762781184,-50.91288952622135,-51.284086662267526,-0.28711047377865384,0.0840866622675236
Punjab,2018,Rural,Secondary,11.3,67.7,-56.400000000000006,-39.634943762781184,-43.08799156703767,-41.69640654580532,-13.312008432962337,-14.703593454194689
Punjab,2018,Rural,Higher Secondary,15.4,71.3,-55.9,-39.634943762781184,-40.86462422009889,-42.21215019491246,-15.03537577990111,-13.687849805087538
Punjab,2018,Rural,Diploma/ Certificate Course,46.6,70.8,-24.199999999999996,-39.634943762781184,-25.80000754042895,-32.703899401703616,1.6000075404289547,8.50389940170362
Punjab,2018,Rural,Graduate,39.9,74.9,-35.00000000000001,-39.634943762781184,-41.54962422009889,-43.09826332650966,6.549624220098885,8.098263326509652
Punjab,2018,Rural,Post Graduate & Above,40.9,78.7,-37.800000000000004,-39.634943762781184,-30.079318097649917,-30.184806316912475,-7.720681902350087,-7.615193683087529
Punjab,2018,Urban,Not Literate,22.4,78.3,-55.9,-39.634943762781184,-45.20269532371095,-49.839110589816016,-10.69730467628905,-6.060889410183982
Punjab,2018,Urban,Literate & Upto Primary,18.7,86.5,-67.8,-39.634943762781184,-56.402185119629316,-62.01655339075275,-11.397814880370682,-5.78344660924725
Punjab,2018,Urban,Middle,8.0,75.6,-67.6,-39.634943762781184,-57.493613691057895,-57.7421557279818,-10.106386308942099,-9.857844272018191
Punjab,2018,Urban,Secondary,11.4,68.2,-56.800000000000004,-39.634943762781184,-49.668715731874215,-48.85846857233298,-7.131284268125789,-7.941531427667023
Punjab,2018,Urban,Higher Secondary,12.6,73.2,-60.6,-39.634943762781184,-47.44534838493544,-42.427968243342036,-13.154651615064559,-18.172031756657965
Punjab,2018,Urban,Diploma/ Certificate Course,38.2,79.3,-41.099999999999994,-39.634943762781184,-32.38073170526549,-34.41536533160397,-8.719268294734505,-6.684634668396022
Punjab,2018,Urban,Graduate,24.6,83.0,-58.4,-39.634943762781184,-48.13034838493544,-42.497877249738885,-10.26965161506456,-15.902122750261114
Punjab,2018,Urban,Post Graduate & Above,55.7,85.9,-30.200000000000003,-39.634943762781184,-36.66004226248646,-29.154370104197202,6.460042262486461,-1.0456298958028007
Rajasthan,2018,Rural,Not Literate,44.8,76.4,-31.60000000000001,-39.860761758691204,-39.145620123718274,-41.33060396105929,7.545620123718265,9.73060396105928
Rajasthan,2018,Rural,Literate & Upto Primary,36.3,90.9,-54.60000000000001,-39.860761758691204,-50.184497674738665,-50.75978633602901,-4.415502325261343,-3.8402136639709994
Rajasthan,2018,Rural,Middle,25.2,75.6,-50.39999999999999,-39.860761758691204,-51.10857930739174,-51.541829299345004,0.7085793073917515,1.1418292993450123
Rajasthan,2018,Rural,Secondary,18.4,63.3,-44.9,-39.860761758691204,-43.41327318494276,-42.032246007778056,-1.4867268150572386,-2.8677539922219424
Rajasthan,2018,Rural,Higher Secondary,13.4,50.0,-36.6,-39.860761758691204,-41.46255889922847,-42.85019523671007,4.862558899228468,6.25019523671007
Rajasthan,2018,Rural,Diploma/ Certificate Course,100.0,77.4,22.599999999999994,-39.860761758691204,-26.450199436328624,-33.57552357714748,49.05019943632862,56.17552357714747
Rajasthan,2018,Rural,Graduate,28.1,81.5,-53.4,-39.860761758691204,-41.65143645024888,-43.03096394023879,-11.748563549751118,-10.369036059761207
Rajasthan,2018,Rural,Post Graduate & Above,47.5,96.0,-48.5,-39.860761758691204,-29.729293593106014,-29.684435646136887,-18.770706406893986,-18.815564353863113
Rajasthan,2018,Urban,Not Literate,17.7,72.0,-54.3,-39.860761758691204,-45.48960631726261,-49.87165063640398,-8.810393682737384,-4.42834936359602
Rajasthan,2018,Urban,Literate & Upto Primary,14.0,87.8,-73.8,-39.860761758691204,-56.528483868283004,-61.51157850087415,-17.271516131716993,-12.288421499125846
Rajasthan,2018,Urban,Middle,8.6,74.2,-65.60000000000001,-39.860761758691204,-57.45256550093608,-57.60670835837596,-8.147434499063927,-7.993291641624047
Rajasthan,2018,Urban,Secondary,4.9,61.8,-56.9,-39.860761758691204,-49.7572593784871,-49.1269013419211,-7.1427406215129,-7.773098658078901
Rajasthan,2018,Urban,Higher Secondary,9.7,55.0,-45.3,-39.860761758691204,-47.80654509277281,-42.6181760819872,2.506545092772811,-2.681823918012796
Rajasthan,2018,Urban,Diploma/ Certificate Course,47.4,92.9,-45.50000000000001,-39.860761758691204,-32.79418562987296,-34.888580812586,-12.705814370127044,-10.611419187414008
Rajasthan,2018,Urban,Graduate,24.3,82.2,-57.900000000000006,-39.860761758691204,-47.99542264379322,-42.365389125696346,-9.904577356206786,-15.53461087430366
Rajasthan,2018,Urban,Post Graduate & Above,46.0,86.5,-40.5,-39.860761758691204,-36.07327978665035,-29.201460231654,-4.426720213349647,-11.298539768346
Sikkim,2018,Rural,Not Literate,55.0,64.4,-9.400000000000006,-40.37691717791411,-39.3528310531628,-41.897116359709194,29.952831053162797,32.49711635970919
Sikkim,2018,Rural,Literate & Upto Primary,69.8,86.4,-16.60000000000001,-40.37691717791411,-50.820280032754646,-51.66486416021303,34.22028003275464,35.06486416021302
Sikkim,2018,Rural,Middle,47.1,61.1,-14.0,-40.37691717791411,-52.007218808264845,-52.28702424960397,38.007218808264845,38.28702424960397
Sikkim,2018,Rural,Secondary,23.4,57.5,-34.1,-40.37691717791411,-44.09966778785669,-42.2125971986793,9.999667787856687,8.112597198679296
Sikkim,2018,Rural,Higher Secondary,47.6,87.2,-39.6,-40.37691717791411,-41.920790236836275,-42.63932345496068,2.320790236836274,3.0393234549606802
Sikkim,2018,Rural,Diploma/ Certificate Course,100.0,91.8,8.200000000000003,-40.37691717791411,-27.004485058829513,-33.92511868240895,35.20448505882952,42.12511868240895
Sikkim,2018,Rural,Graduate,86.3,90.9,-4.6000000000000085,-40.37691717791411,-42.801912685815864,-44.37203817350703,38.201912685815856,39.77203817350702
Sikkim,2018,Rural,Post Graduate & Above,100.0,100.0,0.0,-40.37691717791411,-30.93915758377506,-30.740320414130785,30.93915758377506,30.740320414130785
Sikkim,2018,Urban,Not Literate,21.3,72.4,-51.10000000000001,-40.37691717791411,-45.459203974148004,-50.13240095388692,-5.640796025852005,-0.9675990461130866
Sikkim,2018,Urban,Literate & Upto Primary,29.5,92.1,-62.599999999999994,-40.37691717791411,-56.92665295373985,-61.75754404517218,-5.673347046260147,-0.8424559548278125
Sikkim,2018,Urban,Middle,34.4,83.1,-48.699999999999996,-40.37691717791411,-58.11359172925005,-58.498250802110206,9.41359172925005,9.79825080211021
Sikkim,2018,Urban,Secondary,29.0,70.4,-41.400000000000006,-40.37691717791411,-50.20604070884188,-49.500896740642126,8.806040708841877,8.10089674064212
Sikkim,2018,Urban,Higher Secondary,38.2,60.5,-22.299999999999997,-40.37691717791411,-48.02716315782148,-43.66282825850556,25.72716315782148,21.362828258505566
Sikkim,2018,Urban,Diploma/ Certificate Course,100.0,83.1,16.900000000000006,-40.37691717791411,-33.11085797981471,-35.50411508687811,50.010857979814716,52.404115086878114
Sikkim,2018,Urban,Graduate,70.9,87.5,-16.599999999999994,-40.37691717791411,-48.908285606801066,-43.50239709525576,32.30828560680107,26.902397095255765
Sikkim,2018,Urban,Post Graduate & Above,54.6,68.4,-13.800000000000004,-40.37691717791411,-37.045530504760265,-29.90633341780555,23.24553050476026,16.106333417805544
Tamil Nadu,2018,Rural,Not Literate,46.9,63.9,-17.0,-39.99399284253579,-39.525753820855314,-42.15699200450583,22.525753820855314,25.15699200450583
Tamil Nadu,2018,Rural,Literate & Upto Primary,55.2,86.1,-30.89999999999999,-39.99399284253579,-50.616468106569606,-52.23115376656345,19.716468106569614,21.33115376656346
Tamil Nadu,2018,Rural,Middle,49.4,91.3,-41.9,-39.99399284253579,-51.294835453508384,-51.57320169023499,9.394835453508385,9.67320169023499
Tamil Nadu,2018,Rural,Secondary,28.8,65.1,-36.3,-39.99399284253579,-43.68728443310022,-42.14592226641165,7.38728443310022,5.845922266411655
Tamil Nadu,2018,Rural,Higher Secondary,25.9,53.7,-27.800000000000004,-39.99399284253579,-41.72575382085532,-42.98294250551672,13.925753820855313,15.182942505516714
Tamil Nadu,2018,Rural,Diploma/ Certificate Course,46.8,97.9,-51.10000000000001,-39.99399284253579,-25.590802480158104,-32.43230011654955,-25.509197519841905,-18.66769988345046
Tamil Nadu,2018,Rural,Graduate,42.0,89.1,-47.099999999999994,-39.99399284253579,-41.71810075963082,-43.013736865792104,-5.381899240369172,-4.08626313420789
Tamil Nadu,2018,Rural,Post Graduate & Above,56.4,88.1,-31.699999999999996,-39.99399284253579,-30.041264024936964,-30.083450380509344,-1.6587359750630313,-1.6165496194906517
Tamil Nadu,2018,Urban,Not Literate,36.8,56.6,-19.800000000000004,-39.99399284253579,-45.99408626257659,-50.87588607766909,26.194086262576583,31.075886077669082
Tamil Nadu,2018,Urban,Literate & Upto Primary,30.5,81.9,-51.400000000000006,-39.99399284253579,-57.084800548290886,-62.51956650084902,5.68480054829088,11.119566500849011
Tamil Nadu,2018,Urban,Middle,26.8,81.8,-55.0,-39.99399284253579,-57.76316789522967,-58.05822606629591,2.763167895229671,3.0582260662959087
Tamil Nadu,2018,Urban,Secondary,14.6,63.8,-49.199999999999996,-39.99399284253579,-50.1556168748215,-48.864650268593586,0.9556168748215015,-0.33534973140641
Tamil Nadu,2018,Urban,Higher Secondary,14.1,38.4,-24.299999999999997,-39.99399284253579,-48.1940862625766,-43.45776215209938,23.8940862625766,19.15776215209938
Tamil Nadu,2018,Urban,Diploma/ Certificate Course,39.0,89.3,-50.3,-39.99399284253579,-32.059134921879384,-34.16615379433548,-18.240865078120613,-16.13384620566452
Tamil Nadu,2018,Urban,Graduate,39.4,84.2,-44.800000000000004,-39.99399284253579,-48.1864332013521,-42.511059211835594,3.386433201352098,-2.2889407881644104
Tamil Nadu,2018,Urban,Post Graduate & Above,47.8,87.0,-39.2,-39.99399284253579,-36.509596466658245,-29.41711620267222,-2.690403533341758,-9.782883797327784
Telangana,2018,Rural,Not Literate,56.8,66.9,-10.100000000000009,-39.899667689161554,-39.27360211797321,-42.22372715584254,29.173602117973203,32.12372715584253
Telangana,2018,Rural,Literate & Upto Primary,68.3,93.0,-24.700000000000003,-39.899667689161554,-50.492887832258916,-51.70509338643837,25.792887832258913,27.005093386438368
Telangana,2018,Rural,Middle,33.6,74.7,-41.1,-39.899667689161554,-51.31390824042218,-51.885464590997685,10.213908240422178,10.785464590997684
Telangana,2018,Rural,Secondary,34.0,71.8,-37.8,-39.899667689161554,-43.498806199605866,-42.165128725070865,5.698806199605869,4.365128725070868
Telangana,2018,Rural,Higher Secondary,20.7,54.8,-34.099999999999994,-39.899667689161554,-41.46237762817729,-42.40961952707444,7.362377628177299,8.309619527074446
Telangana,2018,Rural,Diploma/ Certificate Course,0.0,84.3,-84.3,-39.899667689161554,-25.44988881776387,-32.44481856880256,-58.85011118223613,-51.85518143119744
Telangana,2018,Rural,Graduate,31.2,87.5,-56.3,-39.899667689161554,-41.65737762817729,-43.15051538068138,-14.64262237182271,-13.14948461931862
Telangana,2018,Rural,Post Graduate & Above,55.4,93.8,-38.4,-39.899667689161554,-29.630744975116055,-29.26350525435445,-8.769255024883943,-9.13649474564555
Telangana,2018,Urban,Not Literate,30.5,76.2,-45.7,-39.899667689161554,-45.780537200523455,-50.390865670649276,0.0805372005234517,4.6908656706492735
Telangana,2018,Urban,Literate & Upto Primary,23.6,85.0,-61.4,-39.899667689161554,-56.99982291480916,-61.45546811720025,-4.40017708519084,0.05546811720024891
Telangana,2018,Urban,Middle,18.6,70.5,-51.9,-39.899667689161554,-57.820843322972415,-57.94681563205557,5.9208433229724164,6.046815632055569
Telangana,2018,Urban,Secondary,14.8,72.8,-58.0,-39.899667689161554,-50.0057412821561,-48.70063735377572,-7.994258717843898,-9.299362646224282
Telangana,2018,Urban,Higher Secondary,10.6,55.3,-44.699999999999996,-39.899667689161554,-47.96931271072753,-43.21763279909416,3.269312710727533,-1.4823672009058342
Telangana,2018,Urban,Diploma/ Certificate Course,32.1,75.5,-43.4,-39.899667689161554,-31.956823900314113,-34.17910905101778,-11.443176099685886,-9.220890948982216
Telangana,2018,Urban,Graduate,36.0,75.1,-39.099999999999994,-39.899667689161554,-48.16431271072753,-42.54184073034183,9.064312710727535,3.4418407303418377
Telangana,2018,Urban,Post Graduate & Above,59.9,89.7,-29.800000000000004,-39.899667689161554,-36.137680057666294,-28.87051573505393,6.33768005766629,-0.9294842649460726
The Dadra and Nagar Haveli and Daman and Diu,2018,Rural,Not Literate,37.1,66.5,-29.4,-39.89038854805726,-39.31466607843865,-41.769606460453,9.91466607843865,12.369606460453
The Dadra and Nagar Haveli and Daman and Diu,2018,Rural,Literate & Upto Primary,34.05,82.1,-48.05,-39.89038854805726,-50.35854362945905,-51.245119338252394,2.3085436294590522,3.195119338252397
The Dadra and Nagar Haveli and Daman and Diu,2018,Rural,Middle,35.55,76.8,-41.25,-39.89038854805726,-51.374666078438636,-52.14849969462932,10.124666078438636,10.898499694629322
The Dadra and Nagar Haveli and Daman and Diu,2018,Rural,Secondary,18.25,86.05,-67.8,-39.89038854805726,-43.51772730292844,-41.311879259116765,-24.282272697071555,-26.488120740883232
The Dadra and Nagar Haveli and Daman and Diu,2018,Rural,Higher Secondary,47.75,82.2,-34.45,-39.89038854805726,-41.30670689476517,-42.587564882952286,6.856706894765168,8.137564882952283
The Dadra and Nagar Haveli and Daman and Diu,2018,Rural,Diploma/ Certificate Course,50.0,79.75,-29.75,-39.89038854805726,-26.284399581497734,-32.54450558879897,-3.465600418502266,2.7945055887989696
The Dadra and Nagar Haveli and Daman and Diu,2018,Rural,Graduate,50.0,99.4,-49.400000000000006,-39.89038854805726,-41.7656864866019,-43.06388588964181,-7.634313513398105,-6.336114110358196
The Dadra and Nagar Haveli and Daman and Diu,2018,Rural,Post Graduate & Above,0.0,50.0,-50.0,-39.89038854805726,-30.722217098846826,-30.548084475037925,-19.277782901153174,-19.451915524962075
The Dadra and Nagar Haveli and Daman and Diu,2018,Urban,Not Literate,31.1,93.25,-62.15,-39.89038854805726,-45.12660238473685,-49.79672456514617,-17.02339761526315,-12.353275434853828
The Dadra and Nagar Haveli and Daman and Diu,2018,Urban,Literate & Upto Primary,19.1,90.05,-70.94999999999999,-39.89038854805726,-56.17047993575725,-61.31415764126805,-14.779520064242739,-9.635842358731942
The Dadra and Nagar Haveli and Daman and Diu,2018,Urban,Middle,22.65,87.05,-64.4,-39.89038854805726,-57.18660238473684,-57.51796723890331,-7.213397615263169,-6.882032761096696
The Dadra and Nagar Haveli and Daman and Diu,2018,Urban,Secondary,6.0,85.05,-79.05,-39.89038854805726,-49.32966360922664,-48.52500187684503,-29.720336390773355,-30.524998123154965
The Dadra and Nagar Haveli and Daman and Diu,2018,Urban,Higher Secondary,11.65,87.25,-75.6,-39.89038854805726,-47.118643201063364,-42.26540495370243,-28.48135679893663,-33.334595046297565
The Dadra and Nagar Haveli and Daman and Diu,2018,Urban,Diploma/ Certificate Course,0.0,84.75,-84.75,-39.89038854805726,-32.09633588779593,-33.95214347598507,-52.65366411220407,-50.79785652401493
The Dadra and Nagar Haveli and Daman and Diu,2018,Urban,Graduate,20.7,99.95,-79.25,-39.89038854805726,-47.5776227929001,-41.77800166952094,-31.6723772070999,-37.47199833047906
The Dadra and Nagar Haveli and Daman and Diu,2018,Urban,Post Graduate & Above,50.0,84.55,-34.55,-39.89038854805726,-36.53415340514503,-29.283978852692112,1.9841534051450296,-5.266021147307885
Tripura,2018,Rural,Not Literate,12.2,62.8,-50.599999999999994,-39.95669734151329,-38.88298630899171,-41.150649421240296,-11.717013691008283,-9.449350578759699
Tripura,2018,Rural,Literate & Upto Primary,15.6,87.6,-72.0,-39.95669734151329,-49.99329243144069,-51.16210519698211,-22.006707568559307,-20.83789480301789
Tripura,2018,Rural,Middle,14.0,80.6,-66.6,-39.95669734151329,-50.878394472257014,-51.22813737456116,-15.72160552774298,-15.371862625438837
Tripura,2018,Rural,Secondary,17.7,57.6,-39.900000000000006,-39.95669734151329,-43.24737406409375,-42.18058357913668,3.347374064093742,2.2805835791366746
Tripura,2018,Rural,Higher Secondary,11.3,54.2,-42.900000000000006,-39.95669734151329,-41.196455696746796,-42.66255320753502,-1.70354430325321,-0.23744679246498634
Tripura,2018,Rural,Diploma/ Certificate Course,96.8,0.0,96.8,-39.95669734151329,-26.493462225716538,-33.11475189995392,123.29346222571654,129.91475189995393
Tripura,2018,Rural,Graduate,41.7,86.7,-45.0,-39.95669734151329,-41.6679863089917,-43.1520693194125,-3.3320136910082994,-1.8479306805875026
Tripura,2018,Rural,Post Graduate & Above,78.3,95.7,-17.400000000000006,-39.95669734151329,-30.120945492665186,-30.575782486306267,12.72094549266518,13.175782486306261
Tripura,2018,Urban,Not Literate,16.1,66.1,-49.99999999999999,-39.95669734151329,-45.48997809555123,-49.25220829279801,-4.510021904448763,-0.7477917072019835
Tripura,2018,Urban,Literate & Upto Primary,13.6,76.0,-62.4,-39.95669734151329,-56.60028421800021,-61.86225902837121,-5.799715781999787,-0.5377409716287858
Tripura,2018,Urban,Middle,14.4,74.0,-59.6,-39.95669734151329,-57.48538625881654,-57.728292158621514,-2.1146137411834616,-1.8717078413784876
Tripura,2018,Urban,Secondary,14.0,56.3,-42.3,-39.95669734151329,-49.85436585065327,-49.17465070726112,7.554365850653269,6.874650707261125
Tripura,2018,Urban,Higher Secondary,17.2,53.8,-36.599999999999994,-39.95669734151329,-47.803447483306314,-42.76628493868917,11.20344748330632,6.166284938689174
Tripura,2018,Urban,Diploma/ Certificate Course,0.0,100.0,-100.0,-39.95669734151329,-33.10045401227606,-34.88556798835547,-66.89954598772394,-65.11443201164454
Tripura,2018,Urban,Graduate,47.0,76.3,-29.299999999999997,-39.95669734151329,-48.27497809555122,-42.932131418174286,18.974978095551222,13.63213141817429
Tripura,2018,Urban,Post Graduate & Above,55.6,85.1,-29.499999999999993,-39.95669734151329,-36.727937279224705,-29.551081284411463,7.227937279224712,0.05108128441147031
Uttar Pradesh,2018,Rural,Not Literate,19.9,81.0,-61.1,-39.538139059304704,-38.34610923861242,-40.69879128715648,-22.75389076138758,-20.40120871284352
Uttar Pradesh,2018,Rural,Literate & Upto Primary,14.1,82.9,-68.80000000000001,-39.538139059304704,-49.62192556514304,-50.902333582114935,-19.178074434856974,-17.897666417885077
Uttar Pradesh,2018,Rural,Middle,9.1,75.8,-66.7,-39.538139059304704,-50.67845617738793,-51.13981991195094,-16.021543822612074,-15.560180088049066
Uttar Pradesh,2018,Rural,Secondary,7.3,63.0,-55.7,-39.538139059304704,-43.072741891673644,-41.910420258756076,-12.627258108326359,-13.789579741243926
Uttar Pradesh,2018,Rural,Higher Secondary,9.0,56.9,-47.9,-39.538139059304704,-40.995496993714454,-42.16169606428191,-6.904503006285545,-5.738303935718086
Uttar Pradesh,2018,Rural,Diploma/ Certificate Course,0.0,73.4,-73.4,-39.538139059304704,-26.094173542804832,-32.60747241455768,-47.305826457195174,-40.79252758544233
Uttar Pradesh,2018,Rural,Graduate,13.1,79.6,-66.5,-39.538139059304704,-41.05702760595935,-42.78323828654716,-25.442972394040652,-23.71676171345284
Uttar Pradesh,2018,Rural,Post Graduate & Above,20.0,85.1,-65.1,-39.538139059304704,-29.338966381469554,-29.14670378062698,-35.76103361853044,-35.953296219373016
Uttar Pradesh,2018,Urban,Not Literate,12.7,77.2,-64.5,-39.538139059304704,-44.99616451495568,-49.18762713747054,-19.50383548504432,-15.312372862529458
Uttar Pradesh,2018,Urban,Literate & Upto Primary,8.5,82.0,-73.5,-39.538139059304704,-56.27198084148628,-61.710467274663365,-17.228019158513717,-11.789532725336635
Uttar Pradesh,2018,Urban,Middle,6.5,74.3,-67.8,-39.538139059304704,-57.32851145373118,-57.58026010510662,-10.471488546268816,-10.21973989489338
Uttar Pradesh,2018,Urban,Secondary,3.3,59.6,-56.300000000000004,-39.538139059304704,-49.722797168016896,-48.229001864081006,-6.577202831983108,-8.070998135918998
Uttar Pradesh,2018,Urban,Higher Secondary,3.1,50.2,-47.1,-39.538139059304704,-47.645552270057706,-42.93458883678448,0.5455522700577049,-4.1654111632155235
Uttar Pradesh,2018,Urban,Diploma/ Certificate Course,24.8,90.9,-66.10000000000001,-39.538139059304704,-32.744228819148084,-34.69975148725978,-33.355771180851924,-31.400248512740227
Uttar Pradesh,2018,Urban,Graduate,11.2,75.9,-64.7,-39.538139059304704,-47.7070828823026,-42.20969192131321,-16.992917117697402,-22.490308078686795
Uttar Pradesh,2018,Urban,Post Graduate & Above,29.5,80.1,-50.599999999999994,-39.538139059304704,-35.989021657812806,-28.673366775166823,-14.610978342187188,-21.92663322483317
Uttarakhand,2018,Rural,Not Literate,21.2,74.4,-53.2,-39.766743353783234,-38.69424644940834,-41.137809085252364,-14.505753550591663,-12.062190914747639
Uttarakhand,2018,Rural,Literate & Upto Primary,18.9,86.4,-67.5,-39.766743353783234,-50.118226041245066,-50.36049486080397,-17.381773958754934,-17.139505139196032
Uttarakhand,2018,Rural,Middle,17.0,75.9,-58.900000000000006,-39.766743353783234,-51.26394032695934,-51.17766731016884,-7.636059673040663,-7.722332689831163
Uttarakhand,2018,Rural,Secondary,17.4,50.6,-33.2,-39.766743353783234,-43.55210359226548,-42.29500741911019,10.352103592265479,9.095007419110189
Uttarakhand,2018,Rural,Higher Secondary,15.9,65.1,-49.199999999999996,-39.766743353783234,-41.37200155144915,-42.2063957072516,-7.827998448550844,-6.993604292748394
Uttarakhand,2018,Rural,Diploma/ Certificate Course,5.4,71.4,-66.0,-39.766743353783234,-25.78890624491612,-32.44792057967494,-40.21109375508388,-33.55207942032506
Uttarakhand,2018,Rural,Graduate,40.8,86.2,-45.400000000000006,-39.766743353783234,-41.756593388183845,-42.837073196042645,-3.643406611816161,-2.5629268039573603
Uttarakhand,2018,Rural,Post Graduate & Above,54.2,99.5,-45.3,-39.766743353783234,-29.948532163694047,-29.415380215337127,-15.35146783630595,-15.88461978466287
Uttarakhand,2018,Urban,Not Literate,5.7,82.0,-76.3,-39.766743353783234,-45.03265093047598,-48.9591344773134,-31.267349069524016,-27.3408655226866
Uttarakhand,2018,Urban,Literate & Upto Primary,12.0,88.3,-76.3,-39.766743353783234,-56.45663052231271,-61.61673260799059,-19.84336947768729,-14.683267392009405
Uttarakhand,2018,Urban,Middle,6.8,76.2,-69.4,-39.766743353783234,-57.602344808026984,-57.65503414126738,-11.797655191973021,-11.744965858732627
Uttarakhand,2018,Urban,Secondary,7.5,49.9,-42.4,-39.766743353783234,-49.89050807333312,-48.870726203627626,7.490508073333125,6.470726203627628
Uttarakhand,2018,Urban,Higher Secondary,9.3,56.9,-47.599999999999994,-39.766743353783234,-47.710406032516794,-43.009086186943705,0.11040603251679926,-4.590913813056289
Uttarakhand,2018,Urban,Diploma/ Certificate Course,0.0,69.3,-69.3,-39.766743353783234,-32.12731072598376,-34.47281290196838,-37.172689274016236,-34.827187098031615
Uttarakhand,2018,Urban,Graduate,31.3,83.2,-51.900000000000006,-39.766743353783234,-48.094997869251486,-42.68505159424052,-3.8050021307485196,-9.214948405759486
Uttarakhand,2018,Urban,Post Graduate & Above,52.5,96.1,-43.599999999999994,-39.766743353783234,-36.28693664476169,-29.01718802334451,-7.313063355238306,-14.582811976655485
West Bengal,2018,Rural,Not Literate,24.9,81.8,-56.9,-39.757208588957056,-38.59499725065662,-41.1584704966288,-18.30500274934338,-15.741529503371197
West Bengal,2018,Rural,Literate & Upto Primary,24.9,92.0,-67.1,-39.757208588957056,-49.85836459759537,-51.23241095841063,-17.241635402404626,-15.867589041589362
West Bengal,2018,Rural,Middle,15.3,84.5,-69.2,-39.757208588957056,-50.76489520984027,-51.00648740220229,-18.435104790159734,-18.193512597797714
West Bengal,2018,Rural,Secondary,12.7,65.6,-52.89999999999999,-39.757208588957056,-43.08938500575864,-41.73527718056019,-9.810614994241348,-11.164722819439802
West Bengal,2018,Rural,Higher Secondary,13.8,68.5,-54.7,-39.757208588957056,-41.01030337310558,-42.081817306596996,-13.689696626894424,-12.618182693403007
West Bengal,2018,Rural,Diploma/ Certificate Course,31.3,56.1,-24.8,-39.757208588957056,-25.954378435726188,-32.87156594064436,1.154378435726187,8.071565940644359
West Bengal,2018,Rural,Graduate,25.8,87.2,-61.400000000000006,-39.757208588957056,-41.499793169023945,-42.82292817253986,-19.90020683097606,-18.577071827460145
West Bengal,2018,Rural,Post Graduate & Above,40.1,88.9,-48.800000000000004,-39.757208588957056,-29.859691128207622,-29.700351795289382,-18.940308871792382,-19.099648204710622
West Bengal,2018,Urban,Not Literate,29.2,80.9,-51.7,-39.757208588957056,-45.380074757951974,-50.642690306557164,-6.319925242048029,-1.0573096934428392
West Bengal,2018,Urban,Literate & Upto Primary,29.7,90.1,-60.39999999999999,-39.757208588957056,-56.643442104890724,-62.03400955253042,-3.7565578951092675,1.6340095525304292
West Bengal,2018,Urban,Middle,19.6,79.0,-59.4,-39.757208588957056,-57.54997271713563,-57.70744486657606,-1.8500272828643674,-1.6925551334239373
West Bengal,2018,Urban,Secondary,12.1,61.8,-49.699999999999996,-39.757208588957056,-49.874462513054006,-49.00753692270353,0.17446251305401006,-0.6924630772964662
West Bengal,2018,Urban,Higher Secondary,18.0,62.6,-44.6,-39.757208588957056,-47.79538088040094,-43.16075650629752,3.19538088040094,-1.4392434937024845
West Bengal,2018,Urban,Diploma/ Certificate Course,34.0,73.1,-39.099999999999994,-39.757208588957056,-32.73945594302155,-34.52083416034293,-6.360544056978448,-4.579165839657065
West Bengal,2018,Urban,Graduate,27.2,78.3,-51.099999999999994,-39.757208588957056,-48.284870676319315,-42.56873809042798,-2.8151293236806794,-8.531261909572017
West Bengal,2018,Urban,Post Graduate & Above,57.9,75.1,-17.199999999999996,-39.757208588957056,-36.644768635502984,-29.37554114617509,19.44476863550299,12.175541146175096
Andaman and Nicobar Islands,2017,Rural,Not Literate,19.2,64.3,-45.099999999999994,-40.10058793456033,-40.71070736066098,-42.43696334446725,-4.389292639339011,-2.6630366555327427
Andaman and Nicobar Islands,2017,Rural,Literate & Upto Primary,20.9,87.6,-66.69999999999999,-40.10058793456033,-52.052033891273226,-54.473636856257436,-14.647966108726763,-12.226363143742553
Andaman and Nicobar Islands,2017,Rural,Middle,11.4,88.2,-76.8,-40.10058793456033,-52.965503279028326,-54.26385034191144,-23.83449672097167,-22.536149658088554
Andaman and Nicobar Islands,2017,Rural,Secondary,26.6,52.9,-26.299999999999997,-40.10058793456033,-45.346319605558946,-42.855025059656896,19.04631960555895,16.5550250596569
Andaman and Nicobar Islands,2017,Rural,Higher Secondary,40.3,87.1,-46.8,-40.10058793456033,-43.398870625967106,-42.70124448517827,-3.401129374032891,-4.098755514821725
Andaman and Nicobar Islands,2017,Rural,Diploma/ Certificate Course,86.5,89.9,-3.4000000000000057,-40.10058793456033,-28.114177159043177,-32.9749057911927,24.71417715904317,29.57490579119269
Andaman and Nicobar Islands,2017,Rural,Graduate,42.5,88.1,-45.599999999999994,-40.10058793456033,-44.27774817698751,-44.54168881019555,-1.3222518230124862,-1.0583111898044422
Andaman and Nicobar Islands,2017,Rural,Post Graduate & Above,53.7,100.0,-46.3,-40.10058793456033,-32.648258381069134,-28.575798691170345,-13.651741618930863,-17.724201308829652
Andaman and Nicobar Islands,2017,Urban,Not Literate,25.5,55.6,-30.1,-40.10058793456033,-47.15850280105832,-51.38971570372136,17.058502801058317,21.289715703721356
Andaman and Nicobar Islands,2017,Urban,Literate & Upto Primary,17.4,84.9,-67.5,-40.10058793456033,-58.49982933167057,-63.289096430611416,-9.000170668329432,-4.210903569388584
Andaman and Nicobar Islands,2017,Urban,Middle,23.3,80.2,-56.900000000000006,-40.10058793456033,-59.41329871942567,-59.44092382728644,2.513298719425663,2.5409238272864343
Andaman and Nicobar Islands,2017,Urban,Secondary,32.3,63.0,-30.700000000000003,-40.10058793456033,-51.794115045956275,-49.025623463325786,21.094115045956272,18.325623463325783
Andaman and Nicobar Islands,2017,Urban,Higher Secondary,28.1,78.2,-50.1,-40.10058793456033,-49.84666606636444,-42.91523222449582,-0.25333393363555956,-7.184767775504184
Andaman and Nicobar Islands,2017,Urban,Diploma/ Certificate Course,45.6,82.6,-36.99999999999999,-40.10058793456033,-34.56197259944051,-34.59387261367345,-2.438027400559484,-2.4061273863265455
Andaman and Nicobar Islands,2017,Urban,Graduate,81.2,95.4,-14.200000000000003,-40.10058793456033,-50.725543617384844,-43.23553573173602,36.52554361738484,29.03553573173602
Andaman and Nicobar Islands,2017,Urban,Post Graduate & Above,90.6,84.4,6.199999999999989,-40.10058793456033,-39.09605382146647,-29.382379563230778,45.29605382146646,35.58237956323077
Andhra Pradesh,2017,Rural,Not Literate,55.4,79.1,-23.699999999999996,-40.0069018404908,-41.16329145009921,-41.454359904899526,17.463291450099213,17.75435990489953
Andhra Pradesh,2017,Rural,Literate & Upto Primary,50.3,88.1,-37.8,-40.0069018404908,-52.33563838887471,-56.549458089092084,14.535638388874716,18.749458089092087
Andhra Pradesh,2017,Rural,Middle,42.3,82.7,-40.400000000000006,-40.0069018404908,-53.19012818479309,-55.06849104753541,12.790128184793083,14.668491047535404
Andhra Pradesh,2017,Rural,Secondary,28.8,73.5,-44.7,-40.0069018404908,-45.48849553173186,-42.52126595065372,0.7884955317318543,-2.178734049346282
Andhra Pradesh,2017,Rural,Higher Secondary,20.9,58.9,-38.0,-40.0069018404908,-43.576352674589,-42.802052531954516,5.576352674589003,4.802052531954516
Andhra Pradesh,2017,Rural,Diploma/ Certificate Course,70.4,83.7,-13.299999999999997,-40.0069018404908,-27.95114304949146,-33.076945478215066,14.651143049491463,19.77694547821507
Andhra Pradesh,2017,Rural,Graduate,41.5,84.6,-43.099999999999994,-40.0069018404908,-43.71461798071144,-44.80427973216275,0.6146179807114436,1.7042797321627532
Andhra Pradesh,2017,Rural,Post Graduate & Above,93.4,92.2,1.2000000000000028,-40.0069018404908,-32.136760837854325,-29.623702322882565,33.33676083785433,30.823702322882568
Andhra Pradesh,2017,Urban,Not Literate,38.5,85.6,-47.099999999999994,-40.0069018404908,-47.69360876351769,-49.71486472824203,0.5936087635176932,2.6148647282420328
Andhra Pradesh,2017,Urban,Literate & Upto Primary,27.6,89.8,-62.199999999999996,-40.0069018404908,-58.86595570229319,-63.53786244316164,-3.3340442977068037,1.3378624431616473
Andhra Pradesh,2017,Urban,Middle,17.4,80.8,-63.4,-40.0069018404908,-59.720445498211575,-59.78095743462085,-3.6795545017884237,-3.6190425653791465
Andhra Pradesh,2017,Urban,Secondary,27.6,68.3,-40.699999999999996,-40.0069018404908,-52.018812845150336,-48.859361596419284,11.31881284515034,8.159361596419288
Andhra Pradesh,2017,Urban,Higher Secondary,9.6,47.4,-37.8,-40.0069018404908,-50.10666998800748,-43.38028890236275,12.306669988007485,5.580288902362753
Andhra Pradesh,2017,Urban,Diploma/ Certificate Course,59.7,89.2,-29.5,-40.0069018404908,-34.48146036290994,-34.712915819006355,4.981460362909942,5.212915819006355
Andhra Pradesh,2017,Urban,Graduate,42.5,85.1,-42.599999999999994,-40.0069018404908,-50.24493529412992,-42.32066189190927,7.6449352941299225,-0.2793381080907267
Andhra Pradesh,2017,Urban,Post Graduate & Above,54.5,88.1,-33.599999999999994,-40.0069018404908,-38.667078151272804,-28.5804327737609,5.06707815127281,-5.019567226239094
Arunachal Pradesh,2017,Rural,Not Literate,16.8,91.9,-75.10000000000001,-40.20352760736196,-40.34449426622432,-40.75196052531986,-34.75550573377569,-34.34803947468015
Arunachal Pradesh,2017,Rural,Literate & Upto Primary,17.4,91.6,-74.19999999999999,-40.20352760736196,-51.657045286632474,-54.51005989314019,-22.542954713367514,-19.6899401068598
Arunachal Pradesh,2017,Rural,Middle,12.3,61.9,-49.599999999999994,-40.20352760736196,-53.00194324581614,-54.77381482839022,3.401943245816149,5.173814828390228
Arunachal Pradesh,2017,Rural,Secondary,8.9,41.3,-32.4,-40.20352760736196,-45.353575898877374,-42.70226472925849,12.953575898877375,10.30226472925849
Arunachal Pradesh,2017,Rural,Higher Secondary,17.6,57.1,-39.5,-40.20352760736196,-43.355718756020224,-43.112858693183284,3.8557187560202237,3.6128586931832842
Arunachal Pradesh,2017,Rural,Diploma/ Certificate Course,0.0,0.0,0.0,-40.20352760736196,-28.44983323883544,-33.05733449767952,28.44983323883544,33.05733449767952
Arunachal Pradesh,2017,Rural,Graduate,42.8,88.8,-46.0,-40.20352760736196,-44.028882021326346,-44.35401995918134,-1.9711179786736537,-1.6459800408186567
Arunachal Pradesh,2017,Rural,Post Graduate & Above,100.0,88.6,11.400000000000006,-40.20352760736196,-32.42326977642839,-30.058637775004904,43.8232697764284,41.45863777500491
Arunachal Pradesh,2017,Urban,Not Literate,3.1,81.3,-78.2,-40.20352760736196,-46.85889627476924,-49.17599856967711,-31.34110372523076,-29.02400143032289
Arunachal Pradesh,2017,Urban,Literate & Upto Primary,8.1,89.2,-81.10000000000001,-40.20352760736196,-58.1714472951774,-63.4126698626156,-22.928552704822607,-17.687330137384407
Arunachal Pradesh,2017,Urban,Middle,5.1,68.5,-63.4,-40.20352760736196,-59.51634525436107,-59.55129576452915,-3.8836547456389283,-3.848704235470848
Arunachal Pradesh,2017,Urban,Secondary,7.3,52.7,-45.400000000000006,-40.20352760736196,-51.8679779074223,-49.028160643732384,6.467977907422295,3.628160643732379
Arunachal Pradesh,2017,Urban,Higher Secondary,24.0,56.5,-32.5,-40.20352760736196,-49.87012076456515,-42.85708740062715,17.37012076456515,10.357087400627151
Arunachal Pradesh,2017,Urban,Diploma/ Certificate Course,100.0,100.0,0.0,-40.20352760736196,-34.964235247380365,-35.06708801949995,34.964235247380365,35.06708801949995
Arunachal Pradesh,2017,Urban,Graduate,42.2,78.4,-36.2,-40.20352760736196,-50.54328402987127,-42.9357693550079,14.34328402987127,6.735769355007896
Arunachal Pradesh,2017,Urban,Post Graduate & Above,81.1,83.4,-2.3000000000000114,-40.20352760736196,-38.93767178497332,-29.416963280454855,36.63767178497331,27.116963280454843
Assam,2017,Rural,Not Literate,13.1,81.5,-68.4,-39.86255112474437,-40.23994812557197,-41.221093453165615,-28.160051874428035,-27.17890654683439
Assam,2017,Rural,Literate & Upto Primary,9.1,91.6,-82.5,-39.86255112474437,-51.37739710516382,-53.93205730668278,-31.122602894836177,-28.56794269331722
Assam,2017,Rural,Middle,10.1,83.0,-72.9,-39.86255112474437,-52.45780526842913,-54.428822401415914,-20.44219473157088,-18.47117759858409
Assam,2017,Rural,Secondary,11.8,63.6,-51.8,-39.86255112474437,-44.98229506434749,-42.319714943753254,-6.8177049356525075,-9.480285056246743
Assam,2017,Rural,Higher Secondary,19.5,68.1,-48.599999999999994,-39.86255112474437,-42.917295064347485,-43.06653414058791,-5.6827049356525094,-5.5334658594120825
Assam,2017,Rural,Diploma/ Certificate Course,100.0,73.4,26.599999999999994,-39.86255112474437,-28.526507892335776,-33.38950508417441,55.126507892335766,59.989505084174404
Assam,2017,Rural,Graduate,38.3,86.1,-47.8,-39.86255112474437,-43.43719302353115,-43.99725893686048,-4.362806976468846,-3.802741063139514
Assam,2017,Rural,Post Graduate & Above,28.3,78.2,-49.900000000000006,-39.86255112474437,-31.88790730924546,-28.319134698574214,-18.012092690754546,-21.580865301425792
Assam,2017,Urban,Not Literate,14.9,76.8,-61.9,-39.86255112474437,-46.96191091558479,-49.94258060965315,-14.93808908441521,-11.95741939034685
Assam,2017,Urban,Literate & Upto Primary,7.7,88.5,-80.8,-39.86255112474437,-58.09935989517663,-63.337301025479455,-22.700640104823364,-17.462698974520542
Assam,2017,Urban,Middle,9.3,78.9,-69.60000000000001,-39.86255112474437,-59.17976805844194,-59.53647432890674,-10.420231941558072,-10.063525671093267
Assam,2017,Urban,Secondary,7.8,65.1,-57.3,-39.86255112474437,-51.70425785436031,-48.76487154301676,-5.59574214563969,-8.535128456983237
Assam,2017,Urban,Higher Secondary,16.2,53.2,-37.0,-39.86255112474437,-49.639257854360295,-43.165526984373564,12.639257854360295,6.165526984373564
Assam,2017,Urban,Diploma/ Certificate Course,54.8,75.4,-20.60000000000001,-39.86255112474437,-35.24847068234859,-35.431903493425956,14.64847068234858,14.831903493425948
Assam,2017,Urban,Graduate,34.2,86.1,-51.89999999999999,-39.86255112474437,-50.15915581354397,-42.55515031850153,-1.7408441864560231,-9.34484968149846
Assam,2017,Urban,Post Graduate & Above,58.8,82.3,-23.5,-39.86255112474437,-38.60987009925827,-28.530937492730732,15.109870099258274,5.030937492730732
Bihar,2017,Rural,Not Literate,4.9,85.5,-80.6,-39.58849693251534,-39.80258992169189,-40.84477692171745,-40.797410078308104,-39.75522307828255
Bihar,2017,Rural,Literate & Upto Primary,1.5,77.7,-76.2,-39.58849693251534,-51.14289604414088,-53.94304296941956,-25.05710395585912,-22.256957030580445
Bihar,2017,Rural,Middle,1.2,63.2,-62.0,-39.58849693251534,-52.477794003324554,-54.5311830220576,-9.522205996675446,-7.468816977942403
Bihar,2017,Rural,Secondary,2.7,50.7,-48.0,-39.58849693251534,-44.945549105365366,-42.45819998012674,-3.054450894634634,-5.541800019873257
Bihar,2017,Rural,Higher Secondary,8.1,51.0,-42.9,-39.58849693251534,-42.96442665638577,-42.94390043046058,0.06442665638576983,0.043900430460581674
Bihar,2017,Rural,Diploma/ Certificate Course,0.0,29.9,-29.9,-39.58849693251534,-28.27027439588396,-32.66959301170748,-1.6297256041160395,2.769593011707478
Bihar,2017,Rural,Graduate,10.9,80.1,-69.19999999999999,-39.58849693251534,-42.923304207406176,-43.743797754854526,-26.276695792593813,-25.456202245145462
Bihar,2017,Rural,Post Graduate & Above,14.8,62.9,-48.099999999999994,-39.58849693251534,-31.400753186998024,-28.14816280748228,-16.69924681300197,-19.951837192517715
Bihar,2017,Urban,Not Literate,5.7,88.3,-82.6,-39.58849693251534,-46.64481435567768,-49.534225639304445,-35.95518564432231,-33.06577436069555
Bihar,2017,Urban,Literate & Upto Primary,4.8,82.2,-77.4,-39.58849693251534,-57.985120478126674,-63.5320915067855,-19.41487952187333,-13.867908493214507
Bihar,2017,Urban,Middle,3.2,64.0,-60.8,-39.58849693251534,-59.32001843731035,-59.79165652216492,-1.4799815626896446,-1.0083434778350764
Bihar,2017,Urban,Secondary,2.1,54.9,-52.8,-39.58849693251534,-51.787773539351164,-48.963105169344985,-1.012226460648833,-3.8368948306550124
Bihar,2017,Urban,Higher Secondary,4.2,44.2,-40.0,-39.58849693251534,-49.80665109037157,-42.902770558516124,9.806651090371567,2.9027705585161243
Bihar,2017,Urban,Diploma/ Certificate Course,72.2,49.7,22.5,-39.58849693251534,-35.11249882986976,-35.07554963715857,57.61249882986976,57.57554963715857
Bihar,2017,Urban,Graduate,17.8,70.8,-53.0,-39.58849693251534,-49.765528641391974,-42.28281711168634,-3.234471358608026,-10.717182888313658
Bihar,2017,Urban,Post Graduate & Above,28.2,80.5,-52.3,-39.58849693251534,-38.24297762098382,-28.13139202355133,-14.057022379016175,-24.168607976448666
Chandigarh,2017,Rural,Not Literate,0.0,27.6,-27.6,-39.647499999999994,-40.56408917923358,-41.732826596427294,12.964089179233575,14.132826596427293
Chandigarh,2017,Rural,Literate & Upto Primary,15.3,99.1,-83.8,-39.647499999999994,-51.35909936253297,-54.78927031455762,-32.440900637467024,-29.010729685442378
Chandigarh,2017,Rural,Middle,29.4,77.9,-48.50000000000001,-39.647499999999994,-52.356248038704045,-54.99998397253225,3.856248038704038,6.499983972532242
Chandigarh,2017,Rural,Secondary,32.4,47.6,-15.200000000000003,-39.647499999999994,-44.85747003463072,-43.317533748687744,29.65747003463072,28.11753374868774
Chandigarh,2017,Rural,Higher Secondary,3.5,91.7,-88.2,-39.647499999999994,-42.6496288941012,-41.82786055393792,-45.550371105898805,-46.372139446062086
Chandigarh,2017,Rural,Diploma/ Certificate Course,0.0,78.5,-78.5,-39.647499999999994,-27.61531076619235,-32.20006119271202,-50.88468923380765,-46.29993880728798
Chandigarh,2017,Rural,Graduate,12.5,86.9,-74.4,-39.647499999999994,-43.16011769247187,-43.445231081110016,-31.239882307528134,-30.95476891888999
Chandigarh,2017,Rural,Post Graduate & Above,34.9,100.0,-65.1,-39.647499999999994,-31.310321358459653,-27.883197537910615,-33.78967864154034,-37.216802462089376
Chandigarh,2017,Urban,Not Literate,20.1,70.0,-49.9,-39.647499999999994,-47.501652889733066,-50.575797233776115,-2.3983471102669327,0.675797233776116
Chandigarh,2017,Urban,Literate & Upto Primary,22.0,86.2,-64.2,-39.647499999999994,-58.29666307303247,-63.43979238524561,-5.903336926967533,-0.7602076147543926
Chandigarh,2017,Urban,Middle,24.5,79.8,-55.3,-39.647499999999994,-59.293811749203535,-59.704920327576716,3.9938117492035374,4.404920327576718
Chandigarh,2017,Urban,Secondary,8.3,73.3,-65.0,-39.647499999999994,-51.79503374513022,-48.68780345711328,-13.204966254869781,-16.312196542886717
Chandigarh,2017,Urban,Higher Secondary,19.8,75.2,-55.400000000000006,-39.647499999999994,-49.58719260460069,-43.328319027602866,-5.812807395399318,-12.07168097239714
Chandigarh,2017,Urban,Diploma/ Certificate Course,49.3,91.1,-41.8,-39.647499999999994,-34.55287447669184,-34.80697253469972,-7.247125523308156,-6.99302746530028
Chandigarh,2017,Urban,Graduate,38.3,79.3,-41.0,-39.647499999999994,-50.09768140297136,-42.73358624029361,9.09768140297136,1.7335862402936115
Chandigarh,2017,Urban,Post Graduate & Above,42.4,81.2,-38.800000000000004,-39.647499999999994,-38.24788506895914,-27.751053708818212,-0.5521149310408617,-11.048946291181792
Chhattisgarh,2017,Rural,Not Literate,65.5,75.0,-9.5,-40.028604294478534,-41.42729940440322,-42.24941453098705,31.92729940440322,32.74941453098705
Chhattisgarh,2017,Rural,Literate & Upto Primary,60.1,95.4,-35.300000000000004,-40.028604294478534,-52.644544302362405,-55.558266775585984,17.3445443023624,20.25826677558598
Chhattisgarh,2017,Rural,Middle,47.7,84.4,-36.7,-40.028604294478534,-53.365360628893036,-55.32340214132426,16.665360628893033,18.623402141324256
Chhattisgarh,2017,Rural,Secondary,24.1,59.8,-35.699999999999996,-40.028604294478534,-45.590462669709346,-42.856858773407964,9.89046266970935,7.1568587734079685
Chhattisgarh,2017,Rural,Higher Secondary,27.5,60.6,-33.1,-40.028604294478534,-43.30505450644404,-42.463504351398896,10.205054506444036,9.363504351398895
Chhattisgarh,2017,Rural,Diploma/ Certificate Course,43.6,94.0,-50.4,-40.028604294478534,-27.891342438115736,-32.90529499901395,-22.508657561884263,-17.494705000986052
Chhattisgarh,2017,Rural,Graduate,49.3,86.6,-37.3,-40.028604294478534,-43.72209532277056,-44.787837942077054,6.422095322770566,7.487837942077057
Chhattisgarh,2017,Rural,Post Graduate & Above,65.8,100.0,-34.2,-40.028604294478534,-32.06566675134201,-28.561284570386594,-2.1343332486579953,-5.638715429613409
Chhattisgarh,2017,Urban,Not Literate,35.3,73.3,-38.0,-40.028604294478534,-47.70183418311268,-50.4488253650556,9.70183418311268,12.448825365055598
Chhattisgarh,2017,Urban,Literate & Upto Primary,39.0,89.3,-50.3,-40.028604294478534,-58.919079081071864,-63.363714767575765,8.619079081071867,13.063714767575767
Chhattisgarh,2017,Urban,Middle,19.8,75.0,-55.2,-40.028604294478534,-59.639895407602495,-59.79798375880468,4.439895407602492,4.597983758804681
Chhattisgarh,2017,Urban,Secondary,13.6,60.7,-47.1,-40.028604294478534,-51.864997448418805,-49.07373040255711,4.764997448418804,1.9737304025571092
Chhattisgarh,2017,Urban,Higher Secondary,19.6,69.6,-49.99999999999999,-40.028604294478534,-49.579589285153496,-43.463339267976046,-0.42041071484649706,-6.536660732023947
Chhattisgarh,2017,Urban,Diploma/ Certificate Course,83.6,79.0,4.599999999999994,-40.028604294478534,-34.165877216825194,-34.56923896662046,38.76587721682519,39.169238966620455
Chhattisgarh,2017,Urban,Graduate,47.1,90.3,-43.199999999999996,-40.028604294478534,-49.99663010148002,-42.44006244029437,6.7966301014800266,-0.7599375597056266
Chhattisgarh,2017,Urban,Post Graduate & Above,55.8,92.6,-36.8,-40.028604294478534,-38.34020153005146,-28.360025006622507,1.540201530051462,-8.43997499337749
Delhi,2017,Rural,Not Literate,0.9,100.0,-99.1,-39.5120654396728,-40.21675452904468,-40.587299167862625,-58.883245470955316,-58.51270083213737
Delhi,2017,Rural,Literate & Upto Primary,2.9,99.0,-96.1,-39.5120654396728,-51.06787697802425,-52.92598771103362,-45.03212302197574,-43.174012288966374
Delhi,2017,Rural,Middle,0.0,86.5,-86.5,-39.5120654396728,-52.40440759026916,-53.828116210634654,-34.09559240973084,-32.671883789365346
Delhi,2017,Rural,Secondary,9.5,75.3,-65.8,-39.5120654396728,-44.84359126373855,-42.128968792624015,-20.956408736261444,-23.671031207375982
Delhi,2017,Rural,Higher Secondary,0.0,61.1,-61.1,-39.5120654396728,-42.60165248822834,-42.48834741410892,-18.498347511771662,-18.61165258589108
Delhi,2017,Rural,Diploma/ Certificate Course,0.0,0.0,0.0,-39.5120654396728,-28.276718393866304,-33.00398735335359,28.276718393866304,33.00398735335359
Delhi,2017,Rural,Graduate,0.0,82.6,-82.6,-39.5120654396728,-43.2276728963916,-43.67092829154467,-39.37232710360839,-38.929071708455325
Delhi,2017,Rural,Post Graduate & Above,0.0,0.0,0.0,-39.5120654396728,-31.15736677394262,-28.8237377484786,31.15736677394262,28.8237377484786
Delhi,2017,Urban,Not Literate,14.6,80.4,-65.80000000000001,-39.5120654396728,-47.23825184015543,-49.79096083679462,-18.561748159844583,-16.009039163205394
Delhi,2017,Urban,Literate & Upto Primary,15.5,81.8,-66.3,-39.5120654396728,-58.08937428913501,-63.95681514644908,-8.210625710864988,-2.343184853550916
Delhi,2017,Urban,Middle,3.8,79.9,-76.10000000000001,-39.5120654396728,-59.425904901379916,-59.45036646469641,-16.674095098620093,-16.6496335353036
Delhi,2017,Urban,Secondary,4.1,71.0,-66.9,-39.5120654396728,-51.86508857484931,-49.16178910506043,-15.034911425150696,-17.738210894939577
Delhi,2017,Urban,Higher Secondary,12.3,60.6,-48.3,-39.5120654396728,-49.623149799339096,-42.45709896656589,1.3231497993390988,-5.84290103343411
Delhi,2017,Urban,Diploma/ Certificate Course,100.0,91.5,8.5,-39.5120654396728,-35.29821570497705,-35.41088130183479,43.79821570497705,43.91088130183479
Delhi,2017,Urban,Graduate,24.5,73.8,-49.3,-39.5120654396728,-50.24917020750236,-42.46451095510961,0.9491702075023625,-6.835489044890387
Delhi,2017,Urban,Post Graduate & Above,37.3,86.4,-49.10000000000001,-39.5120654396728,-38.17886408505338,-28.52602550571991,-10.921135914946632,-20.573974494280098
Goa,2017,Rural,Not Literate,31.6,58.8,-27.199999999999996,-40.07438650306749,-41.14913439358324,-42.394622488028475,13.949134393583243,15.194622488028479
Goa,2017,Rural,Literate & Upto Primary,9.5,62.4,-52.9,-40.07438650306749,-52.244134393583224,-54.377448191355114,-0.6558656064167749,1.4774481913551156
Goa,2017,Rural,Middle,41.4,87.8,-46.4,-40.07438650306749,-52.92862418950159,-55.15936497253226,6.528624189501592,8.75936497253226
Goa,2017,Rural,Secondary,19.7,57.2,-37.5,-40.07438650306749,-45.27086908746078,-42.643880794528606,7.770869087460781,5.143880794528606
Goa,2017,Rural,Higher Secondary,20.7,85.1,-64.39999999999999,-40.07438650306749,-43.22852214868527,-42.86057199780941,-21.17147785131472,-21.539428002190583
Goa,2017,Rural,Diploma/ Certificate Course,67.3,100.0,-32.7,-40.07438650306749,-28.15223585952171,-32.91776706193459,-4.547764140478293,0.2177670619345875
Goa,2017,Rural,Graduate,44.0,97.5,-53.5,-40.07438650306749,-43.86127725072608,-43.93263588674047,-9.638722749273917,-9.56736411325953
Goa,2017,Rural,Post Graduate & Above,100.0,90.6,9.400000000000006,-40.07438650306749,-32.80280786297097,-30.282574442491352,42.20280786297098,39.68257444249136
Goa,2017,Urban,Not Literate,16.6,38.1,-21.5,-40.07438650306749,-47.81333294145229,-50.348900625635,26.313332941452288,28.848900625634997
Goa,2017,Urban,Literate & Upto Primary,22.6,68.2,-45.6,-40.07438650306749,-58.90833294145227,-63.88108352043458,13.30833294145227,18.281083520434578
Goa,2017,Urban,Middle,15.7,55.4,-39.7,-40.07438650306749,-59.59282273737063,-60.15610225218869,19.89282273737063,20.456102252188685
Goa,2017,Urban,Secondary,12.1,61.1,-49.0,-40.07438650306749,-51.93506763532983,-49.36231050981254,2.9350676353298297,0.3623105098125379
Goa,2017,Urban,Higher Secondary,47.8,60.2,-12.400000000000006,-40.07438650306749,-49.89272069655431,-43.45675816223098,37.49272069655431,31.056758162230977
Goa,2017,Urban,Diploma/ Certificate Course,16.4,100.0,-83.6,-40.07438650306749,-34.81643440739076,-34.64413690829851,-48.783565592609236,-48.95586309170148
Goa,2017,Urban,Graduate,57.3,80.1,-22.799999999999997,-40.07438650306749,-50.525475798595124,-43.14139265588401,27.725475798595127,20.341392655884015
Goa,2017,Urban,Post Graduate & Above,76.5,95.5,-19.0,-40.07438650306749,-39.467006410840014,-29.178101927633953,20.467006410840014,10.178101927633953
Gujarat,2017,Rural,Not Literate,25.9,75.8,-49.9,-39.76339468302658,-40.76600655355949,-40.96688500349026,-9.133993446440506,-8.933114996509737
Gujarat,2017,Rural,Literate & Upto Primary,24.7,87.7,-63.0,-39.76339468302658,-51.88304736988604,-54.455989971454265,-11.116952630113957,-8.544010028545735
Gujarat,2017,Rural,Middle,17.9,83.3,-65.4,-39.76339468302658,-52.797333084171754,-54.38599073742727,-12.602666915828252,-11.014009262572735
Gujarat,2017,Rural,Secondary,16.9,75.0,-58.1,-39.76339468302658,-45.024475941314606,-42.20622156458381,-13.075524058685396,-15.893778435416195
Gujarat,2017,Rural,Higher Secondary,12.5,60.9,-48.4,-39.76339468302658,-43.018047369886034,-42.5508605568805,-5.381952630113965,-5.849139443119498
Gujarat,2017,Rural,Diploma/ Certificate Course,10.1,78.2,-68.10000000000001,-39.76339468302658,-27.762882503134485,-32.366966206850975,-40.337117496865524,-35.73303379314903
Gujarat,2017,Rural,Graduate,24.6,77.5,-52.9,-39.76339468302658,-43.330598390294185,-43.83190020904568,-9.569401609705814,-9.06809979095432
Gujarat,2017,Rural,Post Graduate & Above,65.4,73.9,-8.5,-39.76339468302658,-31.589884104579916,-29.244355458073837,23.089884104579916,20.744355458073837
Gujarat,2017,Urban,Not Literate,13.5,65.7,-52.2,-39.76339468302658,-47.16352024460521,-50.2293018632881,-5.036479755394794,-1.9706981367119027
Gujarat,2017,Urban,Literate & Upto Primary,19.2,83.3,-64.1,-39.76339468302658,-58.280561060931745,-63.8052946437124,-5.819438939068249,-0.29470535628759364
Gujarat,2017,Urban,Middle,11.5,82.6,-71.1,-39.76339468302658,-59.19484677521746,-59.54633695051054,-11.905153224782538,-11.553663049489451
Gujarat,2017,Urban,Secondary,11.4,72.3,-60.9,-39.76339468302658,-51.42198963236031,-48.72730269942705,-9.47801036763969,-12.172697300572949
Gujarat,2017,Urban,Higher Secondary,9.4,61.8,-52.4,-39.76339468302658,-49.415561060931736,-42.78244233779875,-2.984438939068262,-9.61755766220125
Gujarat,2017,Urban,Diploma/ Certificate Course,37.2,78.0,-40.8,-39.76339468302658,-34.160396194180194,-34.509046389985954,-6.639603805819803,-6.290953610014043
Gujarat,2017,Urban,Graduate,25.3,79.1,-53.8,-39.76339468302658,-49.7281120813399,-42.351724289766054,-4.071887918660096,-11.448275710233943
Gujarat,2017,Urban,Post Graduate & Above,39.5,91.4,-51.900000000000006,-39.76339468302658,-37.987397795625625,-28.18510062342893,-13.91260220437438,-23.714899376571076
Haryana,2017,Rural,Not Literate,11.8,72.9,-61.10000000000001,-39.56909509202455,-40.50710815623262,-40.84696420283894,-20.59289184376739,-20.25303579716107
Haryana,2017,Rural,Literate & Upto Primary,18.0,88.0,-70.0,-39.56909509202455,-51.551699992967315,-54.59753066008824,-18.448300007032685,-15.402469339911761
Haryana,2017,Rural,Middle,13.7,67.0,-53.3,-39.56909509202455,-52.70129182970201,-54.55049901961047,-0.5987081702979893,1.2504990196104728
Haryana,2017,Rural,Secondary,12.6,69.0,-56.4,-39.56909509202455,-44.877822441946904,-42.11224851242153,-11.522177558053095,-14.287751487578468
Haryana,2017,Rural,Higher Secondary,13.7,66.5,-52.8,-39.56909509202455,-42.752822441946904,-42.16308992706436,-10.047177558053093,-10.636910072935635
Haryana,2017,Rural,Diploma/ Certificate Course,1.3,75.9,-74.60000000000001,-39.56909509202455,-27.412626162227834,-32.252437880457954,-47.18737383777217,-42.347562119542054
Haryana,2017,Rural,Graduate,28.4,89.6,-61.199999999999996,-39.56909509202455,-43.2074142786816,-44.094741423150055,-17.9925857213184,-17.10525857684994
Haryana,2017,Rural,Post Graduate & Above,51.3,97.5,-46.2,-39.56909509202455,-31.49404693174283,-28.36050368229419,-14.705953068257173,-17.839496317705812
Haryana,2017,Urban,Not Literate,13.0,72.1,-59.099999999999994,-39.56909509202455,-47.26201826743457,-50.16425501157613,-11.837981732565424,-8.935744988423863
Haryana,2017,Urban,Literate & Upto Primary,15.2,88.0,-72.8,-39.56909509202455,-58.30661010416927,-63.8459304392364,-14.493389895830724,-8.9540695607636
Haryana,2017,Urban,Middle,8.4,77.5,-69.1,-39.56909509202455,-59.456201940903966,-59.57909253409867,-9.643798059096028,-9.520907465901324
Haryana,2017,Urban,Secondary,8.2,66.1,-57.89999999999999,-39.56909509202455,-51.632732553148855,-49.09294369637182,-6.267267446851136,-8.807056303628173
Haryana,2017,Urban,Higher Secondary,5.6,65.3,-59.699999999999996,-39.56909509202455,-49.507732553148855,-42.82816422254094,-10.19226744685114,-16.871835777459054
Haryana,2017,Urban,Diploma/ Certificate Course,29.3,68.4,-39.10000000000001,-39.56909509202455,-34.16753627342979,-34.5448460965708,-4.932463726570219,-4.555153903429208
Haryana,2017,Urban,Graduate,17.8,80.7,-62.900000000000006,-39.56909509202455,-49.96232438988355,-42.02146676107077,-12.937675610116457,-20.878533238929236
Haryana,2017,Urban,Post Graduate & Above,38.0,88.4,-50.400000000000006,-39.56909509202455,-38.24895704294478,-28.013479859545146,-12.151042957055225,-22.38652014045486
Himachal Pradesh,2017,Rural,Not Literate,40.7,61.5,-20.799999999999997,-40.32487218813906,-41.431427742733106,-42.39886613998678,20.63142774273311,21.598866139986782
Himachal Pradesh,2017,Rural,Literate & Upto Primary,67.1,86.1,-19.0,-40.32487218813906,-52.89581549783516,-56.28963720094575,33.89581549783516,37.28963720094575
Himachal Pradesh,2017,Rural,Middle,56.5,75.8,-19.299999999999997,-40.32487218813906,-53.79357059987596,-55.424487177164536,34.493570599875966,36.12448717716454
Himachal Pradesh,2017,Rural,Secondary,49.7,72.1,-22.39999999999999,-40.32487218813906,-46.031529783549445,-42.90347768026954,23.631529783549453,20.503477680269548
Himachal Pradesh,2017,Rural,Higher Secondary,48.6,73.6,-24.999999999999993,-40.32487218813906,-43.753264477426995,-43.15376830468017,18.753264477427003,18.153768304680177
Himachal Pradesh,2017,Rural,Diploma/ Certificate Course,64.8,95.2,-30.400000000000006,-40.32487218813906,-28.49794562554012,-33.246525961397204,-1.9020543744598868,2.846525961397198
Himachal Pradesh,2017,Rural,Graduate,46.0,79.9,-33.900000000000006,-40.32487218813906,-44.16152978354944,-44.39733500612039,10.261529783549435,10.497335006120387
Himachal Pradesh,2017,Rural,Post Graduate & Above,59.4,94.7,-35.300000000000004,-40.32487218813906,-32.61224406926374,-29.026711434029263,-2.687755930736266,-6.273288565970741
Himachal Pradesh,2017,Urban,Not Literate,27.4,70.4,-43.00000000000001,-40.32487218813906,-47.417435917058796,-50.81404561337687,4.417435917058789,7.814045613376862
Himachal Pradesh,2017,Urban,Literate & Upto Primary,22.2,95.0,-72.8,-40.32487218813906,-58.881823672160856,-63.6059296361874,-13.918176327839141,-9.1940703638126
Himachal Pradesh,2017,Urban,Middle,23.5,73.2,-49.7,-40.32487218813906,-59.77957877420165,-60.08443865784939,10.07957877420165,10.384438657849387
Himachal Pradesh,2017,Urban,Secondary,13.9,69.5,-55.6,-40.32487218813906,-52.017537957875135,-49.31120562080191,-3.5824620421248667,-6.2887943791980945
Himachal Pradesh,2017,Urban,Higher Secondary,22.0,70.1,-48.099999999999994,-40.32487218813906,-49.739272651752685,-42.915424381304014,1.639272651752691,-5.18457561869598
Himachal Pradesh,2017,Urban,Diploma/ Certificate Course,61.8,68.2,-6.400000000000006,-40.32487218813906,-34.483953799865816,-34.70371210457921,28.08395379986581,28.303712104579205
Himachal Pradesh,2017,Urban,Graduate,23.6,82.2,-58.6,-40.32487218813906,-50.14753795787513,-42.373482803342725,-8.452462042124871,-16.226517196657277
Himachal Pradesh,2017,Urban,Post Graduate & Above,44.4,75.0,-30.6,-40.32487218813906,-38.59825224358943,-28.94447765479752,7.998252243589427,-1.6555223452024812
Jammu and Kashmir,2017,Rural,Not Literate,35.5,85.2,-49.7,-40.06929959100205,-40.91740067942787,-41.71275695290952,-8.782599320572132,-7.98724304709048
Jammu and Kashmir,2017,Rural,Literate & Upto Primary,45.4,90.5,-45.1,-40.06929959100205,-52.10076802636663,-55.34854706493097,7.000768026366629,10.248547064930968
Jammu and Kashmir,2017,Rural,Middle,27.2,80.1,-52.89999999999999,-40.06929959100205,-53.10587006718296,-54.89021213511649,0.20587006718297118,1.9902121351165007
Jammu and Kashmir,2017,Rural,Secondary,18.0,64.3,-46.3,-40.06929959100205,-45.42158435289724,-42.56461629767431,-0.8784156471027558,-3.7353837023256844
Jammu and Kashmir,2017,Rural,Higher Secondary,22.7,62.1,-39.400000000000006,-40.06929959100205,-43.31903333248908,-43.1717645348076,3.9190333324890716,3.7717645348075948
Jammu and Kashmir,2017,Rural,Diploma/ Certificate Course,69.8,82.4,-12.600000000000009,-40.06929959100205,-28.15896968529978,-32.96761039723078,15.558969685299772,20.36761039723077
Jammu and Kashmir,2017,Rural,Graduate,46.7,74.1,-27.39999999999999,-40.06929959100205,-43.977706801876835,-44.76847572284131,16.577706801876843,17.368475722841318
Jammu and Kashmir,2017,Rural,Post Graduate & Above,70.1,100.0,-29.900000000000006,-40.06929959100205,-32.43923741412174,-29.050022264573617,2.539237414121736,-0.8499777354263891
Jammu and Kashmir,2017,Urban,Not Literate,14.0,77.4,-63.400000000000006,-40.06929959100205,-47.30717482479412,-50.45991651854142,-16.09282517520589,-12.940083481458586
Jammu and Kashmir,2017,Urban,Literate & Upto Primary,13.3,88.2,-74.9,-40.06929959100205,-58.49054217173288,-63.38051166986649,-16.409457828267122,-11.519488330133512
Jammu and Kashmir,2017,Urban,Middle,17.3,76.8,-59.5,-40.06929959100205,-59.49564421254922,-59.77439670307172,-0.004355787450776916,0.2743967030717229
Jammu and Kashmir,2017,Urban,Secondary,14.0,57.9,-43.9,-40.06929959100205,-51.811358498263495,-48.997440634047145,7.911358498263496,5.097440634047146
Jammu and Kashmir,2017,Urban,Higher Secondary,18.3,65.3,-47.0,-40.06929959100205,-49.70880747785533,-42.59265687250143,2.7088074778553306,-4.407343127498571
Jammu and Kashmir,2017,Urban,Diploma/ Certificate Course,75.9,68.9,7.0,-40.06929959100205,-34.54874383066603,-34.7411981648742,41.54874383066603,41.7411981648742
Jammu and Kashmir,2017,Urban,Graduate,36.2,78.8,-42.599999999999994,-40.06929959100205,-50.36748094724308,-42.74612813807874,7.767480947243087,0.14612813807874403
Jammu and Kashmir,2017,Urban,Post Graduate & Above,72.2,84.8,-12.599999999999994,-40.06929959100205,-38.829011559487995,-29.148108838037285,26.229011559488,16.54810883803729
Jharkhand,2017,Rural,Not Literate,17.9,77.8,-59.9,-39.69248466257669,-40.81528544508926,-41.07677567367321,-19.08471455491074,-18.823224326326788
Jharkhand,2017,Rural,Literate & Upto Primary,13.9,90.8,-76.89999999999999,-39.69248466257669,-52.10375483284436,-53.9143244013219,-24.796245167155632,-22.985675598678093
Jharkhand,2017,Rural,Middle,14.6,72.6,-57.99999999999999,-39.69248466257669,-53.09334666957906,-54.42621709095098,-4.90665333042093,-3.573782909049015
Jharkhand,2017,Rural,Secondary,12.1,65.7,-53.6,-39.69248466257669,-45.2666119757015,-42.318277856073344,-8.3333880242985,-11.281722143926658
Jharkhand,2017,Rural,Higher Secondary,9.0,58.9,-49.9,-39.69248466257669,-43.21202013896681,-42.820976547561614,-6.687979861033192,-7.079023452438385
Jharkhand,2017,Rural,Diploma/ Certificate Course,65.0,81.7,-16.700000000000003,-39.69248466257669,-27.204455157239728,-32.25461161894112,10.504455157239725,15.554611618941117
Jharkhand,2017,Rural,Graduate,16.0,81.6,-65.6,-39.69248466257669,-43.54538748590558,-44.06789964627736,-22.054612514094416,-21.532100353722633
Jharkhand,2017,Rural,Post Graduate & Above,14.8,95.4,-80.60000000000001,-39.69248466257669,-31.587938506313737,-27.362498889001923,-49.012061493686275,-53.23750111099808
Jharkhand,2017,Urban,Not Literate,20.1,69.2,-49.1,-39.69248466257669,-47.291508799114084,-50.613401106107325,-1.8084912008859177,1.5134011061073238
Jharkhand,2017,Urban,Literate & Upto Primary,11.6,81.2,-69.60000000000001,-39.69248466257669,-58.579978186869184,-63.04359625562268,-11.020021813130825,-6.556403744377327
Jharkhand,2017,Urban,Middle,7.7,68.1,-60.39999999999999,-39.69248466257669,-59.56957002360389,-59.74313634621587,-0.830429976396104,-0.6568636537841215
Jharkhand,2017,Urban,Secondary,4.6,55.3,-50.699999999999996,-39.69248466257669,-51.742835329726326,-48.98348780580342,1.04283532972633,-1.716512194196575
Jharkhand,2017,Urban,Higher Secondary,8.5,52.0,-43.5,-39.69248466257669,-49.68824349299164,-42.82809441123375,6.188243492991639,-0.6719055887662506
Jharkhand,2017,Urban,Diploma/ Certificate Course,0.0,58.2,-58.2,-39.69248466257669,-33.68067851126455,-34.42826071956264,-24.51932148873545,-23.771739280437366
Jharkhand,2017,Urban,Graduate,22.8,77.6,-54.8,-39.69248466257669,-50.0216108399304,-42.097582575316146,-4.778389160069594,-12.702417424683851
Jharkhand,2017,Urban,Post Graduate & Above,47.3,94.9,-47.60000000000001,-39.69248466257669,-38.064161860338565,-28.107273590664654,-9.535838139661443,-19.492726409335354
Karnataka,2017,Rural,Not Literate,32.4,83.5,-51.1,-39.81150306748467,-40.85622878928128,-41.82770816732644,-10.24377121071872,-9.27229183267356
Karnataka,2017,Rural,Literate & Upto Primary,40.8,94.5,-53.7,-39.81150306748467,-52.033881850505765,-55.33942778443318,-1.6661181494942383,1.639427784433174
Karnataka,2017,Rural,Middle,16.0,77.0,-61.0,-39.81150306748467,-52.924902258669036,-54.562050638718915,-8.075097741330964,-6.437949361281085
Karnataka,2017,Rural,Secondary,19.6,77.3,-57.699999999999996,-39.81150306748467,-45.05531042193435,-41.98747677941619,-12.644689578065645,-15.712523220583805
Karnataka,2017,Rural,Higher Secondary,7.3,61.6,-54.300000000000004,-39.81150306748467,-42.96602470764864,-42.69094063185731,-11.333975292351361,-11.609059368142695
Karnataka,2017,Rural,Diploma/ Certificate Course,41.0,86.5,-45.5,-39.81150306748467,-27.57917750196563,-32.25951847347346,-17.92082249803437,-13.240481526526537
Karnataka,2017,Rural,Graduate,43.1,82.2,-39.1,-39.81150306748467,-43.37612674846496,-44.03044712662072,4.276126748464961,4.93044712662072
Karnataka,2017,Rural,Post Graduate & Above,82.5,96.8,-14.299999999999997,-39.81150306748467,-31.786636952546587,-29.07940086674804,17.48663695254659,14.779400866748041
Karnataka,2017,Urban,Not Literate,26.5,72.7,-46.2,-39.81150306748467,-47.56461584726641,-50.15683071174006,1.364615847266407,3.9568307117400536
Karnataka,2017,Urban,Literate & Upto Primary,25.1,84.0,-58.9,-39.81150306748467,-58.7422689084909,-64.14203619594845,-0.15773109150909903,5.242036195948451
Karnataka,2017,Urban,Middle,19.8,72.8,-53.0,-39.81150306748467,-59.63328931665416,-59.88678134811025,6.633289316654157,6.886781348110247
Karnataka,2017,Urban,Secondary,13.9,68.7,-54.800000000000004,-39.81150306748467,-51.76369747991948,-48.78434672455717,-3.0363025200805254,-6.015653275442837
Karnataka,2017,Urban,Higher Secondary,10.8,60.6,-49.8,-39.81150306748467,-49.674411765633764,-42.5464014324483,-0.12558823436623356,-7.253598567551698
Karnataka,2017,Urban,Diploma/ Certificate Course,47.2,78.8,-31.599999999999994,-39.81150306748467,-34.28756455995075,-34.322937256457365,2.687564559950758,2.722937256457371
Karnataka,2017,Urban,Graduate,33.4,80.1,-46.699999999999996,-39.81150306748467,-50.08451380645009,-42.39803807871559,3.3845138064500944,-4.301961921284409
Karnataka,2017,Urban,Post Graduate & Above,48.7,85.2,-36.5,-39.81150306748467,-38.49502401053171,-28.455457574305036,1.9950240105317079,-8.044542425694964
Kerala,2017,Rural,Not Literate,18.0,39.2,-21.200000000000003,-40.14302147239264,-41.19304053024743,-42.48505297821524,19.993040530247427,21.28505297821524
Kerala,2017,Rural,Literate & Upto Primary,17.9,63.2,-45.300000000000004,-40.14302147239264,-52.33620379555356,-55.004499985791306,7.036203795553554,9.704499985791301
Kerala,2017,Rural,Middle,22.9,80.1,-57.199999999999996,-40.14302147239264,-53.03926502004336,-54.62224799704949,-4.160734979956636,-2.577752002950504
Kerala,2017,Rural,Secondary,19.5,70.6,-51.099999999999994,-40.14302147239264,-45.41416297922703,-42.384626248736495,-5.685837020772965,-8.715373751263499
Kerala,2017,Rural,Higher Secondary,21.2,53.8,-32.599999999999994,-40.14302147239264,-43.43569359147193,-43.02759164448174,10.835693591471937,10.427591644481744
Kerala,2017,Rural,Diploma/ Certificate Course,53.1,86.1,-32.99999999999999,-40.14302147239264,-27.866127624239958,-32.80087107842412,-5.133872375760035,-0.1991289215758698
Kerala,2017,Rural,Graduate,47.0,78.3,-31.299999999999997,-40.14302147239264,-44.02334665269642,-44.70213264119745,12.72334665269642,13.402132641197454
Kerala,2017,Rural,Post Graduate & Above,75.1,89.8,-14.700000000000003,-40.14302147239264,-32.43385685677804,-29.51986028009854,17.73385685677804,14.819860280098538
Kerala,2017,Urban,Not Literate,10.3,48.3,-38.0,-40.14302147239264,-47.856780579447815,-50.67754041537861,9.856780579447815,12.677540415378608
Kerala,2017,Urban,Literate & Upto Primary,18.7,60.6,-41.900000000000006,-40.14302147239264,-58.99994384475393,-64.65879197252931,17.099943844753923,22.75879197252931
Kerala,2017,Urban,Middle,20.1,79.6,-59.49999999999999,-40.14302147239264,-59.70300506924373,-59.49975946554875,0.20300506924373707,-0.00024053445124394557
Kerala,2017,Urban,Secondary,20.1,63.1,-43.0,-40.14302147239264,-52.07790302842741,-48.88308587778233,9.077903028427407,5.883085877782328
Kerala,2017,Urban,Higher Secondary,20.5,50.6,-30.1,-40.14302147239264,-50.0994336406723,-43.63329425513835,19.9994336406723,13.533294255138351
Kerala,2017,Urban,Diploma/ Certificate Course,52.2,85.0,-32.8,-40.14302147239264,-34.529867673440336,-35.0422621130994,1.7298676734403386,2.2422621130994003
Kerala,2017,Urban,Graduate,49.2,75.1,-25.89999999999999,-40.14302147239264,-50.68708670189679,-42.923368912513475,24.787086701896797,17.023368912513483
Kerala,2017,Urban,Post Graduate & Above,73.2,78.6,-5.3999999999999915,-40.14302147239264,-39.09759690597842,-28.516192627970316,33.69759690597843,23.116192627970324
Ladakh,2017,Rural,Not Literate,35.5,85.2,-49.7,-40.36160531697342,-40.92625415163138,-41.66873657498563,-8.77374584836862,-8.031263425014373
Ladakh,2017,Rural,Literate & Upto Primary,45.4,90.5,-45.1,-40.36160531697342,-52.03002966183546,-55.15711537865274,6.930029661835455,10.057115378652739
Ladakh,2017,Rural,Middle,27.2,80.1,-52.89999999999999,-40.36160531697342,-52.85186639652933,-54.707208892200164,-0.04813360347066009,1.8072088922001726
Ladakh,2017,Rural,Secondary,18.0,64.3,-46.3,-40.36160531697342,-45.31656027408036,-42.58361221900677,-0.9834397259196379,-3.71638778099323
Ladakh,2017,Rural,Higher Secondary,22.7,62.1,-39.400000000000006,-40.36160531697342,-43.27196843734566,-42.89572611261571,3.8719684373456573,3.4957261126157064
Ladakh,2017,Rural,Diploma/ Certificate Course,69.8,82.4,-12.600000000000009,-40.36160531697342,-28.354692537045935,-33.13639101193421,15.754692537045926,20.5363910119342
Ladakh,2017,Rural,Graduate,46.7,74.1,-27.39999999999999,-40.36160531697342,-44.078601090406885,-44.14170848084597,16.678601090406893,16.74170848084598
Ladakh,2017,Rural,Post Graduate & Above,70.1,100.0,-29.900000000000006,-40.36160531697342,-32.14237660061096,-28.3064466524111,2.242376600610953,-1.5935533475889052
Ladakh,2017,Urban,Not Literate,14.0,77.4,-63.400000000000006,-40.36160531697342,-47.58263634494443,-50.29583051615376,-15.817363655055573,-13.104169483846249
Ladakh,2017,Urban,Literate & Upto Primary,13.3,88.2,-74.9,-40.36160531697342,-58.686411855148506,-63.73808583526204,-16.2135881448515,-11.161914164737965
Ladakh,2017,Urban,Middle,17.3,76.8,-59.5,-40.36160531697342,-59.50824858984238,-59.7674494268873,0.008248589842381193,0.26744942688730333
Ladakh,2017,Urban,Secondary,14.0,57.9,-43.9,-40.36160531697342,-51.97294246739341,-48.847639096660096,8.07294246739341,4.947639096660097
Ladakh,2017,Urban,Higher Secondary,18.3,65.3,-47.0,-40.36160531697342,-49.92835063065871,-43.001309948007346,2.928350630658713,-3.9986900519926536
Ladakh,2017,Urban,Diploma/ Certificate Course,75.9,68.9,7.0,-40.36160531697342,-35.011074730358985,-35.08500559683101,42.011074730358985,42.08500559683101
Ladakh,2017,Urban,Graduate,36.2,78.8,-42.599999999999994,-40.36160531697342,-50.734983283719934,-42.98150741507204,8.13498328371994,0.38150741507204344
Ladakh,2017,Urban,Post Graduate & Above,72.2,84.8,-12.599999999999994,-40.36160531697342,-38.79875879392401,-28.97057126708008,26.198758793924014,16.370571267080084
Lakshadweep,2017,Rural,Not Literate,0.0,0.0,0.0,-39.90754089979551,-41.25958850190534,-42.511274500968526,41.25958850190534,42.511274500968526
Lakshadweep,2017,Rural,Literate & Upto Primary,2.8,69.8,-67.0,-39.90754089979551,-51.56030278761963,-54.068138579075786,-15.439697212380374,-12.931861420924214
Lakshadweep,2017,Rural,Middle,2.4,94.0,-91.6,-39.90754089979551,-52.54989462435433,-53.93334034030594,-39.050105375645664,-37.666659659694055
Lakshadweep,2017,Rural,Secondary,27.6,59.7,-32.1,-39.90754089979551,-44.89213952231351,-42.915555103452284,12.792139522313505,10.815555103452283
Lakshadweep,2017,Rural,Higher Secondary,17.1,89.2,-72.1,-39.90754089979551,-42.49775176721146,-42.450960035919046,-29.602248232788533,-29.64903996408095
Lakshadweep,2017,Rural,Diploma/ Certificate Course,19.1,79.3,-60.199999999999996,-39.90754089979551,-28.172121249410807,-33.18088803049445,-32.02787875058919,-27.019111969505545
Lakshadweep,2017,Rural,Graduate,11.5,100.0,-88.5,-39.90754089979551,-44.15969054272166,-43.89477376257369,-44.34030945727834,-44.60522623742631
Lakshadweep,2017,Rural,Post Graduate & Above,100.0,100.0,0.0,-39.90754089979551,-32.22652727741554,-29.033152025119154,32.22652727741554,29.033152025119154
Lakshadweep,2017,Urban,Not Literate,0.0,48.7,-48.7,-39.90754089979551,-48.37765643848397,-51.44301208411008,-0.3223435615160355,2.7430120841100774
Lakshadweep,2017,Urban,Literate & Upto Primary,0.0,76.1,-76.1,-39.90754089979551,-58.678370724198246,-63.7274977668779,-17.42162927580175,-12.372502233122091
Lakshadweep,2017,Urban,Middle,2.5,58.5,-56.0,-39.90754089979551,-59.66796256093295,-59.66239619134497,3.667962560932949,3.6623961913449676
Lakshadweep,2017,Urban,Secondary,23.5,62.2,-38.7,-39.90754089979551,-52.010207458892125,-49.427619599771255,13.310207458892123,10.727619599771252
Lakshadweep,2017,Urban,Higher Secondary,39.1,87.6,-48.49999999999999,-39.90754089979551,-49.61581970379008,-42.670846328720636,1.1158197037900877,-5.829153671279357
Lakshadweep,2017,Urban,Diploma/ Certificate Course,93.2,100.0,-6.799999999999997,-39.90754089979551,-35.29018918598943,-35.408108186895475,28.490189185989436,28.60810818689548
Lakshadweep,2017,Urban,Graduate,91.6,86.6,5.0,-39.90754089979551,-51.27775847930028,-43.80298740976082,56.27775847930028,48.80298740976082
Lakshadweep,2017,Urban,Post Graduate & Above,100.0,53.7,46.3,-39.90754089979551,-39.34459521399417,-29.95822338579689,85.64459521399417,76.2582233857969
Madhya Pradesh,2017,Rural,Not Literate,48.0,86.9,-38.900000000000006,-39.759560327198365,-40.93889798160069,-41.43854572898176,2.038897981600684,2.5385457289817523
Madhya Pradesh,2017,Rural,Literate & Upto Primary,35.5,93.4,-57.900000000000006,-39.759560327198365,-52.001244920376195,-54.76672470485979,-5.898755079623811,-3.1332752951402156
Madhya Pradesh,2017,Rural,Middle,19.5,81.0,-61.5,-39.759560327198365,-52.86859185915171,-54.63019954357207,-8.631408140848293,-6.869800456427932
Madhya Pradesh,2017,Rural,Secondary,12.0,64.9,-52.900000000000006,-39.759560327198365,-45.17940818568232,-42.28700098019395,-7.720591814317686,-10.612999019806054
Madhya Pradesh,2017,Rural,Higher Secondary,15.3,59.8,-44.5,-39.759560327198365,-43.05481634894763,-42.603897224903726,-1.4451836510523677,-1.8961027750962742
Madhya Pradesh,2017,Rural,Diploma/ Certificate Course,71.8,68.3,3.5,-39.759560327198365,-28.31755769498303,-32.93916808111889,31.81755769498303,36.43916808111889
Madhya Pradesh,2017,Rural,Graduate,17.0,82.9,-65.9,-39.759560327198365,-43.22532655302926,-43.97052443887014,-22.674673446970743,-21.929475561129863
Madhya Pradesh,2017,Rural,Post Graduate & Above,29.5,99.7,-70.2,-39.759560327198365,-31.29787757343741,-27.783533196732787,-38.90212242656259,-42.41646680326721
Madhya Pradesh,2017,Urban,Not Literate,27.1,78.1,-50.99999999999999,-39.759560327198365,-47.53804035624322,-50.57688308333953,-3.461959643756771,-0.4231169166604616
Madhya Pradesh,2017,Urban,Literate & Upto Primary,22.1,87.6,-65.5,-39.759560327198365,-58.600387295018734,-64.43189038995348,-6.899612704981266,-1.0681096100465197
Madhya Pradesh,2017,Urban,Middle,14.2,78.3,-64.1,-39.759560327198365,-59.46773423379423,-59.55139959302191,-4.632265766205762,-4.548600406978082
Madhya Pradesh,2017,Urban,Secondary,11.2,64.7,-53.5,-39.759560327198365,-51.77855056032486,-48.95129598663,-1.7214494396751405,-4.548704013369999
Madhya Pradesh,2017,Urban,Higher Secondary,11.8,55.9,-44.099999999999994,-39.759560327198365,-49.653958723590165,-42.97390849761208,5.553958723590171,-1.126091502387915
Madhya Pradesh,2017,Urban,Diploma/ Certificate Course,66.8,69.5,-2.700000000000003,-39.759560327198365,-34.91670006962556,-35.20237737531408,32.21670006962556,32.502377375314076
Madhya Pradesh,2017,Urban,Graduate,26.9,84.0,-57.1,-39.759560327198365,-49.82446892767179,-42.20330350114813,-7.275531072328214,-14.896696498851874
Madhya Pradesh,2017,Urban,Post Graduate & Above,41.8,90.3,-48.5,-39.759560327198365,-37.897019948079944,-28.04963573613622,-10.602980051920056,-20.45036426386378
Maharashtra,2017,Rural,Not Literate,39.9,73.1,-33.199999999999996,-39.90828220858896,-41.00108205730824,-42.20648378732922,7.801082057308243,9.006483787329223
Maharashtra,2017,Rural,Literate & Upto Primary,47.8,87.4,-39.60000000000001,-39.90828220858896,-52.32995960832865,-55.59805148665805,12.729959608328642,15.998051486658042
Maharashtra,2017,Rural,Middle,38.9,77.3,-38.4,-39.90828220858896,-53.25077593485925,-55.14819092894532,14.85077593485925,16.74819092894532
Maharashtra,2017,Rural,Secondary,33.7,68.0,-34.3,-39.90828220858896,-45.4336330777164,-42.613184962388694,11.133633077716404,8.313184962388696
Maharashtra,2017,Rural,Higher Secondary,20.6,68.0,-47.4,-39.90828220858896,-43.17230654710416,-42.54568928070556,-4.227693452895842,-4.854310719294439
Maharashtra,2017,Rural,Diploma/ Certificate Course,35.5,77.4,-41.900000000000006,-39.90828220858896,-27.91258002470449,-32.58843197720064,-13.987419975295516,-9.311568022799364
Maharashtra,2017,Rural,Graduate,27.3,83.4,-56.10000000000001,-39.90828220858896,-43.587918792002114,-43.65823250807198,-12.512081207997895,-12.441767491928026
Maharashtra,2017,Rural,Post Graduate & Above,39.8,88.1,-48.3,-39.90828220858896,-31.746388179757222,-28.122755033098088,-16.553611820242775,-20.17724496690191
Maharashtra,2017,Urban,Not Literate,23.6,72.3,-48.699999999999996,-39.90828220858896,-47.50164184285212,-49.821847924691454,-1.1983581571478723,1.1218479246914583
Maharashtra,2017,Urban,Literate & Upto Primary,21.1,80.4,-59.300000000000004,-39.90828220858896,-58.83051939387254,-64.17312589919803,-0.4694806061274619,4.873125899198023
Maharashtra,2017,Urban,Middle,18.1,78.4,-60.300000000000004,-39.90828220858896,-59.751335720403134,-59.74924847864616,-0.5486642795968706,-0.5507515213538454
Maharashtra,2017,Urban,Secondary,11.5,66.5,-55.0,-39.90828220858896,-51.93419286326029,-48.73331905948139,-3.065807136739707,-6.2666809405186115
Maharashtra,2017,Urban,Higher Secondary,14.2,62.6,-48.400000000000006,-39.90828220858896,-49.67286633264804,-42.89762294785169,1.2728663326480358,-5.502377052148319
Maharashtra,2017,Urban,Diploma/ Certificate Course,32.9,69.7,-36.800000000000004,-39.90828220858896,-34.41313981024838,-34.74151809562461,-2.386860189751623,-2.058481904375391
Maharashtra,2017,Urban,Graduate,31.6,83.0,-51.4,-39.90828220858896,-50.088478577546006,-42.738408523025136,-1.3115214224539926,-8.661591476974863
Maharashtra,2017,Urban,Post Graduate & Above,45.1,80.3,-35.199999999999996,-39.90828220858896,-38.24694796530111,-28.271837124133217,3.046947965301115,-6.928162875866779
Manipur,2017,Rural,Not Literate,20.1,67.8,-47.699999999999996,-40.26620654396728,-40.68805030070203,-42.433779002017225,-7.011949699297965,-5.266220997982771
Manipur,2017,Rural,Literate & Upto Primary,21.1,83.9,-62.800000000000004,-40.26620654396728,-51.80060132111021,-54.014503732678655,-10.999398678889797,-8.78549626732135
Manipur,2017,Rural,Middle,15.5,75.5,-60.0,-40.26620654396728,-52.73182581090613,-54.44958675869287,-7.26817418909387,-5.550413241307133
Manipur,2017,Rural,Secondary,17.6,60.5,-42.9,-40.26620654396728,-45.1871319333551,-42.72166775962501,2.2871319333550986,-0.17833224037499207
Manipur,2017,Rural,Higher Secondary,27.0,67.7,-40.7,-40.26620654396728,-42.918866627232646,-42.562497727605006,2.218866627232643,1.8624977276050032
Manipur,2017,Rural,Diploma/ Certificate Course,0.0,100.0,-100.0,-40.26620654396728,-28.462974540015516,-33.13491495582968,-71.53702545998448,-66.86508504417031
Manipur,2017,Rural,Graduate,62.7,86.1,-23.39999999999999,-40.26620654396728,-43.567540096620405,-44.64509565749295,20.167540096620414,21.24509565749296
Manipur,2017,Rural,Post Graduate & Above,96.8,91.1,5.700000000000003,-40.26620654396728,-32.159682953763266,-29.76106009034706,37.85968295376327,35.46106009034706
Manipur,2017,Urban,Not Literate,17.5,63.2,-45.7,-40.26620654396728,-47.61970214190752,-50.67465133154441,1.9197021419075142,4.974651331544408
Manipur,2017,Urban,Literate & Upto Primary,30.7,75.9,-45.2,-40.26620654396728,-58.732253162315686,-64.3346198101069,13.532253162315683,19.134619810106898
Manipur,2017,Urban,Middle,17.2,68.3,-51.099999999999994,-40.26620654396728,-59.66347765211162,-60.225875882117236,8.563477652111622,9.125875882117242
Manipur,2017,Urban,Secondary,18.6,56.4,-37.8,-40.26620654396728,-52.11878377456058,-49.75147321835293,14.318783774560586,11.95147321835293
Manipur,2017,Urban,Higher Secondary,21.7,61.5,-39.8,-40.26620654396728,-49.85051846843813,-43.51754222196662,10.050518468438135,3.7175422219666245
Manipur,2017,Urban,Diploma/ Certificate Course,90.6,75.2,15.399999999999991,-40.26620654396728,-35.394626381220995,-35.19546025423038,50.794626381220986,50.595460254230375
Manipur,2017,Urban,Graduate,45.5,81.3,-35.8,-40.26620654396728,-50.499191937825884,-42.73795134432996,14.699191937825887,6.93795134432996
Manipur,2017,Urban,Post Graduate & Above,63.6,86.0,-22.4,-40.26620654396728,-39.091334794968745,-28.9109612109673,16.691334794968746,6.510961210967302
Meghalaya,2017,Rural,Not Literate,59.0,90.3,-31.299999999999997,-40.526738241308784,-41.113606803734314,-42.825360624885356,9.813606803734316,11.525360624885359
Meghalaya,2017,Rural,Literate & Upto Primary,70.6,90.5,-19.900000000000006,-40.526738241308784,-52.60044353842821,-55.282845655025596,32.7004435384282,35.38284565502559
Meghalaya,2017,Rural,Middle,46.9,73.6,-26.699999999999996,-40.526738241308784,-53.650647620060866,-55.52576859713155,26.95064762006087,28.825768597131557
Meghalaya,2017,Rural,Secondary,30.7,54.2,-23.500000000000004,-40.526738241308784,-45.90799455883638,-43.1594360120996,22.407994558836375,19.659436012099594
Meghalaya,2017,Rural,Higher Secondary,41.2,64.7,-23.5,-40.526738241308784,-43.8115659874078,-43.34797059744062,20.311565987407803,19.84797059744062
Meghalaya,2017,Rural,Diploma/ Certificate Course,100.0,0.0,100.0,-40.526738241308784,-28.785429166482263,-33.90738588237488,128.78542916648226,133.90738588237488
Meghalaya,2017,Rural,Graduate,88.8,95.5,-6.700000000000003,-40.526738241308784,-44.591463946591475,-45.05298590305673,37.89146394659147,38.35298590305673
Meghalaya,2017,Rural,Post Graduate & Above,75.8,100.0,-24.200000000000003,-40.526738241308784,-33.115239456795564,-29.35228448804692,8.915239456795561,5.1522844880469165
Meghalaya,2017,Urban,Not Literate,27.0,100.0,-73.0,-40.526738241308784,-47.30579255406583,-50.19496781085506,-25.69420744593417,-22.80503218914494
Meghalaya,2017,Urban,Literate & Upto Primary,30.4,85.3,-54.9,-40.526738241308784,-58.79262928875973,-64.32731521798647,3.8926292887597285,9.427315217986468
Meghalaya,2017,Urban,Middle,17.1,70.4,-53.300000000000004,-40.526738241308784,-59.842833370392384,-60.037883433752114,6.54283337039238,6.73788343375211
Meghalaya,2017,Urban,Secondary,10.2,46.4,-36.2,-40.526738241308784,-52.1001803091679,-49.42717261736128,15.900180309167894,13.227172617361276
Meghalaya,2017,Urban,Higher Secondary,26.5,52.3,-25.799999999999997,-40.526738241308784,-50.00375173773932,-43.61761810073557,24.203751737739324,17.817618100735572
Meghalaya,2017,Urban,Diploma/ Certificate Course,100.0,100.0,0.0,-40.526738241308784,-34.97761491681378,-35.31158467274624,34.97761491681378,35.31158467274624
Meghalaya,2017,Urban,Graduate,70.6,79.7,-9.100000000000009,-40.526738241308784,-50.783649696922986,-43.511875050003376,41.68364969692298,34.41187505000337
Meghalaya,2017,Urban,Post Graduate & Above,72.7,84.3,-11.599999999999994,-40.526738241308784,-39.30742520712708,-29.341409739204394,27.707425207127088,17.7414097392044
Mizoram,2017,Rural,Not Literate,21.6,66.1,-44.49999999999999,-40.35442229038855,-40.77165526422379,-42.12039718177719,-3.7283447357762043,-2.3796028182228
Mizoram,2017,Rural,Literate & Upto Primary,27.2,84.1,-56.89999999999999,-40.35442229038855,-52.35685934585643,-55.18457139821027,-4.5431406541435635,-1.715428601789725
Mizoram,2017,Rural,Middle,29.0,81.3,-52.3,-40.35442229038855,-53.11175730504009,-54.6252388231764,0.8117573050400964,2.325238823176406
Mizoram,2017,Rural,Secondary,16.9,65.5,-48.6,-40.35442229038855,-45.58277771320337,-42.57117260925607,-3.017222286796631,-6.028827390743935
Mizoram,2017,Rural,Higher Secondary,34.2,63.9,-29.699999999999996,-40.35442229038855,-43.499002202999286,-43.12735279224706,13.79900220299929,13.427352792247063
Mizoram,2017,Rural,Diploma/ Certificate Course,0.0,57.6,-57.6,-40.35442229038855,-28.551273381088283,-33.49938500674728,-29.04872661891172,-24.10061499325272
Mizoram,2017,Rural,Graduate,82.2,89.6,-7.3999999999999915,-40.35442229038855,-43.88910424381561,-45.67437365884268,36.48910424381562,38.27437365884269
Mizoram,2017,Rural,Post Graduate & Above,100.0,91.5,8.5,-40.35442229038855,-31.560634856060517,-29.2379122725487,40.06063485606052,37.7379122725487
Mizoram,2017,Urban,Not Literate,19.6,12.8,6.800000000000001,-40.35442229038855,-47.87981950921581,-52.398125514013195,54.679819509215804,59.1981255140132
Mizoram,2017,Urban,Literate & Upto Primary,24.1,67.0,-42.9,-40.35442229038855,-59.46502359084844,-64.04441246916718,16.56502359084844,21.144412469167186
Mizoram,2017,Urban,Middle,23.2,74.9,-51.7,-40.35442229038855,-60.219921550032105,-59.93168467979951,8.519921550032102,8.231684679799507
Mizoram,2017,Urban,Secondary,25.7,59.3,-33.599999999999994,-40.35442229038855,-52.69094195819539,-49.622390133932804,19.090941958195394,16.02239013393281
Mizoram,2017,Urban,Higher Secondary,25.6,52.9,-27.299999999999997,-40.35442229038855,-50.607166447991304,-43.44238726792898,23.307166447991307,16.14238726792898
Mizoram,2017,Urban,Diploma/ Certificate Course,100.0,100.0,0.0,-40.35442229038855,-35.6594376260803,-35.815685990539514,35.6594376260803,35.815685990539514
Mizoram,2017,Urban,Graduate,67.7,82.4,-14.700000000000003,-40.35442229038855,-50.99726848880763,-43.25818131304075,36.297268488807624,28.55818131304075
Mizoram,2017,Urban,Post Graduate & Above,91.0,80.1,10.900000000000006,-40.35442229038855,-38.66879910105253,-29.713575352866815,49.568799101052534,40.61357535286682
Nagaland,2017,Rural,Not Literate,11.5,85.7,-74.2,-40.31935071574642,-40.67359082367873,-40.81706959618224,-33.52640917632127,-33.38293040381776
Nagaland,2017,Rural,Literate & Upto Primary,8.8,67.5,-58.7,-40.31935071574642,-52.338998986944034,-54.81560231796723,-6.361001013055969,-3.8843976820327697
Nagaland,2017,Rural,Middle,9.2,65.6,-56.39999999999999,-40.31935071574642,-53.06430510939301,-54.65934842227981,-3.3356948906069803,-1.740651577720179
Nagaland,2017,Rural,Secondary,12.9,51.4,-38.5,-40.31935071574642,-45.34736633388281,-42.42703763497092,6.84736633388281,3.9270376349709224
Nagaland,2017,Rural,Higher Secondary,35.6,62.9,-27.299999999999997,-40.31935071574642,-43.175427558372604,-43.2361653970373,15.875427558372607,15.9361653970373
Nagaland,2017,Rural,Diploma/ Certificate Course,0.0,100.0,-100.0,-40.31935071574642,-27.789502210366113,-32.68501866257877,-72.21049778963389,-67.31498133742123
Nagaland,2017,Rural,Graduate,77.0,79.9,-2.9000000000000057,-40.31935071574642,-44.00573368082158,-44.90709795613189,41.10573368082157,42.00709795613189
Nagaland,2017,Rural,Post Graduate & Above,74.7,93.5,-18.799999999999997,-40.31935071574642,-32.117672456331796,-28.8698675847673,13.317672456331799,10.069867584767302
Nagaland,2017,Urban,Not Literate,6.3,71.8,-65.5,-40.31935071574642,-47.25224183696822,-50.12883853874973,-18.247758163031783,-15.371161461250267
Nagaland,2017,Urban,Literate & Upto Primary,12.8,60.7,-47.900000000000006,-40.31935071574642,-58.91765000023352,-64.1541459972224,11.017650000233516,16.254145997222395
Nagaland,2017,Urban,Middle,8.7,60.6,-51.900000000000006,-40.31935071574642,-59.6429561226825,-59.850296074006266,7.742956122682493,7.9502960740062605
Nagaland,2017,Urban,Secondary,15.7,53.1,-37.400000000000006,-40.31935071574642,-51.9260173471723,-48.79875482786087,14.526017347172292,11.398754827860863
Nagaland,2017,Urban,Higher Secondary,23.5,63.6,-40.1,-40.31935071574642,-49.75407857166209,-43.042456233527425,9.65407857166209,2.942456233527423
Nagaland,2017,Urban,Diploma/ Certificate Course,0.0,100.0,-100.0,-40.31935071574642,-34.3681532236556,-34.58487725298381,-65.6318467763444,-65.4151227470162
Nagaland,2017,Urban,Graduate,50.5,70.4,-19.900000000000006,-40.31935071574642,-50.584384694111066,-43.29201358154682,30.68438469411106,23.392013581546813
Nagaland,2017,Urban,Post Graduate & Above,67.6,94.7,-27.10000000000001,-40.31935071574642,-38.696323469621284,-28.8211502786354,11.596323469621275,1.7211502786353918
Odisha,2017,Rural,Not Literate,27.5,78.5,-51.0,-39.887423312883435,-40.83370474958022,-41.1742418326437,-10.166295250419779,-9.825758167356298
Odisha,2017,Rural,Literate & Upto Primary,21.0,88.8,-67.8,-39.887423312883435,-51.757072096518996,-55.204404772556614,-16.042927903481,-12.595595227443383
Odisha,2017,Rural,Middle,11.3,86.9,-75.60000000000001,-39.887423312883435,-52.62217413733533,-54.06378355588569,-22.97782586266468,-21.536216444114316
Odisha,2017,Rural,Secondary,10.1,63.6,-53.5,-39.887423312883435,-45.10176597407003,-42.23460180207235,-8.398234025929973,-11.265398197927652
Odisha,2017,Rural,Higher Secondary,12.9,60.3,-47.4,-39.887423312883435,-43.041051688355736,-42.586389117442074,-4.358948311644262,-4.813610882557924
Odisha,2017,Rural,Diploma/ Certificate Course,67.7,83.6,-15.899999999999991,-39.887423312883435,-28.2376586772278,-33.19369501595298,12.337658677227807,17.29369501595299
Odisha,2017,Rural,Graduate,27.1,86.3,-59.199999999999996,-39.887423312883435,-43.32319454549859,-44.40939226289281,-15.876805454501408,-14.790607737107187
Odisha,2017,Rural,Post Graduate & Above,71.9,92.7,-20.799999999999997,-39.887423312883435,-32.022072096519,-28.859950607533666,11.222072096519,8.059950607533668
Odisha,2017,Urban,Not Literate,20.4,76.7,-56.300000000000004,-39.887423312883435,-47.422716554108426,-50.24858341791916,-8.877283445891578,-6.051416582080847
Odisha,2017,Urban,Literate & Upto Primary,19.6,84.7,-65.1,-39.887423312883435,-58.3460839010472,-63.60763795630191,-6.753916098952793,-1.492362043698087
Odisha,2017,Urban,Middle,8.7,85.3,-76.6,-39.887423312883435,-59.21118594186353,-59.348493504884,-17.38881405813646,-17.251506495115997
Odisha,2017,Urban,Secondary,8.0,58.6,-50.6,-39.887423312883435,-51.69077777859823,-48.914106372016,1.0907777785982304,-1.6858936279840009
Odisha,2017,Urban,Higher Secondary,11.0,56.7,-45.7,-39.887423312883435,-49.63006349288394,-42.907663415940824,3.9300634928839386,-2.7923365840591785
Odisha,2017,Urban,Diploma/ Certificate Course,47.3,80.3,-33.0,-39.887423312883435,-34.826670481756004,-34.90190710531525,1.826670481756004,1.901907105315253
Odisha,2017,Urban,Graduate,27.5,83.6,-56.099999999999994,-39.887423312883435,-49.91220635002679,-42.04772057337172,-6.187793649973202,-14.052279426628274
Odisha,2017,Urban,Post Graduate & Above,50.4,78.5,-28.1,-39.887423312883435,-38.611083901047195,-28.610602277057577,10.511083901047193,0.5106022770575755
Puducherry,2017,Rural,Not Literate,15.5,57.8,-42.3,-39.986042944785275,-41.07273604688479,-42.00804761668143,-1.2272639531152052,-0.29195238331856643
Puducherry,2017,Rural,Literate & Upto Primary,0.9,58.5,-57.6,-39.986042944785275,-52.092429924435805,-54.70707952771636,-5.507570075564196,-2.8929204722836417
Puducherry,2017,Rural,Middle,7.5,82.6,-75.1,-39.986042944785275,-52.93467482239498,-54.16304292903918,-22.165325177605013,-20.936957070960815
Puducherry,2017,Rural,Secondary,7.3,75.1,-67.8,-39.986042944785275,-45.382021761170506,-42.27820695918186,-22.41797823882949,-25.52179304081814
Puducherry,2017,Rural,Higher Secondary,3.6,42.4,-38.8,-39.986042944785275,-43.18253196525214,-43.21765092561702,4.3825319652521415,4.417650925617025
Puducherry,2017,Rural,Diploma/ Certificate Course,2.9,82.7,-79.8,-39.986042944785275,-27.570174555487448,-32.4339473108951,-52.22982544451255,-47.3660526891049
Puducherry,2017,Rural,Graduate,16.9,39.0,-22.1,-39.986042944785275,-43.51304216933376,-45.05914060597769,21.413042169333757,22.959140605977687
Puducherry,2017,Rural,Post Graduate & Above,64.8,67.5,-2.700000000000003,-39.986042944785275,-31.958654414231717,-29.29387927865292,29.258654414231714,26.593879278652917
Puducherry,2017,Urban,Not Literate,6.5,71.4,-64.9,-39.986042944785275,-47.686000853009276,-50.66422404669054,-17.21399914699073,-14.235775953309464
Puducherry,2017,Urban,Literate & Upto Primary,9.5,78.2,-68.7,-39.986042944785275,-58.70569473056028,-63.63455358952041,-9.994305269439721,-5.065446410479595
Puducherry,2017,Urban,Middle,16.6,73.3,-56.699999999999996,-39.986042944785275,-59.54793962851946,-59.54223015018832,2.8479396285194625,2.842230150188321
Puducherry,2017,Urban,Secondary,14.3,60.4,-46.099999999999994,-39.986042944785275,-51.99528656729498,-49.15122823194601,5.895286567294988,3.0512282319460127
Puducherry,2017,Urban,Higher Secondary,8.7,38.6,-29.900000000000002,-39.986042944785275,-49.795796771376615,-42.937438831352466,19.895796771376613,13.037438831352464
Puducherry,2017,Urban,Diploma/ Certificate Course,33.4,83.0,-49.6,-39.986042944785275,-34.18343936161193,-34.465321977956414,-15.41656063838807,-15.134678022043587
Puducherry,2017,Urban,Graduate,49.1,86.1,-36.99999999999999,-39.986042944785275,-50.12630697545825,-42.676487173693495,13.126306975458256,5.676487173693502
Puducherry,2017,Urban,Post Graduate & Above,60.0,81.6,-21.599999999999994,-39.986042944785275,-38.57191922035619,-28.994520622355154,16.9719192203562,7.394520622355159
Punjab,2017,Rural,Not Literate,18.0,72.4,-54.400000000000006,-39.634943762781184,-40.504938626251835,-41.532209199089046,-13.89506137374817,-12.86779080091096
Punjab,2017,Rural,Literate & Upto Primary,10.2,83.2,-73.0,-39.634943762781184,-51.7044284221702,-55.0396556166287,-21.295571577829797,-17.9603443833713
Punjab,2017,Rural,Middle,9.9,72.9,-63.00000000000001,-39.634943762781184,-52.79585699359878,-54.5135366506737,-10.204143006401225,-8.486463349326307
Punjab,2017,Rural,Secondary,8.2,65.4,-57.2,-39.634943762781184,-44.9709590344151,-41.945371420803475,-12.2290409655849,-15.254628579196527
Punjab,2017,Rural,Higher Secondary,9.0,69.2,-60.2,-39.634943762781184,-42.74759168747633,-42.58206402594234,-17.452408312523673,-17.617935974057666
Punjab,2017,Rural,Diploma/ Certificate Course,35.8,70.2,-34.400000000000006,-39.634943762781184,-27.682975007806384,-32.703899401703616,-6.717024992193622,-1.6961005982963897
Punjab,2017,Rural,Graduate,23.2,79.3,-56.099999999999994,-39.634943762781184,-43.432591687476325,-43.7051412308711,-12.66740831252367,-12.394858769128895
Punjab,2017,Rural,Post Graduate & Above,53.9,86.7,-32.800000000000004,-39.634943762781184,-31.96228556502735,-28.707936530836367,-0.8377144349726535,-4.092063469163637
Punjab,2017,Urban,Not Literate,14.6,84.6,-70.0,-39.634943762781184,-47.08566279108838,-50.49392866573404,-22.91433720891162,-19.50607133426596
Punjab,2017,Urban,Literate & Upto Primary,13.9,86.8,-72.89999999999999,-39.634943762781184,-58.28515258700675,-63.34091742537347,-14.614847412993242,-9.559082574626522
Punjab,2017,Urban,Middle,10.8,76.5,-65.7,-39.634943762781184,-59.37658115843533,-59.26612103512539,-6.323418841564674,-6.433878964874616
Punjab,2017,Urban,Secondary,6.6,73.2,-66.60000000000001,-39.634943762781184,-51.55168319925164,-48.85846857233298,-15.048316800748367,-17.741531427667027
Punjab,2017,Urban,Higher Secondary,17.1,68.8,-51.699999999999996,-39.634943762781184,-49.32831585231287,-42.53488808509362,-2.3716841476871267,-9.165111914906376
Punjab,2017,Urban,Diploma/ Certificate Course,42.5,80.1,-37.599999999999994,-39.634943762781184,-34.26369917264293,-34.41536533160397,-3.3363008273570642,-3.184634668396022
Punjab,2017,Urban,Graduate,26.1,81.8,-55.699999999999996,-39.634943762781184,-50.01331585231287,-42.497877249738885,-5.686684147687124,-13.202122750261111
Punjab,2017,Urban,Post Graduate & Above,53.9,83.6,-29.699999999999996,-39.634943762781184,-38.5430097298639,-28.477197712135645,8.843009729863901,-1.2228022878643507
Rajasthan,2017,Rural,Not Literate,39.3,76.5,-37.2,-39.860761758691204,-41.00677938382495,-41.33060396105929,3.8067793838249457,4.130603961059286
Rajasthan,2017,Rural,Literate & Upto Primary,25.4,90.4,-65.0,-39.860761758691204,-52.04565693484534,-55.15753454441632,-12.95434306515466,-9.842465455583678
Rajasthan,2017,Rural,Middle,18.2,77.8,-59.599999999999994,-39.860761758691204,-52.96973856749841,-54.28255682244465,-6.630261432501584,-5.317443177555347
Rajasthan,2017,Rural,Secondary,8.2,61.2,-53.0,-39.860761758691204,-45.27443244504943,-42.40168551201842,-7.7255675549505725,-10.598314487981582
Rajasthan,2017,Rural,Higher Secondary,11.9,47.1,-35.2,-39.860761758691204,-43.323718159335144,-43.204706046563345,8.12371815933514,8.004706046563342
Rajasthan,2017,Rural,Diploma/ Certificate Course,100.0,71.1,28.900000000000006,-39.860761758691204,-28.311358696435295,-33.57552357714748,57.2113586964353,62.475523577147484
Rajasthan,2017,Rural,Graduate,18.1,75.8,-57.699999999999996,-39.860761758691204,-43.51259571035555,-44.46336559383368,-14.187404289644448,-13.236634406166317
Rajasthan,2017,Rural,Post Graduate & Above,34.1,80.8,-46.699999999999996,-39.860761758691204,-31.590452853212685,-28.582607852505046,-15.10954714678731,-18.11739214749495
Rajasthan,2017,Urban,Not Literate,17.2,76.4,-59.2,-39.860761758691204,-47.35076557736928,-49.87165063640398,-11.849234422630722,-9.328349363596026
Rajasthan,2017,Urban,Literate & Upto Primary,12.5,85.9,-73.4,-39.860761758691204,-58.38964312838968,-63.30745347187777,-15.010356871610327,-10.092546528122234
Rajasthan,2017,Urban,Middle,9.5,77.7,-68.2,-39.860761758691204,-59.31372476104276,-59.536149562308566,-8.886275238957246,-8.663850437691437
Rajasthan,2017,Urban,Secondary,7.5,65.2,-57.7,-39.860761758691204,-51.618418638593766,-49.1269013419211,-6.081581361406236,-8.573098658078905
Rajasthan,2017,Urban,Higher Secondary,6.9,45.1,-38.2,-39.860761758691204,-49.66770435287948,-42.66524205189297,11.46770435287948,4.4652420518929645
Rajasthan,2017,Urban,Diploma/ Certificate Course,33.2,52.8,-19.599999999999994,-39.860761758691204,-34.65534488997963,-34.888580812586,15.055344889979636,15.288580812586005
Rajasthan,2017,Urban,Graduate,15.6,73.8,-58.199999999999996,-39.860761758691204,-49.85658190389989,-41.95757708853461,-8.343418096100109,-16.242422911465383
Rajasthan,2017,Urban,Post Graduate & Above,35.6,82.5,-46.9,-39.860761758691204,-37.93443904675702,-28.099632438022162,-8.965560953242978,-18.800367561977836
Sikkim,2017,Rural,Not Literate,30.8,63.7,-32.900000000000006,-40.37691717791411,-41.25908140868316,-42.55675373875439,8.359081408683153,9.656753738754382
Sikkim,2017,Rural,Literate & Upto Primary,49.9,87.3,-37.4,-40.37691717791411,-52.726530388274995,-55.265681424619004,15.326530388274996,17.865681424619005
Sikkim,2017,Rural,Middle,46.9,68.7,-21.800000000000004,-40.37691717791411,-53.913469163785194,-55.87964670710534,32.11346916378519,34.07964670710533
Sikkim,2017,Rural,Secondary,41.6,67.6,-25.999999999999993,-40.37691717791411,-46.00591814337704,-43.088476343358074,20.005918143377045,17.08847634335808
Sikkim,2017,Rural,Higher Secondary,59.6,78.8,-19.199999999999996,-40.37691717791411,-43.827040592356624,-43.31224012346753,24.62704059235663,24.112240123467537
Sikkim,2017,Rural,Diploma/ Certificate Course,0.0,15.1,-15.1,-40.37691717791411,-28.910735414349865,-33.92511868240895,13.810735414349866,18.82511868240895
Sikkim,2017,Rural,Graduate,78.1,95.4,-17.30000000000001,-40.37691717791411,-44.70816304133621,-45.420184556482276,27.408163041336202,28.120184556482265
Sikkim,2017,Rural,Post Graduate & Above,81.1,100.0,-18.900000000000006,-40.37691717791411,-32.84540793929541,-29.370898365034687,13.945407939295407,10.470898365034682
Sikkim,2017,Urban,Not Literate,19.9,77.3,-57.4,-40.37691717791411,-47.36545432966835,-50.792038332932115,-10.034545670331646,-6.607961667067883
Sikkim,2017,Urban,Literate & Upto Primary,8.1,81.9,-73.80000000000001,-40.37691717791411,-58.8329033092602,-63.19725705172555,-14.967096690739808,-10.60274294827446
Sikkim,2017,Urban,Middle,35.5,67.8,-32.3,-40.37691717791411,-60.019842084770396,-60.15992096659967,27.7198420847704,27.859920966599674
Sikkim,2017,Urban,Secondary,33.4,81.3,-47.9,-40.37691717791411,-52.11229106436224,-49.500896740642126,4.21229106436224,1.6008967406421277
Sikkim,2017,Urban,Higher Secondary,34.1,75.3,-41.199999999999996,-40.37691717791411,-49.93341351334183,-43.37060854154398,8.733413513341837,2.1706085415439844
Sikkim,2017,Urban,Diploma/ Certificate Course,100.0,55.5,44.5,-40.37691717791411,-35.01710833533507,-35.50411508687811,79.51710833533507,80.0041150868781
Sikkim,2017,Urban,Graduate,54.5,77.0,-22.5,-40.37691717791411,-50.814535962321415,-43.1326525191523,28.314535962321415,20.632652519152302
Sikkim,2017,Urban,Post Graduate & Above,80.8,100.0,-19.200000000000003,-40.37691717791411,-38.951780860280614,-28.53691136870945,19.75178086028061,9.336911368709448
Tamil Nadu,2017,Rural,Not Literate,44.5,72.9,-28.400000000000006,-39.99399284253579,-41.41746665978934,-42.35898059639927,13.017466659789335,13.958980596399265
Tamil Nadu,2017,Rural,Literate & Upto Primary,45.9,90.3,-44.4,-39.99399284253579,-52.50818094550364,-55.42146662061718,8.10818094550364,11.021466620617183
Tamil Nadu,2017,Rural,Middle,32.8,86.8,-54.0,-39.99399284253579,-53.18654829244242,-54.744812665463535,-0.8134517075575829,0.7448126654635345
Tamil Nadu,2017,Rural,Secondary,25.8,63.2,-37.400000000000006,-39.99399284253579,-45.57899727203424,-42.56620770355328,8.178997272034238,5.166207703553276
Tamil Nadu,2017,Rural,Higher Secondary,21.3,57.5,-36.2,-39.99399284253579,-43.61746665978934,-42.98294250551672,7.417466659789341,6.782942505516715
Tamil Nadu,2017,Rural,Diploma/ Certificate Course,50.1,96.2,-46.1,-39.99399284253579,-27.482515319092133,-32.43230011654955,-18.617484680907868,-13.667699883450453
Tamil Nadu,2017,Rural,Graduate,43.8,85.6,-41.8,-39.99399284253579,-43.609813598564855,-43.90635422253478,1.8098135985648582,2.106354222534783
Tamil Nadu,2017,Rural,Post Graduate & Above,60.7,75.9,-15.200000000000003,-39.99399284253579,-31.932976863870998,-29.25412444201913,16.732976863870995,14.054124442019127
Tamil Nadu,2017,Urban,Not Literate,29.2,64.1,-34.89999999999999,-39.99399284253579,-47.88579910151062,-51.17895860523756,12.98579910151063,16.27895860523757
Tamil Nadu,2017,Urban,Literate & Upto Primary,35.0,84.3,-49.3,-39.99399284253579,-58.97651338722491,-63.70739431569935,9.676513387224915,14.40739431569935
Tamil Nadu,2017,Urban,Middle,22.6,84.0,-61.4,-39.99399284253579,-59.6548807341637,-59.61360321171049,-1.7451192658363013,-1.7863967882895082
Tamil Nadu,2017,Urban,Secondary,12.8,67.4,-54.60000000000001,-39.99399284253579,-52.04732971375553,-49.07084578604562,-2.552670286244478,-5.529154213954385
Tamil Nadu,2017,Urban,Higher Secondary,15.0,49.5,-34.5,-39.99399284253579,-50.08579910151063,-43.45776215209938,15.58579910151063,8.957762152099377
Tamil Nadu,2017,Urban,Diploma/ Certificate Course,36.8,89.4,-52.60000000000001,-39.99399284253579,-33.95084776081342,-34.16615379433548,-18.64915223918659,-18.43384620566453
Tamil Nadu,2017,Urban,Graduate,38.7,84.8,-46.099999999999994,-39.99399284253579,-50.07814604028613,-42.511059211835594,3.978146040286134,-3.5889407881644004
Tamil Nadu,2017,Urban,Post Graduate & Above,53.5,87.7,-34.2,-39.99399284253579,-38.40130930559228,-28.587790264182,4.201309305592275,-5.612209735818002
Telangana,2017,Rural,Not Literate,45.6,73.4,-27.800000000000004,-39.899667689161554,-41.133257753064434,-42.95318191965915,13.33325775306443,15.153181919659147
Telangana,2017,Rural,Literate & Upto Primary,48.5,90.9,-42.400000000000006,-39.899667689161554,-52.35254346735014,-54.80623568715784,9.952543467350132,12.406235687157832
Telangana,2017,Rural,Middle,31.5,79.8,-48.3,-39.899667689161554,-53.173563875513395,-54.72466996947973,4.873563875513398,6.42466996947973
Telangana,2017,Rural,Secondary,24.3,73.8,-49.5,-39.899667689161554,-45.35846183469708,-42.44910389081946,-4.141538165302919,-7.050896109180542
Telangana,2017,Rural,Higher Secondary,19.6,54.9,-35.3,-39.899667689161554,-43.32203326326851,-42.9527182554082,8.022033263268511,7.652718255408203
Telangana,2017,Rural,Diploma/ Certificate Course,57.0,97.7,-40.7,-39.899667689161554,-27.309544452855093,-32.44481856880256,-13.39045554714491,-8.255181431197443
Telangana,2017,Rural,Graduate,36.6,71.7,-35.1,-39.899667689161554,-43.51703326326851,-44.11144665084289,8.417033263268507,9.011446650842892
Telangana,2017,Rural,Post Graduate & Above,39.4,88.6,-49.199999999999996,-39.899667689161554,-31.490400610207274,-27.92189975967154,-17.70959938979272,-21.278100240328456
Telangana,2017,Urban,Not Literate,30.3,81.8,-51.5,-39.899667689161554,-47.64019283561468,-50.956958412174,-3.859807164385323,-0.5430415878260035
Telangana,2017,Urban,Literate & Upto Primary,24.8,86.7,-61.900000000000006,-39.899667689161554,-58.85947854990038,-64.0687450338743,-3.040521450099625,2.1687450338742877
Telangana,2017,Urban,Middle,14.1,82.2,-68.10000000000001,-39.899667689161554,-59.68049895806364,-59.47295918798124,-8.419501041936371,-8.62704081201877
Telangana,2017,Urban,Secondary,15.0,69.3,-54.3,-39.899667689161554,-51.865396917247324,-48.86975422466226,-2.4346030827526732,-5.430245775337738
Telangana,2017,Urban,Higher Secondary,7.9,57.6,-49.7,-39.899667689161554,-49.82896834581875,-42.966393844601996,0.12896834581874828,-6.733606155398007
Telangana,2017,Urban,Diploma/ Certificate Course,15.1,80.1,-65.0,-39.899667689161554,-33.816479535405335,-34.17910905101778,-31.183520464594665,-30.820890948982218
Telangana,2017,Urban,Graduate,30.8,80.6,-49.8,-39.899667689161554,-50.023968345818744,-42.54184073034183,0.22396834581874714,-7.258159269658165
Telangana,2017,Urban,Post Graduate & Above,43.7,92.0,-48.3,-39.899667689161554,-37.99733569275752,-28.170696285609726,-10.30266430724248,-20.12930371439027
The Dadra and Nagar Haveli and Daman and Diu,2017,Rural,Not Literate,37.25,59.45,-22.200000000000003,-39.89038854805726,-41.12125723115302,-42.9784202674489,18.921257231153014,20.778420267448894
The Dadra and Nagar Haveli and Daman and Diu,2017,Rural,Literate & Upto Primary,41.85,78.4,-36.550000000000004,-39.89038854805726,-52.16513478217342,-55.051461364597806,15.615134782173413,18.5014613645978
The Dadra and Nagar Haveli and Daman and Diu,2017,Rural,Middle,38.5,86.55,-48.05,-39.89038854805726,-53.181257231153005,-54.674430151323406,5.131257231153008,6.624430151323409
The Dadra and Nagar Haveli and Daman and Diu,2017,Rural,Secondary,46.4,79.5,-33.1,-39.89038854805726,-45.32431845564281,-42.50148904567181,12.224318455642809,9.40148904567181
The Dadra and Nagar Haveli and Daman and Diu,2017,Rural,Higher Secondary,26.05,87.35,-61.3,-39.89038854805726,-43.11329804747954,-42.64610126270903,-18.18670195252046,-18.653898737290966
The Dadra and Nagar Haveli and Daman and Diu,2017,Rural,Diploma/ Certificate Course,100.0,100.0,0.0,-39.89038854805726,-28.090990734212102,-32.54450558879897,28.090990734212102,32.54450558879897
The Dadra and Nagar Haveli and Daman and Diu,2017,Rural,Graduate,0.0,76.8,-76.8,-39.89038854805726,-43.57227763931627,-43.64842217147186,-33.22772236068373,-33.15157782852814
The Dadra and Nagar Haveli and Daman and Diu,2017,Rural,Post Graduate & Above,50.0,50.0,0.0,-39.89038854805726,-32.528808251561195,-29.392009803168012,32.528808251561195,29.392009803168012
The Dadra and Nagar Haveli and Daman and Diu,2017,Urban,Not Literate,51.45,100.0,-48.55,-39.89038854805726,-46.93319353745122,-50.87091101722949,-1.6168064625487801,2.3209110172294913
The Dadra and Nagar Haveli and Daman and Diu,2017,Urban,Literate & Upto Primary,15.55,93.75,-78.2,-39.89038854805726,-57.97707108847162,-63.59057236923187,-20.222928911528385,-14.609427630768131
The Dadra and Nagar Haveli and Daman and Diu,2017,Urban,Middle,2.25,80.55,-78.3,-39.89038854805726,-58.993193537451205,-59.343132963461294,-19.306806462548792,-18.956867036538704
The Dadra and Nagar Haveli and Daman and Diu,2017,Urban,Secondary,18.1,89.65,-71.55000000000001,-39.89038854805726,-51.13625476194101,-48.75901577593834,-20.413745238059,-22.790984224061674
The Dadra and Nagar Haveli and Daman and Diu,2017,Urban,Higher Secondary,20.8,75.95,-55.150000000000006,-39.89038854805726,-48.92523435377774,-42.323941333459175,-6.2247656462222665,-12.826058666540831
The Dadra and Nagar Haveli and Daman and Diu,2017,Urban,Diploma/ Certificate Course,11.6,100.0,-88.4,-39.89038854805726,-33.902927040510306,-33.95214347598507,-54.4970729594897,-54.44785652401494
The Dadra and Nagar Haveli and Daman and Diu,2017,Urban,Graduate,28.3,91.35,-63.05,-39.89038854805726,-49.38421394561447,-41.77800166952094,-13.665786054385528,-21.271998330479057
The Dadra and Nagar Haveli and Daman and Diu,2017,Urban,Post Graduate & Above,27.1,100.0,-72.9,-39.89038854805726,-38.340744557859395,-28.20167136737898,-34.55925544214061,-44.69832863262103
Tripura,2017,Rural,Not Literate,6.5,51.6,-45.1,-39.95669734151329,-40.72045586477358,-41.91536331792784,-4.379544135226425,-3.18463668207216
Tripura,2017,Rural,Literate & Upto Primary,14.8,89.4,-74.60000000000001,-39.95669734151329,-51.83076198722256,-54.33933039037487,-22.76923801277745,-20.26066960962514
Tripura,2017,Rural,Middle,8.9,76.5,-67.6,-39.95669734151329,-52.71586402803889,-54.40870738139029,-14.884135971961108,-13.191292618609701
Tripura,2017,Rural,Secondary,14.5,66.0,-51.5,-39.95669734151329,-45.08484361987561,-42.37311475238712,-6.415156380124387,-9.126885247612883
Tripura,2017,Rural,Higher Secondary,3.4,54.9,-51.5,-39.95669734151329,-43.03392525252867,-42.66255320753502,-8.466074747471332,-8.83744679246498
Tripura,2017,Rural,Diploma/ Certificate Course,10.1,43.9,-33.8,-39.95669734151329,-28.330931781498407,-33.11475189995392,-5.46906821850159,-0.6852481000460742
Tripura,2017,Rural,Graduate,16.1,77.6,-61.49999999999999,-39.95669734151329,-43.505455864773566,-44.14497901450048,-17.994544135226427,-17.355020985499515
Tripura,2017,Rural,Post Graduate & Above,76.4,99.7,-23.299999999999997,-39.95669734151329,-31.958415048447055,-28.913603723453974,8.658415048447058,5.613603723453977
Tripura,2017,Urban,Not Literate,12.7,71.2,-58.5,-39.95669734151329,-47.327447651333095,-50.016922189485555,-11.172552348666905,-8.483077810514445
Tripura,2017,Urban,Literate & Upto Primary,15.0,81.2,-66.2,-39.95669734151329,-58.43775377378208,-63.2516021919232,-7.7622462262179255,-2.9483978080768054
Tripura,2017,Urban,Middle,17.1,74.9,-57.800000000000004,-39.95669734151329,-59.322855814598405,-59.82138302865896,1.522855814598401,2.0213830286589527
Tripura,2017,Urban,Secondary,18.7,68.9,-50.2,-39.95669734151329,-51.69183540643513,-49.17465070726112,1.4918354064351291,-1.0253492927388805
Tripura,2017,Urban,Higher Secondary,5.8,57.6,-51.800000000000004,-39.95669734151329,-49.64091703908819,-42.76628493868917,-2.1590829609118174,-9.033715061310836
Tripura,2017,Urban,Diploma/ Certificate Course,18.9,84.6,-65.69999999999999,-39.95669734151329,-34.937923568057926,-34.88556798835547,-30.762076431942063,-30.81443201164452
Tripura,2017,Urban,Graduate,29.6,68.8,-39.199999999999996,-39.95669734151329,-50.112447651333085,-42.684788898136645,10.912447651333089,3.4847888981366495
Tripura,2017,Urban,Post Graduate & Above,52.3,83.8,-31.5,-39.95669734151329,-38.56540683500657,-28.691841102006336,7.06540683500657,-2.808158897993664
Uttar Pradesh,2017,Rural,Not Literate,18.3,83.8,-65.5,-39.538139059304704,-40.19894297818308,-41.61788027423073,-25.301057021816924,-23.88211972576927
Uttar Pradesh,2017,Rural,Literate & Upto Primary,9.6,83.0,-73.4,-39.538139059304704,-51.474759304713686,-54.49348262367117,-21.92524069528632,-18.906517376328836
Uttar Pradesh,2017,Rural,Middle,10.2,78.0,-67.8,-39.538139059304704,-52.53128991695858,-54.42510731576511,-15.26871008304142,-13.374892684234887
Uttar Pradesh,2017,Rural,Secondary,6.6,62.4,-55.8,-39.538139059304704,-44.9255756312443,-41.910420258756076,-10.874424368755697,-13.88957974124392
Uttar Pradesh,2017,Rural,Higher Secondary,8.5,59.6,-51.1,-39.538139059304704,-42.84833073328511,-42.43971115208015,-8.251669266714892,-8.660288847919851
Uttar Pradesh,2017,Rural,Diploma/ Certificate Course,45.4,62.6,-17.200000000000003,-39.538139059304704,-27.947007282375484,-32.60747241455768,10.747007282375481,15.407472414557674
Uttar Pradesh,2017,Rural,Graduate,16.6,78.4,-61.800000000000004,-39.538139059304704,-42.909861345530004,-44.116594702768666,-18.89013865447,-17.68340529723134
Uttar Pradesh,2017,Rural,Post Graduate & Above,29.1,89.4,-60.300000000000004,-39.538139059304704,-31.19180012104021,-27.723941351584266,-29.108199878959795,-32.57605864841574
Uttar Pradesh,2017,Urban,Not Literate,11.5,87.2,-75.7,-39.538139059304704,-46.84899825452633,-50.10671612454479,-28.851001745473674,-25.593283875455214
Uttar Pradesh,2017,Urban,Literate & Upto Primary,8.6,76.8,-68.2,-39.538139059304704,-58.12481458105694,-63.38960379732572,-10.075185418943065,-4.8103962026742835
Uttar Pradesh,2017,Urban,Middle,6.1,77.3,-71.2,-39.538139059304704,-59.18134519330184,-59.59275853697942,-12.018654806698166,-11.607241463020586
Uttar Pradesh,2017,Urban,Secondary,4.7,59.9,-55.199999999999996,-39.538139059304704,-51.57563090758755,-48.229001864081006,-3.6243690924124436,-6.97099813591899
Uttar Pradesh,2017,Urban,Higher Secondary,5.7,50.7,-45.0,-39.538139059304704,-49.49838600962836,-42.883786012147546,4.498386009628362,-2.116213987852454
Uttar Pradesh,2017,Urban,Diploma/ Certificate Course,63.2,84.3,-21.099999999999994,-39.538139059304704,-34.59706255871873,-34.69975148725978,13.497062558718739,13.599751487259788
Uttar Pradesh,2017,Urban,Graduate,20.3,82.7,-62.400000000000006,-39.538139059304704,-49.559916621873256,-41.96064242286658,-12.84008337812675,-20.43935757713343
Uttar Pradesh,2017,Urban,Post Graduate & Above,26.0,85.0,-59.0,-39.538139059304704,-37.84185539738346,-27.674231068717273,-21.158144602616538,-31.325768931282727
Uttarakhand,2017,Rural,Not Literate,17.9,69.9,-52.00000000000001,-39.766743353783234,-40.56034998974348,-42.10830816892825,-11.439650010256528,-9.89169183107176
Uttarakhand,2017,Rural,Literate & Upto Primary,23.6,77.2,-53.6,-39.766743353783234,-51.984329581580205,-54.89642732378485,-1.6156704184197963,1.2964273237848474
Uttarakhand,2017,Rural,Middle,21.8,73.1,-51.3,-39.766743353783234,-53.13004386729448,-54.95057989773958,1.830043867294485,3.6505798977395827
Uttarakhand,2017,Rural,Secondary,17.7,55.3,-37.599999999999994,-39.766743353783234,-45.41820713260062,-42.515771406991476,7.818207132600627,4.915771406991482
Uttarakhand,2017,Rural,Higher Secondary,12.3,67.5,-55.2,-39.766743353783234,-43.23810509178429,-42.38913023729599,-11.961894908215712,-12.810869762704016
Uttarakhand,2017,Rural,Diploma/ Certificate Course,0.0,49.1,-49.1,-39.766743353783234,-27.655009785251256,-32.44792057967494,-21.444990214748746,-16.65207942032506
Uttarakhand,2017,Rural,Graduate,26.1,81.2,-55.1,-39.766743353783234,-43.62269692851898,-43.662078894339814,-11.477303071481025,-11.437921105660187
Uttarakhand,2017,Rural,Post Graduate & Above,49.5,91.9,-42.400000000000006,-39.766743353783234,-31.814635704029183,-28.50878223147055,-10.585364295970823,-13.891217768529454
Uttarakhand,2017,Urban,Not Literate,5.4,74.7,-69.3,-39.766743353783234,-46.89875447081112,-49.59588482649483,-22.401245529188877,-19.704115173505166
Uttarakhand,2017,Urban,Literate & Upto Primary,8.4,87.0,-78.6,-39.766743353783234,-58.32273406264785,-64.10642793083885,-20.277265937352148,-14.493572069161146
Uttarakhand,2017,Urban,Middle,5.5,71.6,-66.1,-39.766743353783234,-59.468448348362124,-59.63318180366385,-6.631551651637871,-6.466818196336142
Uttarakhand,2017,Urban,Secondary,4.9,59.5,-54.6,-39.766743353783234,-51.75661161366826,-48.870726203627626,-2.843388386331739,-5.729273796372375
Uttarakhand,2017,Urban,Higher Secondary,11.0,54.8,-43.8,-39.766743353783234,-49.57650957285193,-43.19182071698809,5.776509572851936,-0.608179283011907
Uttarakhand,2017,Urban,Diploma/ Certificate Course,100.0,95.2,4.799999999999997,-39.766743353783234,-33.993414266318894,-34.47281290196838,38.79341426631889,39.27281290196838
Uttarakhand,2017,Urban,Graduate,23.7,79.6,-55.89999999999999,-39.766743353783234,-49.96110140958662,-42.41812718893346,-5.938898590413373,-13.48187281106653
Uttarakhand,2017,Urban,Post Graduate & Above,41.2,93.3,-52.099999999999994,-39.766743353783234,-38.15304018509683,-28.110590039477934,-13.946959814903167,-23.98940996052206
West Bengal,2017,Rural,Not Literate,21.8,82.6,-60.8,-39.757208588957056,-40.461344187757526,-42.13301312711192,-20.33865581224247,-18.666986872888074
West Bengal,2017,Rural,Literate & Upto Primary,24.6,93.0,-68.4,-39.757208588957056,-51.72471153469628,-53.934991224160996,-16.675288465303723,-14.46500877583901
West Bengal,2017,Rural,Middle,12.9,78.1,-65.19999999999999,-39.757208588957056,-52.631242146941176,-54.24637978155179,-12.568757853058813,-10.9536202184482
West Bengal,2017,Rural,Secondary,14.0,66.3,-52.3,-39.757208588957056,-44.95573194285956,-42.35568478659767,-7.3442680571404395,-9.944315213402326
West Bengal,2017,Rural,Higher Secondary,11.8,64.7,-52.900000000000006,-39.757208588957056,-42.87665031020649,-42.9204691304834,-10.023349689793513,-9.979530869516609
West Bengal,2017,Rural,Diploma/ Certificate Course,60.2,46.1,14.100000000000001,-39.757208588957056,-27.8207253728271,-32.87156594064436,41.9207253728271,46.97156594064436
West Bengal,2017,Rural,Graduate,31.0,81.5,-50.5,-39.757208588957056,-43.36614010612486,-44.27769199246183,-7.13385989387514,-6.222308007538167
West Bengal,2017,Rural,Post Graduate & Above,35.0,86.0,-51.0,-39.757208588957056,-31.726038065308536,-28.259338732745125,-19.273961934691464,-22.740661267254875
West Bengal,2017,Urban,Not Literate,29.8,76.2,-46.400000000000006,-39.757208588957056,-47.24642169505289,-51.15181631895034,0.8464216950528822,4.751816318950333
West Bengal,2017,Urban,Literate & Upto Primary,30.3,87.5,-57.2,-39.757208588957056,-58.50978904199164,-63.734335465233684,1.3097890419916354,6.534335465233681
West Bengal,2017,Urban,Middle,15.1,79.9,-64.80000000000001,-39.757208588957056,-59.416319654236545,-59.27858355242301,-5.383680345763466,-5.521416447577003
West Bengal,2017,Urban,Secondary,10.2,64.5,-54.3,-39.757208588957056,-51.74080945015492,-49.00753692270353,-2.559190549845077,-5.292463077296468
West Bengal,2017,Urban,Higher Secondary,14.4,55.6,-41.2,-39.757208588957056,-49.661727817501855,-42.86864627985076,8.461727817501853,1.6686462798507549
West Bengal,2017,Urban,Diploma/ Certificate Course,16.1,64.7,-48.6,-39.757208588957056,-34.60580288012246,-34.52083416034293,-13.99419711987754,-14.079165839657072
West Bengal,2017,Urban,Graduate,26.0,75.7,-49.7,-39.757208588957056,-50.15121761342023,-42.42759546354244,0.45121761342022637,-7.2724045364575645
West Bengal,2017,Urban,Post Graduate & Above,51.5,72.3,-20.799999999999997,-39.757208588957056,-38.5111155726039,-28.294254528075175,17.7111155726039,7.494254528075178
