Level,State,Gender,Area_Type,Education,Indicator,Historical_End_Year,Forecast_Year,Forecast_Value,Lower_Interval_80,Upper_Interval_80,Selected_Model,Model_MAE,Naive_Baseline_MAE,MAE_Improvement_vs_Baseline,Forecast_Horizon,Eligibility_Status,Eligibility_Reason
National,National (All States),Female,Rural + Urban,All,LFPR,2023,2024,46.36,43.73,48.99,Holt,2.21,3.37,1.16,1-Year,FORECAST_ELIGIBLE,Candidate model outperforms naive baseline with low out-of-sample error under rolling validation
National,National (All States),Female,Rural,All,LFPR,2023,2024,53.81,50.5,57.12,Holt,2.1,4.13,2.03,1-Year,FORECAST_ELIGIBLE,Candidate model outperforms naive baseline with low out-of-sample error under rolling validation
National,National (All States),Female,Urban,All,LFPR,2023,2024,32.76,31.24,34.28,Drift,1.29,1.99,0.7,1-Year,FORECAST_ELIGIBLE,Candidate model outperforms naive baseline with low out-of-sample error under rolling validation
National,National (All States),Male,Rural + Urban,All,LFPR,2023,2024,78.55,77.55,79.55,Drift,0.51,0.77,0.25,1-Year,FORECAST_ELIGIBLE,Candidate model outperforms naive baseline with low out-of-sample error under rolling validation
National,National (All States),Male,Rural,All,LFPR,2023,2024,80.21,79.21,81.21,Drift,0.48,0.88,0.4,1-Year,FORECAST_ELIGIBLE,Candidate model outperforms naive baseline with low out-of-sample error under rolling validation
National,National (All States),Male,Urban,All,LFPR,2023,2024,73.98,72.98,74.98,SES,0.6,0.7,0.09,1-Year,FORECAST_ELIGIBLE_WITH_LIMITATIONS,Acceptable out-of-sample error; model performs on par with naive baseline
National,National (All States),Female,Rural + Urban,All,WPR,2023,2024,44.5,42.1,46.89,Holt,1.88,3.2,1.33,1-Year,FORECAST_ELIGIBLE,Candidate model outperforms naive baseline with low out-of-sample error under rolling validation
National,National (All States),Female,Rural,All,WPR,2023,2024,51.63,48.88,54.39,Holt,1.74,3.85,2.11,1-Year,FORECAST_ELIGIBLE,Candidate model outperforms naive baseline with low out-of-sample error under rolling validation
National,National (All States),Female,Urban,All,WPR,2023,2024,29.07,27.31,30.84,Drift,1.21,1.72,0.52,1-Year,FORECAST_ELIGIBLE,Candidate model outperforms naive baseline with low out-of-sample error under rolling validation
National,National (All States),Male,Rural + Urban,All,WPR,2023,2024,75.93,74.93,76.93,Drift,0.51,1.07,0.56,1-Year,FORECAST_ELIGIBLE,Candidate model outperforms naive baseline with low out-of-sample error under rolling validation
National,National (All States),Male,Rural,All,WPR,2023,2024,77.99,76.99,78.99,Drift,0.49,1.09,0.6,1-Year,FORECAST_ELIGIBLE,Candidate model outperforms naive baseline with low out-of-sample error under rolling validation
National,National (All States),Male,Urban,All,WPR,2023,2024,71.53,70.53,72.53,Drift,0.82,0.91,0.08,1-Year,FORECAST_ELIGIBLE_WITH_LIMITATIONS,Acceptable out-of-sample error; model performs on par with naive baseline
National,National (All States),Female,Rural + Urban,All,Unemployment_Rate,2023,2024,6.15,4.55,7.74,Naive,1.11,1.11,0.0,1-Year,FORECAST_ELIGIBLE_WITH_LIMITATIONS,Unemployment rate is volatile/non-monotonic; forecast eligible with caution under 1-year horizon only
National,National (All States),Female,Rural,All,Unemployment_Rate,2023,2024,5.72,4.72,6.72,Naive,0.51,0.51,0.0,1-Year,FORECAST_ELIGIBLE_WITH_LIMITATIONS,Unemployment rate is volatile/non-monotonic; forecast eligible with caution under 1-year horizon only
National,National (All States),Female,Urban,All,Unemployment_Rate,2023,2024,9.1,7.69,10.5,Holt,1.35,1.47,0.12,1-Year,FORECAST_ELIGIBLE_WITH_LIMITATIONS,Unemployment rate is volatile/non-monotonic; forecast eligible with caution under 1-year horizon only
National,National (All States),Male,Rural + Urban,All,Unemployment_Rate,2023,2024,3.76,2.76,4.76,Naive,0.48,0.48,0.0,1-Year,FORECAST_ELIGIBLE_WITH_LIMITATIONS,Unemployment rate is volatile/non-monotonic; forecast eligible with caution under 1-year horizon only
National,National (All States),Male,Rural,All,Unemployment_Rate,2023,2024,3.28,2.28,4.28,Holt,0.65,0.67,0.02,1-Year,FORECAST_ELIGIBLE_WITH_LIMITATIONS,Unemployment rate is volatile/non-monotonic; forecast eligible with caution under 1-year horizon only
National,National (All States),Male,Urban,All,Unemployment_Rate,2023,2024,4.76,3.76,5.76,Drift,0.51,0.65,0.14,1-Year,FORECAST_ELIGIBLE_WITH_LIMITATIONS,Unemployment rate is volatile/non-monotonic; forecast eligible with caution under 1-year horizon only
State,Andaman and Nicobar Islands,Female,Rural + Urban,All,LFPR,2023,2024,46.3,42.51,50.09,Naive,2.53,2.53,0.0,1-Year,FORECAST_ELIGIBLE_WITH_LIMITATIONS,Acceptable out-of-sample error; model performs on par with naive baseline
State,Andaman and Nicobar Islands,Female,Rural,All,LFPR,2023,2024,54.0,53.0,55.0,Naive,1.23,1.23,0.0,1-Year,FORECAST_ELIGIBLE_WITH_LIMITATIONS,Acceptable out-of-sample error; model performs on par with naive baseline
State,Andaman and Nicobar Islands,Female,Urban,All,LFPR,2023,2024,,,,SES,4.57,4.9,0.33,1-Year,FORECAST_NOT_SUPPORTED,High out-of-sample forecast error (MAE=4.57 pp > 3.5 pp threshold) or unstable trend
State,Andaman and Nicobar Islands,Male,Rural + Urban,All,LFPR,2023,2024,84.9,83.9,85.9,Drift,0.89,1.13,0.24,1-Year,FORECAST_ELIGIBLE,Candidate model outperforms naive baseline with low out-of-sample error under rolling validation
State,Andaman and Nicobar Islands,Male,Rural,All,LFPR,2023,2024,84.2,81.79,86.61,Naive,1.87,1.87,0.0,1-Year,FORECAST_ELIGIBLE_WITH_LIMITATIONS,Acceptable out-of-sample error; model performs on par with naive baseline
State,Andaman and Nicobar Islands,Male,Urban,All,LFPR,2023,2024,82.19,80.13,84.25,SES,1.31,1.97,0.65,1-Year,FORECAST_ELIGIBLE,Candidate model outperforms naive baseline with low out-of-sample error under rolling validation
State,Andaman and Nicobar Islands,Female,Rural + Urban,All,WPR,2023,2024,36.7,34.03,39.37,Naive,1.83,1.83,0.0,1-Year,FORECAST_ELIGIBLE_WITH_LIMITATIONS,Acceptable out-of-sample error; model performs on par with naive baseline
State,Andaman and Nicobar Islands,Female,Rural,All,WPR,2023,2024,45.0,43.0,47.0,Naive,1.2,1.2,0.0,1-Year,FORECAST_ELIGIBLE_WITH_LIMITATIONS,Acceptable out-of-sample error; model performs on par with naive baseline
State,Andaman and Nicobar Islands,Female,Urban,All,WPR,2023,2024,26.3,21.35,31.25,Naive,3.13,3.13,0.0,1-Year,FORECAST_ELIGIBLE_WITH_LIMITATIONS,Acceptable out-of-sample error; model performs on par with naive baseline
State,Andaman and Nicobar Islands,Male,Rural + Urban,All,WPR,2023,2024,78.73,77.73,79.73,Drift,0.52,0.67,0.15,1-Year,FORECAST_ELIGIBLE,Candidate model outperforms naive baseline with low out-of-sample error under rolling validation
State,Andaman and Nicobar Islands,Male,Rural,All,WPR,2023,2024,78.4,74.84,81.96,Naive,2.43,2.43,0.0,1-Year,FORECAST_ELIGIBLE_WITH_LIMITATIONS,Acceptable out-of-sample error; model performs on par with naive baseline
State,Andaman and Nicobar Islands,Male,Urban,All,WPR,2023,2024,77.49,75.9,79.08,SES,1.29,1.67,0.38,1-Year,FORECAST_ELIGIBLE,Candidate model outperforms naive baseline with low out-of-sample error under rolling validation
State,Andaman and Nicobar Islands,Female,Rural + Urban,All,Unemployment_Rate,2023,2024,,,,Naive,3.83,3.83,0.0,1-Year,FORECAST_NOT_SUPPORTED,High cyclical volatility in unemployment rate; error exceeds threshold or fails to beat naive baseline
State,Andaman and Nicobar Islands,Female,Rural,All,Unemployment_Rate,2023,2024,,,,Naive,3.77,3.77,0.0,1-Year,FORECAST_NOT_SUPPORTED,High cyclical volatility in unemployment rate; error exceeds threshold or fails to beat naive baseline
State,Andaman and Nicobar Islands,Female,Urban,All,Unemployment_Rate,2023,2024,,,,Naive,4.97,4.97,0.0,1-Year,FORECAST_NOT_SUPPORTED,High cyclical volatility in unemployment rate; error exceeds threshold or fails to beat naive baseline
State,Andaman and Nicobar Islands,Male,Rural + Urban,All,Unemployment_Rate,2023,2024,7.0,5.2,8.8,Naive,1.27,1.27,0.0,1-Year,FORECAST_ELIGIBLE_WITH_LIMITATIONS,Unemployment rate is volatile/non-monotonic; forecast eligible with caution under 1-year horizon only
State,Andaman and Nicobar Islands,Male,Rural,All,Unemployment_Rate,2023,2024,6.9,3.81,9.99,Naive,1.83,1.83,0.0,1-Year,FORECAST_ELIGIBLE_WITH_LIMITATIONS,Unemployment rate is volatile/non-monotonic; forecast eligible with caution under 1-year horizon only
State,Andaman and Nicobar Islands,Male,Urban,All,Unemployment_Rate,2023,2024,7.6,6.6,8.6,Drift,0.3,0.8,0.5,1-Year,FORECAST_ELIGIBLE_WITH_LIMITATIONS,Unemployment rate is volatile/non-monotonic; forecast eligible with caution under 1-year horizon only
State,Andhra Pradesh,Female,Rural + Urban,All,LFPR,2023,2024,44.8,42.41,47.19,Naive,1.77,1.77,0.0,1-Year,FORECAST_ELIGIBLE_WITH_LIMITATIONS,Acceptable out-of-sample error; model performs on par with naive baseline
State,Andhra Pradesh,Female,Rural,All,LFPR,2023,2024,51.2,48.71,53.69,Naive,1.77,1.77,0.0,1-Year,FORECAST_ELIGIBLE_WITH_LIMITATIONS,Acceptable out-of-sample error; model performs on par with naive baseline
State,Andhra Pradesh,Female,Urban,All,LFPR,2023,2024,30.44,28.65,32.23,SES,1.13,2.43,1.3,1-Year,FORECAST_ELIGIBLE,Candidate model outperforms naive baseline with low out-of-sample error under rolling validation
State,Andhra Pradesh,Male,Rural + Urban,All,LFPR,2023,2024,76.3,75.3,77.3,Drift,0.67,0.7,0.03,1-Year,FORECAST_ELIGIBLE_WITH_LIMITATIONS,Acceptable out-of-sample error; model performs on par with naive baseline
State,Andhra Pradesh,Male,Rural,All,LFPR,2023,2024,78.6,77.6,79.6,SES,0.72,1.1,0.38,1-Year,FORECAST_ELIGIBLE,Candidate model outperforms naive baseline with low out-of-sample error under rolling validation
State,Andhra Pradesh,Male,Urban,All,LFPR,2023,2024,73.17,71.83,74.5,Drift,0.99,1.13,0.15,1-Year,FORECAST_ELIGIBLE,Candidate model outperforms naive baseline with low out-of-sample error under rolling validation
State,Andhra Pradesh,Female,Rural + Urban,All,WPR,2023,2024,43.1,40.78,45.42,Naive,1.73,1.73,0.0,1-Year,FORECAST_ELIGIBLE_WITH_LIMITATIONS,Acceptable out-of-sample error; model performs on par with naive baseline
State,Andhra Pradesh,Female,Rural,All,WPR,2023,2024,48.73,47.73,49.73,SES,1.65,1.83,0.18,1-Year,FORECAST_ELIGIBLE,Candidate model outperforms naive baseline with low out-of-sample error under rolling validation
State,Andhra Pradesh,Female,Urban,All,WPR,2023,2024,28.13,26.56,29.7,SES,0.9,2.17,1.27,1-Year,FORECAST_ELIGIBLE,Candidate model outperforms naive baseline with low out-of-sample error under rolling validation
State,Andhra Pradesh,Male,Rural + Urban,All,WPR,2023,2024,73.94,72.94,74.94,SES,0.53,0.67,0.13,1-Year,FORECAST_ELIGIBLE,Candidate model outperforms naive baseline with low out-of-sample error under rolling validation
State,Andhra Pradesh,Male,Rural,All,WPR,2023,2024,75.44,74.42,76.47,SES,0.82,1.17,0.34,1-Year,FORECAST_ELIGIBLE,Candidate model outperforms naive baseline with low out-of-sample error under rolling validation
State,Andhra Pradesh,Male,Urban,All,WPR,2023,2024,69.1,67.44,70.76,Drift,1.15,1.3,0.15,1-Year,FORECAST_ELIGIBLE,Candidate model outperforms naive baseline with low out-of-sample error under rolling validation
State,Andhra Pradesh,Female,Rural + Urban,All,Unemployment_Rate,2023,2024,3.76,2.76,4.76,SES,0.23,0.53,0.31,1-Year,FORECAST_ELIGIBLE_WITH_LIMITATIONS,Unemployment rate is volatile/non-monotonic; forecast eligible with caution under 1-year horizon only
State,Andhra Pradesh,Female,Rural,All,Unemployment_Rate,2023,2024,2.69,1.69,3.69,SES,0.31,0.57,0.25,1-Year,FORECAST_ELIGIBLE_WITH_LIMITATIONS,Unemployment rate is volatile/non-monotonic; forecast eligible with caution under 1-year horizon only
State,Andhra Pradesh,Female,Urban,All,Unemployment_Rate,2023,2024,6.9,5.9,7.9,Naive,0.3,0.3,0.0,1-Year,FORECAST_ELIGIBLE_WITH_LIMITATIONS,Unemployment rate is volatile/non-monotonic; forecast eligible with caution under 1-year horizon only
State,Andhra Pradesh,Male,Rural + Urban,All,Unemployment_Rate,2023,2024,4.3,3.3,5.3,Naive,0.27,0.27,0.0,1-Year,FORECAST_ELIGIBLE_WITH_LIMITATIONS,Unemployment rate is volatile/non-monotonic; forecast eligible with caution under 1-year horizon only
State,Andhra Pradesh,Male,Rural,All,Unemployment_Rate,2023,2024,3.8,2.8,4.8,Naive,0.5,0.5,0.0,1-Year,FORECAST_ELIGIBLE_WITH_LIMITATIONS,Unemployment rate is volatile/non-monotonic; forecast eligible with caution under 1-year horizon only
State,Andhra Pradesh,Male,Urban,All,Unemployment_Rate,2023,2024,5.76,4.76,6.76,SES,0.27,0.37,0.1,1-Year,FORECAST_ELIGIBLE_WITH_LIMITATIONS,Unemployment rate is volatile/non-monotonic; forecast eligible with caution under 1-year horizon only
State,Arunachal Pradesh,Female,Rural + Urban,All,LFPR,2023,2024,,,,Drift,8.36,12.97,4.61,1-Year,FORECAST_NOT_SUPPORTED,High out-of-sample forecast error (MAE=8.36 pp > 3.5 pp threshold) or unstable trend
State,Arunachal Pradesh,Female,Rural,All,LFPR,2023,2024,,,,Drift,9.39,14.03,4.64,1-Year,FORECAST_NOT_SUPPORTED,High out-of-sample forecast error (MAE=9.39 pp > 3.5 pp threshold) or unstable trend
State,Arunachal Pradesh,Female,Urban,All,LFPR,2023,2024,,,,Drift,4.87,7.77,2.9,1-Year,FORECAST_NOT_SUPPORTED,High out-of-sample forecast error (MAE=4.87 pp > 3.5 pp threshold) or unstable trend
State,Arunachal Pradesh,Male,Rural + Urban,All,LFPR,2023,2024,,,,Drift,4.29,4.4,0.11,1-Year,FORECAST_NOT_SUPPORTED,High out-of-sample forecast error (MAE=4.29 pp > 3.5 pp threshold) or unstable trend
State,Arunachal Pradesh,Male,Rural,All,LFPR,2023,2024,,,,Drift,4.49,4.57,0.07,1-Year,FORECAST_NOT_SUPPORTED,High out-of-sample forecast error (MAE=4.49 pp > 3.5 pp threshold) or unstable trend
State,Arunachal Pradesh,Male,Urban,All,LFPR,2023,2024,76.43,72.37,80.5,Drift,3.09,3.37,0.27,1-Year,FORECAST_ELIGIBLE,Candidate model outperforms naive baseline with low out-of-sample error under rolling validation
State,Arunachal Pradesh,Female,Rural + Urban,All,WPR,2023,2024,,,,Drift,9.04,12.43,3.39,1-Year,FORECAST_NOT_SUPPORTED,High out-of-sample forecast error (MAE=9.04 pp > 3.5 pp threshold) or unstable trend
State,Arunachal Pradesh,Female,Rural,All,WPR,2023,2024,,,,Drift,10.05,13.73,3.69,1-Year,FORECAST_NOT_SUPPORTED,High out-of-sample forecast error (MAE=10.05 pp > 3.5 pp threshold) or unstable trend
State,Arunachal Pradesh,Female,Urban,All,WPR,2023,2024,,,,Drift,4.61,6.07,1.46,1-Year,FORECAST_NOT_SUPPORTED,High out-of-sample forecast error (MAE=4.61 pp > 3.5 pp threshold) or unstable trend
State,Arunachal Pradesh,Male,Rural + Urban,All,WPR,2023,2024,,,,Naive,4.9,4.9,0.0,1-Year,FORECAST_NOT_SUPPORTED,High out-of-sample forecast error (MAE=4.90 pp > 3.5 pp threshold) or unstable trend
State,Arunachal Pradesh,Male,Rural,All,WPR,2023,2024,,,,SES,5.25,5.3,0.05,1-Year,FORECAST_NOT_SUPPORTED,High out-of-sample forecast error (MAE=5.25 pp > 3.5 pp threshold) or unstable trend
State,Arunachal Pradesh,Male,Urban,All,WPR,2023,2024,69.17,64.52,73.81,Drift,2.86,3.13,0.28,1-Year,FORECAST_ELIGIBLE,Candidate model outperforms naive baseline with low out-of-sample error under rolling validation
State,Arunachal Pradesh,Female,Rural + Urban,All,Unemployment_Rate,2023,2024,6.2,2.52,9.88,Naive,2.3,2.3,0.0,1-Year,FORECAST_ELIGIBLE_WITH_LIMITATIONS,Unemployment rate is volatile/non-monotonic; forecast eligible with caution under 1-year horizon only
State,Arunachal Pradesh,Female,Rural,All,Unemployment_Rate,2023,2024,4.6,1.22,7.98,Naive,2.23,2.23,0.0,1-Year,FORECAST_ELIGIBLE_WITH_LIMITATIONS,Unemployment rate is volatile/non-monotonic; forecast eligible with caution under 1-year horizon only
State,Arunachal Pradesh,Female,Urban,All,Unemployment_Rate,2023,2024,17.96,16.34,19.59,SES,1.1,3.1,2.0,1-Year,FORECAST_ELIGIBLE_WITH_LIMITATIONS,Unemployment rate is volatile/non-monotonic; forecast eligible with caution under 1-year horizon only
State,Arunachal Pradesh,Male,Rural + Urban,All,Unemployment_Rate,2023,2024,5.69,4.36,7.02,SES,1.04,1.87,0.82,1-Year,FORECAST_ELIGIBLE_WITH_LIMITATIONS,Unemployment rate is volatile/non-monotonic; forecast eligible with caution under 1-year horizon only
State,Arunachal Pradesh,Male,Rural,All,Unemployment_Rate,2023,2024,5.08,3.73,6.44,SES,1.01,1.97,0.95,1-Year,FORECAST_ELIGIBLE_WITH_LIMITATIONS,Unemployment rate is volatile/non-monotonic; forecast eligible with caution under 1-year horizon only
State,Arunachal Pradesh,Male,Urban,All,Unemployment_Rate,2023,2024,8.77,7.66,9.89,SES,0.94,1.03,0.1,1-Year,FORECAST_ELIGIBLE_WITH_LIMITATIONS,Unemployment rate is volatile/non-monotonic; forecast eligible with caution under 1-year horizon only
State,Assam,Female,Rural + Urban,All,LFPR,2023,2024,,,,Holt,12.95,13.8,0.85,1-Year,FORECAST_NOT_SUPPORTED,High out-of-sample forecast error (MAE=12.95 pp > 3.5 pp threshold) or unstable trend
State,Assam,Female,Rural,All,LFPR,2023,2024,,,,Holt,14.16,15.3,1.14,1-Year,FORECAST_NOT_SUPPORTED,High out-of-sample forecast error (MAE=14.16 pp > 3.5 pp threshold) or unstable trend
State,Assam,Female,Urban,All,LFPR,2023,2024,34.18,31.48,36.89,Drift,1.97,3.83,1.86,1-Year,FORECAST_ELIGIBLE,Candidate model outperforms naive baseline with low out-of-sample error under rolling validation
State,Assam,Male,Rural + Urban,All,LFPR,2023,2024,,,,SES,4.19,5.9,1.71,1-Year,FORECAST_NOT_SUPPORTED,High out-of-sample forecast error (MAE=4.19 pp > 3.5 pp threshold) or unstable trend
State,Assam,Male,Rural,All,LFPR,2023,2024,,,,SES,4.27,6.07,1.79,1-Year,FORECAST_NOT_SUPPORTED,High out-of-sample forecast error (MAE=4.27 pp > 3.5 pp threshold) or unstable trend
State,Assam,Male,Urban,All,LFPR,2023,2024,76.63,73.82,79.43,SES,1.85,2.17,0.31,1-Year,FORECAST_ELIGIBLE,Candidate model outperforms naive baseline with low out-of-sample error under rolling validation
State,Assam,Female,Rural + Urban,All,WPR,2023,2024,,,,Holt,12.1,13.2,1.1,1-Year,FORECAST_NOT_SUPPORTED,High out-of-sample forecast error (MAE=12.10 pp > 3.5 pp threshold) or unstable trend
State,Assam,Female,Rural,All,WPR,2023,2024,,,,Holt,13.3,14.77,1.47,1-Year,FORECAST_NOT_SUPPORTED,High out-of-sample forecast error (MAE=13.30 pp > 3.5 pp threshold) or unstable trend
State,Assam,Female,Urban,All,WPR,2023,2024,30.17,26.69,33.64,Drift,2.24,3.73,1.49,1-Year,FORECAST_ELIGIBLE,Candidate model outperforms naive baseline with low out-of-sample error under rolling validation
State,Assam,Male,Rural + Urban,All,WPR,2023,2024,,,,SES,5.75,7.0,1.25,1-Year,FORECAST_NOT_SUPPORTED,High out-of-sample forecast error (MAE=5.75 pp > 3.5 pp threshold) or unstable trend
State,Assam,Male,Rural,All,WPR,2023,2024,,,,SES,5.92,7.13,1.21,1-Year,FORECAST_NOT_SUPPORTED,High out-of-sample forecast error (MAE=5.92 pp > 3.5 pp threshold) or unstable trend
State,Assam,Male,Urban,All,WPR,2023,2024,72.38,69.94,74.81,SES,2.4,2.43,0.03,1-Year,FORECAST_ELIGIBLE_WITH_LIMITATIONS,Acceptable out-of-sample error; model performs on par with naive baseline
State,Assam,Female,Rural + Urban,All,Unemployment_Rate,2023,2024,2.52,1.17,3.87,Drift,1.25,1.37,0.11,1-Year,FORECAST_ELIGIBLE_WITH_LIMITATIONS,Unemployment rate is volatile/non-monotonic; forecast eligible with caution under 1-year horizon only
State,Assam,Female,Rural,All,Unemployment_Rate,2023,2024,3.5,1.93,5.07,Naive,1.27,1.27,0.0,1-Year,FORECAST_ELIGIBLE_WITH_LIMITATIONS,Unemployment rate is volatile/non-monotonic; forecast eligible with caution under 1-year horizon only
State,Assam,Female,Urban,All,Unemployment_Rate,2023,2024,,,,Naive,3.5,3.5,0.0,1-Year,FORECAST_NOT_SUPPORTED,High cyclical volatility in unemployment rate; error exceeds threshold or fails to beat naive baseline
State,Assam,Male,Rural + Urban,All,Unemployment_Rate,2023,2024,1.78,0.0,4.0,Holt,1.61,1.63,0.03,1-Year,FORECAST_ELIGIBLE_WITH_LIMITATIONS,Unemployment rate is volatile/non-monotonic; forecast eligible with caution under 1-year horizon only
State,Assam,Male,Rural,All,Unemployment_Rate,2023,2024,0.82,0.0,2.94,Holt,1.32,1.47,0.14,1-Year,FORECAST_ELIGIBLE_WITH_LIMITATIONS,Unemployment rate is volatile/non-monotonic; forecast eligible with caution under 1-year horizon only
State,Assam,Male,Urban,All,Unemployment_Rate,2023,2024,5.56,3.82,7.3,SES,1.01,1.9,0.89,1-Year,FORECAST_ELIGIBLE_WITH_LIMITATIONS,Unemployment rate is volatile/non-monotonic; forecast eligible with caution under 1-year horizon only
State,Bihar,Female,Rural + Urban,All,LFPR,2023,2024,,,,Drift,5.94,6.93,1.0,1-Year,FORECAST_NOT_SUPPORTED,High out-of-sample forecast error (MAE=5.94 pp > 3.5 pp threshold) or unstable trend
State,Bihar,Female,Rural,All,LFPR,2023,2024,,,,Drift,6.67,7.67,1.0,1-Year,FORECAST_NOT_SUPPORTED,High out-of-sample forecast error (MAE=6.67 pp > 3.5 pp threshold) or unstable trend
State,Bihar,Female,Urban,All,LFPR,2023,2024,18.42,16.88,19.96,Drift,2.73,3.47,0.74,1-Year,FORECAST_ELIGIBLE,Candidate model outperforms naive baseline with low out-of-sample error under rolling validation
State,Bihar,Male,Rural + Urban,All,LFPR,2023,2024,77.0,76.0,78.0,Drift,0.63,1.6,0.97,1-Year,FORECAST_ELIGIBLE,Candidate model outperforms naive baseline with low out-of-sample error under rolling validation
State,Bihar,Male,Rural,All,LFPR,2023,2024,78.13,77.13,79.13,Drift,0.81,1.83,1.03,1-Year,FORECAST_ELIGIBLE,Candidate model outperforms naive baseline with low out-of-sample error under rolling validation
State,Bihar,Male,Urban,All,LFPR,2023,2024,68.08,67.08,69.08,SES,0.37,0.53,0.16,1-Year,FORECAST_ELIGIBLE,Candidate model outperforms naive baseline with low out-of-sample error under rolling validation
State,Bihar,Female,Rural + Urban,All,WPR,2023,2024,,,,Drift,5.92,6.9,0.98,1-Year,FORECAST_NOT_SUPPORTED,High out-of-sample forecast error (MAE=5.92 pp > 3.5 pp threshold) or unstable trend
State,Bihar,Female,Rural,All,WPR,2023,2024,,,,Drift,6.57,7.57,1.0,1-Year,FORECAST_NOT_SUPPORTED,High out-of-sample forecast error (MAE=6.57 pp > 3.5 pp threshold) or unstable trend
State,Bihar,Female,Urban,All,WPR,2023,2024,16.62,15.23,18.01,Drift,2.77,3.3,0.53,1-Year,FORECAST_ELIGIBLE,Candidate model outperforms naive baseline with low out-of-sample error under rolling validation
State,Bihar,Male,Rural + Urban,All,WPR,2023,2024,74.58,72.51,76.66,Holt,1.24,1.87,0.62,1-Year,FORECAST_ELIGIBLE,Candidate model outperforms naive baseline with low out-of-sample error under rolling validation
State,Bihar,Male,Rural,All,WPR,2023,2024,75.55,73.23,77.87,Holt,1.38,2.0,0.62,1-Year,FORECAST_ELIGIBLE,Candidate model outperforms naive baseline with low out-of-sample error under rolling validation
State,Bihar,Male,Urban,All,WPR,2023,2024,63.1,62.1,64.1,Naive,0.53,0.53,0.0,1-Year,FORECAST_ELIGIBLE_WITH_LIMITATIONS,Acceptable out-of-sample error; model performs on par with naive baseline
State,Bihar,Female,Rural + Urban,All,Unemployment_Rate,2023,2024,1.17,0.17,2.17,Drift,0.41,0.47,0.05,1-Year,FORECAST_ELIGIBLE_WITH_LIMITATIONS,Unemployment rate is volatile/non-monotonic; forecast eligible with caution under 1-year horizon only
State,Bihar,Female,Rural,All,Unemployment_Rate,2023,2024,0.78,0.0,1.78,Drift,0.25,0.3,0.05,1-Year,FORECAST_ELIGIBLE_WITH_LIMITATIONS,Unemployment rate is volatile/non-monotonic; forecast eligible with caution under 1-year horizon only
State,Bihar,Female,Urban,All,Unemployment_Rate,2023,2024,10.64,8.59,12.68,SES,1.82,2.6,0.78,1-Year,FORECAST_ELIGIBLE_WITH_LIMITATIONS,Unemployment rate is volatile/non-monotonic; forecast eligible with caution under 1-year horizon only
State,Bihar,Male,Rural + Urban,All,Unemployment_Rate,2023,2024,3.6,1.74,5.46,Naive,1.47,1.47,0.0,1-Year,FORECAST_ELIGIBLE_WITH_LIMITATIONS,Unemployment rate is volatile/non-monotonic; forecast eligible with caution under 1-year horizon only
State,Bihar,Male,Rural,All,Unemployment_Rate,2023,2024,3.3,1.5,5.1,Naive,1.43,1.43,0.0,1-Year,FORECAST_ELIGIBLE_WITH_LIMITATIONS,Unemployment rate is volatile/non-monotonic; forecast eligible with caution under 1-year horizon only
State,Bihar,Male,Urban,All,Unemployment_Rate,2023,2024,6.38,4.32,8.45,Drift,1.37,1.4,0.03,1-Year,FORECAST_ELIGIBLE_WITH_LIMITATIONS,Unemployment rate is volatile/non-monotonic; forecast eligible with caution under 1-year horizon only
State,Chandigarh,Female,Rural + Urban,All,LFPR,2023,2024,,,,SES,5.56,7.17,1.61,1-Year,FORECAST_NOT_SUPPORTED,High out-of-sample forecast error (MAE=5.56 pp > 3.5 pp threshold) or unstable trend
State,Chandigarh,Female,Rural,All,LFPR,2023,2024,,,,None,,,,1-Year,FORECAST_NOT_SUPPORTED,Incomplete series or missing historical points (e.g. Chandigarh Rural 2023)
State,Chandigarh,Female,Urban,All,LFPR,2023,2024,,,,SES,5.8,7.27,1.47,1-Year,FORECAST_NOT_SUPPORTED,High out-of-sample forecast error (MAE=5.80 pp > 3.5 pp threshold) or unstable trend
State,Chandigarh,Male,Rural + Urban,All,LFPR,2023,2024,76.9,75.2,78.6,Naive,2.73,2.73,0.0,1-Year,FORECAST_ELIGIBLE_WITH_LIMITATIONS,Acceptable out-of-sample error; model performs on par with naive baseline
State,Chandigarh,Male,Rural,All,LFPR,2023,2024,,,,None,,,,1-Year,FORECAST_NOT_SUPPORTED,Incomplete series or missing historical points (e.g. Chandigarh Rural 2023)
State,Chandigarh,Male,Urban,All,LFPR,2023,2024,76.9,74.72,79.08,Naive,2.93,2.93,0.0,1-Year,FORECAST_ELIGIBLE_WITH_LIMITATIONS,Acceptable out-of-sample error; model performs on par with naive baseline
State,Chandigarh,Female,Rural + Urban,All,WPR,2023,2024,,,,SES,4.45,6.13,1.68,1-Year,FORECAST_NOT_SUPPORTED,High out-of-sample forecast error (MAE=4.45 pp > 3.5 pp threshold) or unstable trend
State,Chandigarh,Female,Rural,All,WPR,2023,2024,,,,None,,,,1-Year,FORECAST_NOT_SUPPORTED,Incomplete series or missing historical points (e.g. Chandigarh Rural 2023)
State,Chandigarh,Female,Urban,All,WPR,2023,2024,,,,SES,4.38,6.2,1.82,1-Year,FORECAST_NOT_SUPPORTED,High out-of-sample forecast error (MAE=4.38 pp > 3.5 pp threshold) or unstable trend
State,Chandigarh,Male,Rural + Urban,All,WPR,2023,2024,70.38,65.93,74.83,SES,2.99,3.63,0.64,1-Year,FORECAST_ELIGIBLE,Candidate model outperforms naive baseline with low out-of-sample error under rolling validation
State,Chandigarh,Male,Rural,All,WPR,2023,2024,,,,None,,,,1-Year,FORECAST_NOT_SUPPORTED,Incomplete series or missing historical points (e.g. Chandigarh Rural 2023)
State,Chandigarh,Male,Urban,All,WPR,2023,2024,70.01,65.33,74.69,SES,2.98,3.9,0.92,1-Year,FORECAST_ELIGIBLE,Candidate model outperforms naive baseline with low out-of-sample error under rolling validation
State,Chandigarh,Female,Rural + Urban,All,Unemployment_Rate,2023,2024,,,,SES,6.0,7.17,1.17,1-Year,FORECAST_NOT_SUPPORTED,High cyclical volatility in unemployment rate; error exceeds threshold or fails to beat naive baseline
State,Chandigarh,Female,Rural,All,Unemployment_Rate,2023,2024,,,,None,,,,1-Year,FORECAST_NOT_SUPPORTED,Incomplete series or missing historical points (e.g. Chandigarh Rural 2023)
State,Chandigarh,Female,Urban,All,Unemployment_Rate,2023,2024,,,,SES,6.04,7.7,1.66,1-Year,FORECAST_NOT_SUPPORTED,High cyclical volatility in unemployment rate; error exceeds threshold or fails to beat naive baseline
State,Chandigarh,Male,Rural + Urban,All,Unemployment_Rate,2023,2024,3.9,2.89,4.91,Naive,1.43,1.43,0.0,1-Year,FORECAST_ELIGIBLE_WITH_LIMITATIONS,Unemployment rate is volatile/non-monotonic; forecast eligible with caution under 1-year horizon only
State,Chandigarh,Male,Rural,All,Unemployment_Rate,2023,2024,,,,None,,,,1-Year,FORECAST_NOT_SUPPORTED,Incomplete series or missing historical points (e.g. Chandigarh Rural 2023)
State,Chandigarh,Male,Urban,All,Unemployment_Rate,2023,2024,5.27,4.27,6.27,SES,1.55,1.57,0.02,1-Year,FORECAST_ELIGIBLE_WITH_LIMITATIONS,Unemployment rate is volatile/non-monotonic; forecast eligible with caution under 1-year horizon only
State,Chhattisgarh,Female,Rural + Urban,All,LFPR,2023,2024,,,,Naive,3.6,3.6,0.0,1-Year,FORECAST_NOT_SUPPORTED,High out-of-sample forecast error (MAE=3.60 pp > 3.5 pp threshold) or unstable trend
State,Chhattisgarh,Female,Rural,All,LFPR,2023,2024,,,,Holt,5.26,5.27,0.0,1-Year,FORECAST_NOT_SUPPORTED,High out-of-sample forecast error (MAE=5.26 pp > 3.5 pp threshold) or unstable trend
State,Chhattisgarh,Female,Urban,All,LFPR,2023,2024,34.0,30.26,37.74,Naive,2.63,2.63,0.0,1-Year,FORECAST_ELIGIBLE_WITH_LIMITATIONS,Acceptable out-of-sample error; model performs on par with naive baseline
State,Chhattisgarh,Male,Rural + Urban,All,LFPR,2023,2024,83.4,80.28,86.52,Naive,2.47,2.47,0.0,1-Year,FORECAST_ELIGIBLE_WITH_LIMITATIONS,Acceptable out-of-sample error; model performs on par with naive baseline
State,Chhattisgarh,Male,Rural,All,LFPR,2023,2024,84.6,81.49,87.71,Naive,2.73,2.73,0.0,1-Year,FORECAST_ELIGIBLE_WITH_LIMITATIONS,Acceptable out-of-sample error; model performs on par with naive baseline
State,Chhattisgarh,Male,Urban,All,LFPR,2023,2024,78.16,77.05,79.26,SES,1.36,2.23,0.87,1-Year,FORECAST_ELIGIBLE,Candidate model outperforms naive baseline with low out-of-sample error under rolling validation
State,Chhattisgarh,Female,Rural + Urban,All,WPR,2023,2024,58.01,53.84,62.17,Holt,3.43,3.7,0.27,1-Year,FORECAST_ELIGIBLE,Candidate model outperforms naive baseline with low out-of-sample error under rolling validation
State,Chhattisgarh,Female,Rural,All,WPR,2023,2024,,,,Holt,4.72,5.33,0.61,1-Year,FORECAST_NOT_SUPPORTED,High out-of-sample forecast error (MAE=4.72 pp > 3.5 pp threshold) or unstable trend
State,Chhattisgarh,Female,Urban,All,WPR,2023,2024,30.4,27.09,33.71,Naive,2.13,2.13,0.0,1-Year,FORECAST_ELIGIBLE_WITH_LIMITATIONS,Acceptable out-of-sample error; model performs on par with naive baseline
State,Chhattisgarh,Male,Rural + Urban,All,WPR,2023,2024,81.2,78.01,84.39,Naive,2.5,2.5,0.0,1-Year,FORECAST_ELIGIBLE_WITH_LIMITATIONS,Acceptable out-of-sample error; model performs on par with naive baseline
State,Chhattisgarh,Male,Rural,All,WPR,2023,2024,83.2,79.81,86.59,Naive,2.9,2.9,0.0,1-Year,FORECAST_ELIGIBLE_WITH_LIMITATIONS,Acceptable out-of-sample error; model performs on par with naive baseline
State,Chhattisgarh,Male,Urban,All,WPR,2023,2024,74.18,73.06,75.3,Holt,0.78,1.97,1.19,1-Year,FORECAST_ELIGIBLE,Candidate model outperforms naive baseline with low out-of-sample error under rolling validation
State,Chhattisgarh,Female,Rural + Urban,All,Unemployment_Rate,2023,2024,2.14,1.14,3.14,SES,0.25,0.37,0.12,1-Year,FORECAST_ELIGIBLE_WITH_LIMITATIONS,Unemployment rate is volatile/non-monotonic; forecast eligible with caution under 1-year horizon only
State,Chhattisgarh,Female,Rural,All,Unemployment_Rate,2023,2024,1.3,0.3,2.3,Naive,0.2,0.2,0.0,1-Year,FORECAST_ELIGIBLE_WITH_LIMITATIONS,Unemployment rate is volatile/non-monotonic; forecast eligible with caution under 1-year horizon only
State,Chhattisgarh,Female,Urban,All,Unemployment_Rate,2023,2024,9.74,8.74,10.74,SES,0.91,1.17,0.26,1-Year,FORECAST_ELIGIBLE_WITH_LIMITATIONS,Unemployment rate is volatile/non-monotonic; forecast eligible with caution under 1-year horizon only
State,Chhattisgarh,Male,Rural + Urban,All,Unemployment_Rate,2023,2024,2.41,1.41,3.41,Holt,0.09,0.23,0.14,1-Year,FORECAST_ELIGIBLE_WITH_LIMITATIONS,Unemployment rate is volatile/non-monotonic; forecast eligible with caution under 1-year horizon only
State,Chhattisgarh,Male,Rural,All,Unemployment_Rate,2023,2024,1.6,0.6,2.6,Naive,0.37,0.37,0.0,1-Year,FORECAST_ELIGIBLE_WITH_LIMITATIONS,Unemployment rate is volatile/non-monotonic; forecast eligible with caution under 1-year horizon only
State,Chhattisgarh,Male,Urban,All,Unemployment_Rate,2023,2024,6.45,5.45,7.45,SES,0.31,0.5,0.19,1-Year,FORECAST_ELIGIBLE_WITH_LIMITATIONS,Unemployment rate is volatile/non-monotonic; forecast eligible with caution under 1-year horizon only
State,Delhi,Female,Rural + Urban,All,LFPR,2023,2024,15.61,11.96,19.26,SES,2.53,2.63,0.11,1-Year,FORECAST_ELIGIBLE,Candidate model outperforms naive baseline with low out-of-sample error under rolling validation
State,Delhi,Female,Rural,All,LFPR,2023,2024,,,,SES,5.78,6.43,0.65,1-Year,FORECAST_NOT_SUPPORTED,High out-of-sample forecast error (MAE=5.78 pp > 3.5 pp threshold) or unstable trend
State,Delhi,Female,Urban,All,LFPR,2023,2024,15.74,12.16,19.32,SES,2.54,2.6,0.06,1-Year,FORECAST_ELIGIBLE_WITH_LIMITATIONS,Acceptable out-of-sample error; model performs on par with naive baseline
State,Delhi,Male,Rural + Urban,All,LFPR,2023,2024,71.73,69.23,74.22,Holt,1.92,2.13,0.22,1-Year,FORECAST_ELIGIBLE,Candidate model outperforms naive baseline with low out-of-sample error under rolling validation
State,Delhi,Male,Rural,All,LFPR,2023,2024,76.74,72.64,80.84,SES,3.6,5.33,1.74,1-Year,FORECAST_ELIGIBLE,Candidate model outperforms naive baseline with low out-of-sample error under rolling validation
State,Delhi,Male,Urban,All,LFPR,2023,2024,72.6,70.03,75.18,SES,2.14,2.27,0.13,1-Year,FORECAST_ELIGIBLE,Candidate model outperforms naive baseline with low out-of-sample error under rolling validation
State,Delhi,Female,Rural + Urban,All,WPR,2023,2024,18.3,15.37,21.23,Naive,2.73,2.73,0.0,1-Year,FORECAST_ELIGIBLE_WITH_LIMITATIONS,Acceptable out-of-sample error; model performs on par with naive baseline
State,Delhi,Female,Rural,All,WPR,2023,2024,,,,SES,4.64,5.27,0.63,1-Year,FORECAST_NOT_SUPPORTED,High out-of-sample forecast error (MAE=4.64 pp > 3.5 pp threshold) or unstable trend
State,Delhi,Female,Urban,All,WPR,2023,2024,19.18,16.31,22.06,Drift,2.7,2.7,0.0,1-Year,FORECAST_ELIGIBLE_WITH_LIMITATIONS,Acceptable out-of-sample error; model performs on par with naive baseline
State,Delhi,Male,Rural + Urban,All,WPR,2023,2024,69.3,66.11,72.48,SES,2.39,3.27,0.88,1-Year,FORECAST_ELIGIBLE,Candidate model outperforms naive baseline with low out-of-sample error under rolling validation
State,Delhi,Male,Rural,All,WPR,2023,2024,,,,SES,5.55,8.9,3.35,1-Year,FORECAST_NOT_SUPPORTED,High out-of-sample forecast error (MAE=5.55 pp > 3.5 pp threshold) or unstable trend
State,Delhi,Male,Urban,All,WPR,2023,2024,69.17,65.67,72.68,SES,2.57,3.5,0.93,1-Year,FORECAST_ELIGIBLE,Candidate model outperforms naive baseline with low out-of-sample error under rolling validation
State,Delhi,Female,Rural + Urban,All,Unemployment_Rate,2023,2024,0.66,0.0,2.03,Holt,1.35,1.63,0.28,1-Year,FORECAST_ELIGIBLE_WITH_LIMITATIONS,Unemployment rate is volatile/non-monotonic; forecast eligible with caution under 1-year horizon only
State,Delhi,Female,Rural,All,Unemployment_Rate,2023,2024,,,,SES,6.63,6.87,0.23,1-Year,FORECAST_NOT_SUPPORTED,High cyclical volatility in unemployment rate; error exceeds threshold or fails to beat naive baseline
State,Delhi,Female,Urban,All,Unemployment_Rate,2023,2024,-0.5,0.0,1.77,Drift,1.52,1.8,0.28,1-Year,FORECAST_ELIGIBLE_WITH_LIMITATIONS,Unemployment rate is volatile/non-monotonic; forecast eligible with caution under 1-year horizon only
State,Delhi,Male,Rural + Urban,All,Unemployment_Rate,2023,2024,1.03,0.0,3.21,Drift,1.46,1.63,0.17,1-Year,FORECAST_ELIGIBLE_WITH_LIMITATIONS,Unemployment rate is volatile/non-monotonic; forecast eligible with caution under 1-year horizon only
State,Delhi,Male,Rural,All,Unemployment_Rate,2023,2024,,,,SES,3.23,5.17,1.93,1-Year,FORECAST_NOT_SUPPORTED,High cyclical volatility in unemployment rate; error exceeds threshold or fails to beat naive baseline
State,Delhi,Male,Urban,All,Unemployment_Rate,2023,2024,1.02,0.0,3.49,Drift,1.6,1.77,0.16,1-Year,FORECAST_ELIGIBLE_WITH_LIMITATIONS,Unemployment rate is volatile/non-monotonic; forecast eligible with caution under 1-year horizon only
State,Goa,Female,Rural + Urban,All,LFPR,2023,2024,,,,SES,4.06,5.07,1.01,1-Year,FORECAST_NOT_SUPPORTED,High out-of-sample forecast error (MAE=4.06 pp > 3.5 pp threshold) or unstable trend
State,Goa,Female,Rural,All,LFPR,2023,2024,,,,SES,4.09,7.2,3.11,1-Year,FORECAST_NOT_SUPPORTED,High out-of-sample forecast error (MAE=4.09 pp > 3.5 pp threshold) or unstable trend
State,Goa,Female,Urban,All,LFPR,2023,2024,,,,Naive,3.83,3.83,0.0,1-Year,FORECAST_NOT_SUPPORTED,High out-of-sample forecast error (MAE=3.83 pp > 3.5 pp threshold) or unstable trend
State,Goa,Male,Rural + Urban,All,LFPR,2023,2024,72.66,71.59,73.73,SES,1.67,2.6,0.93,1-Year,FORECAST_ELIGIBLE,Candidate model outperforms naive baseline with low out-of-sample error under rolling validation
State,Goa,Male,Rural,All,LFPR,2023,2024,73.65,70.95,76.35,SES,2.56,6.1,3.54,1-Year,FORECAST_ELIGIBLE,Candidate model outperforms naive baseline with low out-of-sample error under rolling validation
State,Goa,Male,Urban,All,LFPR,2023,2024,72.8,71.8,73.8,Naive,0.4,0.4,0.0,1-Year,FORECAST_ELIGIBLE_WITH_LIMITATIONS,Acceptable out-of-sample error; model performs on par with naive baseline
State,Goa,Female,Rural + Urban,All,WPR,2023,2024,25.18,18.47,31.9,Holt,3.83,4.9,1.07,1-Year,FORECAST_ELIGIBLE,Candidate model outperforms naive baseline with low out-of-sample error under rolling validation
State,Goa,Female,Rural,All,WPR,2023,2024,22.6,16.58,28.62,SES,3.83,6.73,2.9,1-Year,FORECAST_ELIGIBLE,Candidate model outperforms naive baseline with low out-of-sample error under rolling validation
State,Goa,Female,Urban,All,WPR,2023,2024,,,,SES,4.21,4.27,0.05,1-Year,FORECAST_NOT_SUPPORTED,High out-of-sample forecast error (MAE=4.21 pp > 3.5 pp threshold) or unstable trend
State,Goa,Male,Rural + Urban,All,WPR,2023,2024,67.38,65.38,69.38,SES,1.84,2.6,0.76,1-Year,FORECAST_ELIGIBLE,Candidate model outperforms naive baseline with low out-of-sample error under rolling validation
State,Goa,Male,Rural,All,WPR,2023,2024,67.66,64.8,70.52,SES,2.02,4.8,2.78,1-Year,FORECAST_ELIGIBLE,Candidate model outperforms naive baseline with low out-of-sample error under rolling validation
State,Goa,Male,Urban,All,WPR,2023,2024,71.47,70.47,72.47,Drift,0.75,1.9,1.15,1-Year,FORECAST_ELIGIBLE,Candidate model outperforms naive baseline with low out-of-sample error under rolling validation
State,Goa,Female,Rural + Urban,All,Unemployment_Rate,2023,2024,17.19,14.3,20.07,SES,2.06,4.2,2.14,1-Year,FORECAST_ELIGIBLE_WITH_LIMITATIONS,Unemployment rate is volatile/non-monotonic; forecast eligible with caution under 1-year horizon only
State,Goa,Female,Rural,All,Unemployment_Rate,2023,2024,16.62,13.61,19.63,SES,1.94,2.87,0.93,1-Year,FORECAST_ELIGIBLE_WITH_LIMITATIONS,Unemployment rate is volatile/non-monotonic; forecast eligible with caution under 1-year horizon only
State,Goa,Female,Urban,All,Unemployment_Rate,2023,2024,,,,SES,3.1,6.87,3.77,1-Year,FORECAST_NOT_SUPPORTED,High cyclical volatility in unemployment rate; error exceeds threshold or fails to beat naive baseline
State,Goa,Male,Rural + Urban,All,Unemployment_Rate,2023,2024,5.2,3.29,7.11,Naive,1.83,1.83,0.0,1-Year,FORECAST_ELIGIBLE_WITH_LIMITATIONS,Unemployment rate is volatile/non-monotonic; forecast eligible with caution under 1-year horizon only
State,Goa,Male,Rural,All,Unemployment_Rate,2023,2024,8.09,5.63,10.56,SES,1.64,2.27,0.63,1-Year,FORECAST_ELIGIBLE_WITH_LIMITATIONS,Unemployment rate is volatile/non-monotonic; forecast eligible with caution under 1-year horizon only
State,Goa,Male,Urban,All,Unemployment_Rate,2023,2024,3.8,2.54,5.06,Naive,2.13,2.13,0.0,1-Year,FORECAST_ELIGIBLE_WITH_LIMITATIONS,Unemployment rate is volatile/non-monotonic; forecast eligible with caution under 1-year horizon only
State,Gujarat,Female,Rural + Urban,All,LFPR,2023,2024,50.35,46.4,54.3,Drift,2.72,4.3,1.58,1-Year,FORECAST_ELIGIBLE,Candidate model outperforms naive baseline with low out-of-sample error under rolling validation
State,Gujarat,Female,Rural,All,LFPR,2023,2024,61.46,58.08,64.84,Holt,3.11,4.93,1.82,1-Year,FORECAST_ELIGIBLE,Candidate model outperforms naive baseline with low out-of-sample error under rolling validation
State,Gujarat,Female,Urban,All,LFPR,2023,2024,31.83,30.64,33.02,Drift,2.04,3.5,1.46,1-Year,FORECAST_ELIGIBLE,Candidate model outperforms naive baseline with low out-of-sample error under rolling validation
State,Gujarat,Male,Rural + Urban,All,LFPR,2023,2024,83.69,82.69,84.69,Holt,0.75,1.33,0.58,1-Year,FORECAST_ELIGIBLE,Candidate model outperforms naive baseline with low out-of-sample error under rolling validation
State,Gujarat,Male,Rural,All,LFPR,2023,2024,86.03,83.84,88.23,Holt,1.46,2.07,0.61,1-Year,FORECAST_ELIGIBLE,Candidate model outperforms naive baseline with low out-of-sample error under rolling validation
State,Gujarat,Male,Urban,All,LFPR,2023,2024,78.53,77.53,79.53,SES,0.9,1.03,0.13,1-Year,FORECAST_ELIGIBLE,Candidate model outperforms naive baseline with low out-of-sample error under rolling validation
State,Gujarat,Female,Rural + Urban,All,WPR,2023,2024,50.03,46.28,53.79,Drift,2.56,4.4,1.84,1-Year,FORECAST_ELIGIBLE,Candidate model outperforms naive baseline with low out-of-sample error under rolling validation
State,Gujarat,Female,Rural,All,WPR,2023,2024,61.98,58.6,65.37,Holt,2.76,4.93,2.18,1-Year,FORECAST_ELIGIBLE,Candidate model outperforms naive baseline with low out-of-sample error under rolling validation
State,Gujarat,Female,Urban,All,WPR,2023,2024,30.78,29.72,31.85,Drift,2.26,3.63,1.38,1-Year,FORECAST_ELIGIBLE,Candidate model outperforms naive baseline with low out-of-sample error under rolling validation
State,Gujarat,Male,Rural + Urban,All,WPR,2023,2024,82.75,81.75,83.75,Drift,0.7,1.63,0.94,1-Year,FORECAST_ELIGIBLE,Candidate model outperforms naive baseline with low out-of-sample error under rolling validation
State,Gujarat,Male,Rural,All,WPR,2023,2024,86.18,83.97,88.4,Drift,1.34,2.2,0.86,1-Year,FORECAST_ELIGIBLE,Candidate model outperforms naive baseline with low out-of-sample error under rolling validation
State,Gujarat,Male,Urban,All,WPR,2023,2024,78.42,77.05,79.78,Drift,0.9,1.0,0.1,1-Year,FORECAST_ELIGIBLE_WITH_LIMITATIONS,Acceptable out-of-sample error; model performs on par with naive baseline
State,Gujarat,Female,Rural + Urban,All,Unemployment_Rate,2023,2024,0.48,0.0,1.48,Drift,0.32,0.33,0.01,1-Year,FORECAST_ELIGIBLE_WITH_LIMITATIONS,Unemployment rate is volatile/non-monotonic; forecast eligible with caution under 1-year horizon only
State,Gujarat,Female,Rural,All,Unemployment_Rate,2023,2024,0.2,0.0,1.2,Naive,0.3,0.3,0.0,1-Year,FORECAST_ELIGIBLE_WITH_LIMITATIONS,Unemployment rate is volatile/non-monotonic; forecast eligible with caution under 1-year horizon only
State,Gujarat,Female,Urban,All,Unemployment_Rate,2023,2024,3.74,2.74,4.74,SES,1.05,1.6,0.55,1-Year,FORECAST_ELIGIBLE_WITH_LIMITATIONS,Unemployment rate is volatile/non-monotonic; forecast eligible with caution under 1-year horizon only
State,Gujarat,Male,Rural + Urban,All,Unemployment_Rate,2023,2024,1.1,0.1,2.1,Naive,0.4,0.4,0.0,1-Year,FORECAST_ELIGIBLE_WITH_LIMITATIONS,Unemployment rate is volatile/non-monotonic; forecast eligible with caution under 1-year horizon only
State,Gujarat,Male,Rural,All,Unemployment_Rate,2023,2024,0.5,0.0,1.71,Naive,0.77,0.77,0.0,1-Year,FORECAST_ELIGIBLE_WITH_LIMITATIONS,Unemployment rate is volatile/non-monotonic; forecast eligible with caution under 1-year horizon only
State,Gujarat,Male,Urban,All,Unemployment_Rate,2023,2024,1.09,0.09,2.09,Holt,0.46,0.73,0.27,1-Year,FORECAST_ELIGIBLE_WITH_LIMITATIONS,Unemployment rate is volatile/non-monotonic; forecast eligible with caution under 1-year horizon only
State,Haryana,Female,Rural + Urban,All,LFPR,2023,2024,23.99,22.58,25.41,Holt,1.11,1.7,0.59,1-Year,FORECAST_ELIGIBLE,Candidate model outperforms naive baseline with low out-of-sample error under rolling validation
State,Haryana,Female,Rural,All,LFPR,2023,2024,28.23,25.05,31.42,Drift,2.48,2.73,0.25,1-Year,FORECAST_ELIGIBLE,Candidate model outperforms naive baseline with low out-of-sample error under rolling validation
State,Haryana,Female,Urban,All,LFPR,2023,2024,21.98,20.98,22.98,Drift,0.72,0.73,0.01,1-Year,FORECAST_ELIGIBLE_WITH_LIMITATIONS,Acceptable out-of-sample error; model performs on par with naive baseline
State,Haryana,Male,Rural + Urban,All,LFPR,2023,2024,72.87,71.61,74.12,SES,0.84,0.9,0.06,1-Year,FORECAST_ELIGIBLE_WITH_LIMITATIONS,Acceptable out-of-sample error; model performs on par with naive baseline
State,Haryana,Male,Rural,All,LFPR,2023,2024,72.75,71.67,73.84,SES,1.21,1.4,0.19,1-Year,FORECAST_ELIGIBLE,Candidate model outperforms naive baseline with low out-of-sample error under rolling validation
State,Haryana,Male,Urban,All,LFPR,2023,2024,73.9,72.9,74.9,Naive,1.1,1.1,0.0,1-Year,FORECAST_ELIGIBLE_WITH_LIMITATIONS,Acceptable out-of-sample error; model performs on par with naive baseline
State,Haryana,Female,Rural + Urban,All,WPR,2023,2024,23.48,21.44,25.51,Holt,1.4,2.3,0.9,1-Year,FORECAST_ELIGIBLE,Candidate model outperforms naive baseline with low out-of-sample error under rolling validation
State,Haryana,Female,Rural,All,WPR,2023,2024,28.02,23.94,32.09,Drift,3.27,3.47,0.2,1-Year,FORECAST_ELIGIBLE,Candidate model outperforms naive baseline with low out-of-sample error under rolling validation
State,Haryana,Female,Urban,All,WPR,2023,2024,21.43,20.43,22.43,Drift,0.81,1.07,0.26,1-Year,FORECAST_ELIGIBLE,Candidate model outperforms naive baseline with low out-of-sample error under rolling validation
State,Haryana,Male,Rural + Urban,All,WPR,2023,2024,68.21,65.2,71.22,SES,2.18,2.53,0.35,1-Year,FORECAST_ELIGIBLE,Candidate model outperforms naive baseline with low out-of-sample error under rolling validation
State,Haryana,Male,Rural,All,WPR,2023,2024,68.02,65.34,70.71,SES,1.91,2.67,0.76,1-Year,FORECAST_ELIGIBLE,Candidate model outperforms naive baseline with low out-of-sample error under rolling validation
State,Haryana,Male,Urban,All,WPR,2023,2024,70.9,68.94,72.86,Naive,2.03,2.03,0.0,1-Year,FORECAST_ELIGIBLE_WITH_LIMITATIONS,Acceptable out-of-sample error; model performs on par with naive baseline
State,Haryana,Female,Rural + Urban,All,Unemployment_Rate,2023,2024,,,,SES,3.24,3.57,0.33,1-Year,FORECAST_NOT_SUPPORTED,High cyclical volatility in unemployment rate; error exceeds threshold or fails to beat naive baseline
State,Haryana,Female,Rural,All,Unemployment_Rate,2023,2024,,,,SES,3.57,4.23,0.67,1-Year,FORECAST_NOT_SUPPORTED,High cyclical volatility in unemployment rate; error exceeds threshold or fails to beat naive baseline
State,Haryana,Female,Urban,All,Unemployment_Rate,2023,2024,1.85,0.0,4.6,Drift,1.89,2.07,0.18,1-Year,FORECAST_ELIGIBLE_WITH_LIMITATIONS,Unemployment rate is volatile/non-monotonic; forecast eligible with caution under 1-year horizon only
State,Haryana,Male,Rural + Urban,All,Unemployment_Rate,2023,2024,6.34,3.66,9.02,SES,2.19,2.5,0.31,1-Year,FORECAST_ELIGIBLE_WITH_LIMITATIONS,Unemployment rate is volatile/non-monotonic; forecast eligible with caution under 1-year horizon only
State,Haryana,Male,Rural,All,Unemployment_Rate,2023,2024,6.44,3.58,9.31,SES,2.33,2.9,0.57,1-Year,FORECAST_ELIGIBLE_WITH_LIMITATIONS,Unemployment rate is volatile/non-monotonic; forecast eligible with caution under 1-year horizon only
State,Haryana,Male,Urban,All,Unemployment_Rate,2023,2024,4.1,2.08,6.12,Naive,1.87,1.87,0.0,1-Year,FORECAST_ELIGIBLE_WITH_LIMITATIONS,Unemployment rate is volatile/non-monotonic; forecast eligible with caution under 1-year horizon only
State,Himachal Pradesh,Female,Rural + Urban,All,LFPR,2023,2024,70.6,65.46,75.74,Drift,3.39,4.2,0.81,1-Year,FORECAST_ELIGIBLE,Candidate model outperforms naive baseline with low out-of-sample error under rolling validation
State,Himachal Pradesh,Female,Rural,All,LFPR,2023,2024,73.23,67.26,79.2,Drift,3.96,4.7,0.74,1-Year,FORECAST_ELIGIBLE,Candidate model outperforms naive baseline with low out-of-sample error under rolling validation
State,Himachal Pradesh,Female,Urban,All,LFPR,2023,2024,48.5,46.62,50.38,Drift,1.51,3.7,2.19,1-Year,FORECAST_ELIGIBLE,Candidate model outperforms naive baseline with low out-of-sample error under rolling validation
State,Himachal Pradesh,Male,Rural + Urban,All,LFPR,2023,2024,81.7,80.39,83.01,Naive,0.93,0.93,0.0,1-Year,FORECAST_ELIGIBLE_WITH_LIMITATIONS,Acceptable out-of-sample error; model performs on par with naive baseline
State,Himachal Pradesh,Male,Rural,All,LFPR,2023,2024,82.4,81.06,83.74,Naive,0.93,0.93,0.0,1-Year,FORECAST_ELIGIBLE_WITH_LIMITATIONS,Acceptable out-of-sample error; model performs on par with naive baseline
State,Himachal Pradesh,Male,Urban,All,LFPR,2023,2024,77.87,76.87,78.87,Drift,0.61,0.73,0.13,1-Year,FORECAST_ELIGIBLE,Candidate model outperforms naive baseline with low out-of-sample error under rolling validation
State,Himachal Pradesh,Female,Rural + Urban,All,WPR,2023,2024,64.77,59.71,69.83,Drift,3.81,3.93,0.12,1-Year,FORECAST_ELIGIBLE,Candidate model outperforms naive baseline with low out-of-sample error under rolling validation
State,Himachal Pradesh,Female,Rural,All,WPR,2023,2024,,,,Drift,4.51,4.9,0.39,1-Year,FORECAST_NOT_SUPPORTED,High out-of-sample forecast error (MAE=4.51 pp > 3.5 pp threshold) or unstable trend
State,Himachal Pradesh,Female,Urban,All,WPR,2023,2024,,,,SES,4.17,4.33,0.16,1-Year,FORECAST_NOT_SUPPORTED,High out-of-sample forecast error (MAE=4.17 pp > 3.5 pp threshold) or unstable trend
State,Himachal Pradesh,Male,Rural + Urban,All,WPR,2023,2024,78.9,77.4,80.4,Naive,1.1,1.1,0.0,1-Year,FORECAST_ELIGIBLE_WITH_LIMITATIONS,Acceptable out-of-sample error; model performs on par with naive baseline
State,Himachal Pradesh,Male,Rural,All,WPR,2023,2024,79.8,78.36,81.24,Naive,1.07,1.07,0.0,1-Year,FORECAST_ELIGIBLE_WITH_LIMITATIONS,Acceptable out-of-sample error; model performs on par with naive baseline
State,Himachal Pradesh,Male,Urban,All,WPR,2023,2024,74.47,73.13,75.81,Drift,1.03,1.07,0.04,1-Year,FORECAST_ELIGIBLE_WITH_LIMITATIONS,Acceptable out-of-sample error; model performs on par with naive baseline
State,Himachal Pradesh,Female,Rural + Urban,All,Unemployment_Rate,2023,2024,6.34,4.42,8.26,Holt,1.73,1.8,0.07,1-Year,FORECAST_ELIGIBLE_WITH_LIMITATIONS,Unemployment rate is volatile/non-monotonic; forecast eligible with caution under 1-year horizon only
State,Himachal Pradesh,Female,Rural,All,Unemployment_Rate,2023,2024,7.0,5.53,8.47,Naive,1.63,1.63,0.0,1-Year,FORECAST_ELIGIBLE_WITH_LIMITATIONS,Unemployment rate is volatile/non-monotonic; forecast eligible with caution under 1-year horizon only
State,Himachal Pradesh,Female,Urban,All,Unemployment_Rate,2023,2024,,,,SES,7.51,11.03,3.52,1-Year,FORECAST_NOT_SUPPORTED,High cyclical volatility in unemployment rate; error exceeds threshold or fails to beat naive baseline
State,Himachal Pradesh,Male,Rural + Urban,All,Unemployment_Rate,2023,2024,3.4,2.4,4.4,Naive,0.57,0.57,0.0,1-Year,FORECAST_ELIGIBLE_WITH_LIMITATIONS,Unemployment rate is volatile/non-monotonic; forecast eligible with caution under 1-year horizon only
State,Himachal Pradesh,Male,Rural,All,Unemployment_Rate,2023,2024,3.2,2.2,4.2,Naive,0.67,0.67,0.0,1-Year,FORECAST_ELIGIBLE_WITH_LIMITATIONS,Unemployment rate is volatile/non-monotonic; forecast eligible with caution under 1-year horizon only
State,Himachal Pradesh,Male,Urban,All,Unemployment_Rate,2023,2024,4.8,3.8,5.8,Naive,0.63,0.63,0.0,1-Year,FORECAST_ELIGIBLE_WITH_LIMITATIONS,Unemployment rate is volatile/non-monotonic; forecast eligible with caution under 1-year horizon only
State,Jammu and Kashmir,Female,Rural + Urban,All,LFPR,2023,2024,56.57,55.27,57.87,Holt,1.06,2.9,1.84,1-Year,FORECAST_ELIGIBLE,Candidate model outperforms naive baseline with low out-of-sample error under rolling validation
State,Jammu and Kashmir,Female,Rural,All,LFPR,2023,2024,63.36,61.49,65.24,Holt,2.59,3.07,0.48,1-Year,FORECAST_ELIGIBLE,Candidate model outperforms naive baseline with low out-of-sample error under rolling validation
State,Jammu and Kashmir,Female,Urban,All,LFPR,2023,2024,34.8,29.64,39.96,Drift,3.77,3.93,0.16,1-Year,FORECAST_ELIGIBLE,Candidate model outperforms naive baseline with low out-of-sample error under rolling validation
State,Jammu and Kashmir,Male,Rural + Urban,All,LFPR,2023,2024,76.7,75.35,78.04,Holt,0.91,1.5,0.59,1-Year,FORECAST_ELIGIBLE,Candidate model outperforms naive baseline with low out-of-sample error under rolling validation
State,Jammu and Kashmir,Male,Rural,All,LFPR,2023,2024,76.53,74.74,78.32,SES,1.49,2.13,0.64,1-Year,FORECAST_ELIGIBLE,Candidate model outperforms naive baseline with low out-of-sample error under rolling validation
State,Jammu and Kashmir,Male,Urban,All,LFPR,2023,2024,74.6,72.68,76.52,Naive,1.23,1.23,0.0,1-Year,FORECAST_ELIGIBLE_WITH_LIMITATIONS,Acceptable out-of-sample error; model performs on par with naive baseline
State,Jammu and Kashmir,Female,Rural + Urban,All,WPR,2023,2024,51.66,49.43,53.9,Holt,1.51,2.4,0.89,1-Year,FORECAST_ELIGIBLE,Candidate model outperforms naive baseline with low out-of-sample error under rolling validation
State,Jammu and Kashmir,Female,Rural,All,WPR,2023,2024,59.27,56.82,61.72,Holt,2.46,2.6,0.14,1-Year,FORECAST_ELIGIBLE,Candidate model outperforms naive baseline with low out-of-sample error under rolling validation
State,Jammu and Kashmir,Female,Urban,All,WPR,2023,2024,25.17,22.4,27.93,Drift,2.02,2.17,0.14,1-Year,FORECAST_ELIGIBLE,Candidate model outperforms naive baseline with low out-of-sample error under rolling validation
State,Jammu and Kashmir,Male,Rural + Urban,All,WPR,2023,2024,74.75,73.1,76.4,Holt,1.21,1.87,0.66,1-Year,FORECAST_ELIGIBLE,Candidate model outperforms naive baseline with low out-of-sample error under rolling validation
State,Jammu and Kashmir,Male,Rural,All,WPR,2023,2024,74.16,71.79,76.53,SES,2.03,2.6,0.57,1-Year,FORECAST_ELIGIBLE,Candidate model outperforms naive baseline with low out-of-sample error under rolling validation
State,Jammu and Kashmir,Male,Urban,All,WPR,2023,2024,71.0,69.69,72.31,Naive,1.53,1.53,0.0,1-Year,FORECAST_ELIGIBLE_WITH_LIMITATIONS,Acceptable out-of-sample error; model performs on par with naive baseline
State,Jammu and Kashmir,Female,Rural + Urban,All,Unemployment_Rate,2023,2024,8.63,6.58,10.68,SES,1.49,1.9,0.41,1-Year,FORECAST_ELIGIBLE_WITH_LIMITATIONS,Unemployment rate is volatile/non-monotonic; forecast eligible with caution under 1-year horizon only
State,Jammu and Kashmir,Female,Rural,All,Unemployment_Rate,2023,2024,6.11,4.61,7.61,SES,1.09,1.27,0.18,1-Year,FORECAST_ELIGIBLE_WITH_LIMITATIONS,Unemployment rate is volatile/non-monotonic; forecast eligible with caution under 1-year horizon only
State,Jammu and Kashmir,Female,Urban,All,Unemployment_Rate,2023,2024,25.61,23.34,27.87,SES,1.56,2.43,0.87,1-Year,FORECAST_ELIGIBLE_WITH_LIMITATIONS,Unemployment rate is volatile/non-monotonic; forecast eligible with caution under 1-year horizon only
State,Jammu and Kashmir,Male,Rural + Urban,All,Unemployment_Rate,2023,2024,2.72,1.72,3.72,Holt,0.59,0.83,0.24,1-Year,FORECAST_ELIGIBLE_WITH_LIMITATIONS,Unemployment rate is volatile/non-monotonic; forecast eligible with caution under 1-year horizon only
State,Jammu and Kashmir,Male,Rural,All,Unemployment_Rate,2023,2024,3.5,2.35,4.65,Naive,0.73,0.73,0.0,1-Year,FORECAST_ELIGIBLE_WITH_LIMITATIONS,Unemployment rate is volatile/non-monotonic; forecast eligible with caution under 1-year horizon only
State,Jammu and Kashmir,Male,Urban,All,Unemployment_Rate,2023,2024,5.7,4.17,7.22,Holt,1.49,1.53,0.04,1-Year,FORECAST_ELIGIBLE_WITH_LIMITATIONS,Unemployment rate is volatile/non-monotonic; forecast eligible with caution under 1-year horizon only
State,Jharkhand,Female,Rural + Urban,All,LFPR,2023,2024,49.8,47.92,51.68,Naive,1.97,1.97,0.0,1-Year,FORECAST_ELIGIBLE_WITH_LIMITATIONS,Acceptable out-of-sample error; model performs on par with naive baseline
State,Jharkhand,Female,Rural,All,LFPR,2023,2024,57.3,54.73,59.87,Naive,2.07,2.07,0.0,1-Year,FORECAST_ELIGIBLE_WITH_LIMITATIONS,Acceptable out-of-sample error; model performs on par with naive baseline
State,Jharkhand,Female,Urban,All,LFPR,2023,2024,20.25,16.46,24.04,Drift,2.42,2.57,0.14,1-Year,FORECAST_ELIGIBLE,Candidate model outperforms naive baseline with low out-of-sample error under rolling validation
State,Jharkhand,Male,Rural + Urban,All,LFPR,2023,2024,78.3,77.3,79.3,Naive,0.47,0.47,0.0,1-Year,FORECAST_ELIGIBLE_WITH_LIMITATIONS,Acceptable out-of-sample error; model performs on par with naive baseline
State,Jharkhand,Male,Rural,All,LFPR,2023,2024,80.9,79.9,81.9,Naive,0.5,0.5,0.0,1-Year,FORECAST_ELIGIBLE_WITH_LIMITATIONS,Acceptable out-of-sample error; model performs on par with naive baseline
State,Jharkhand,Male,Urban,All,LFPR,2023,2024,68.8,67.8,69.8,Naive,1.23,1.23,0.0,1-Year,FORECAST_ELIGIBLE_WITH_LIMITATIONS,Acceptable out-of-sample error; model performs on par with naive baseline
State,Jharkhand,Female,Rural + Urban,All,WPR,2023,2024,49.6,47.68,51.52,Naive,2.0,2.0,0.0,1-Year,FORECAST_ELIGIBLE_WITH_LIMITATIONS,Acceptable out-of-sample error; model performs on par with naive baseline
State,Jharkhand,Female,Rural,All,WPR,2023,2024,57.2,54.62,59.78,Naive,2.07,2.07,0.0,1-Year,FORECAST_ELIGIBLE_WITH_LIMITATIONS,Acceptable out-of-sample error; model performs on par with naive baseline
State,Jharkhand,Female,Urban,All,WPR,2023,2024,19.25,15.85,22.65,Drift,2.17,2.3,0.13,1-Year,FORECAST_ELIGIBLE,Candidate model outperforms naive baseline with low out-of-sample error under rolling validation
State,Jharkhand,Male,Rural + Urban,All,WPR,2023,2024,76.9,75.69,78.11,Naive,0.77,0.77,0.0,1-Year,FORECAST_ELIGIBLE_WITH_LIMITATIONS,Acceptable out-of-sample error; model performs on par with naive baseline
State,Jharkhand,Male,Rural,All,WPR,2023,2024,80.2,79.2,81.2,Naive,0.73,0.73,0.0,1-Year,FORECAST_ELIGIBLE_WITH_LIMITATIONS,Acceptable out-of-sample error; model performs on par with naive baseline
State,Jharkhand,Male,Urban,All,WPR,2023,2024,64.8,62.27,67.33,Naive,1.83,1.83,0.0,1-Year,FORECAST_ELIGIBLE_WITH_LIMITATIONS,Acceptable out-of-sample error; model performs on par with naive baseline
State,Jharkhand,Female,Rural + Urban,All,Unemployment_Rate,2023,2024,0.5,0.0,1.5,Naive,0.13,0.13,0.0,1-Year,FORECAST_ELIGIBLE_WITH_LIMITATIONS,Unemployment rate is volatile/non-monotonic; forecast eligible with caution under 1-year horizon only
State,Jharkhand,Female,Rural,All,Unemployment_Rate,2023,2024,0.1,0.0,1.1,Naive,0.0,0.0,0.0,1-Year,FORECAST_ELIGIBLE_WITH_LIMITATIONS,Unemployment rate is volatile/non-monotonic; forecast eligible with caution under 1-year horizon only
State,Jharkhand,Female,Urban,All,Unemployment_Rate,2023,2024,5.8,4.37,7.23,Naive,1.13,1.13,0.0,1-Year,FORECAST_ELIGIBLE_WITH_LIMITATIONS,Unemployment rate is volatile/non-monotonic; forecast eligible with caution under 1-year horizon only
State,Jharkhand,Male,Rural + Urban,All,Unemployment_Rate,2023,2024,0.78,0.0,1.78,Drift,0.68,0.87,0.18,1-Year,FORECAST_ELIGIBLE_WITH_LIMITATIONS,Unemployment rate is volatile/non-monotonic; forecast eligible with caution under 1-year horizon only
State,Jharkhand,Male,Rural,All,Unemployment_Rate,2023,2024,-0.3,0.0,0.7,Drift,0.6,0.73,0.13,1-Year,FORECAST_ELIGIBLE_WITH_LIMITATIONS,Unemployment rate is volatile/non-monotonic; forecast eligible with caution under 1-year horizon only
State,Jharkhand,Male,Urban,All,Unemployment_Rate,2023,2024,4.05,2.52,5.59,Holt,1.2,1.8,0.6,1-Year,FORECAST_ELIGIBLE_WITH_LIMITATIONS,Unemployment rate is volatile/non-monotonic; forecast eligible with caution under 1-year horizon only
State,Karnataka,Female,Rural + Urban,All,LFPR,2023,2024,37.5,34.51,40.49,Holt,3.17,3.5,0.33,1-Year,FORECAST_ELIGIBLE,Candidate model outperforms naive baseline with low out-of-sample error under rolling validation
State,Karnataka,Female,Rural,All,LFPR,2023,2024,43.79,40.83,46.74,Holt,2.6,4.27,1.67,1-Year,FORECAST_ELIGIBLE,Candidate model outperforms naive baseline with low out-of-sample error under rolling validation
State,Karnataka,Female,Urban,All,LFPR,2023,2024,26.68,23.2,30.16,SES,3.23,3.47,0.24,1-Year,FORECAST_ELIGIBLE,Candidate model outperforms naive baseline with low out-of-sample error under rolling validation
State,Karnataka,Male,Rural + Urban,All,LFPR,2023,2024,74.38,73.38,75.38,Holt,0.85,1.03,0.18,1-Year,FORECAST_ELIGIBLE,Candidate model outperforms naive baseline with low out-of-sample error under rolling validation
State,Karnataka,Male,Rural,All,LFPR,2023,2024,75.6,74.6,76.6,Drift,0.98,1.37,0.39,1-Year,FORECAST_ELIGIBLE,Candidate model outperforms naive baseline with low out-of-sample error under rolling validation
State,Karnataka,Male,Urban,All,LFPR,2023,2024,74.01,72.72,75.29,SES,0.76,1.37,0.6,1-Year,FORECAST_ELIGIBLE,Candidate model outperforms naive baseline with low out-of-sample error under rolling validation
State,Karnataka,Female,Rural + Urban,All,WPR,2023,2024,37.2,34.34,40.06,Holt,2.69,3.37,0.68,1-Year,FORECAST_ELIGIBLE,Candidate model outperforms naive baseline with low out-of-sample error under rolling validation
State,Karnataka,Female,Rural,All,WPR,2023,2024,44.05,41.21,46.89,Holt,2.29,4.1,1.81,1-Year,FORECAST_ELIGIBLE,Candidate model outperforms naive baseline with low out-of-sample error under rolling validation
State,Karnataka,Female,Urban,All,WPR,2023,2024,27.5,22.32,32.68,Naive,3.47,3.47,0.0,1-Year,FORECAST_ELIGIBLE_WITH_LIMITATIONS,Acceptable out-of-sample error; model performs on par with naive baseline
State,Karnataka,Male,Rural + Urban,All,WPR,2023,2024,73.36,72.36,74.36,Holt,0.59,1.1,0.51,1-Year,FORECAST_ELIGIBLE,Candidate model outperforms naive baseline with low out-of-sample error under rolling validation
State,Karnataka,Male,Rural,All,WPR,2023,2024,74.4,73.4,75.4,Naive,1.4,1.4,0.0,1-Year,FORECAST_ELIGIBLE_WITH_LIMITATIONS,Acceptable out-of-sample error; model performs on par with naive baseline
State,Karnataka,Male,Urban,All,WPR,2023,2024,70.83,69.83,71.83,SES,0.65,1.4,0.75,1-Year,FORECAST_ELIGIBLE,Candidate model outperforms naive baseline with low out-of-sample error under rolling validation
State,Karnataka,Female,Rural + Urban,All,Unemployment_Rate,2023,2024,1.43,0.43,2.43,Drift,0.27,0.3,0.03,1-Year,FORECAST_ELIGIBLE_WITH_LIMITATIONS,Unemployment rate is volatile/non-monotonic; forecast eligible with caution under 1-year horizon only
State,Karnataka,Female,Rural,All,Unemployment_Rate,2023,2024,0.48,0.0,1.48,Drift,0.41,0.5,0.09,1-Year,FORECAST_ELIGIBLE_WITH_LIMITATIONS,Unemployment rate is volatile/non-monotonic; forecast eligible with caution under 1-year horizon only
State,Karnataka,Female,Urban,All,Unemployment_Rate,2023,2024,3.99,2.99,4.99,Holt,0.61,1.07,0.45,1-Year,FORECAST_ELIGIBLE_WITH_LIMITATIONS,Unemployment rate is volatile/non-monotonic; forecast eligible with caution under 1-year horizon only
State,Karnataka,Male,Rural + Urban,All,Unemployment_Rate,2023,2024,3.24,2.24,4.24,SES,0.55,0.77,0.21,1-Year,FORECAST_ELIGIBLE_WITH_LIMITATIONS,Unemployment rate is volatile/non-monotonic; forecast eligible with caution under 1-year horizon only
State,Karnataka,Male,Rural,All,Unemployment_Rate,2023,2024,2.59,1.59,3.59,SES,0.6,0.83,0.23,1-Year,FORECAST_ELIGIBLE_WITH_LIMITATIONS,Unemployment rate is volatile/non-monotonic; forecast eligible with caution under 1-year horizon only
State,Karnataka,Male,Urban,All,Unemployment_Rate,2023,2024,4.32,3.32,5.32,SES,0.44,0.77,0.33,1-Year,FORECAST_ELIGIBLE_WITH_LIMITATIONS,Unemployment rate is volatile/non-monotonic; forecast eligible with caution under 1-year horizon only
State,Kerala,Female,Rural + Urban,All,LFPR,2023,2024,43.18,41.08,45.29,Drift,1.6,2.53,0.94,1-Year,FORECAST_ELIGIBLE,Candidate model outperforms naive baseline with low out-of-sample error under rolling validation
State,Kerala,Female,Rural,All,LFPR,2023,2024,47.25,44.52,49.98,Drift,1.83,2.93,1.11,1-Year,FORECAST_ELIGIBLE,Candidate model outperforms naive baseline with low out-of-sample error under rolling validation
State,Kerala,Female,Urban,All,LFPR,2023,2024,38.53,37.21,39.84,Holt,0.95,2.13,1.19,1-Year,FORECAST_ELIGIBLE,Candidate model outperforms naive baseline with low out-of-sample error under rolling validation
State,Kerala,Male,Rural + Urban,All,LFPR,2023,2024,75.12,74.12,76.12,Drift,0.35,0.73,0.39,1-Year,FORECAST_ELIGIBLE,Candidate model outperforms naive baseline with low out-of-sample error under rolling validation
State,Kerala,Male,Rural,All,LFPR,2023,2024,75.3,74.25,76.35,Naive,0.8,0.8,0.0,1-Year,FORECAST_ELIGIBLE_WITH_LIMITATIONS,Acceptable out-of-sample error; model performs on par with naive baseline
State,Kerala,Male,Urban,All,LFPR,2023,2024,71.23,69.93,72.52,SES,2.1,2.2,0.1,1-Year,FORECAST_ELIGIBLE,Candidate model outperforms naive baseline with low out-of-sample error under rolling validation
State,Kerala,Female,Rural + Urban,All,WPR,2023,2024,38.6,37.24,39.96,Drift,0.91,2.6,1.69,1-Year,FORECAST_ELIGIBLE,Candidate model outperforms naive baseline with low out-of-sample error under rolling validation
State,Kerala,Female,Rural,All,WPR,2023,2024,41.8,39.87,43.73,Drift,1.63,2.7,1.07,1-Year,FORECAST_ELIGIBLE,Candidate model outperforms naive baseline with low out-of-sample error under rolling validation
State,Kerala,Female,Urban,All,WPR,2023,2024,35.2,33.4,37.0,Drift,1.51,2.57,1.05,1-Year,FORECAST_ELIGIBLE,Candidate model outperforms naive baseline with low out-of-sample error under rolling validation
State,Kerala,Male,Rural + Urban,All,WPR,2023,2024,71.98,70.98,72.98,Drift,0.85,1.43,0.59,1-Year,FORECAST_ELIGIBLE,Candidate model outperforms naive baseline with low out-of-sample error under rolling validation
State,Kerala,Male,Rural,All,WPR,2023,2024,73.01,71.69,74.33,Holt,0.89,1.4,0.51,1-Year,FORECAST_ELIGIBLE,Candidate model outperforms naive baseline with low out-of-sample error under rolling validation
State,Kerala,Male,Urban,All,WPR,2023,2024,72.1,70.18,74.03,Holt,2.23,2.63,0.4,1-Year,FORECAST_ELIGIBLE,Candidate model outperforms naive baseline with low out-of-sample error under rolling validation
State,Kerala,Female,Rural + Urban,All,Unemployment_Rate,2023,2024,9.67,7.68,11.66,Drift,1.62,1.77,0.14,1-Year,FORECAST_ELIGIBLE_WITH_LIMITATIONS,Unemployment rate is volatile/non-monotonic; forecast eligible with caution under 1-year horizon only
State,Kerala,Female,Rural,All,Unemployment_Rate,2023,2024,12.1,8.87,15.33,Naive,2.37,2.37,0.0,1-Year,FORECAST_ELIGIBLE_WITH_LIMITATIONS,Unemployment rate is volatile/non-monotonic; forecast eligible with caution under 1-year horizon only
State,Kerala,Female,Urban,All,Unemployment_Rate,2023,2024,8.15,7.15,9.15,Drift,0.94,2.17,1.22,1-Year,FORECAST_ELIGIBLE_WITH_LIMITATIONS,Unemployment rate is volatile/non-monotonic; forecast eligible with caution under 1-year horizon only
State,Kerala,Male,Rural + Urban,All,Unemployment_Rate,2023,2024,4.4,2.97,5.83,Naive,1.03,1.03,0.0,1-Year,FORECAST_ELIGIBLE_WITH_LIMITATIONS,Unemployment rate is volatile/non-monotonic; forecast eligible with caution under 1-year horizon only
State,Kerala,Male,Rural,All,Unemployment_Rate,2023,2024,4.6,3.12,6.08,Naive,0.93,0.93,0.0,1-Year,FORECAST_ELIGIBLE_WITH_LIMITATIONS,Unemployment rate is volatile/non-monotonic; forecast eligible with caution under 1-year horizon only
State,Kerala,Male,Urban,All,Unemployment_Rate,2023,2024,3.89,1.79,5.98,Holt,1.4,1.5,0.1,1-Year,FORECAST_ELIGIBLE_WITH_LIMITATIONS,Unemployment rate is volatile/non-monotonic; forecast eligible with caution under 1-year horizon only
State,Ladakh,Female,Rural + Urban,All,LFPR,2023,2024,,,,SES,4.61,14.4,9.79,1-Year,FORECAST_NOT_SUPPORTED,High out-of-sample forecast error (MAE=4.61 pp > 3.5 pp threshold) or unstable trend
State,Ladakh,Female,Rural,All,LFPR,2023,2024,,,,SES,4.87,15.5,10.63,1-Year,FORECAST_NOT_SUPPORTED,High out-of-sample forecast error (MAE=4.87 pp > 3.5 pp threshold) or unstable trend
State,Ladakh,Female,Urban,All,LFPR,2023,2024,,,,SES,6.14,8.8,2.66,1-Year,FORECAST_NOT_SUPPORTED,High out-of-sample forecast error (MAE=6.14 pp > 3.5 pp threshold) or unstable trend
State,Ladakh,Male,Rural + Urban,All,LFPR,2023,2024,,,,SES,4.86,7.63,2.78,1-Year,FORECAST_NOT_SUPPORTED,High out-of-sample forecast error (MAE=4.86 pp > 3.5 pp threshold) or unstable trend
State,Ladakh,Male,Rural,All,LFPR,2023,2024,,,,SES,5.22,9.5,4.28,1-Year,FORECAST_NOT_SUPPORTED,High out-of-sample forecast error (MAE=5.22 pp > 3.5 pp threshold) or unstable trend
State,Ladakh,Male,Urban,All,LFPR,2023,2024,,,,SES,5.97,9.2,3.23,1-Year,FORECAST_NOT_SUPPORTED,High out-of-sample forecast error (MAE=5.97 pp > 3.5 pp threshold) or unstable trend
State,Ladakh,Female,Rural + Urban,All,WPR,2023,2024,,,,SES,4.29,12.93,8.64,1-Year,FORECAST_NOT_SUPPORTED,High out-of-sample forecast error (MAE=4.29 pp > 3.5 pp threshold) or unstable trend
State,Ladakh,Female,Rural,All,WPR,2023,2024,50.86,45.13,56.58,SES,3.32,13.67,10.35,1-Year,FORECAST_ELIGIBLE,Candidate model outperforms naive baseline with low out-of-sample error under rolling validation
State,Ladakh,Female,Urban,All,WPR,2023,2024,,,,SES,7.21,9.8,2.59,1-Year,FORECAST_NOT_SUPPORTED,High out-of-sample forecast error (MAE=7.21 pp > 3.5 pp threshold) or unstable trend
State,Ladakh,Male,Rural + Urban,All,WPR,2023,2024,,,,SES,6.21,8.5,2.29,1-Year,FORECAST_NOT_SUPPORTED,High out-of-sample forecast error (MAE=6.21 pp > 3.5 pp threshold) or unstable trend
State,Ladakh,Male,Rural,All,WPR,2023,2024,,,,SES,6.21,9.4,3.19,1-Year,FORECAST_NOT_SUPPORTED,High out-of-sample forecast error (MAE=6.21 pp > 3.5 pp threshold) or unstable trend
State,Ladakh,Male,Urban,All,WPR,2023,2024,,,,SES,7.01,9.0,1.99,1-Year,FORECAST_NOT_SUPPORTED,High out-of-sample forecast error (MAE=7.01 pp > 3.5 pp threshold) or unstable trend
State,Ladakh,Female,Rural + Urban,All,Unemployment_Rate,2023,2024,,,,SES,3.17,3.47,0.3,1-Year,FORECAST_NOT_SUPPORTED,High cyclical volatility in unemployment rate; error exceeds threshold or fails to beat naive baseline
State,Ladakh,Female,Rural,All,Unemployment_Rate,2023,2024,,,,SES,2.9,3.17,0.27,1-Year,FORECAST_NOT_SUPPORTED,High cyclical volatility in unemployment rate; error exceeds threshold or fails to beat naive baseline
State,Ladakh,Female,Urban,All,Unemployment_Rate,2023,2024,,,,SES,7.11,7.57,0.45,1-Year,FORECAST_NOT_SUPPORTED,High cyclical volatility in unemployment rate; error exceeds threshold or fails to beat naive baseline
State,Ladakh,Male,Rural + Urban,All,Unemployment_Rate,2023,2024,3.58,1.05,6.11,SES,2.22,2.87,0.64,1-Year,FORECAST_ELIGIBLE_WITH_LIMITATIONS,Unemployment rate is volatile/non-monotonic; forecast eligible with caution under 1-year horizon only
State,Ladakh,Male,Rural,All,Unemployment_Rate,2023,2024,3.06,0.28,5.83,SES,2.48,3.33,0.85,1-Year,FORECAST_ELIGIBLE_WITH_LIMITATIONS,Unemployment rate is volatile/non-monotonic; forecast eligible with caution under 1-year horizon only
State,Ladakh,Male,Urban,All,Unemployment_Rate,2023,2024,5.6,3.16,8.04,Naive,1.53,1.53,0.0,1-Year,FORECAST_ELIGIBLE_WITH_LIMITATIONS,Unemployment rate is volatile/non-monotonic; forecast eligible with caution under 1-year horizon only
State,Lakshadweep,Female,Rural + Urban,All,LFPR,2023,2024,17.1,15.4,18.8,Naive,1.1,1.1,0.0,1-Year,FORECAST_ELIGIBLE_WITH_LIMITATIONS,Acceptable out-of-sample error; model performs on par with naive baseline
State,Lakshadweep,Female,Rural,All,LFPR,2023,2024,,,,Naive,4.83,4.83,0.0,1-Year,FORECAST_NOT_SUPPORTED,High out-of-sample forecast error (MAE=4.83 pp > 3.5 pp threshold) or unstable trend
State,Lakshadweep,Female,Urban,All,LFPR,2023,2024,17.06,15.04,19.07,Holt,2.62,2.67,0.05,1-Year,FORECAST_ELIGIBLE_WITH_LIMITATIONS,Acceptable out-of-sample error; model performs on par with naive baseline
State,Lakshadweep,Male,Rural + Urban,All,LFPR,2023,2024,73.64,69.86,77.42,SES,3.21,3.6,0.39,1-Year,FORECAST_ELIGIBLE,Candidate model outperforms naive baseline with low out-of-sample error under rolling validation
State,Lakshadweep,Male,Rural,All,LFPR,2023,2024,,,,SES,4.18,5.6,1.42,1-Year,FORECAST_NOT_SUPPORTED,High out-of-sample forecast error (MAE=4.18 pp > 3.5 pp threshold) or unstable trend
State,Lakshadweep,Male,Urban,All,LFPR,2023,2024,,,,SES,4.21,5.4,1.19,1-Year,FORECAST_NOT_SUPPORTED,High out-of-sample forecast error (MAE=4.21 pp > 3.5 pp threshold) or unstable trend
State,Lakshadweep,Female,Rural + Urban,All,WPR,2023,2024,12.58,9.93,15.24,SES,2.13,3.0,0.87,1-Year,FORECAST_ELIGIBLE,Candidate model outperforms naive baseline with low out-of-sample error under rolling validation
State,Lakshadweep,Female,Rural,All,WPR,2023,2024,10.4,7.0,13.8,Naive,2.37,2.37,0.0,1-Year,FORECAST_ELIGIBLE_WITH_LIMITATIONS,Acceptable out-of-sample error; model performs on par with naive baseline
State,Lakshadweep,Female,Urban,All,WPR,2023,2024,12.73,8.44,17.03,SES,3.11,4.57,1.46,1-Year,FORECAST_ELIGIBLE,Candidate model outperforms naive baseline with low out-of-sample error under rolling validation
State,Lakshadweep,Male,Rural + Urban,All,WPR,2023,2024,65.83,61.41,70.25,SES,3.35,4.43,1.08,1-Year,FORECAST_ELIGIBLE,Candidate model outperforms naive baseline with low out-of-sample error under rolling validation
State,Lakshadweep,Male,Rural,All,WPR,2023,2024,,,,Drift,4.28,4.47,0.18,1-Year,FORECAST_NOT_SUPPORTED,High out-of-sample forecast error (MAE=4.28 pp > 3.5 pp threshold) or unstable trend
State,Lakshadweep,Male,Urban,All,WPR,2023,2024,,,,SES,4.36,5.8,1.44,1-Year,FORECAST_NOT_SUPPORTED,High out-of-sample forecast error (MAE=4.36 pp > 3.5 pp threshold) or unstable trend
State,Lakshadweep,Female,Rural + Urban,All,Unemployment_Rate,2023,2024,,,,SES,10.45,13.53,3.08,1-Year,FORECAST_NOT_SUPPORTED,High cyclical volatility in unemployment rate; error exceeds threshold or fails to beat naive baseline
State,Lakshadweep,Female,Rural,All,Unemployment_Rate,2023,2024,,,,Naive,13.33,13.33,0.0,1-Year,FORECAST_NOT_SUPPORTED,High cyclical volatility in unemployment rate; error exceeds threshold or fails to beat naive baseline
State,Lakshadweep,Female,Urban,All,Unemployment_Rate,2023,2024,,,,SES,12.65,15.17,2.52,1-Year,FORECAST_NOT_SUPPORTED,High cyclical volatility in unemployment rate; error exceeds threshold or fails to beat naive baseline
State,Lakshadweep,Male,Rural + Urban,All,Unemployment_Rate,2023,2024,10.67,8.24,13.11,SES,2.45,3.63,1.19,1-Year,FORECAST_ELIGIBLE_WITH_LIMITATIONS,Unemployment rate is volatile/non-monotonic; forecast eligible with caution under 1-year horizon only
State,Lakshadweep,Male,Rural,All,Unemployment_Rate,2023,2024,,,,Naive,3.33,3.33,0.0,1-Year,FORECAST_NOT_SUPPORTED,High cyclical volatility in unemployment rate; error exceeds threshold or fails to beat naive baseline
State,Lakshadweep,Male,Urban,All,Unemployment_Rate,2023,2024,12.94,10.23,15.64,SES,2.17,3.63,1.46,1-Year,FORECAST_ELIGIBLE_WITH_LIMITATIONS,Unemployment rate is volatile/non-monotonic; forecast eligible with caution under 1-year horizon only
State,Madhya Pradesh,Female,Rural + Urban,All,LFPR,2023,2024,55.73,51.58,59.89,Drift,2.96,3.93,0.97,1-Year,FORECAST_ELIGIBLE,Candidate model outperforms naive baseline with low out-of-sample error under rolling validation
State,Madhya Pradesh,Female,Rural,All,LFPR,2023,2024,,,,Drift,4.06,4.83,0.78,1-Year,FORECAST_NOT_SUPPORTED,High out-of-sample forecast error (MAE=4.06 pp > 3.5 pp threshold) or unstable trend
State,Madhya Pradesh,Female,Urban,All,LFPR,2023,2024,28.5,23.92,33.08,Naive,2.77,2.77,0.0,1-Year,FORECAST_ELIGIBLE_WITH_LIMITATIONS,Acceptable out-of-sample error; model performs on par with naive baseline
State,Madhya Pradesh,Male,Rural + Urban,All,LFPR,2023,2024,85.83,84.83,86.83,Drift,0.66,1.2,0.54,1-Year,FORECAST_ELIGIBLE,Candidate model outperforms naive baseline with low out-of-sample error under rolling validation
State,Madhya Pradesh,Male,Rural,All,LFPR,2023,2024,88.27,87.27,89.27,Drift,0.82,1.5,0.68,1-Year,FORECAST_ELIGIBLE,Candidate model outperforms naive baseline with low out-of-sample error under rolling validation
State,Madhya Pradesh,Male,Urban,All,LFPR,2023,2024,76.49,73.69,79.29,SES,2.29,2.97,0.67,1-Year,FORECAST_ELIGIBLE,Candidate model outperforms naive baseline with low out-of-sample error under rolling validation
State,Madhya Pradesh,Female,Rural + Urban,All,WPR,2023,2024,55.38,51.14,59.63,Drift,2.96,3.93,0.98,1-Year,FORECAST_ELIGIBLE,Candidate model outperforms naive baseline with low out-of-sample error under rolling validation
State,Madhya Pradesh,Female,Rural,All,WPR,2023,2024,65.12,59.91,70.32,Drift,3.99,4.77,0.78,1-Year,FORECAST_ELIGIBLE,Candidate model outperforms naive baseline with low out-of-sample error under rolling validation
State,Madhya Pradesh,Female,Urban,All,WPR,2023,2024,22.92,19.02,26.82,SES,2.94,3.0,0.06,1-Year,FORECAST_ELIGIBLE_WITH_LIMITATIONS,Acceptable out-of-sample error; model performs on par with naive baseline
State,Madhya Pradesh,Male,Rural + Urban,All,WPR,2023,2024,85.35,84.16,86.54,Drift,1.01,1.53,0.53,1-Year,FORECAST_ELIGIBLE,Candidate model outperforms naive baseline with low out-of-sample error under rolling validation
State,Madhya Pradesh,Male,Rural,All,WPR,2023,2024,88.27,87.27,89.27,Drift,0.49,1.77,1.28,1-Year,FORECAST_ELIGIBLE,Candidate model outperforms naive baseline with low out-of-sample error under rolling validation
State,Madhya Pradesh,Male,Urban,All,WPR,2023,2024,72.77,69.86,75.68,SES,2.85,3.33,0.49,1-Year,FORECAST_ELIGIBLE,Candidate model outperforms naive baseline with low out-of-sample error under rolling validation
State,Madhya Pradesh,Female,Rural + Urban,All,Unemployment_Rate,2023,2024,0.7,0.0,1.7,Naive,0.27,0.27,0.0,1-Year,FORECAST_ELIGIBLE_WITH_LIMITATIONS,Unemployment rate is volatile/non-monotonic; forecast eligible with caution under 1-year horizon only
State,Madhya Pradesh,Female,Rural,All,Unemployment_Rate,2023,2024,0.3,0.0,1.3,Naive,0.13,0.13,0.0,1-Year,FORECAST_ELIGIBLE_WITH_LIMITATIONS,Unemployment rate is volatile/non-monotonic; forecast eligible with caution under 1-year horizon only
State,Madhya Pradesh,Female,Urban,All,Unemployment_Rate,2023,2024,4.63,2.86,6.39,SES,1.38,1.63,0.25,1-Year,FORECAST_ELIGIBLE_WITH_LIMITATIONS,Unemployment rate is volatile/non-monotonic; forecast eligible with caution under 1-year horizon only
State,Madhya Pradesh,Male,Rural + Urban,All,Unemployment_Rate,2023,2024,0.43,0.0,1.43,Drift,0.44,0.57,0.13,1-Year,FORECAST_ELIGIBLE_WITH_LIMITATIONS,Unemployment rate is volatile/non-monotonic; forecast eligible with caution under 1-year horizon only
State,Madhya Pradesh,Male,Rural,All,Unemployment_Rate,2023,2024,0.6,0.0,1.6,Naive,0.53,0.53,0.0,1-Year,FORECAST_ELIGIBLE_WITH_LIMITATIONS,Unemployment rate is volatile/non-monotonic; forecast eligible with caution under 1-year horizon only
State,Madhya Pradesh,Male,Urban,All,Unemployment_Rate,2023,2024,2.9,1.9,3.9,Naive,0.67,0.67,0.0,1-Year,FORECAST_ELIGIBLE_WITH_LIMITATIONS,Unemployment rate is volatile/non-monotonic; forecast eligible with caution under 1-year horizon only
State,Maharashtra,Female,Rural + Urban,All,LFPR,2023,2024,41.65,39.76,43.54,Drift,1.22,1.77,0.55,1-Year,FORECAST_ELIGIBLE,Candidate model outperforms naive baseline with low out-of-sample error under rolling validation
State,Maharashtra,Female,Rural,All,LFPR,2023,2024,50.99,48.29,53.68,Holt,2.06,2.97,0.9,1-Year,FORECAST_ELIGIBLE,Candidate model outperforms naive baseline with low out-of-sample error under rolling validation
State,Maharashtra,Female,Urban,All,LFPR,2023,2024,29.83,28.83,30.83,Holt,1.16,1.5,0.34,1-Year,FORECAST_ELIGIBLE,Candidate model outperforms naive baseline with low out-of-sample error under rolling validation
State,Maharashtra,Male,Rural + Urban,All,LFPR,2023,2024,77.58,76.58,78.58,Drift,0.72,0.73,0.01,1-Year,FORECAST_ELIGIBLE_WITH_LIMITATIONS,Acceptable out-of-sample error; model performs on par with naive baseline
State,Maharashtra,Male,Rural,All,LFPR,2023,2024,78.2,77.15,79.25,Drift,0.68,0.8,0.12,1-Year,FORECAST_ELIGIBLE,Candidate model outperforms naive baseline with low out-of-sample error under rolling validation
State,Maharashtra,Male,Urban,All,LFPR,2023,2024,76.77,75.69,77.84,Drift,0.89,1.0,0.11,1-Year,FORECAST_ELIGIBLE,Candidate model outperforms naive baseline with low out-of-sample error under rolling validation
State,Maharashtra,Female,Rural + Urban,All,WPR,2023,2024,40.77,38.81,42.72,Drift,1.21,1.83,0.63,1-Year,FORECAST_ELIGIBLE,Candidate model outperforms naive baseline with low out-of-sample error under rolling validation
State,Maharashtra,Female,Rural,All,WPR,2023,2024,50.3,47.41,53.18,Holt,2.25,3.03,0.78,1-Year,FORECAST_ELIGIBLE,Candidate model outperforms naive baseline with low out-of-sample error under rolling validation
State,Maharashtra,Female,Urban,All,WPR,2023,2024,28.63,27.45,29.8,Holt,0.84,1.67,0.83,1-Year,FORECAST_ELIGIBLE,Candidate model outperforms naive baseline with low out-of-sample error under rolling validation
State,Maharashtra,Male,Rural + Urban,All,WPR,2023,2024,74.9,73.83,75.97,Drift,0.84,0.9,0.06,1-Year,FORECAST_ELIGIBLE_WITH_LIMITATIONS,Acceptable out-of-sample error; model performs on par with naive baseline
State,Maharashtra,Male,Rural,All,WPR,2023,2024,76.18,75.18,77.18,Drift,0.51,0.67,0.16,1-Year,FORECAST_ELIGIBLE,Candidate model outperforms naive baseline with low out-of-sample error under rolling validation
State,Maharashtra,Male,Urban,All,WPR,2023,2024,72.7,71.23,74.17,Naive,1.33,1.33,0.0,1-Year,FORECAST_ELIGIBLE_WITH_LIMITATIONS,Acceptable out-of-sample error; model performs on par with naive baseline
State,Maharashtra,Female,Rural + Urban,All,Unemployment_Rate,2023,2024,2.02,1.02,3.02,Holt,0.38,0.4,0.02,1-Year,FORECAST_ELIGIBLE_WITH_LIMITATIONS,Unemployment rate is volatile/non-monotonic; forecast eligible with caution under 1-year horizon only
State,Maharashtra,Female,Rural,All,Unemployment_Rate,2023,2024,1.39,0.39,2.39,SES,0.61,0.73,0.12,1-Year,FORECAST_ELIGIBLE_WITH_LIMITATIONS,Unemployment rate is volatile/non-monotonic; forecast eligible with caution under 1-year horizon only
State,Maharashtra,Female,Urban,All,Unemployment_Rate,2023,2024,6.0,4.62,7.38,Naive,0.93,0.93,0.0,1-Year,FORECAST_ELIGIBLE_WITH_LIMITATIONS,Unemployment rate is volatile/non-monotonic; forecast eligible with caution under 1-year horizon only
State,Maharashtra,Male,Rural + Urban,All,Unemployment_Rate,2023,2024,3.55,2.55,4.55,Drift,0.23,0.27,0.04,1-Year,FORECAST_ELIGIBLE_WITH_LIMITATIONS,Unemployment rate is volatile/non-monotonic; forecast eligible with caution under 1-year horizon only
State,Maharashtra,Male,Rural,All,Unemployment_Rate,2023,2024,2.8,1.8,3.8,Naive,0.17,0.17,0.0,1-Year,FORECAST_ELIGIBLE_WITH_LIMITATIONS,Unemployment rate is volatile/non-monotonic; forecast eligible with caution under 1-year horizon only
State,Maharashtra,Male,Urban,All,Unemployment_Rate,2023,2024,4.92,3.92,5.92,SES,0.71,1.0,0.29,1-Year,FORECAST_ELIGIBLE_WITH_LIMITATIONS,Unemployment rate is volatile/non-monotonic; forecast eligible with caution under 1-year horizon only
State,Manipur,Female,Rural + Urban,All,LFPR,2023,2024,,,,Holt,8.76,9.1,0.34,1-Year,FORECAST_NOT_SUPPORTED,High out-of-sample forecast error (MAE=8.76 pp > 3.5 pp threshold) or unstable trend
State,Manipur,Female,Rural,All,LFPR,2023,2024,,,,Holt,9.11,10.03,0.92,1-Year,FORECAST_NOT_SUPPORTED,High out-of-sample forecast error (MAE=9.11 pp > 3.5 pp threshold) or unstable trend
State,Manipur,Female,Urban,All,LFPR,2023,2024,,,,Drift,6.76,7.3,0.54,1-Year,FORECAST_NOT_SUPPORTED,High out-of-sample forecast error (MAE=6.76 pp > 3.5 pp threshold) or unstable trend
State,Manipur,Male,Rural + Urban,All,LFPR,2023,2024,70.8,67.81,73.79,Naive,1.8,1.8,0.0,1-Year,FORECAST_ELIGIBLE_WITH_LIMITATIONS,Acceptable out-of-sample error; model performs on par with naive baseline
State,Manipur,Male,Rural,All,LFPR,2023,2024,71.6,67.44,75.76,Naive,2.6,2.6,0.0,1-Year,FORECAST_ELIGIBLE_WITH_LIMITATIONS,Acceptable out-of-sample error; model performs on par with naive baseline
State,Manipur,Male,Urban,All,LFPR,2023,2024,68.8,67.28,70.32,Naive,1.4,1.4,0.0,1-Year,FORECAST_ELIGIBLE_WITH_LIMITATIONS,Acceptable out-of-sample error; model performs on par with naive baseline
State,Manipur,Female,Rural + Urban,All,WPR,2023,2024,,,,Drift,7.55,8.3,0.75,1-Year,FORECAST_NOT_SUPPORTED,High out-of-sample forecast error (MAE=7.55 pp > 3.5 pp threshold) or unstable trend
State,Manipur,Female,Rural,All,WPR,2023,2024,,,,Drift,8.43,9.17,0.74,1-Year,FORECAST_NOT_SUPPORTED,High out-of-sample forecast error (MAE=8.43 pp > 3.5 pp threshold) or unstable trend
State,Manipur,Female,Urban,All,WPR,2023,2024,,,,Drift,5.93,6.57,0.64,1-Year,FORECAST_NOT_SUPPORTED,High out-of-sample forecast error (MAE=5.93 pp > 3.5 pp threshold) or unstable trend
State,Manipur,Male,Rural + Urban,All,WPR,2023,2024,67.2,62.84,71.56,Naive,2.57,2.57,0.0,1-Year,FORECAST_ELIGIBLE_WITH_LIMITATIONS,Acceptable out-of-sample error; model performs on par with naive baseline
State,Manipur,Male,Rural,All,WPR,2023,2024,,,,Naive,4.07,4.07,0.0,1-Year,FORECAST_NOT_SUPPORTED,High out-of-sample forecast error (MAE=4.07 pp > 3.5 pp threshold) or unstable trend
State,Manipur,Male,Urban,All,WPR,2023,2024,62.15,60.06,64.24,SES,1.95,2.13,0.19,1-Year,FORECAST_ELIGIBLE,Candidate model outperforms naive baseline with low out-of-sample error under rolling validation
State,Manipur,Female,Rural + Urban,All,Unemployment_Rate,2023,2024,,,,SES,3.64,6.3,2.66,1-Year,FORECAST_NOT_SUPPORTED,High cyclical volatility in unemployment rate; error exceeds threshold or fails to beat naive baseline
State,Manipur,Female,Rural,All,Unemployment_Rate,2023,2024,,,,Holt,4.64,7.27,2.63,1-Year,FORECAST_NOT_SUPPORTED,High cyclical volatility in unemployment rate; error exceeds threshold or fails to beat naive baseline
State,Manipur,Female,Urban,All,Unemployment_Rate,2023,2024,,,,SES,2.91,4.47,1.55,1-Year,FORECAST_NOT_SUPPORTED,High cyclical volatility in unemployment rate; error exceeds threshold or fails to beat naive baseline
State,Manipur,Male,Rural + Urban,All,Unemployment_Rate,2023,2024,5.0,2.46,7.54,Naive,1.67,1.67,0.0,1-Year,FORECAST_ELIGIBLE_WITH_LIMITATIONS,Unemployment rate is volatile/non-monotonic; forecast eligible with caution under 1-year horizon only
State,Manipur,Male,Rural,All,Unemployment_Rate,2023,2024,5.97,4.05,7.9,SES,1.82,2.63,0.81,1-Year,FORECAST_ELIGIBLE_WITH_LIMITATIONS,Unemployment rate is volatile/non-monotonic; forecast eligible with caution under 1-year horizon only
State,Manipur,Male,Urban,All,Unemployment_Rate,2023,2024,4.46,3.46,5.46,Holt,0.72,1.5,0.78,1-Year,FORECAST_ELIGIBLE_WITH_LIMITATIONS,Unemployment rate is volatile/non-monotonic; forecast eligible with caution under 1-year horizon only
State,Meghalaya,Female,Rural + Urban,All,LFPR,2023,2024,,,,Drift,7.15,7.67,0.52,1-Year,FORECAST_NOT_SUPPORTED,High out-of-sample forecast error (MAE=7.15 pp > 3.5 pp threshold) or unstable trend
State,Meghalaya,Female,Rural,All,LFPR,2023,2024,,,,Drift,8.64,9.03,0.39,1-Year,FORECAST_NOT_SUPPORTED,High out-of-sample forecast error (MAE=8.64 pp > 3.5 pp threshold) or unstable trend
State,Meghalaya,Female,Urban,All,LFPR,2023,2024,50.35,47.89,52.81,Drift,3.01,4.33,1.32,1-Year,FORECAST_ELIGIBLE,Candidate model outperforms naive baseline with low out-of-sample error under rolling validation
State,Meghalaya,Male,Rural + Urban,All,LFPR,2023,2024,83.28,79.94,86.63,Drift,2.81,2.97,0.16,1-Year,FORECAST_ELIGIBLE,Candidate model outperforms naive baseline with low out-of-sample error under rolling validation
State,Meghalaya,Male,Rural,All,LFPR,2023,2024,85.85,82.36,89.34,Drift,3.16,3.3,0.14,1-Year,FORECAST_ELIGIBLE,Candidate model outperforms naive baseline with low out-of-sample error under rolling validation
State,Meghalaya,Male,Urban,All,LFPR,2023,2024,68.95,65.97,71.93,SES,2.16,3.0,0.84,1-Year,FORECAST_ELIGIBLE,Candidate model outperforms naive baseline with low out-of-sample error under rolling validation
State,Meghalaya,Female,Rural + Urban,All,WPR,2023,2024,,,,Drift,6.33,6.53,0.2,1-Year,FORECAST_NOT_SUPPORTED,High out-of-sample forecast error (MAE=6.33 pp > 3.5 pp threshold) or unstable trend
State,Meghalaya,Female,Rural,All,WPR,2023,2024,,,,Drift,8.09,8.13,0.05,1-Year,FORECAST_NOT_SUPPORTED,High out-of-sample forecast error (MAE=8.09 pp > 3.5 pp threshold) or unstable trend
State,Meghalaya,Female,Urban,All,WPR,2023,2024,39.38,37.13,41.64,Drift,1.67,2.33,0.67,1-Year,FORECAST_ELIGIBLE,Candidate model outperforms naive baseline with low out-of-sample error under rolling validation
State,Meghalaya,Male,Rural + Urban,All,WPR,2023,2024,78.7,76.15,81.25,Naive,2.33,2.33,0.0,1-Year,FORECAST_ELIGIBLE_WITH_LIMITATIONS,Acceptable out-of-sample error; model performs on par with naive baseline
State,Meghalaya,Male,Rural,All,WPR,2023,2024,81.8,79.05,84.55,Naive,2.6,2.6,0.0,1-Year,FORECAST_ELIGIBLE_WITH_LIMITATIONS,Acceptable out-of-sample error; model performs on par with naive baseline
State,Meghalaya,Male,Urban,All,WPR,2023,2024,63.89,61.49,66.29,SES,1.81,3.1,1.29,1-Year,FORECAST_ELIGIBLE,Candidate model outperforms naive baseline with low out-of-sample error under rolling validation
State,Meghalaya,Female,Rural + Urban,All,Unemployment_Rate,2023,2024,9.07,6.88,11.25,Holt,1.56,2.07,0.51,1-Year,FORECAST_ELIGIBLE_WITH_LIMITATIONS,Unemployment rate is volatile/non-monotonic; forecast eligible with caution under 1-year horizon only
State,Meghalaya,Female,Rural,All,Unemployment_Rate,2023,2024,7.19,5.15,9.22,Holt,1.55,2.1,0.55,1-Year,FORECAST_ELIGIBLE_WITH_LIMITATIONS,Unemployment rate is volatile/non-monotonic; forecast eligible with caution under 1-year horizon only
State,Meghalaya,Female,Urban,All,Unemployment_Rate,2023,2024,22.55,20.03,25.07,Drift,2.08,3.2,1.12,1-Year,FORECAST_ELIGIBLE_WITH_LIMITATIONS,Unemployment rate is volatile/non-monotonic; forecast eligible with caution under 1-year horizon only
State,Meghalaya,Male,Rural + Urban,All,Unemployment_Rate,2023,2024,5.03,3.64,6.41,Holt,0.92,0.93,0.01,1-Year,FORECAST_ELIGIBLE_WITH_LIMITATIONS,Unemployment rate is volatile/non-monotonic; forecast eligible with caution under 1-year horizon only
State,Meghalaya,Male,Rural,All,Unemployment_Rate,2023,2024,3.6,2.12,5.08,Naive,0.97,0.97,0.0,1-Year,FORECAST_ELIGIBLE_WITH_LIMITATIONS,Unemployment rate is volatile/non-monotonic; forecast eligible with caution under 1-year horizon only
State,Meghalaya,Male,Urban,All,Unemployment_Rate,2023,2024,9.45,8.37,10.53,Drift,1.13,1.33,0.2,1-Year,FORECAST_ELIGIBLE_WITH_LIMITATIONS,Unemployment rate is volatile/non-monotonic; forecast eligible with caution under 1-year horizon only
State,Mizoram,Female,Rural + Urban,All,LFPR,2023,2024,42.62,36.83,48.41,Holt,3.72,6.93,3.21,1-Year,FORECAST_ELIGIBLE,Candidate model outperforms naive baseline with low out-of-sample error under rolling validation
State,Mizoram,Female,Rural,All,LFPR,2023,2024,,,,Holt,4.78,8.27,3.49,1-Year,FORECAST_NOT_SUPPORTED,High out-of-sample forecast error (MAE=4.78 pp > 3.5 pp threshold) or unstable trend
State,Mizoram,Female,Urban,All,LFPR,2023,2024,,,,SES,5.1,5.77,0.66,1-Year,FORECAST_NOT_SUPPORTED,High out-of-sample forecast error (MAE=5.10 pp > 3.5 pp threshold) or unstable trend
State,Mizoram,Male,Rural + Urban,All,LFPR,2023,2024,64.85,63.18,66.52,Drift,1.11,1.4,0.29,1-Year,FORECAST_ELIGIBLE,Candidate model outperforms naive baseline with low out-of-sample error under rolling validation
State,Mizoram,Male,Rural,All,LFPR,2023,2024,65.68,62.56,68.81,Drift,1.97,2.53,0.57,1-Year,FORECAST_ELIGIBLE,Candidate model outperforms naive baseline with low out-of-sample error under rolling validation
State,Mizoram,Male,Urban,All,LFPR,2023,2024,64.5,63.5,65.5,Naive,0.63,0.63,0.0,1-Year,FORECAST_ELIGIBLE_WITH_LIMITATIONS,Acceptable out-of-sample error; model performs on par with naive baseline
State,Mizoram,Female,Rural + Urban,All,WPR,2023,2024,,,,Holt,4.13,7.7,3.57,1-Year,FORECAST_NOT_SUPPORTED,High out-of-sample forecast error (MAE=4.13 pp > 3.5 pp threshold) or unstable trend
State,Mizoram,Female,Rural,All,WPR,2023,2024,,,,Holt,5.18,8.97,3.79,1-Year,FORECAST_NOT_SUPPORTED,High out-of-sample forecast error (MAE=5.18 pp > 3.5 pp threshold) or unstable trend
State,Mizoram,Female,Urban,All,WPR,2023,2024,,,,Holt,5.02,6.53,1.51,1-Year,FORECAST_NOT_SUPPORTED,High out-of-sample forecast error (MAE=5.02 pp > 3.5 pp threshold) or unstable trend
State,Mizoram,Male,Rural + Urban,All,WPR,2023,2024,65.62,64.53,66.71,SES,1.22,2.03,0.81,1-Year,FORECAST_ELIGIBLE,Candidate model outperforms naive baseline with low out-of-sample error under rolling validation
State,Mizoram,Male,Rural,All,WPR,2023,2024,63.76,62.71,64.8,Holt,1.58,2.47,0.89,1-Year,FORECAST_ELIGIBLE,Candidate model outperforms naive baseline with low out-of-sample error under rolling validation
State,Mizoram,Male,Urban,All,WPR,2023,2024,61.78,60.4,63.17,SES,1.46,1.7,0.24,1-Year,FORECAST_ELIGIBLE,Candidate model outperforms naive baseline with low out-of-sample error under rolling validation
State,Mizoram,Female,Rural + Urban,All,Unemployment_Rate,2023,2024,,,,Naive,3.27,3.27,0.0,1-Year,FORECAST_NOT_SUPPORTED,High cyclical volatility in unemployment rate; error exceeds threshold or fails to beat naive baseline
State,Mizoram,Female,Rural,All,Unemployment_Rate,2023,2024,0.51,0.0,3.27,Holt,1.96,2.67,0.71,1-Year,FORECAST_ELIGIBLE_WITH_LIMITATIONS,Unemployment rate is volatile/non-monotonic; forecast eligible with caution under 1-year horizon only
State,Mizoram,Female,Urban,All,Unemployment_Rate,2023,2024,,,,SES,3.97,4.03,0.06,1-Year,FORECAST_NOT_SUPPORTED,High cyclical volatility in unemployment rate; error exceeds threshold or fails to beat naive baseline
State,Mizoram,Male,Rural + Urban,All,Unemployment_Rate,2023,2024,2.2,0.38,4.02,Naive,1.2,1.2,0.0,1-Year,FORECAST_ELIGIBLE_WITH_LIMITATIONS,Unemployment rate is volatile/non-monotonic; forecast eligible with caution under 1-year horizon only
State,Mizoram,Male,Rural,All,Unemployment_Rate,2023,2024,1.5,0.08,2.92,Naive,0.93,0.93,0.0,1-Year,FORECAST_ELIGIBLE_WITH_LIMITATIONS,Unemployment rate is volatile/non-monotonic; forecast eligible with caution under 1-year horizon only
State,Mizoram,Male,Urban,All,Unemployment_Rate,2023,2024,3.2,0.8,5.6,Naive,1.6,1.6,0.0,1-Year,FORECAST_ELIGIBLE_WITH_LIMITATIONS,Unemployment rate is volatile/non-monotonic; forecast eligible with caution under 1-year horizon only
State,Nagaland,Female,Rural + Urban,All,LFPR,2023,2024,75.2,69.23,81.18,Holt,3.84,6.17,2.33,1-Year,FORECAST_ELIGIBLE,Candidate model outperforms naive baseline with low out-of-sample error under rolling validation
State,Nagaland,Female,Rural,All,LFPR,2023,2024,,,,Holt,6.1,6.2,0.1,1-Year,FORECAST_NOT_SUPPORTED,High out-of-sample forecast error (MAE=6.10 pp > 3.5 pp threshold) or unstable trend
State,Nagaland,Female,Urban,All,LFPR,2023,2024,,,,Drift,4.91,7.0,2.09,1-Year,FORECAST_NOT_SUPPORTED,High out-of-sample forecast error (MAE=4.91 pp > 3.5 pp threshold) or unstable trend
State,Nagaland,Male,Rural + Urban,All,LFPR,2023,2024,85.33,84.16,86.5,Drift,0.78,2.77,1.98,1-Year,FORECAST_ELIGIBLE,Candidate model outperforms naive baseline with low out-of-sample error under rolling validation
State,Nagaland,Male,Rural,All,LFPR,2023,2024,88.7,87.28,90.12,Drift,0.98,3.07,2.08,1-Year,FORECAST_ELIGIBLE,Candidate model outperforms naive baseline with low out-of-sample error under rolling validation
State,Nagaland,Male,Urban,All,LFPR,2023,2024,77.37,75.56,79.17,Drift,1.41,2.2,0.79,1-Year,FORECAST_ELIGIBLE,Candidate model outperforms naive baseline with low out-of-sample error under rolling validation
State,Nagaland,Female,Rural + Urban,All,WPR,2023,2024,,,,Holt,6.93,9.2,2.27,1-Year,FORECAST_NOT_SUPPORTED,High out-of-sample forecast error (MAE=6.93 pp > 3.5 pp threshold) or unstable trend
State,Nagaland,Female,Rural,All,WPR,2023,2024,,,,Holt,6.02,9.47,3.45,1-Year,FORECAST_NOT_SUPPORTED,High out-of-sample forecast error (MAE=6.02 pp > 3.5 pp threshold) or unstable trend
State,Nagaland,Female,Urban,All,WPR,2023,2024,,,,Drift,7.82,8.3,0.48,1-Year,FORECAST_NOT_SUPPORTED,High out-of-sample forecast error (MAE=7.82 pp > 3.5 pp threshold) or unstable trend
State,Nagaland,Male,Rural + Urban,All,WPR,2023,2024,83.03,80.71,85.35,Holt,1.5,5.57,4.06,1-Year,FORECAST_ELIGIBLE,Candidate model outperforms naive baseline with low out-of-sample error under rolling validation
State,Nagaland,Male,Rural,All,WPR,2023,2024,88.13,85.54,90.71,Holt,1.71,6.23,4.53,1-Year,FORECAST_ELIGIBLE,Candidate model outperforms naive baseline with low out-of-sample error under rolling validation
State,Nagaland,Male,Urban,All,WPR,2023,2024,70.33,69.12,71.54,Holt,0.81,4.07,3.26,1-Year,FORECAST_ELIGIBLE,Candidate model outperforms naive baseline with low out-of-sample error under rolling validation
State,Nagaland,Female,Rural + Urban,All,Unemployment_Rate,2023,2024,,,,Holt,4.56,6.43,1.87,1-Year,FORECAST_NOT_SUPPORTED,High cyclical volatility in unemployment rate; error exceeds threshold or fails to beat naive baseline
State,Nagaland,Female,Rural,All,Unemployment_Rate,2023,2024,,,,Drift,4.78,5.97,1.19,1-Year,FORECAST_NOT_SUPPORTED,High cyclical volatility in unemployment rate; error exceeds threshold or fails to beat naive baseline
State,Nagaland,Female,Urban,All,Unemployment_Rate,2023,2024,,,,Drift,8.62,8.67,0.05,1-Year,FORECAST_NOT_SUPPORTED,High cyclical volatility in unemployment rate; error exceeds threshold or fails to beat naive baseline
State,Nagaland,Male,Rural + Urban,All,Unemployment_Rate,2023,2024,,,,Holt,4.06,5.47,1.4,1-Year,FORECAST_NOT_SUPPORTED,High cyclical volatility in unemployment rate; error exceeds threshold or fails to beat naive baseline
State,Nagaland,Male,Rural,All,Unemployment_Rate,2023,2024,,,,Holt,3.76,5.67,1.9,1-Year,FORECAST_NOT_SUPPORTED,High cyclical volatility in unemployment rate; error exceeds threshold or fails to beat naive baseline
State,Nagaland,Male,Urban,All,Unemployment_Rate,2023,2024,,,,Holt,4.43,4.87,0.44,1-Year,FORECAST_NOT_SUPPORTED,High cyclical volatility in unemployment rate; error exceeds threshold or fails to beat naive baseline
State,Odisha,Female,Rural + Urban,All,LFPR,2023,2024,,,,Holt,4.04,5.6,1.56,1-Year,FORECAST_NOT_SUPPORTED,High out-of-sample forecast error (MAE=4.04 pp > 3.5 pp threshold) or unstable trend
State,Odisha,Female,Rural,All,LFPR,2023,2024,,,,Holt,4.41,6.0,1.59,1-Year,FORECAST_NOT_SUPPORTED,High out-of-sample forecast error (MAE=4.41 pp > 3.5 pp threshold) or unstable trend
State,Odisha,Female,Urban,All,LFPR,2023,2024,33.51,29.65,37.37,Holt,2.96,3.77,0.81,1-Year,FORECAST_ELIGIBLE,Candidate model outperforms naive baseline with low out-of-sample error under rolling validation
State,Odisha,Male,Rural + Urban,All,LFPR,2023,2024,79.62,77.47,81.77,SES,1.34,1.87,0.53,1-Year,FORECAST_ELIGIBLE,Candidate model outperforms naive baseline with low out-of-sample error under rolling validation
State,Odisha,Male,Rural,All,LFPR,2023,2024,80.54,78.22,82.86,SES,1.43,1.83,0.41,1-Year,FORECAST_ELIGIBLE,Candidate model outperforms naive baseline with low out-of-sample error under rolling validation
State,Odisha,Male,Urban,All,LFPR,2023,2024,74.75,73.4,76.1,SES,0.84,1.77,0.93,1-Year,FORECAST_ELIGIBLE,Candidate model outperforms naive baseline with low out-of-sample error under rolling validation
State,Odisha,Female,Rural + Urban,All,WPR,2023,2024,,,,Holt,4.32,5.8,1.48,1-Year,FORECAST_NOT_SUPPORTED,High out-of-sample forecast error (MAE=4.32 pp > 3.5 pp threshold) or unstable trend
State,Odisha,Female,Rural,All,WPR,2023,2024,,,,Holt,4.38,6.07,1.68,1-Year,FORECAST_NOT_SUPPORTED,High out-of-sample forecast error (MAE=4.38 pp > 3.5 pp threshold) or unstable trend
State,Odisha,Female,Urban,All,WPR,2023,2024,28.01,23.48,32.54,Holt,3.51,4.57,1.05,1-Year,FORECAST_ELIGIBLE,Candidate model outperforms naive baseline with low out-of-sample error under rolling validation
State,Odisha,Male,Rural + Urban,All,WPR,2023,2024,77.25,74.36,80.13,Holt,1.83,2.27,0.43,1-Year,FORECAST_ELIGIBLE,Candidate model outperforms naive baseline with low out-of-sample error under rolling validation
State,Odisha,Male,Rural,All,WPR,2023,2024,79.12,75.86,82.39,Holt,2.26,2.47,0.2,1-Year,FORECAST_ELIGIBLE,Candidate model outperforms naive baseline with low out-of-sample error under rolling validation
State,Odisha,Male,Urban,All,WPR,2023,2024,69.57,68.2,70.94,SES,0.92,1.43,0.52,1-Year,FORECAST_ELIGIBLE,Candidate model outperforms naive baseline with low out-of-sample error under rolling validation
State,Odisha,Female,Rural + Urban,All,Unemployment_Rate,2023,2024,2.67,1.67,3.67,Holt,0.91,1.2,0.29,1-Year,FORECAST_ELIGIBLE_WITH_LIMITATIONS,Unemployment rate is volatile/non-monotonic; forecast eligible with caution under 1-year horizon only
State,Odisha,Female,Rural,All,Unemployment_Rate,2023,2024,2.0,1.0,3.0,Naive,0.53,0.53,0.0,1-Year,FORECAST_ELIGIBLE_WITH_LIMITATIONS,Unemployment rate is volatile/non-monotonic; forecast eligible with caution under 1-year horizon only
State,Odisha,Female,Urban,All,Unemployment_Rate,2023,2024,,,,SES,4.59,7.3,2.71,1-Year,FORECAST_NOT_SUPPORTED,High cyclical volatility in unemployment rate; error exceeds threshold or fails to beat naive baseline
State,Odisha,Male,Rural + Urban,All,Unemployment_Rate,2023,2024,2.63,1.27,4.0,Drift,1.15,1.27,0.11,1-Year,FORECAST_ELIGIBLE_WITH_LIMITATIONS,Unemployment rate is volatile/non-monotonic; forecast eligible with caution under 1-year horizon only
State,Odisha,Male,Rural,All,Unemployment_Rate,2023,2024,3.12,1.72,4.52,Holt,1.11,1.27,0.15,1-Year,FORECAST_ELIGIBLE_WITH_LIMITATIONS,Unemployment rate is volatile/non-monotonic; forecast eligible with caution under 1-year horizon only
State,Odisha,Male,Urban,All,Unemployment_Rate,2023,2024,5.32,3.25,7.39,Drift,1.32,1.33,0.01,1-Year,FORECAST_ELIGIBLE_WITH_LIMITATIONS,Unemployment rate is volatile/non-monotonic; forecast eligible with caution under 1-year horizon only
State,Puducherry,Female,Rural + Urban,All,LFPR,2023,2024,,,,None,,,,1-Year,FORECAST_NOT_SUPPORTED,Incomplete series or missing historical points (e.g. Chandigarh Rural 2023)
State,Puducherry,Female,Rural,All,LFPR,2023,2024,,,,Naive,9.63,9.63,0.0,1-Year,FORECAST_NOT_SUPPORTED,High out-of-sample forecast error (MAE=9.63 pp > 3.5 pp threshold) or unstable trend
State,Puducherry,Female,Urban,All,LFPR,2023,2024,26.51,23.99,29.03,SES,2.28,2.4,0.12,1-Year,FORECAST_ELIGIBLE,Candidate model outperforms naive baseline with low out-of-sample error under rolling validation
State,Puducherry,Male,Rural + Urban,All,LFPR,2023,2024,73.72,72.63,74.81,SES,1.0,1.53,0.53,1-Year,FORECAST_ELIGIBLE,Candidate model outperforms naive baseline with low out-of-sample error under rolling validation
State,Puducherry,Male,Rural,All,LFPR,2023,2024,76.66,72.49,80.83,SES,2.95,6.27,3.32,1-Year,FORECAST_ELIGIBLE,Candidate model outperforms naive baseline with low out-of-sample error under rolling validation
State,Puducherry,Male,Urban,All,LFPR,2023,2024,73.89,72.5,75.28,Holt,0.88,1.53,0.65,1-Year,FORECAST_ELIGIBLE,Candidate model outperforms naive baseline with low out-of-sample error under rolling validation
State,Puducherry,Female,Rural + Urban,All,WPR,2023,2024,,,,None,,,,1-Year,FORECAST_NOT_SUPPORTED,Incomplete series or missing historical points (e.g. Chandigarh Rural 2023)
State,Puducherry,Female,Rural,All,WPR,2023,2024,,,,Naive,10.4,10.4,0.0,1-Year,FORECAST_NOT_SUPPORTED,High out-of-sample forecast error (MAE=10.40 pp > 3.5 pp threshold) or unstable trend
State,Puducherry,Female,Urban,All,WPR,2023,2024,27.4,23.82,30.98,Naive,2.33,2.33,0.0,1-Year,FORECAST_ELIGIBLE_WITH_LIMITATIONS,Acceptable out-of-sample error; model performs on par with naive baseline
State,Puducherry,Male,Rural + Urban,All,WPR,2023,2024,69.54,68.54,70.54,SES,1.56,1.6,0.04,1-Year,FORECAST_ELIGIBLE_WITH_LIMITATIONS,Acceptable out-of-sample error; model performs on par with naive baseline
State,Puducherry,Male,Rural,All,WPR,2023,2024,72.5,68.37,76.64,SES,2.85,7.1,4.25,1-Year,FORECAST_ELIGIBLE,Candidate model outperforms naive baseline with low out-of-sample error under rolling validation
State,Puducherry,Male,Urban,All,WPR,2023,2024,68.8,66.28,71.32,Naive,1.8,1.8,0.0,1-Year,FORECAST_ELIGIBLE_WITH_LIMITATIONS,Acceptable out-of-sample error; model performs on par with naive baseline
State,Puducherry,Female,Rural + Urban,All,Unemployment_Rate,2023,2024,,,,None,,,,1-Year,FORECAST_NOT_SUPPORTED,Incomplete series or missing historical points (e.g. Chandigarh Rural 2023)
State,Puducherry,Female,Rural,All,Unemployment_Rate,2023,2024,,,,Naive,2.9,2.9,0.0,1-Year,FORECAST_NOT_SUPPORTED,High cyclical volatility in unemployment rate; error exceeds threshold or fails to beat naive baseline
State,Puducherry,Female,Urban,All,Unemployment_Rate,2023,2024,6.9,4.44,9.36,Naive,1.6,1.6,0.0,1-Year,FORECAST_ELIGIBLE_WITH_LIMITATIONS,Unemployment rate is volatile/non-monotonic; forecast eligible with caution under 1-year horizon only
State,Puducherry,Male,Rural + Urban,All,Unemployment_Rate,2023,2024,3.35,1.88,4.82,Drift,1.22,1.23,0.01,1-Year,FORECAST_ELIGIBLE_WITH_LIMITATIONS,Unemployment rate is volatile/non-monotonic; forecast eligible with caution under 1-year horizon only
State,Puducherry,Male,Rural,All,Unemployment_Rate,2023,2024,,,,SES,4.33,5.73,1.4,1-Year,FORECAST_NOT_SUPPORTED,High cyclical volatility in unemployment rate; error exceeds threshold or fails to beat naive baseline
State,Puducherry,Male,Urban,All,Unemployment_Rate,2023,2024,6.3,3.93,8.67,Naive,1.57,1.57,0.0,1-Year,FORECAST_ELIGIBLE_WITH_LIMITATIONS,Unemployment rate is volatile/non-monotonic; forecast eligible with caution under 1-year horizon only
State,Punjab,Female,Rural + Urban,All,LFPR,2023,2024,33.7,31.93,35.47,Drift,1.4,2.67,1.27,1-Year,FORECAST_ELIGIBLE,Candidate model outperforms naive baseline with low out-of-sample error under rolling validation
State,Punjab,Female,Rural,All,LFPR,2023,2024,38.38,35.28,41.49,Drift,2.4,3.63,1.23,1-Year,FORECAST_ELIGIBLE,Candidate model outperforms naive baseline with low out-of-sample error under rolling validation
State,Punjab,Female,Urban,All,LFPR,2023,2024,26.45,24.91,27.99,Holt,1.15,1.63,0.48,1-Year,FORECAST_ELIGIBLE,Candidate model outperforms naive baseline with low out-of-sample error under rolling validation
State,Punjab,Male,Rural + Urban,All,LFPR,2023,2024,80.62,79.62,81.62,Drift,0.7,0.87,0.16,1-Year,FORECAST_ELIGIBLE,Candidate model outperforms naive baseline with low out-of-sample error under rolling validation
State,Punjab,Male,Rural,All,LFPR,2023,2024,81.3,80.27,82.33,Drift,0.64,1.0,0.36,1-Year,FORECAST_ELIGIBLE,Candidate model outperforms naive baseline with low out-of-sample error under rolling validation
State,Punjab,Male,Urban,All,LFPR,2023,2024,79.4,78.01,80.79,Naive,0.8,0.8,0.0,1-Year,FORECAST_ELIGIBLE_WITH_LIMITATIONS,Acceptable out-of-sample error; model performs on par with naive baseline
State,Punjab,Female,Rural + Urban,All,WPR,2023,2024,31.43,29.62,33.24,Drift,1.44,2.6,1.16,1-Year,FORECAST_ELIGIBLE,Candidate model outperforms naive baseline with low out-of-sample error under rolling validation
State,Punjab,Female,Rural,All,WPR,2023,2024,36.07,32.58,39.55,Drift,2.62,3.5,0.88,1-Year,FORECAST_ELIGIBLE,Candidate model outperforms naive baseline with low out-of-sample error under rolling validation
State,Punjab,Female,Urban,All,WPR,2023,2024,24.68,23.34,26.02,Holt,1.08,1.57,0.48,1-Year,FORECAST_ELIGIBLE,Candidate model outperforms naive baseline with low out-of-sample error under rolling validation
State,Punjab,Male,Rural + Urban,All,WPR,2023,2024,76.92,75.7,78.13,Drift,0.91,1.1,0.19,1-Year,FORECAST_ELIGIBLE,Candidate model outperforms naive baseline with low out-of-sample error under rolling validation
State,Punjab,Male,Rural,All,WPR,2023,2024,77.38,76.06,78.71,Drift,0.87,1.13,0.26,1-Year,FORECAST_ELIGIBLE,Candidate model outperforms naive baseline with low out-of-sample error under rolling validation
State,Punjab,Male,Urban,All,WPR,2023,2024,73.92,72.44,75.4,SES,0.92,1.0,0.08,1-Year,FORECAST_ELIGIBLE_WITH_LIMITATIONS,Acceptable out-of-sample error; model performs on par with naive baseline
State,Punjab,Female,Rural + Urban,All,Unemployment_Rate,2023,2024,6.9,5.78,8.02,Naive,0.63,0.63,0.0,1-Year,FORECAST_ELIGIBLE_WITH_LIMITATIONS,Unemployment rate is volatile/non-monotonic; forecast eligible with caution under 1-year horizon only
State,Punjab,Female,Rural,All,Unemployment_Rate,2023,2024,7.85,6.17,9.52,SES,1.05,1.33,0.28,1-Year,FORECAST_ELIGIBLE_WITH_LIMITATIONS,Unemployment rate is volatile/non-monotonic; forecast eligible with caution under 1-year horizon only
State,Punjab,Female,Urban,All,Unemployment_Rate,2023,2024,8.6,7.25,9.95,Naive,0.9,0.9,0.0,1-Year,FORECAST_ELIGIBLE_WITH_LIMITATIONS,Unemployment rate is volatile/non-monotonic; forecast eligible with caution under 1-year horizon only
State,Punjab,Male,Rural + Urban,All,Unemployment_Rate,2023,2024,4.57,3.57,5.57,Drift,0.3,0.33,0.03,1-Year,FORECAST_ELIGIBLE_WITH_LIMITATIONS,Unemployment rate is volatile/non-monotonic; forecast eligible with caution under 1-year horizon only
State,Punjab,Male,Rural,All,Unemployment_Rate,2023,2024,5.1,4.1,6.1,Naive,0.3,0.3,0.0,1-Year,FORECAST_ELIGIBLE_WITH_LIMITATIONS,Unemployment rate is volatile/non-monotonic; forecast eligible with caution under 1-year horizon only
State,Punjab,Male,Urban,All,Unemployment_Rate,2023,2024,4.4,3.4,5.4,Drift,0.42,0.43,0.01,1-Year,FORECAST_ELIGIBLE_WITH_LIMITATIONS,Unemployment rate is volatile/non-monotonic; forecast eligible with caution under 1-year horizon only
State,Rajasthan,Female,Rural + Urban,All,LFPR,2023,2024,55.4,52.11,58.69,Holt,2.24,3.67,1.42,1-Year,FORECAST_ELIGIBLE,Candidate model outperforms naive baseline with low out-of-sample error under rolling validation
State,Rajasthan,Female,Rural,All,LFPR,2023,2024,65.34,62.21,68.47,Holt,3.5,4.07,0.57,1-Year,FORECAST_ELIGIBLE,Candidate model outperforms naive baseline with low out-of-sample error under rolling validation
State,Rajasthan,Female,Urban,All,LFPR,2023,2024,32.47,30.36,34.57,Drift,2.65,4.03,1.38,1-Year,FORECAST_ELIGIBLE,Candidate model outperforms naive baseline with low out-of-sample error under rolling validation
State,Rajasthan,Male,Rural + Urban,All,LFPR,2023,2024,75.82,73.67,77.96,SES,1.23,1.57,0.34,1-Year,FORECAST_ELIGIBLE,Candidate model outperforms naive baseline with low out-of-sample error under rolling validation
State,Rajasthan,Male,Rural,All,LFPR,2023,2024,76.99,74.29,79.69,SES,1.71,2.07,0.36,1-Year,FORECAST_ELIGIBLE,Candidate model outperforms naive baseline with low out-of-sample error under rolling validation
State,Rajasthan,Male,Urban,All,LFPR,2023,2024,72.75,71.74,73.77,SES,0.76,0.83,0.08,1-Year,FORECAST_ELIGIBLE_WITH_LIMITATIONS,Acceptable out-of-sample error; model performs on par with naive baseline
State,Rajasthan,Female,Rural + Urban,All,WPR,2023,2024,53.18,50.22,56.14,Holt,2.13,3.3,1.17,1-Year,FORECAST_ELIGIBLE,Candidate model outperforms naive baseline with low out-of-sample error under rolling validation
State,Rajasthan,Female,Rural,All,WPR,2023,2024,63.79,61.01,66.56,Holt,3.43,3.67,0.24,1-Year,FORECAST_ELIGIBLE,Candidate model outperforms naive baseline with low out-of-sample error under rolling validation
State,Rajasthan,Female,Urban,All,WPR,2023,2024,28.97,27.18,30.76,Drift,2.72,3.8,1.08,1-Year,FORECAST_ELIGIBLE,Candidate model outperforms naive baseline with low out-of-sample error under rolling validation
State,Rajasthan,Male,Rural + Urban,All,WPR,2023,2024,71.79,69.22,74.35,SES,1.66,1.87,0.21,1-Year,FORECAST_ELIGIBLE,Candidate model outperforms naive baseline with low out-of-sample error under rolling validation
State,Rajasthan,Male,Rural,All,WPR,2023,2024,77.5,74.23,80.77,Naive,2.0,2.0,0.0,1-Year,FORECAST_ELIGIBLE_WITH_LIMITATIONS,Acceptable out-of-sample error; model performs on par with naive baseline
State,Rajasthan,Male,Urban,All,WPR,2023,2024,68.6,67.13,70.07,Naive,1.27,1.27,0.0,1-Year,FORECAST_ELIGIBLE_WITH_LIMITATIONS,Acceptable out-of-sample error; model performs on par with naive baseline
State,Rajasthan,Female,Rural + Urban,All,Unemployment_Rate,2023,2024,4.28,3.28,5.28,Drift,0.55,0.6,0.05,1-Year,FORECAST_ELIGIBLE_WITH_LIMITATIONS,Unemployment rate is volatile/non-monotonic; forecast eligible with caution under 1-year horizon only
State,Rajasthan,Female,Rural,All,Unemployment_Rate,2023,2024,2.7,1.7,3.7,Naive,0.6,0.6,0.0,1-Year,FORECAST_ELIGIBLE_WITH_LIMITATIONS,Unemployment rate is volatile/non-monotonic; forecast eligible with caution under 1-year horizon only
State,Rajasthan,Female,Urban,All,Unemployment_Rate,2023,2024,10.9,9.9,11.9,Naive,1.07,1.07,0.0,1-Year,FORECAST_ELIGIBLE_WITH_LIMITATIONS,Unemployment rate is volatile/non-monotonic; forecast eligible with caution under 1-year horizon only
State,Rajasthan,Male,Rural + Urban,All,Unemployment_Rate,2023,2024,4.03,3.03,5.03,Drift,0.54,0.57,0.03,1-Year,FORECAST_ELIGIBLE_WITH_LIMITATIONS,Unemployment rate is volatile/non-monotonic; forecast eligible with caution under 1-year horizon only
State,Rajasthan,Male,Rural,All,Unemployment_Rate,2023,2024,3.15,2.15,4.15,Drift,0.75,0.77,0.02,1-Year,FORECAST_ELIGIBLE_WITH_LIMITATIONS,Unemployment rate is volatile/non-monotonic; forecast eligible with caution under 1-year horizon only
State,Rajasthan,Male,Urban,All,Unemployment_Rate,2023,2024,6.5,4.81,8.19,Naive,1.47,1.47,0.0,1-Year,FORECAST_ELIGIBLE_WITH_LIMITATIONS,Unemployment rate is volatile/non-monotonic; forecast eligible with caution under 1-year horizon only
State,Sikkim,Female,Rural + Urban,All,LFPR,2023,2024,,,,Naive,4.83,4.83,0.0,1-Year,FORECAST_NOT_SUPPORTED,High out-of-sample forecast error (MAE=4.83 pp > 3.5 pp threshold) or unstable trend
State,Sikkim,Female,Rural,All,LFPR,2023,2024,,,,Naive,6.4,6.4,0.0,1-Year,FORECAST_NOT_SUPPORTED,High out-of-sample forecast error (MAE=6.40 pp > 3.5 pp threshold) or unstable trend
State,Sikkim,Female,Urban,All,LFPR,2023,2024,32.2,30.15,34.25,Naive,2.03,2.03,0.0,1-Year,FORECAST_ELIGIBLE_WITH_LIMITATIONS,Acceptable out-of-sample error; model performs on par with naive baseline
State,Sikkim,Male,Rural + Urban,All,LFPR,2023,2024,83.4,81.85,84.95,Naive,1.23,1.23,0.0,1-Year,FORECAST_ELIGIBLE_WITH_LIMITATIONS,Acceptable out-of-sample error; model performs on par with naive baseline
State,Sikkim,Male,Rural,All,LFPR,2023,2024,87.37,84.47,90.26,Drift,1.87,2.23,0.36,1-Year,FORECAST_ELIGIBLE,Candidate model outperforms naive baseline with low out-of-sample error under rolling validation
State,Sikkim,Male,Urban,All,LFPR,2023,2024,78.89,75.93,81.85,SES,1.92,2.43,0.52,1-Year,FORECAST_ELIGIBLE,Candidate model outperforms naive baseline with low out-of-sample error under rolling validation
State,Sikkim,Female,Rural + Urban,All,WPR,2023,2024,,,,Naive,4.8,4.8,0.0,1-Year,FORECAST_NOT_SUPPORTED,High out-of-sample forecast error (MAE=4.80 pp > 3.5 pp threshold) or unstable trend
State,Sikkim,Female,Rural,All,WPR,2023,2024,,,,Naive,6.8,6.8,0.0,1-Year,FORECAST_NOT_SUPPORTED,High out-of-sample forecast error (MAE=6.80 pp > 3.5 pp threshold) or unstable trend
State,Sikkim,Female,Urban,All,WPR,2023,2024,32.65,31.25,34.04,SES,2.49,2.7,0.21,1-Year,FORECAST_ELIGIBLE,Candidate model outperforms naive baseline with low out-of-sample error under rolling validation
State,Sikkim,Male,Rural + Urban,All,WPR,2023,2024,81.3,79.77,82.83,Naive,1.07,1.07,0.0,1-Year,FORECAST_ELIGIBLE_WITH_LIMITATIONS,Acceptable out-of-sample error; model performs on par with naive baseline
State,Sikkim,Male,Rural,All,WPR,2023,2024,84.93,82.29,87.58,Drift,1.84,1.93,0.09,1-Year,FORECAST_ELIGIBLE_WITH_LIMITATIONS,Acceptable out-of-sample error; model performs on par with naive baseline
State,Sikkim,Male,Urban,All,WPR,2023,2024,74.9,72.98,76.82,Naive,2.1,2.1,0.0,1-Year,FORECAST_ELIGIBLE_WITH_LIMITATIONS,Acceptable out-of-sample error; model performs on par with naive baseline
State,Sikkim,Female,Rural + Urban,All,Unemployment_Rate,2023,2024,2.59,1.59,3.59,SES,0.55,1.07,0.52,1-Year,FORECAST_ELIGIBLE_WITH_LIMITATIONS,Unemployment rate is volatile/non-monotonic; forecast eligible with caution under 1-year horizon only
State,Sikkim,Female,Rural,All,Unemployment_Rate,2023,2024,2.1,1.1,3.1,SES,0.65,1.4,0.75,1-Year,FORECAST_ELIGIBLE_WITH_LIMITATIONS,Unemployment rate is volatile/non-monotonic; forecast eligible with caution under 1-year horizon only
State,Sikkim,Female,Urban,All,Unemployment_Rate,2023,2024,5.85,3.94,7.75,SES,1.37,2.33,0.96,1-Year,FORECAST_ELIGIBLE_WITH_LIMITATIONS,Unemployment rate is volatile/non-monotonic; forecast eligible with caution under 1-year horizon only
State,Sikkim,Male,Rural + Urban,All,Unemployment_Rate,2023,2024,2.5,1.5,3.5,Naive,0.53,0.53,0.0,1-Year,FORECAST_ELIGIBLE_WITH_LIMITATIONS,Unemployment rate is volatile/non-monotonic; forecast eligible with caution under 1-year horizon only
State,Sikkim,Male,Rural,All,Unemployment_Rate,2023,2024,2.7,1.7,3.7,Naive,0.67,0.67,0.0,1-Year,FORECAST_ELIGIBLE_WITH_LIMITATIONS,Unemployment rate is volatile/non-monotonic; forecast eligible with caution under 1-year horizon only
State,Sikkim,Male,Urban,All,Unemployment_Rate,2023,2024,1.09,0.09,2.09,Holt,0.36,0.37,0.01,1-Year,FORECAST_ELIGIBLE_WITH_LIMITATIONS,Unemployment rate is volatile/non-monotonic; forecast eligible with caution under 1-year horizon only
State,Tamil Nadu,Female,Rural + Urban,All,LFPR,2023,2024,43.2,40.57,45.83,Naive,1.73,1.73,0.0,1-Year,FORECAST_ELIGIBLE_WITH_LIMITATIONS,Acceptable out-of-sample error; model performs on par with naive baseline
State,Tamil Nadu,Female,Rural,All,LFPR,2023,2024,54.2,50.05,58.35,Naive,2.67,2.67,0.0,1-Year,FORECAST_ELIGIBLE_WITH_LIMITATIONS,Acceptable out-of-sample error; model performs on par with naive baseline
State,Tamil Nadu,Female,Urban,All,LFPR,2023,2024,29.7,28.7,30.7,SES,0.74,1.4,0.66,1-Year,FORECAST_ELIGIBLE,Candidate model outperforms naive baseline with low out-of-sample error under rolling validation
State,Tamil Nadu,Male,Rural + Urban,All,LFPR,2023,2024,76.35,74.74,77.95,SES,1.34,1.73,0.39,1-Year,FORECAST_ELIGIBLE,Candidate model outperforms naive baseline with low out-of-sample error under rolling validation
State,Tamil Nadu,Male,Rural,All,LFPR,2023,2024,77.47,75.76,79.18,SES,1.38,1.83,0.46,1-Year,FORECAST_ELIGIBLE,Candidate model outperforms naive baseline with low out-of-sample error under rolling validation
State,Tamil Nadu,Male,Urban,All,LFPR,2023,2024,75.01,73.42,76.6,SES,1.39,1.7,0.31,1-Year,FORECAST_ELIGIBLE,Candidate model outperforms naive baseline with low out-of-sample error under rolling validation
State,Tamil Nadu,Female,Rural + Urban,All,WPR,2023,2024,41.5,39.0,44.0,Naive,1.7,1.7,0.0,1-Year,FORECAST_ELIGIBLE_WITH_LIMITATIONS,Acceptable out-of-sample error; model performs on par with naive baseline
State,Tamil Nadu,Female,Rural,All,WPR,2023,2024,52.7,48.56,56.84,Naive,2.7,2.7,0.0,1-Year,FORECAST_ELIGIBLE_WITH_LIMITATIONS,Acceptable out-of-sample error; model performs on par with naive baseline
State,Tamil Nadu,Female,Urban,All,WPR,2023,2024,27.67,26.67,28.67,SES,0.66,1.33,0.67,1-Year,FORECAST_ELIGIBLE,Candidate model outperforms naive baseline with low out-of-sample error under rolling validation
State,Tamil Nadu,Male,Rural + Urban,All,WPR,2023,2024,72.67,71.28,74.06,SES,1.04,1.57,0.53,1-Year,FORECAST_ELIGIBLE,Candidate model outperforms naive baseline with low out-of-sample error under rolling validation
State,Tamil Nadu,Male,Rural,All,WPR,2023,2024,74.44,72.75,76.13,Holt,1.04,1.5,0.46,1-Year,FORECAST_ELIGIBLE,Candidate model outperforms naive baseline with low out-of-sample error under rolling validation
State,Tamil Nadu,Male,Urban,All,WPR,2023,2024,71.51,70.24,72.79,SES,0.78,1.73,0.95,1-Year,FORECAST_ELIGIBLE,Candidate model outperforms naive baseline with low out-of-sample error under rolling validation
State,Tamil Nadu,Female,Rural + Urban,All,Unemployment_Rate,2023,2024,2.98,1.98,3.98,Holt,0.64,0.87,0.23,1-Year,FORECAST_ELIGIBLE_WITH_LIMITATIONS,Unemployment rate is volatile/non-monotonic; forecast eligible with caution under 1-year horizon only
State,Tamil Nadu,Female,Rural,All,Unemployment_Rate,2023,2024,2.04,1.04,3.04,Holt,0.5,0.77,0.27,1-Year,FORECAST_ELIGIBLE_WITH_LIMITATIONS,Unemployment rate is volatile/non-monotonic; forecast eligible with caution under 1-year horizon only
State,Tamil Nadu,Female,Urban,All,Unemployment_Rate,2023,2024,5.23,4.12,6.34,Holt,0.85,1.3,0.45,1-Year,FORECAST_ELIGIBLE_WITH_LIMITATIONS,Unemployment rate is volatile/non-monotonic; forecast eligible with caution under 1-year horizon only
State,Tamil Nadu,Male,Rural + Urban,All,Unemployment_Rate,2023,2024,2.7,1.7,3.7,Drift,0.39,0.63,0.24,1-Year,FORECAST_ELIGIBLE_WITH_LIMITATIONS,Unemployment rate is volatile/non-monotonic; forecast eligible with caution under 1-year horizon only
State,Tamil Nadu,Male,Rural,All,Unemployment_Rate,2023,2024,2.62,1.62,3.62,Drift,0.39,0.63,0.24,1-Year,FORECAST_ELIGIBLE_WITH_LIMITATIONS,Unemployment rate is volatile/non-monotonic; forecast eligible with caution under 1-year horizon only
State,Tamil Nadu,Male,Urban,All,Unemployment_Rate,2023,2024,3.59,2.58,4.59,Holt,0.86,0.97,0.1,1-Year,FORECAST_ELIGIBLE_WITH_LIMITATIONS,Unemployment rate is volatile/non-monotonic; forecast eligible with caution under 1-year horizon only
State,Telangana,Female,Rural + Urban,All,LFPR,2023,2024,46.7,45.31,48.09,Naive,0.9,0.9,0.0,1-Year,FORECAST_ELIGIBLE_WITH_LIMITATIONS,Acceptable out-of-sample error; model performs on par with naive baseline
State,Telangana,Female,Rural,All,LFPR,2023,2024,55.7,53.07,58.33,Naive,1.8,1.8,0.0,1-Year,FORECAST_ELIGIBLE_WITH_LIMITATIONS,Acceptable out-of-sample error; model performs on par with naive baseline
State,Telangana,Female,Urban,All,LFPR,2023,2024,31.8,29.14,34.46,Naive,1.53,1.53,0.0,1-Year,FORECAST_ELIGIBLE_WITH_LIMITATIONS,Acceptable out-of-sample error; model performs on par with naive baseline
State,Telangana,Male,Rural + Urban,All,LFPR,2023,2024,79.1,76.89,81.31,Drift,1.47,1.5,0.03,1-Year,FORECAST_ELIGIBLE_WITH_LIMITATIONS,Acceptable out-of-sample error; model performs on par with naive baseline
State,Telangana,Male,Rural,All,LFPR,2023,2024,80.47,78.84,82.09,Drift,1.03,1.27,0.23,1-Year,FORECAST_ELIGIBLE,Candidate model outperforms naive baseline with low out-of-sample error under rolling validation
State,Telangana,Male,Urban,All,LFPR,2023,2024,75.16,72.75,77.58,SES,1.71,1.97,0.26,1-Year,FORECAST_ELIGIBLE,Candidate model outperforms naive baseline with low out-of-sample error under rolling validation
State,Telangana,Female,Rural + Urban,All,WPR,2023,2024,44.3,43.24,45.36,Naive,0.83,0.83,0.0,1-Year,FORECAST_ELIGIBLE_WITH_LIMITATIONS,Acceptable out-of-sample error; model performs on par with naive baseline
State,Telangana,Female,Rural,All,WPR,2023,2024,54.0,51.07,56.93,Naive,1.9,1.9,0.0,1-Year,FORECAST_ELIGIBLE_WITH_LIMITATIONS,Acceptable out-of-sample error; model performs on par with naive baseline
State,Telangana,Female,Urban,All,WPR,2023,2024,28.14,26.42,29.87,Holt,1.11,1.27,0.15,1-Year,FORECAST_ELIGIBLE,Candidate model outperforms naive baseline with low out-of-sample error under rolling validation
State,Telangana,Male,Rural + Urban,All,WPR,2023,2024,75.75,73.12,78.38,Drift,1.81,1.97,0.15,1-Year,FORECAST_ELIGIBLE,Candidate model outperforms naive baseline with low out-of-sample error under rolling validation
State,Telangana,Male,Rural,All,WPR,2023,2024,77.98,76.3,79.67,Drift,1.06,1.47,0.41,1-Year,FORECAST_ELIGIBLE,Candidate model outperforms naive baseline with low out-of-sample error under rolling validation
State,Telangana,Male,Urban,All,WPR,2023,2024,69.94,67.25,72.63,SES,2.2,2.63,0.44,1-Year,FORECAST_ELIGIBLE,Candidate model outperforms naive baseline with low out-of-sample error under rolling validation
State,Telangana,Female,Rural + Urban,All,Unemployment_Rate,2023,2024,5.0,3.83,6.17,Naive,0.87,0.87,0.0,1-Year,FORECAST_ELIGIBLE_WITH_LIMITATIONS,Unemployment rate is volatile/non-monotonic; forecast eligible with caution under 1-year horizon only
State,Telangana,Female,Rural,All,Unemployment_Rate,2023,2024,1.94,0.94,2.94,Holt,0.64,0.9,0.26,1-Year,FORECAST_ELIGIBLE_WITH_LIMITATIONS,Unemployment rate is volatile/non-monotonic; forecast eligible with caution under 1-year horizon only
State,Telangana,Female,Urban,All,Unemployment_Rate,2023,2024,10.4,9.03,11.77,Naive,0.9,0.9,0.0,1-Year,FORECAST_ELIGIBLE_WITH_LIMITATIONS,Unemployment rate is volatile/non-monotonic; forecast eligible with caution under 1-year horizon only
State,Telangana,Male,Rural + Urban,All,Unemployment_Rate,2023,2024,4.6,3.5,5.7,Naive,0.73,0.73,0.0,1-Year,FORECAST_ELIGIBLE_WITH_LIMITATIONS,Unemployment rate is volatile/non-monotonic; forecast eligible with caution under 1-year horizon only
State,Telangana,Male,Rural,All,Unemployment_Rate,2023,2024,3.7,2.7,4.7,Naive,0.6,0.6,0.0,1-Year,FORECAST_ELIGIBLE_WITH_LIMITATIONS,Unemployment rate is volatile/non-monotonic; forecast eligible with caution under 1-year horizon only
State,Telangana,Male,Urban,All,Unemployment_Rate,2023,2024,5.58,3.7,7.47,Drift,1.24,1.3,0.06,1-Year,FORECAST_ELIGIBLE_WITH_LIMITATIONS,Unemployment rate is volatile/non-monotonic; forecast eligible with caution under 1-year horizon only
State,The Dadra and Nagar Haveli and Daman and Diu,Female,Rural + Urban,All,LFPR,2023,2024,,,,SES,6.48,8.9,2.42,1-Year,FORECAST_NOT_SUPPORTED,High out-of-sample forecast error (MAE=6.48 pp > 3.5 pp threshold) or unstable trend
State,The Dadra and Nagar Haveli and Daman and Diu,Female,Rural,All,LFPR,2023,2024,,,,Drift,8.94,9.37,0.43,1-Year,FORECAST_NOT_SUPPORTED,High out-of-sample forecast error (MAE=8.94 pp > 3.5 pp threshold) or unstable trend
State,The Dadra and Nagar Haveli and Daman and Diu,Female,Urban,All,LFPR,2023,2024,25.28,20.2,30.36,SES,3.25,6.97,3.71,1-Year,FORECAST_ELIGIBLE,Candidate model outperforms naive baseline with low out-of-sample error under rolling validation
State,The Dadra and Nagar Haveli and Daman and Diu,Male,Rural + Urban,All,LFPR,2023,2024,87.11,85.48,88.73,SES,2.76,4.57,1.8,1-Year,FORECAST_ELIGIBLE,Candidate model outperforms naive baseline with low out-of-sample error under rolling validation
State,The Dadra and Nagar Haveli and Daman and Diu,Male,Rural,All,LFPR,2023,2024,,,,Naive,5.43,5.43,0.0,1-Year,FORECAST_NOT_SUPPORTED,High out-of-sample forecast error (MAE=5.43 pp > 3.5 pp threshold) or unstable trend
State,The Dadra and Nagar Haveli and Daman and Diu,Male,Urban,All,LFPR,2023,2024,88.02,87.02,89.02,SES,2.26,4.17,1.91,1-Year,FORECAST_ELIGIBLE,Candidate model outperforms naive baseline with low out-of-sample error under rolling validation
State,The Dadra and Nagar Haveli and Daman and Diu,Female,Rural + Urban,All,WPR,2023,2024,,,,SES,5.55,8.0,2.45,1-Year,FORECAST_NOT_SUPPORTED,High out-of-sample forecast error (MAE=5.55 pp > 3.5 pp threshold) or unstable trend
State,The Dadra and Nagar Haveli and Daman and Diu,Female,Rural,All,WPR,2023,2024,,,,Drift,9.26,9.7,0.44,1-Year,FORECAST_NOT_SUPPORTED,High out-of-sample forecast error (MAE=9.26 pp > 3.5 pp threshold) or unstable trend
State,The Dadra and Nagar Haveli and Daman and Diu,Female,Urban,All,WPR,2023,2024,23.85,21.29,26.4,SES,1.97,4.7,2.73,1-Year,FORECAST_ELIGIBLE,Candidate model outperforms naive baseline with low out-of-sample error under rolling validation
State,The Dadra and Nagar Haveli and Daman and Diu,Male,Rural + Urban,All,WPR,2023,2024,84.74,82.55,86.94,SES,2.88,5.9,3.02,1-Year,FORECAST_ELIGIBLE,Candidate model outperforms naive baseline with low out-of-sample error under rolling validation
State,The Dadra and Nagar Haveli and Daman and Diu,Male,Rural,All,WPR,2023,2024,,,,Holt,4.1,6.47,2.36,1-Year,FORECAST_NOT_SUPPORTED,High out-of-sample forecast error (MAE=4.10 pp > 3.5 pp threshold) or unstable trend
State,The Dadra and Nagar Haveli and Daman and Diu,Male,Urban,All,WPR,2023,2024,86.37,84.53,88.21,SES,2.6,5.27,2.67,1-Year,FORECAST_ELIGIBLE,Candidate model outperforms naive baseline with low out-of-sample error under rolling validation
State,The Dadra and Nagar Haveli and Daman and Diu,Female,Rural + Urban,All,Unemployment_Rate,2023,2024,,,,SES,4.17,4.7,0.53,1-Year,FORECAST_NOT_SUPPORTED,High cyclical volatility in unemployment rate; error exceeds threshold or fails to beat naive baseline
State,The Dadra and Nagar Haveli and Daman and Diu,Female,Rural,All,Unemployment_Rate,2023,2024,,,,Naive,4.0,4.0,0.0,1-Year,FORECAST_NOT_SUPPORTED,High cyclical volatility in unemployment rate; error exceeds threshold or fails to beat naive baseline
State,The Dadra and Nagar Haveli and Daman and Diu,Female,Urban,All,Unemployment_Rate,2023,2024,,,,SES,4.53,5.93,1.4,1-Year,FORECAST_NOT_SUPPORTED,High cyclical volatility in unemployment rate; error exceeds threshold or fails to beat naive baseline
State,The Dadra and Nagar Haveli and Daman and Diu,Male,Rural + Urban,All,Unemployment_Rate,2023,2024,2.77,1.2,4.34,SES,1.03,1.7,0.67,1-Year,FORECAST_ELIGIBLE_WITH_LIMITATIONS,Unemployment rate is volatile/non-monotonic; forecast eligible with caution under 1-year horizon only
State,The Dadra and Nagar Haveli and Daman and Diu,Male,Rural,All,Unemployment_Rate,2023,2024,4.46,2.69,6.23,SES,1.25,2.03,0.78,1-Year,FORECAST_ELIGIBLE_WITH_LIMITATIONS,Unemployment rate is volatile/non-monotonic; forecast eligible with caution under 1-year horizon only
State,The Dadra and Nagar Haveli and Daman and Diu,Male,Urban,All,Unemployment_Rate,2023,2024,1.88,0.55,3.22,SES,0.83,1.33,0.5,1-Year,FORECAST_ELIGIBLE_WITH_LIMITATIONS,Unemployment rate is volatile/non-monotonic; forecast eligible with caution under 1-year horizon only
State,Tripura,Female,Rural + Urban,All,LFPR,2023,2024,,,,Holt,4.91,8.17,3.26,1-Year,FORECAST_NOT_SUPPORTED,High out-of-sample forecast error (MAE=4.91 pp > 3.5 pp threshold) or unstable trend
State,Tripura,Female,Rural,All,LFPR,2023,2024,,,,Holt,5.12,8.7,3.58,1-Year,FORECAST_NOT_SUPPORTED,High out-of-sample forecast error (MAE=5.12 pp > 3.5 pp threshold) or unstable trend
State,Tripura,Female,Urban,All,LFPR,2023,2024,,,,Holt,4.42,5.83,1.41,1-Year,FORECAST_NOT_SUPPORTED,High out-of-sample forecast error (MAE=4.42 pp > 3.5 pp threshold) or unstable trend
State,Tripura,Male,Rural + Urban,All,LFPR,2023,2024,77.23,74.73,79.73,SES,1.8,3.23,1.43,1-Year,FORECAST_ELIGIBLE,Candidate model outperforms naive baseline with low out-of-sample error under rolling validation
State,Tripura,Male,Rural,All,LFPR,2023,2024,78.32,74.74,81.9,SES,2.51,4.2,1.69,1-Year,FORECAST_ELIGIBLE,Candidate model outperforms naive baseline with low out-of-sample error under rolling validation
State,Tripura,Male,Urban,All,LFPR,2023,2024,72.33,69.9,74.77,SES,1.81,1.9,0.09,1-Year,FORECAST_ELIGIBLE_WITH_LIMITATIONS,Acceptable out-of-sample error; model performs on par with naive baseline
State,Tripura,Female,Rural + Urban,All,WPR,2023,2024,,,,Holt,6.42,8.4,1.98,1-Year,FORECAST_NOT_SUPPORTED,High out-of-sample forecast error (MAE=6.42 pp > 3.5 pp threshold) or unstable trend
State,Tripura,Female,Rural,All,WPR,2023,2024,,,,Holt,6.65,9.1,2.45,1-Year,FORECAST_NOT_SUPPORTED,High out-of-sample forecast error (MAE=6.65 pp > 3.5 pp threshold) or unstable trend
State,Tripura,Female,Urban,All,WPR,2023,2024,,,,Holt,4.95,5.53,0.59,1-Year,FORECAST_NOT_SUPPORTED,High out-of-sample forecast error (MAE=4.95 pp > 3.5 pp threshold) or unstable trend
State,Tripura,Male,Rural + Urban,All,WPR,2023,2024,75.07,72.99,77.14,SES,1.66,2.67,1.0,1-Year,FORECAST_ELIGIBLE,Candidate model outperforms naive baseline with low out-of-sample error under rolling validation
State,Tripura,Male,Rural,All,WPR,2023,2024,76.29,73.21,79.36,SES,2.26,3.57,1.31,1-Year,FORECAST_ELIGIBLE,Candidate model outperforms naive baseline with low out-of-sample error under rolling validation
State,Tripura,Male,Urban,All,WPR,2023,2024,69.56,67.1,72.03,SES,1.68,1.83,0.15,1-Year,FORECAST_ELIGIBLE,Candidate model outperforms naive baseline with low out-of-sample error under rolling validation
State,Tripura,Female,Rural + Urban,All,Unemployment_Rate,2023,2024,1.6,0.0,4.35,Naive,1.83,1.83,0.0,1-Year,FORECAST_ELIGIBLE_WITH_LIMITATIONS,Unemployment rate is volatile/non-monotonic; forecast eligible with caution under 1-year horizon only
State,Tripura,Female,Rural,All,Unemployment_Rate,2023,2024,1.2,0.0,4.51,Naive,2.23,2.23,0.0,1-Year,FORECAST_ELIGIBLE_WITH_LIMITATIONS,Unemployment rate is volatile/non-monotonic; forecast eligible with caution under 1-year horizon only
State,Tripura,Female,Urban,All,Unemployment_Rate,2023,2024,4.4,3.4,5.4,Naive,0.83,0.83,0.0,1-Year,FORECAST_ELIGIBLE_WITH_LIMITATIONS,Unemployment rate is volatile/non-monotonic; forecast eligible with caution under 1-year horizon only
State,Tripura,Male,Rural + Urban,All,Unemployment_Rate,2023,2024,0.97,0.0,1.97,Drift,0.41,0.7,0.29,1-Year,FORECAST_ELIGIBLE_WITH_LIMITATIONS,Unemployment rate is volatile/non-monotonic; forecast eligible with caution under 1-year horizon only
State,Tripura,Male,Rural,All,Unemployment_Rate,2023,2024,0.85,0.0,1.85,Drift,0.53,0.73,0.2,1-Year,FORECAST_ELIGIBLE_WITH_LIMITATIONS,Unemployment rate is volatile/non-monotonic; forecast eligible with caution under 1-year horizon only
State,Tripura,Male,Urban,All,Unemployment_Rate,2023,2024,2.7,1.7,3.7,Naive,0.6,0.6,0.0,1-Year,FORECAST_ELIGIBLE_WITH_LIMITATIONS,Unemployment rate is volatile/non-monotonic; forecast eligible with caution under 1-year horizon only
State,Uttar Pradesh,Female,Rural + Urban,All,LFPR,2023,2024,38.0,36.98,39.02,Drift,0.87,3.97,3.1,1-Year,FORECAST_ELIGIBLE,Candidate model outperforms naive baseline with low out-of-sample error under rolling validation
State,Uttar Pradesh,Female,Rural,All,LFPR,2023,2024,43.25,41.77,44.73,Drift,1.2,4.67,3.47,1-Year,FORECAST_ELIGIBLE,Candidate model outperforms naive baseline with low out-of-sample error under rolling validation
State,Uttar Pradesh,Female,Urban,All,LFPR,2023,2024,18.57,16.79,20.34,Drift,1.02,1.47,0.44,1-Year,FORECAST_ELIGIBLE,Candidate model outperforms naive baseline with low out-of-sample error under rolling validation
State,Uttar Pradesh,Male,Rural + Urban,All,LFPR,2023,2024,79.5,78.06,80.94,Naive,0.93,0.93,0.0,1-Year,FORECAST_ELIGIBLE_WITH_LIMITATIONS,Acceptable out-of-sample error; model performs on par with naive baseline
State,Uttar Pradesh,Male,Rural,All,LFPR,2023,2024,80.5,78.59,82.41,Naive,1.17,1.17,0.0,1-Year,FORECAST_ELIGIBLE_WITH_LIMITATIONS,Acceptable out-of-sample error; model performs on par with naive baseline
State,Uttar Pradesh,Male,Urban,All,LFPR,2023,2024,76.67,75.67,77.67,Drift,0.87,0.93,0.06,1-Year,FORECAST_ELIGIBLE_WITH_LIMITATIONS,Acceptable out-of-sample error; model performs on par with naive baseline
State,Uttar Pradesh,Female,Rural + Urban,All,WPR,2023,2024,37.02,35.88,38.16,Drift,1.03,3.9,2.87,1-Year,FORECAST_ELIGIBLE,Candidate model outperforms naive baseline with low out-of-sample error under rolling validation
State,Uttar Pradesh,Female,Rural,All,WPR,2023,2024,42.58,40.94,44.23,Drift,1.31,4.57,3.25,1-Year,FORECAST_ELIGIBLE,Candidate model outperforms naive baseline with low out-of-sample error under rolling validation
State,Uttar Pradesh,Female,Urban,All,WPR,2023,2024,16.55,15.05,18.05,Drift,1.05,1.4,0.35,1-Year,FORECAST_ELIGIBLE,Candidate model outperforms naive baseline with low out-of-sample error under rolling validation
State,Uttar Pradesh,Male,Rural + Urban,All,WPR,2023,2024,76.9,75.3,78.5,Naive,1.23,1.23,0.0,1-Year,FORECAST_ELIGIBLE_WITH_LIMITATIONS,Acceptable out-of-sample error; model performs on par with naive baseline
State,Uttar Pradesh,Male,Rural,All,WPR,2023,2024,78.4,76.21,80.59,Naive,1.53,1.53,0.0,1-Year,FORECAST_ELIGIBLE_WITH_LIMITATIONS,Acceptable out-of-sample error; model performs on par with naive baseline
State,Uttar Pradesh,Male,Urban,All,WPR,2023,2024,72.68,71.68,73.68,Drift,0.63,1.23,0.6,1-Year,FORECAST_ELIGIBLE,Candidate model outperforms naive baseline with low out-of-sample error under rolling validation
State,Uttar Pradesh,Female,Rural + Urban,All,Unemployment_Rate,2023,2024,2.5,1.5,3.5,Naive,0.6,0.6,0.0,1-Year,FORECAST_ELIGIBLE_WITH_LIMITATIONS,Unemployment rate is volatile/non-monotonic; forecast eligible with caution under 1-year horizon only
State,Uttar Pradesh,Female,Rural,All,Unemployment_Rate,2023,2024,1.29,0.29,2.29,SES,0.4,0.4,0.0,1-Year,FORECAST_ELIGIBLE_WITH_LIMITATIONS,Unemployment rate is volatile/non-monotonic; forecast eligible with caution under 1-year horizon only
State,Uttar Pradesh,Female,Urban,All,Unemployment_Rate,2023,2024,10.46,9.05,11.87,SES,0.99,2.13,1.14,1-Year,FORECAST_ELIGIBLE_WITH_LIMITATIONS,Unemployment rate is volatile/non-monotonic; forecast eligible with caution under 1-year horizon only
State,Uttar Pradesh,Male,Rural + Urban,All,Unemployment_Rate,2023,2024,2.72,1.66,3.77,Drift,0.72,0.87,0.15,1-Year,FORECAST_ELIGIBLE_WITH_LIMITATIONS,Unemployment rate is volatile/non-monotonic; forecast eligible with caution under 1-year horizon only
State,Uttar Pradesh,Male,Rural,All,Unemployment_Rate,2023,2024,2.02,0.85,3.19,Drift,0.8,0.93,0.14,1-Year,FORECAST_ELIGIBLE_WITH_LIMITATIONS,Unemployment rate is volatile/non-monotonic; forecast eligible with caution under 1-year horizon only
State,Uttar Pradesh,Male,Urban,All,Unemployment_Rate,2023,2024,5.1,4.1,6.1,Drift,0.31,0.47,0.16,1-Year,FORECAST_ELIGIBLE_WITH_LIMITATIONS,Unemployment rate is volatile/non-monotonic; forecast eligible with caution under 1-year horizon only
State,Uttarakhand,Female,Rural + Urban,All,LFPR,2023,2024,50.18,47.01,53.35,Drift,2.5,4.7,2.2,1-Year,FORECAST_ELIGIBLE,Candidate model outperforms naive baseline with low out-of-sample error under rolling validation
State,Uttarakhand,Female,Rural,All,LFPR,2023,2024,57.98,54.01,61.95,Drift,3.0,5.37,2.37,1-Year,FORECAST_ELIGIBLE,Candidate model outperforms naive baseline with low out-of-sample error under rolling validation
State,Uttarakhand,Female,Urban,All,LFPR,2023,2024,24.4,18.99,29.81,Naive,3.37,3.37,0.0,1-Year,FORECAST_ELIGIBLE_WITH_LIMITATIONS,Acceptable out-of-sample error; model performs on par with naive baseline
State,Uttarakhand,Male,Rural + Urban,All,LFPR,2023,2024,77.5,75.37,79.63,Drift,1.73,1.83,0.1,1-Year,FORECAST_ELIGIBLE,Candidate model outperforms naive baseline with low out-of-sample error under rolling validation
State,Uttarakhand,Male,Rural,All,LFPR,2023,2024,78.2,75.91,80.49,Drift,1.66,1.8,0.14,1-Year,FORECAST_ELIGIBLE,Candidate model outperforms naive baseline with low out-of-sample error under rolling validation
State,Uttarakhand,Male,Urban,All,LFPR,2023,2024,75.62,73.6,77.63,Drift,1.87,1.9,0.03,1-Year,FORECAST_ELIGIBLE_WITH_LIMITATIONS,Acceptable out-of-sample error; model performs on par with naive baseline
State,Uttarakhand,Female,Rural + Urban,All,WPR,2023,2024,48.3,45.28,51.32,Drift,2.31,4.6,2.29,1-Year,FORECAST_ELIGIBLE,Candidate model outperforms naive baseline with low out-of-sample error under rolling validation
State,Uttarakhand,Female,Rural,All,WPR,2023,2024,56.6,52.8,60.4,Drift,2.87,5.3,2.43,1-Year,FORECAST_ELIGIBLE,Candidate model outperforms naive baseline with low out-of-sample error under rolling validation
State,Uttarakhand,Female,Urban,All,WPR,2023,2024,21.16,17.88,24.43,Holt,2.57,2.63,0.07,1-Year,FORECAST_ELIGIBLE_WITH_LIMITATIONS,Acceptable out-of-sample error; model performs on par with naive baseline
State,Uttarakhand,Male,Rural + Urban,All,WPR,2023,2024,73.14,68.89,77.39,Holt,2.71,3.23,0.53,1-Year,FORECAST_ELIGIBLE,Candidate model outperforms naive baseline with low out-of-sample error under rolling validation
State,Uttarakhand,Male,Rural,All,WPR,2023,2024,75.16,70.84,79.47,Holt,3.31,3.43,0.12,1-Year,FORECAST_ELIGIBLE,Candidate model outperforms naive baseline with low out-of-sample error under rolling validation
State,Uttarakhand,Male,Urban,All,WPR,2023,2024,72.4,69.53,75.27,Naive,3.0,3.0,0.0,1-Year,FORECAST_ELIGIBLE_WITH_LIMITATIONS,Acceptable out-of-sample error; model performs on par with naive baseline
State,Uttarakhand,Female,Rural + Urban,All,Unemployment_Rate,2023,2024,4.1,3.1,5.1,Naive,0.3,0.3,0.0,1-Year,FORECAST_ELIGIBLE_WITH_LIMITATIONS,Unemployment rate is volatile/non-monotonic; forecast eligible with caution under 1-year horizon only
State,Uttarakhand,Female,Rural,All,Unemployment_Rate,2023,2024,2.7,1.7,3.7,Naive,0.67,0.67,0.0,1-Year,FORECAST_ELIGIBLE_WITH_LIMITATIONS,Unemployment rate is volatile/non-monotonic; forecast eligible with caution under 1-year horizon only
State,Uttarakhand,Female,Urban,All,Unemployment_Rate,2023,2024,,,,Naive,4.3,4.3,0.0,1-Year,FORECAST_NOT_SUPPORTED,High cyclical volatility in unemployment rate; error exceeds threshold or fails to beat naive baseline
State,Uttarakhand,Male,Rural + Urban,All,Unemployment_Rate,2023,2024,4.5,1.19,7.81,Naive,2.07,2.07,0.0,1-Year,FORECAST_ELIGIBLE_WITH_LIMITATIONS,Unemployment rate is volatile/non-monotonic; forecast eligible with caution under 1-year horizon only
State,Uttarakhand,Male,Rural,All,Unemployment_Rate,2023,2024,3.86,0.35,7.36,Holt,2.34,2.8,0.46,1-Year,FORECAST_ELIGIBLE_WITH_LIMITATIONS,Unemployment rate is volatile/non-monotonic; forecast eligible with caution under 1-year horizon only
State,Uttarakhand,Male,Urban,All,Unemployment_Rate,2023,2024,3.5,2.13,4.87,Naive,2.17,2.17,0.0,1-Year,FORECAST_ELIGIBLE_WITH_LIMITATIONS,Unemployment rate is volatile/non-monotonic; forecast eligible with caution under 1-year horizon only
State,West Bengal,Female,Rural + Urban,All,LFPR,2023,2024,38.76,34.87,42.66,Holt,3.79,4.43,0.64,1-Year,FORECAST_ELIGIBLE,Candidate model outperforms naive baseline with low out-of-sample error under rolling validation
State,West Bengal,Female,Rural,All,LFPR,2023,2024,,,,Drift,4.6,5.33,0.74,1-Year,FORECAST_NOT_SUPPORTED,High out-of-sample forecast error (MAE=4.60 pp > 3.5 pp threshold) or unstable trend
State,West Bengal,Female,Urban,All,LFPR,2023,2024,33.97,31.27,36.66,Drift,2.23,2.43,0.21,1-Year,FORECAST_ELIGIBLE,Candidate model outperforms naive baseline with low out-of-sample error under rolling validation
State,West Bengal,Male,Rural + Urban,All,LFPR,2023,2024,81.14,80.14,82.14,SES,0.79,0.9,0.11,1-Year,FORECAST_ELIGIBLE,Candidate model outperforms naive baseline with low out-of-sample error under rolling validation
State,West Bengal,Male,Rural,All,LFPR,2023,2024,82.78,81.61,83.95,SES,0.79,1.3,0.51,1-Year,FORECAST_ELIGIBLE,Candidate model outperforms naive baseline with low out-of-sample error under rolling validation
State,West Bengal,Male,Urban,All,LFPR,2023,2024,79.65,78.16,81.14,Drift,0.98,1.1,0.12,1-Year,FORECAST_ELIGIBLE,Candidate model outperforms naive baseline with low out-of-sample error under rolling validation
State,West Bengal,Female,Rural + Urban,All,WPR,2023,2024,38.09,34.54,41.64,Holt,3.42,4.17,0.74,1-Year,FORECAST_ELIGIBLE,Candidate model outperforms naive baseline with low out-of-sample error under rolling validation
State,West Bengal,Female,Rural,All,WPR,2023,2024,,,,Drift,4.35,5.1,0.75,1-Year,FORECAST_NOT_SUPPORTED,High out-of-sample forecast error (MAE=4.35 pp > 3.5 pp threshold) or unstable trend
State,West Bengal,Female,Urban,All,WPR,2023,2024,32.33,29.71,34.96,Drift,2.0,2.2,0.2,1-Year,FORECAST_ELIGIBLE,Candidate model outperforms naive baseline with low out-of-sample error under rolling validation
State,West Bengal,Male,Rural + Urban,All,WPR,2023,2024,81.37,79.68,83.05,Drift,1.21,1.3,0.09,1-Year,FORECAST_ELIGIBLE_WITH_LIMITATIONS,Acceptable out-of-sample error; model performs on par with naive baseline
State,West Bengal,Male,Rural,All,WPR,2023,2024,80.3,78.87,81.73,SES,1.56,1.63,0.07,1-Year,FORECAST_ELIGIBLE_WITH_LIMITATIONS,Acceptable out-of-sample error; model performs on par with naive baseline
State,West Bengal,Male,Urban,All,WPR,2023,2024,78.02,76.65,79.38,Drift,0.91,1.2,0.29,1-Year,FORECAST_ELIGIBLE,Candidate model outperforms naive baseline with low out-of-sample error under rolling validation
State,West Bengal,Female,Rural + Urban,All,Unemployment_Rate,2023,2024,3.0,2.0,4.0,Naive,0.53,0.53,0.0,1-Year,FORECAST_ELIGIBLE_WITH_LIMITATIONS,Unemployment rate is volatile/non-monotonic; forecast eligible with caution under 1-year horizon only
State,West Bengal,Female,Rural,All,Unemployment_Rate,2023,2024,1.44,0.44,2.44,Holt,0.54,0.6,0.06,1-Year,FORECAST_ELIGIBLE_WITH_LIMITATIONS,Unemployment rate is volatile/non-monotonic; forecast eligible with caution under 1-year horizon only
State,West Bengal,Female,Urban,All,Unemployment_Rate,2023,2024,5.0,4.0,6.0,Naive,0.5,0.5,0.0,1-Year,FORECAST_ELIGIBLE_WITH_LIMITATIONS,Unemployment rate is volatile/non-monotonic; forecast eligible with caution under 1-year horizon only
State,West Bengal,Male,Rural + Urban,All,Unemployment_Rate,2023,2024,2.3,1.18,3.42,Naive,0.63,0.63,0.0,1-Year,FORECAST_ELIGIBLE_WITH_LIMITATIONS,Unemployment rate is volatile/non-monotonic; forecast eligible with caution under 1-year horizon only
State,West Bengal,Male,Rural,All,Unemployment_Rate,2023,2024,1.46,0.43,2.5,Holt,0.76,0.83,0.07,1-Year,FORECAST_ELIGIBLE_WITH_LIMITATIONS,Unemployment rate is volatile/non-monotonic; forecast eligible with caution under 1-year horizon only
State,West Bengal,Male,Urban,All,Unemployment_Rate,2023,2024,1.93,0.93,2.93,Drift,0.59,0.73,0.14,1-Year,FORECAST_ELIGIBLE_WITH_LIMITATIONS,Unemployment rate is volatile/non-monotonic; forecast eligible with caution under 1-year horizon only
Education_Detailed,Andaman and Nicobar Islands,Female,Rural + Urban,Not Literate,LFPR,2023,2024,,,,Naive,2.83,2.83,0.0,1-Year,FORECAST_NOT_SUPPORTED,Cell-level volatility and small sample sizes in detailed education categories preclude defensible forecasting
Education_Detailed,Andaman and Nicobar Islands,Female,Rural + Urban,Literate & Upto Primary,LFPR,2023,2024,,,,Naive,9.97,9.97,0.0,1-Year,FORECAST_NOT_SUPPORTED,Cell-level volatility and small sample sizes in detailed education categories preclude defensible forecasting
Education_Detailed,Andaman and Nicobar Islands,Female,Rural + Urban,Middle,LFPR,2023,2024,,,,Naive,7.97,7.97,0.0,1-Year,FORECAST_NOT_SUPPORTED,Cell-level volatility and small sample sizes in detailed education categories preclude defensible forecasting
Education_Detailed,Andaman and Nicobar Islands,Female,Rural + Urban,Secondary,LFPR,2023,2024,,,,SES,10.28,15.47,5.18,1-Year,FORECAST_NOT_SUPPORTED,Cell-level volatility and small sample sizes in detailed education categories preclude defensible forecasting
Education_Detailed,Andaman and Nicobar Islands,Female,Rural + Urban,Higher Secondary,LFPR,2023,2024,,,,Naive,5.63,5.63,0.0,1-Year,FORECAST_NOT_SUPPORTED,Cell-level volatility and small sample sizes in detailed education categories preclude defensible forecasting
Education_Detailed,Andaman and Nicobar Islands,Female,Rural + Urban,Diploma/ Certificate Course,LFPR,2023,2024,,,,SES,17.35,19.4,2.05,1-Year,FORECAST_NOT_SUPPORTED,Cell-level volatility and small sample sizes in detailed education categories preclude defensible forecasting
Education_Detailed,Andaman and Nicobar Islands,Female,Rural + Urban,Graduate,LFPR,2023,2024,,,,SES,9.0,11.83,2.83,1-Year,FORECAST_NOT_SUPPORTED,Cell-level volatility and small sample sizes in detailed education categories preclude defensible forecasting
Education_Detailed,Andaman and Nicobar Islands,Female,Rural + Urban,Post Graduate & Above,LFPR,2023,2024,,,,SES,7.57,15.37,7.8,1-Year,FORECAST_NOT_SUPPORTED,Cell-level volatility and small sample sizes in detailed education categories preclude defensible forecasting
Education_Detailed,Andhra Pradesh,Female,Rural + Urban,Not Literate,LFPR,2023,2024,,,,Naive,1.57,1.57,0.0,1-Year,FORECAST_NOT_SUPPORTED,Cell-level volatility and small sample sizes in detailed education categories preclude defensible forecasting
Education_Detailed,Andhra Pradesh,Female,Rural + Urban,Literate & Upto Primary,LFPR,2023,2024,,,,Holt,1.36,1.4,0.04,1-Year,FORECAST_NOT_SUPPORTED,Cell-level volatility and small sample sizes in detailed education categories preclude defensible forecasting
Education_Detailed,Andhra Pradesh,Female,Rural + Urban,Middle,LFPR,2023,2024,,,,Naive,0.93,0.93,0.0,1-Year,FORECAST_NOT_SUPPORTED,Cell-level volatility and small sample sizes in detailed education categories preclude defensible forecasting
Education_Detailed,Andhra Pradesh,Female,Rural + Urban,Secondary,LFPR,2023,2024,,,,SES,2.21,2.97,0.75,1-Year,FORECAST_NOT_SUPPORTED,Cell-level volatility and small sample sizes in detailed education categories preclude defensible forecasting
Education_Detailed,Andhra Pradesh,Female,Rural + Urban,Higher Secondary,LFPR,2023,2024,,,,SES,3.68,4.3,0.62,1-Year,FORECAST_NOT_SUPPORTED,Cell-level volatility and small sample sizes in detailed education categories preclude defensible forecasting
Education_Detailed,Andhra Pradesh,Female,Rural + Urban,Diploma/ Certificate Course,LFPR,2023,2024,,,,SES,5.19,7.5,2.31,1-Year,FORECAST_NOT_SUPPORTED,Cell-level volatility and small sample sizes in detailed education categories preclude defensible forecasting
Education_Detailed,Andhra Pradesh,Female,Rural + Urban,Graduate,LFPR,2023,2024,,,,SES,4.16,4.63,0.47,1-Year,FORECAST_NOT_SUPPORTED,Cell-level volatility and small sample sizes in detailed education categories preclude defensible forecasting
Education_Detailed,Andhra Pradesh,Female,Rural + Urban,Post Graduate & Above,LFPR,2023,2024,,,,Holt,2.8,6.83,4.04,1-Year,FORECAST_NOT_SUPPORTED,Cell-level volatility and small sample sizes in detailed education categories preclude defensible forecasting
Education_Detailed,Arunachal Pradesh,Female,Rural + Urban,Not Literate,LFPR,2023,2024,,,,Drift,9.57,14.33,4.76,1-Year,FORECAST_NOT_SUPPORTED,Cell-level volatility and small sample sizes in detailed education categories preclude defensible forecasting
Education_Detailed,Arunachal Pradesh,Female,Rural + Urban,Literate & Upto Primary,LFPR,2023,2024,,,,Drift,14.9,18.43,3.54,1-Year,FORECAST_NOT_SUPPORTED,Cell-level volatility and small sample sizes in detailed education categories preclude defensible forecasting
Education_Detailed,Arunachal Pradesh,Female,Rural + Urban,Middle,LFPR,2023,2024,,,,Drift,8.26,10.87,2.61,1-Year,FORECAST_NOT_SUPPORTED,Cell-level volatility and small sample sizes in detailed education categories preclude defensible forecasting
Education_Detailed,Arunachal Pradesh,Female,Rural + Urban,Secondary,LFPR,2023,2024,,,,Drift,7.44,9.5,2.06,1-Year,FORECAST_NOT_SUPPORTED,Cell-level volatility and small sample sizes in detailed education categories preclude defensible forecasting
Education_Detailed,Arunachal Pradesh,Female,Rural + Urban,Higher Secondary,LFPR,2023,2024,,,,Drift,8.74,10.0,1.26,1-Year,FORECAST_NOT_SUPPORTED,Cell-level volatility and small sample sizes in detailed education categories preclude defensible forecasting
Education_Detailed,Arunachal Pradesh,Female,Rural + Urban,Diploma/ Certificate Course,LFPR,2023,2024,,,,Naive,12.23,12.23,0.0,1-Year,FORECAST_NOT_SUPPORTED,Cell-level volatility and small sample sizes in detailed education categories preclude defensible forecasting
Education_Detailed,Arunachal Pradesh,Female,Rural + Urban,Graduate,LFPR,2023,2024,,,,Drift,8.78,9.6,0.82,1-Year,FORECAST_NOT_SUPPORTED,Cell-level volatility and small sample sizes in detailed education categories preclude defensible forecasting
Education_Detailed,Arunachal Pradesh,Female,Rural + Urban,Post Graduate & Above,LFPR,2023,2024,,,,SES,14.43,14.9,0.47,1-Year,FORECAST_NOT_SUPPORTED,Cell-level volatility and small sample sizes in detailed education categories preclude defensible forecasting
Education_Detailed,Assam,Female,Rural + Urban,Not Literate,LFPR,2023,2024,,,,SES,19.24,22.2,2.96,1-Year,FORECAST_NOT_SUPPORTED,Cell-level volatility and small sample sizes in detailed education categories preclude defensible forecasting
Education_Detailed,Assam,Female,Rural + Urban,Literate & Upto Primary,LFPR,2023,2024,,,,Holt,18.37,22.3,3.93,1-Year,FORECAST_NOT_SUPPORTED,Cell-level volatility and small sample sizes in detailed education categories preclude defensible forecasting
Education_Detailed,Assam,Female,Rural + Urban,Middle,LFPR,2023,2024,,,,Drift,6.71,8.43,1.73,1-Year,FORECAST_NOT_SUPPORTED,Cell-level volatility and small sample sizes in detailed education categories preclude defensible forecasting
Education_Detailed,Assam,Female,Rural + Urban,Secondary,LFPR,2023,2024,,,,Drift,3.65,5.27,1.62,1-Year,FORECAST_NOT_SUPPORTED,Cell-level volatility and small sample sizes in detailed education categories preclude defensible forecasting
Education_Detailed,Assam,Female,Rural + Urban,Higher Secondary,LFPR,2023,2024,,,,Drift,4.85,6.17,1.32,1-Year,FORECAST_NOT_SUPPORTED,Cell-level volatility and small sample sizes in detailed education categories preclude defensible forecasting
Education_Detailed,Assam,Female,Rural + Urban,Diploma/ Certificate Course,LFPR,2023,2024,,,,SES,27.09,40.2,13.11,1-Year,FORECAST_NOT_SUPPORTED,Cell-level volatility and small sample sizes in detailed education categories preclude defensible forecasting
Education_Detailed,Assam,Female,Rural + Urban,Graduate,LFPR,2023,2024,,,,Naive,3.07,3.07,0.0,1-Year,FORECAST_NOT_SUPPORTED,Cell-level volatility and small sample sizes in detailed education categories preclude defensible forecasting
Education_Detailed,Assam,Female,Rural + Urban,Post Graduate & Above,LFPR,2023,2024,,,,Naive,17.37,17.37,0.0,1-Year,FORECAST_NOT_SUPPORTED,Cell-level volatility and small sample sizes in detailed education categories preclude defensible forecasting
Education_Detailed,Bihar,Female,Rural + Urban,Not Literate,LFPR,2023,2024,,,,Drift,6.97,9.2,2.23,1-Year,FORECAST_NOT_SUPPORTED,Cell-level volatility and small sample sizes in detailed education categories preclude defensible forecasting
Education_Detailed,Bihar,Female,Rural + Urban,Literate & Upto Primary,LFPR,2023,2024,,,,Drift,8.17,8.9,0.73,1-Year,FORECAST_NOT_SUPPORTED,Cell-level volatility and small sample sizes in detailed education categories preclude defensible forecasting
Education_Detailed,Bihar,Female,Rural + Urban,Middle,LFPR,2023,2024,,,,Holt,7.29,7.53,0.24,1-Year,FORECAST_NOT_SUPPORTED,Cell-level volatility and small sample sizes in detailed education categories preclude defensible forecasting
Education_Detailed,Bihar,Female,Rural + Urban,Secondary,LFPR,2023,2024,,,,Drift,5.17,5.47,0.3,1-Year,FORECAST_NOT_SUPPORTED,Cell-level volatility and small sample sizes in detailed education categories preclude defensible forecasting
Education_Detailed,Bihar,Female,Rural + Urban,Higher Secondary,LFPR,2023,2024,,,,Naive,2.37,2.37,0.0,1-Year,FORECAST_NOT_SUPPORTED,Cell-level volatility and small sample sizes in detailed education categories preclude defensible forecasting
Education_Detailed,Bihar,Female,Rural + Urban,Diploma/ Certificate Course,LFPR,2023,2024,,,,Naive,19.5,19.5,0.0,1-Year,FORECAST_NOT_SUPPORTED,Cell-level volatility and small sample sizes in detailed education categories preclude defensible forecasting
Education_Detailed,Bihar,Female,Rural + Urban,Graduate,LFPR,2023,2024,,,,Naive,5.2,5.2,0.0,1-Year,FORECAST_NOT_SUPPORTED,Cell-level volatility and small sample sizes in detailed education categories preclude defensible forecasting
Education_Detailed,Bihar,Female,Rural + Urban,Post Graduate & Above,LFPR,2023,2024,,,,Naive,5.5,5.5,0.0,1-Year,FORECAST_NOT_SUPPORTED,Cell-level volatility and small sample sizes in detailed education categories preclude defensible forecasting
Education_Detailed,Chandigarh,Female,Rural + Urban,Not Literate,LFPR,2023,2024,,,,Naive,0.87,0.87,0.0,1-Year,FORECAST_NOT_SUPPORTED,Cell-level volatility and small sample sizes in detailed education categories preclude defensible forecasting
Education_Detailed,Chandigarh,Female,Rural + Urban,Literate & Upto Primary,LFPR,2023,2024,,,,SES,4.63,6.0,1.37,1-Year,FORECAST_NOT_SUPPORTED,Cell-level volatility and small sample sizes in detailed education categories preclude defensible forecasting
Education_Detailed,Chandigarh,Female,Rural + Urban,Middle,LFPR,2023,2024,,,,Naive,6.9,6.9,0.0,1-Year,FORECAST_NOT_SUPPORTED,Cell-level volatility and small sample sizes in detailed education categories preclude defensible forecasting
Education_Detailed,Chandigarh,Female,Rural + Urban,Secondary,LFPR,2023,2024,,,,Naive,4.2,4.2,0.0,1-Year,FORECAST_NOT_SUPPORTED,Cell-level volatility and small sample sizes in detailed education categories preclude defensible forecasting
Education_Detailed,Chandigarh,Female,Rural + Urban,Higher Secondary,LFPR,2023,2024,,,,Naive,7.0,7.0,0.0,1-Year,FORECAST_NOT_SUPPORTED,Cell-level volatility and small sample sizes in detailed education categories preclude defensible forecasting
Education_Detailed,Chandigarh,Female,Rural + Urban,Diploma/ Certificate Course,LFPR,2023,2024,,,,SES,33.11,51.27,18.16,1-Year,FORECAST_NOT_SUPPORTED,Cell-level volatility and small sample sizes in detailed education categories preclude defensible forecasting
Education_Detailed,Chandigarh,Female,Rural + Urban,Graduate,LFPR,2023,2024,,,,SES,8.23,8.73,0.5,1-Year,FORECAST_NOT_SUPPORTED,Cell-level volatility and small sample sizes in detailed education categories preclude defensible forecasting
Education_Detailed,Chandigarh,Female,Rural + Urban,Post Graduate & Above,LFPR,2023,2024,,,,SES,9.87,15.47,5.59,1-Year,FORECAST_NOT_SUPPORTED,Cell-level volatility and small sample sizes in detailed education categories preclude defensible forecasting
Education_Detailed,Chhattisgarh,Female,Rural + Urban,Not Literate,LFPR,2023,2024,,,,Holt,2.29,2.9,0.61,1-Year,FORECAST_NOT_SUPPORTED,Cell-level volatility and small sample sizes in detailed education categories preclude defensible forecasting
Education_Detailed,Chhattisgarh,Female,Rural + Urban,Literate & Upto Primary,LFPR,2023,2024,,,,Holt,5.7,6.73,1.03,1-Year,FORECAST_NOT_SUPPORTED,Cell-level volatility and small sample sizes in detailed education categories preclude defensible forecasting
Education_Detailed,Chhattisgarh,Female,Rural + Urban,Middle,LFPR,2023,2024,,,,Holt,3.19,3.8,0.61,1-Year,FORECAST_NOT_SUPPORTED,Cell-level volatility and small sample sizes in detailed education categories preclude defensible forecasting
Education_Detailed,Chhattisgarh,Female,Rural + Urban,Secondary,LFPR,2023,2024,,,,Naive,2.97,2.97,0.0,1-Year,FORECAST_NOT_SUPPORTED,Cell-level volatility and small sample sizes in detailed education categories preclude defensible forecasting
Education_Detailed,Chhattisgarh,Female,Rural + Urban,Higher Secondary,LFPR,2023,2024,,,,Drift,4.61,4.77,0.16,1-Year,FORECAST_NOT_SUPPORTED,Cell-level volatility and small sample sizes in detailed education categories preclude defensible forecasting
Education_Detailed,Chhattisgarh,Female,Rural + Urban,Diploma/ Certificate Course,LFPR,2023,2024,,,,Naive,16.57,16.57,0.0,1-Year,FORECAST_NOT_SUPPORTED,Cell-level volatility and small sample sizes in detailed education categories preclude defensible forecasting
Education_Detailed,Chhattisgarh,Female,Rural + Urban,Graduate,LFPR,2023,2024,,,,SES,5.88,8.73,2.86,1-Year,FORECAST_NOT_SUPPORTED,Cell-level volatility and small sample sizes in detailed education categories preclude defensible forecasting
Education_Detailed,Chhattisgarh,Female,Rural + Urban,Post Graduate & Above,LFPR,2023,2024,,,,SES,12.26,12.47,0.2,1-Year,FORECAST_NOT_SUPPORTED,Cell-level volatility and small sample sizes in detailed education categories preclude defensible forecasting
Education_Detailed,Delhi,Female,Rural + Urban,Not Literate,LFPR,2023,2024,,,,SES,9.45,10.83,1.38,1-Year,FORECAST_NOT_SUPPORTED,Cell-level volatility and small sample sizes in detailed education categories preclude defensible forecasting
Education_Detailed,Delhi,Female,Rural + Urban,Literate & Upto Primary,LFPR,2023,2024,,,,SES,5.52,7.9,2.38,1-Year,FORECAST_NOT_SUPPORTED,Cell-level volatility and small sample sizes in detailed education categories preclude defensible forecasting
Education_Detailed,Delhi,Female,Rural + Urban,Middle,LFPR,2023,2024,,,,Drift,1.01,1.9,0.89,1-Year,FORECAST_NOT_SUPPORTED,Cell-level volatility and small sample sizes in detailed education categories preclude defensible forecasting
Education_Detailed,Delhi,Female,Rural + Urban,Secondary,LFPR,2023,2024,,,,Naive,1.7,1.7,0.0,1-Year,FORECAST_NOT_SUPPORTED,Cell-level volatility and small sample sizes in detailed education categories preclude defensible forecasting
Education_Detailed,Delhi,Female,Rural + Urban,Higher Secondary,LFPR,2023,2024,,,,SES,1.59,2.2,0.61,1-Year,FORECAST_NOT_SUPPORTED,Cell-level volatility and small sample sizes in detailed education categories preclude defensible forecasting
Education_Detailed,Delhi,Female,Rural + Urban,Diploma/ Certificate Course,LFPR,2023,2024,,,,SES,45.75,74.8,29.05,1-Year,FORECAST_NOT_SUPPORTED,Cell-level volatility and small sample sizes in detailed education categories preclude defensible forecasting
Education_Detailed,Delhi,Female,Rural + Urban,Graduate,LFPR,2023,2024,,,,Naive,1.67,1.67,0.0,1-Year,FORECAST_NOT_SUPPORTED,Cell-level volatility and small sample sizes in detailed education categories preclude defensible forecasting
Education_Detailed,Delhi,Female,Rural + Urban,Post Graduate & Above,LFPR,2023,2024,,,,SES,4.7,6.2,1.5,1-Year,FORECAST_NOT_SUPPORTED,Cell-level volatility and small sample sizes in detailed education categories preclude defensible forecasting
Education_Detailed,Goa,Female,Rural + Urban,Not Literate,LFPR,2023,2024,,,,SES,6.89,8.97,2.07,1-Year,FORECAST_NOT_SUPPORTED,Cell-level volatility and small sample sizes in detailed education categories preclude defensible forecasting
Education_Detailed,Goa,Female,Rural + Urban,Literate & Upto Primary,LFPR,2023,2024,,,,SES,5.88,11.2,5.32,1-Year,FORECAST_NOT_SUPPORTED,Cell-level volatility and small sample sizes in detailed education categories preclude defensible forecasting
Education_Detailed,Goa,Female,Rural + Urban,Middle,LFPR,2023,2024,,,,SES,3.75,4.47,0.72,1-Year,FORECAST_NOT_SUPPORTED,Cell-level volatility and small sample sizes in detailed education categories preclude defensible forecasting
Education_Detailed,Goa,Female,Rural + Urban,Secondary,LFPR,2023,2024,,,,SES,4.25,4.27,0.01,1-Year,FORECAST_NOT_SUPPORTED,Cell-level volatility and small sample sizes in detailed education categories preclude defensible forecasting
Education_Detailed,Goa,Female,Rural + Urban,Higher Secondary,LFPR,2023,2024,,,,Naive,4.6,4.6,0.0,1-Year,FORECAST_NOT_SUPPORTED,Cell-level volatility and small sample sizes in detailed education categories preclude defensible forecasting
Education_Detailed,Goa,Female,Rural + Urban,Diploma/ Certificate Course,LFPR,2023,2024,,,,Naive,13.27,13.27,0.0,1-Year,FORECAST_NOT_SUPPORTED,Cell-level volatility and small sample sizes in detailed education categories preclude defensible forecasting
Education_Detailed,Goa,Female,Rural + Urban,Graduate,LFPR,2023,2024,,,,SES,6.36,9.5,3.14,1-Year,FORECAST_NOT_SUPPORTED,Cell-level volatility and small sample sizes in detailed education categories preclude defensible forecasting
Education_Detailed,Goa,Female,Rural + Urban,Post Graduate & Above,LFPR,2023,2024,,,,Naive,18.3,18.3,0.0,1-Year,FORECAST_NOT_SUPPORTED,Cell-level volatility and small sample sizes in detailed education categories preclude defensible forecasting
Education_Detailed,Gujarat,Female,Rural + Urban,Not Literate,LFPR,2023,2024,,,,Holt,2.15,4.33,2.18,1-Year,FORECAST_NOT_SUPPORTED,Cell-level volatility and small sample sizes in detailed education categories preclude defensible forecasting
Education_Detailed,Gujarat,Female,Rural + Urban,Literate & Upto Primary,LFPR,2023,2024,,,,Naive,5.27,5.27,0.0,1-Year,FORECAST_NOT_SUPPORTED,Cell-level volatility and small sample sizes in detailed education categories preclude defensible forecasting
Education_Detailed,Gujarat,Female,Rural + Urban,Middle,LFPR,2023,2024,,,,Drift,3.39,5.93,2.55,1-Year,FORECAST_NOT_SUPPORTED,Cell-level volatility and small sample sizes in detailed education categories preclude defensible forecasting
Education_Detailed,Gujarat,Female,Rural + Urban,Secondary,LFPR,2023,2024,,,,Drift,2.71,3.93,1.22,1-Year,FORECAST_NOT_SUPPORTED,Cell-level volatility and small sample sizes in detailed education categories preclude defensible forecasting
Education_Detailed,Gujarat,Female,Rural + Urban,Higher Secondary,LFPR,2023,2024,,,,Drift,1.19,4.23,3.04,1-Year,FORECAST_NOT_SUPPORTED,Cell-level volatility and small sample sizes in detailed education categories preclude defensible forecasting
Education_Detailed,Gujarat,Female,Rural + Urban,Diploma/ Certificate Course,LFPR,2023,2024,,,,Naive,7.4,7.4,0.0,1-Year,FORECAST_NOT_SUPPORTED,Cell-level volatility and small sample sizes in detailed education categories preclude defensible forecasting
Education_Detailed,Gujarat,Female,Rural + Urban,Graduate,LFPR,2023,2024,,,,Holt,4.16,4.5,0.34,1-Year,FORECAST_NOT_SUPPORTED,Cell-level volatility and small sample sizes in detailed education categories preclude defensible forecasting
Education_Detailed,Gujarat,Female,Rural + Urban,Post Graduate & Above,LFPR,2023,2024,,,,SES,6.91,9.07,2.15,1-Year,FORECAST_NOT_SUPPORTED,Cell-level volatility and small sample sizes in detailed education categories preclude defensible forecasting
Education_Detailed,Haryana,Female,Rural + Urban,Not Literate,LFPR,2023,2024,,,,Holt,1.09,1.23,0.14,1-Year,FORECAST_NOT_SUPPORTED,Cell-level volatility and small sample sizes in detailed education categories preclude defensible forecasting
Education_Detailed,Haryana,Female,Rural + Urban,Literate & Upto Primary,LFPR,2023,2024,,,,Holt,2.39,3.4,1.01,1-Year,FORECAST_NOT_SUPPORTED,Cell-level volatility and small sample sizes in detailed education categories preclude defensible forecasting
Education_Detailed,Haryana,Female,Rural + Urban,Middle,LFPR,2023,2024,,,,Drift,2.62,2.73,0.11,1-Year,FORECAST_NOT_SUPPORTED,Cell-level volatility and small sample sizes in detailed education categories preclude defensible forecasting
Education_Detailed,Haryana,Female,Rural + Urban,Secondary,LFPR,2023,2024,,,,SES,3.64,3.87,0.23,1-Year,FORECAST_NOT_SUPPORTED,Cell-level volatility and small sample sizes in detailed education categories preclude defensible forecasting
Education_Detailed,Haryana,Female,Rural + Urban,Higher Secondary,LFPR,2023,2024,,,,Drift,1.98,2.3,0.32,1-Year,FORECAST_NOT_SUPPORTED,Cell-level volatility and small sample sizes in detailed education categories preclude defensible forecasting
Education_Detailed,Haryana,Female,Rural + Urban,Diploma/ Certificate Course,LFPR,2023,2024,,,,SES,9.98,12.93,2.96,1-Year,FORECAST_NOT_SUPPORTED,Cell-level volatility and small sample sizes in detailed education categories preclude defensible forecasting
Education_Detailed,Haryana,Female,Rural + Urban,Graduate,LFPR,2023,2024,,,,Drift,0.7,0.87,0.17,1-Year,FORECAST_NOT_SUPPORTED,Cell-level volatility and small sample sizes in detailed education categories preclude defensible forecasting
Education_Detailed,Haryana,Female,Rural + Urban,Post Graduate & Above,LFPR,2023,2024,,,,Naive,3.8,3.8,0.0,1-Year,FORECAST_NOT_SUPPORTED,Cell-level volatility and small sample sizes in detailed education categories preclude defensible forecasting
Education_Detailed,Himachal Pradesh,Female,Rural + Urban,Not Literate,LFPR,2023,2024,,,,Naive,4.0,4.0,0.0,1-Year,FORECAST_NOT_SUPPORTED,Cell-level volatility and small sample sizes in detailed education categories preclude defensible forecasting
Education_Detailed,Himachal Pradesh,Female,Rural + Urban,Literate & Upto Primary,LFPR,2023,2024,,,,Drift,5.22,5.33,0.12,1-Year,FORECAST_NOT_SUPPORTED,Cell-level volatility and small sample sizes in detailed education categories preclude defensible forecasting
Education_Detailed,Himachal Pradesh,Female,Rural + Urban,Middle,LFPR,2023,2024,,,,Naive,7.8,7.8,0.0,1-Year,FORECAST_NOT_SUPPORTED,Cell-level volatility and small sample sizes in detailed education categories preclude defensible forecasting
Education_Detailed,Himachal Pradesh,Female,Rural + Urban,Secondary,LFPR,2023,2024,,,,Naive,6.43,6.43,0.0,1-Year,FORECAST_NOT_SUPPORTED,Cell-level volatility and small sample sizes in detailed education categories preclude defensible forecasting
Education_Detailed,Himachal Pradesh,Female,Rural + Urban,Higher Secondary,LFPR,2023,2024,,,,Holt,2.13,3.47,1.34,1-Year,FORECAST_NOT_SUPPORTED,Cell-level volatility and small sample sizes in detailed education categories preclude defensible forecasting
Education_Detailed,Himachal Pradesh,Female,Rural + Urban,Diploma/ Certificate Course,LFPR,2023,2024,,,,Naive,4.63,4.63,0.0,1-Year,FORECAST_NOT_SUPPORTED,Cell-level volatility and small sample sizes in detailed education categories preclude defensible forecasting
Education_Detailed,Himachal Pradesh,Female,Rural + Urban,Graduate,LFPR,2023,2024,,,,Drift,2.64,3.3,0.66,1-Year,FORECAST_NOT_SUPPORTED,Cell-level volatility and small sample sizes in detailed education categories preclude defensible forecasting
Education_Detailed,Himachal Pradesh,Female,Rural + Urban,Post Graduate & Above,LFPR,2023,2024,,,,Drift,4.53,4.77,0.24,1-Year,FORECAST_NOT_SUPPORTED,Cell-level volatility and small sample sizes in detailed education categories preclude defensible forecasting
Education_Detailed,Jammu and Kashmir,Female,Rural + Urban,Not Literate,LFPR,2023,2024,,,,Naive,2.2,2.2,0.0,1-Year,FORECAST_NOT_SUPPORTED,Cell-level volatility and small sample sizes in detailed education categories preclude defensible forecasting
Education_Detailed,Jammu and Kashmir,Female,Rural + Urban,Literate & Upto Primary,LFPR,2023,2024,,,,Holt,8.89,10.53,1.64,1-Year,FORECAST_NOT_SUPPORTED,Cell-level volatility and small sample sizes in detailed education categories preclude defensible forecasting
Education_Detailed,Jammu and Kashmir,Female,Rural + Urban,Middle,LFPR,2023,2024,,,,Naive,2.63,2.63,0.0,1-Year,FORECAST_NOT_SUPPORTED,Cell-level volatility and small sample sizes in detailed education categories preclude defensible forecasting
Education_Detailed,Jammu and Kashmir,Female,Rural + Urban,Secondary,LFPR,2023,2024,,,,Holt,3.88,6.0,2.12,1-Year,FORECAST_NOT_SUPPORTED,Cell-level volatility and small sample sizes in detailed education categories preclude defensible forecasting
Education_Detailed,Jammu and Kashmir,Female,Rural + Urban,Higher Secondary,LFPR,2023,2024,,,,Drift,5.53,5.77,0.24,1-Year,FORECAST_NOT_SUPPORTED,Cell-level volatility and small sample sizes in detailed education categories preclude defensible forecasting
Education_Detailed,Jammu and Kashmir,Female,Rural + Urban,Diploma/ Certificate Course,LFPR,2023,2024,,,,SES,41.81,63.53,21.72,1-Year,FORECAST_NOT_SUPPORTED,Cell-level volatility and small sample sizes in detailed education categories preclude defensible forecasting
Education_Detailed,Jammu and Kashmir,Female,Rural + Urban,Graduate,LFPR,2023,2024,,,,Drift,3.1,4.7,1.6,1-Year,FORECAST_NOT_SUPPORTED,Cell-level volatility and small sample sizes in detailed education categories preclude defensible forecasting
Education_Detailed,Jammu and Kashmir,Female,Rural + Urban,Post Graduate & Above,LFPR,2023,2024,,,,SES,5.14,6.7,1.56,1-Year,FORECAST_NOT_SUPPORTED,Cell-level volatility and small sample sizes in detailed education categories preclude defensible forecasting
Education_Detailed,Jharkhand,Female,Rural + Urban,Not Literate,LFPR,2023,2024,,,,Naive,2.0,2.0,0.0,1-Year,FORECAST_NOT_SUPPORTED,Cell-level volatility and small sample sizes in detailed education categories preclude defensible forecasting
Education_Detailed,Jharkhand,Female,Rural + Urban,Literate & Upto Primary,LFPR,2023,2024,,,,Drift,2.51,7.87,5.36,1-Year,FORECAST_NOT_SUPPORTED,Cell-level volatility and small sample sizes in detailed education categories preclude defensible forecasting
Education_Detailed,Jharkhand,Female,Rural + Urban,Middle,LFPR,2023,2024,,,,Holt,2.96,3.87,0.9,1-Year,FORECAST_NOT_SUPPORTED,Cell-level volatility and small sample sizes in detailed education categories preclude defensible forecasting
Education_Detailed,Jharkhand,Female,Rural + Urban,Secondary,LFPR,2023,2024,,,,Naive,2.0,2.0,0.0,1-Year,FORECAST_NOT_SUPPORTED,Cell-level volatility and small sample sizes in detailed education categories preclude defensible forecasting
Education_Detailed,Jharkhand,Female,Rural + Urban,Higher Secondary,LFPR,2023,2024,,,,Holt,1.09,2.9,1.81,1-Year,FORECAST_NOT_SUPPORTED,Cell-level volatility and small sample sizes in detailed education categories preclude defensible forecasting
Education_Detailed,Jharkhand,Female,Rural + Urban,Diploma/ Certificate Course,LFPR,2023,2024,,,,SES,36.79,41.47,4.68,1-Year,FORECAST_NOT_SUPPORTED,Cell-level volatility and small sample sizes in detailed education categories preclude defensible forecasting
Education_Detailed,Jharkhand,Female,Rural + Urban,Graduate,LFPR,2023,2024,,,,SES,5.99,7.8,1.81,1-Year,FORECAST_NOT_SUPPORTED,Cell-level volatility and small sample sizes in detailed education categories preclude defensible forecasting
Education_Detailed,Jharkhand,Female,Rural + Urban,Post Graduate & Above,LFPR,2023,2024,,,,SES,4.67,10.63,5.97,1-Year,FORECAST_NOT_SUPPORTED,Cell-level volatility and small sample sizes in detailed education categories preclude defensible forecasting
Education_Detailed,Karnataka,Female,Rural + Urban,Not Literate,LFPR,2023,2024,,,,Naive,3.77,3.77,0.0,1-Year,FORECAST_NOT_SUPPORTED,Cell-level volatility and small sample sizes in detailed education categories preclude defensible forecasting
Education_Detailed,Karnataka,Female,Rural + Urban,Literate & Upto Primary,LFPR,2023,2024,,,,Holt,2.26,4.2,1.94,1-Year,FORECAST_NOT_SUPPORTED,Cell-level volatility and small sample sizes in detailed education categories preclude defensible forecasting
Education_Detailed,Karnataka,Female,Rural + Urban,Middle,LFPR,2023,2024,,,,Holt,4.41,4.8,0.39,1-Year,FORECAST_NOT_SUPPORTED,Cell-level volatility and small sample sizes in detailed education categories preclude defensible forecasting
Education_Detailed,Karnataka,Female,Rural + Urban,Secondary,LFPR,2023,2024,,,,Holt,3.96,4.87,0.9,1-Year,FORECAST_NOT_SUPPORTED,Cell-level volatility and small sample sizes in detailed education categories preclude defensible forecasting
Education_Detailed,Karnataka,Female,Rural + Urban,Higher Secondary,LFPR,2023,2024,,,,Naive,2.9,2.9,0.0,1-Year,FORECAST_NOT_SUPPORTED,Cell-level volatility and small sample sizes in detailed education categories preclude defensible forecasting
Education_Detailed,Karnataka,Female,Rural + Urban,Diploma/ Certificate Course,LFPR,2023,2024,,,,SES,7.84,11.7,3.86,1-Year,FORECAST_NOT_SUPPORTED,Cell-level volatility and small sample sizes in detailed education categories preclude defensible forecasting
Education_Detailed,Karnataka,Female,Rural + Urban,Graduate,LFPR,2023,2024,,,,SES,5.37,5.43,0.06,1-Year,FORECAST_NOT_SUPPORTED,Cell-level volatility and small sample sizes in detailed education categories preclude defensible forecasting
Education_Detailed,Karnataka,Female,Rural + Urban,Post Graduate & Above,LFPR,2023,2024,,,,SES,7.25,8.83,1.58,1-Year,FORECAST_NOT_SUPPORTED,Cell-level volatility and small sample sizes in detailed education categories preclude defensible forecasting
Education_Detailed,Kerala,Female,Rural + Urban,Not Literate,LFPR,2023,2024,,,,Drift,2.42,3.73,1.32,1-Year,FORECAST_NOT_SUPPORTED,Cell-level volatility and small sample sizes in detailed education categories preclude defensible forecasting
Education_Detailed,Kerala,Female,Rural + Urban,Literate & Upto Primary,LFPR,2023,2024,,,,Drift,4.51,5.0,0.49,1-Year,FORECAST_NOT_SUPPORTED,Cell-level volatility and small sample sizes in detailed education categories preclude defensible forecasting
Education_Detailed,Kerala,Female,Rural + Urban,Middle,LFPR,2023,2024,,,,Drift,1.34,3.0,1.65,1-Year,FORECAST_NOT_SUPPORTED,Cell-level volatility and small sample sizes in detailed education categories preclude defensible forecasting
Education_Detailed,Kerala,Female,Rural + Urban,Secondary,LFPR,2023,2024,,,,Naive,2.33,2.33,0.0,1-Year,FORECAST_NOT_SUPPORTED,Cell-level volatility and small sample sizes in detailed education categories preclude defensible forecasting
Education_Detailed,Kerala,Female,Rural + Urban,Higher Secondary,LFPR,2023,2024,,,,SES,2.84,4.33,1.49,1-Year,FORECAST_NOT_SUPPORTED,Cell-level volatility and small sample sizes in detailed education categories preclude defensible forecasting
Education_Detailed,Kerala,Female,Rural + Urban,Diploma/ Certificate Course,LFPR,2023,2024,,,,SES,2.54,3.03,0.49,1-Year,FORECAST_NOT_SUPPORTED,Cell-level volatility and small sample sizes in detailed education categories preclude defensible forecasting
Education_Detailed,Kerala,Female,Rural + Urban,Graduate,LFPR,2023,2024,,,,Naive,3.7,3.7,0.0,1-Year,FORECAST_NOT_SUPPORTED,Cell-level volatility and small sample sizes in detailed education categories preclude defensible forecasting
Education_Detailed,Kerala,Female,Rural + Urban,Post Graduate & Above,LFPR,2023,2024,,,,SES,1.84,5.2,3.36,1-Year,FORECAST_NOT_SUPPORTED,Cell-level volatility and small sample sizes in detailed education categories preclude defensible forecasting
Education_Detailed,Ladakh,Female,Rural + Urban,Not Literate,LFPR,2023,2024,,,,SES,7.04,8.4,1.36,1-Year,FORECAST_NOT_SUPPORTED,Cell-level volatility and small sample sizes in detailed education categories preclude defensible forecasting
Education_Detailed,Ladakh,Female,Rural + Urban,Literate & Upto Primary,LFPR,2023,2024,,,,SES,31.46,51.13,19.68,1-Year,FORECAST_NOT_SUPPORTED,Cell-level volatility and small sample sizes in detailed education categories preclude defensible forecasting
Education_Detailed,Ladakh,Female,Rural + Urban,Middle,LFPR,2023,2024,,,,SES,13.48,28.3,14.82,1-Year,FORECAST_NOT_SUPPORTED,Cell-level volatility and small sample sizes in detailed education categories preclude defensible forecasting
Education_Detailed,Ladakh,Female,Rural + Urban,Secondary,LFPR,2023,2024,,,,SES,9.78,9.8,0.02,1-Year,FORECAST_NOT_SUPPORTED,Cell-level volatility and small sample sizes in detailed education categories preclude defensible forecasting
Education_Detailed,Ladakh,Female,Rural + Urban,Higher Secondary,LFPR,2023,2024,,,,Holt,12.94,13.67,0.72,1-Year,FORECAST_NOT_SUPPORTED,Cell-level volatility and small sample sizes in detailed education categories preclude defensible forecasting
Education_Detailed,Ladakh,Female,Rural + Urban,Diploma/ Certificate Course,LFPR,2023,2024,,,,SES,51.47,66.67,15.19,1-Year,FORECAST_NOT_SUPPORTED,Cell-level volatility and small sample sizes in detailed education categories preclude defensible forecasting
Education_Detailed,Ladakh,Female,Rural + Urban,Graduate,LFPR,2023,2024,,,,Holt,15.3,28.3,13.0,1-Year,FORECAST_NOT_SUPPORTED,Cell-level volatility and small sample sizes in detailed education categories preclude defensible forecasting
Education_Detailed,Ladakh,Female,Rural + Urban,Post Graduate & Above,LFPR,2023,2024,,,,SES,35.02,48.67,13.64,1-Year,FORECAST_NOT_SUPPORTED,Cell-level volatility and small sample sizes in detailed education categories preclude defensible forecasting
Education_Detailed,Lakshadweep,Female,Rural + Urban,Not Literate,LFPR,2023,2024,,,,SES,2.61,3.97,1.36,1-Year,FORECAST_NOT_SUPPORTED,Cell-level volatility and small sample sizes in detailed education categories preclude defensible forecasting
Education_Detailed,Lakshadweep,Female,Rural + Urban,Literate & Upto Primary,LFPR,2023,2024,,,,SES,1.19,2.57,1.38,1-Year,FORECAST_NOT_SUPPORTED,Cell-level volatility and small sample sizes in detailed education categories preclude defensible forecasting
Education_Detailed,Lakshadweep,Female,Rural + Urban,Middle,LFPR,2023,2024,,,,SES,6.45,8.83,2.38,1-Year,FORECAST_NOT_SUPPORTED,Cell-level volatility and small sample sizes in detailed education categories preclude defensible forecasting
Education_Detailed,Lakshadweep,Female,Rural + Urban,Secondary,LFPR,2023,2024,,,,Naive,2.2,2.2,0.0,1-Year,FORECAST_NOT_SUPPORTED,Cell-level volatility and small sample sizes in detailed education categories preclude defensible forecasting
Education_Detailed,Lakshadweep,Female,Rural + Urban,Higher Secondary,LFPR,2023,2024,,,,SES,5.97,9.2,3.23,1-Year,FORECAST_NOT_SUPPORTED,Cell-level volatility and small sample sizes in detailed education categories preclude defensible forecasting
Education_Detailed,Lakshadweep,Female,Rural + Urban,Diploma/ Certificate Course,LFPR,2023,2024,,,,Holt,17.9,24.17,6.27,1-Year,FORECAST_NOT_SUPPORTED,Cell-level volatility and small sample sizes in detailed education categories preclude defensible forecasting
Education_Detailed,Lakshadweep,Female,Rural + Urban,Graduate,LFPR,2023,2024,,,,Holt,9.2,15.0,5.8,1-Year,FORECAST_NOT_SUPPORTED,Cell-level volatility and small sample sizes in detailed education categories preclude defensible forecasting
Education_Detailed,Lakshadweep,Female,Rural + Urban,Post Graduate & Above,LFPR,2023,2024,,,,SES,18.98,29.8,10.82,1-Year,FORECAST_NOT_SUPPORTED,Cell-level volatility and small sample sizes in detailed education categories preclude defensible forecasting
Education_Detailed,Madhya Pradesh,Female,Rural + Urban,Not Literate,LFPR,2023,2024,,,,Drift,2.18,4.17,1.99,1-Year,FORECAST_NOT_SUPPORTED,Cell-level volatility and small sample sizes in detailed education categories preclude defensible forecasting
Education_Detailed,Madhya Pradesh,Female,Rural + Urban,Literate & Upto Primary,LFPR,2023,2024,,,,Drift,4.93,6.53,1.6,1-Year,FORECAST_NOT_SUPPORTED,Cell-level volatility and small sample sizes in detailed education categories preclude defensible forecasting
Education_Detailed,Madhya Pradesh,Female,Rural + Urban,Middle,LFPR,2023,2024,,,,Drift,5.01,5.47,0.45,1-Year,FORECAST_NOT_SUPPORTED,Cell-level volatility and small sample sizes in detailed education categories preclude defensible forecasting
Education_Detailed,Madhya Pradesh,Female,Rural + Urban,Secondary,LFPR,2023,2024,,,,Drift,4.75,5.27,0.51,1-Year,FORECAST_NOT_SUPPORTED,Cell-level volatility and small sample sizes in detailed education categories preclude defensible forecasting
Education_Detailed,Madhya Pradesh,Female,Rural + Urban,Higher Secondary,LFPR,2023,2024,,,,Drift,2.33,2.97,0.64,1-Year,FORECAST_NOT_SUPPORTED,Cell-level volatility and small sample sizes in detailed education categories preclude defensible forecasting
Education_Detailed,Madhya Pradesh,Female,Rural + Urban,Diploma/ Certificate Course,LFPR,2023,2024,,,,SES,9.02,19.9,10.88,1-Year,FORECAST_NOT_SUPPORTED,Cell-level volatility and small sample sizes in detailed education categories preclude defensible forecasting
Education_Detailed,Madhya Pradesh,Female,Rural + Urban,Graduate,LFPR,2023,2024,,,,Drift,1.12,1.63,0.51,1-Year,FORECAST_NOT_SUPPORTED,Cell-level volatility and small sample sizes in detailed education categories preclude defensible forecasting
Education_Detailed,Madhya Pradesh,Female,Rural + Urban,Post Graduate & Above,LFPR,2023,2024,,,,SES,1.53,2.97,1.44,1-Year,FORECAST_NOT_SUPPORTED,Cell-level volatility and small sample sizes in detailed education categories preclude defensible forecasting
Education_Detailed,Maharashtra,Female,Rural + Urban,Not Literate,LFPR,2023,2024,,,,Drift,1.2,1.43,0.23,1-Year,FORECAST_NOT_SUPPORTED,Cell-level volatility and small sample sizes in detailed education categories preclude defensible forecasting
Education_Detailed,Maharashtra,Female,Rural + Urban,Literate & Upto Primary,LFPR,2023,2024,,,,Drift,3.28,3.53,0.26,1-Year,FORECAST_NOT_SUPPORTED,Cell-level volatility and small sample sizes in detailed education categories preclude defensible forecasting
Education_Detailed,Maharashtra,Female,Rural + Urban,Middle,LFPR,2023,2024,,,,Holt,1.48,1.77,0.29,1-Year,FORECAST_NOT_SUPPORTED,Cell-level volatility and small sample sizes in detailed education categories preclude defensible forecasting
Education_Detailed,Maharashtra,Female,Rural + Urban,Secondary,LFPR,2023,2024,,,,Naive,3.0,3.0,0.0,1-Year,FORECAST_NOT_SUPPORTED,Cell-level volatility and small sample sizes in detailed education categories preclude defensible forecasting
Education_Detailed,Maharashtra,Female,Rural + Urban,Higher Secondary,LFPR,2023,2024,,,,Drift,0.4,1.47,1.06,1-Year,FORECAST_NOT_SUPPORTED,Cell-level volatility and small sample sizes in detailed education categories preclude defensible forecasting
Education_Detailed,Maharashtra,Female,Rural + Urban,Diploma/ Certificate Course,LFPR,2023,2024,,,,Naive,5.6,5.6,0.0,1-Year,FORECAST_NOT_SUPPORTED,Cell-level volatility and small sample sizes in detailed education categories preclude defensible forecasting
Education_Detailed,Maharashtra,Female,Rural + Urban,Graduate,LFPR,2023,2024,,,,Holt,1.3,3.37,2.07,1-Year,FORECAST_NOT_SUPPORTED,Cell-level volatility and small sample sizes in detailed education categories preclude defensible forecasting
Education_Detailed,Maharashtra,Female,Rural + Urban,Post Graduate & Above,LFPR,2023,2024,,,,SES,3.64,6.97,3.32,1-Year,FORECAST_NOT_SUPPORTED,Cell-level volatility and small sample sizes in detailed education categories preclude defensible forecasting
Education_Detailed,Manipur,Female,Rural + Urban,Not Literate,LFPR,2023,2024,,,,Naive,9.53,9.53,0.0,1-Year,FORECAST_NOT_SUPPORTED,Cell-level volatility and small sample sizes in detailed education categories preclude defensible forecasting
Education_Detailed,Manipur,Female,Rural + Urban,Literate & Upto Primary,LFPR,2023,2024,,,,Holt,8.96,11.03,2.07,1-Year,FORECAST_NOT_SUPPORTED,Cell-level volatility and small sample sizes in detailed education categories preclude defensible forecasting
Education_Detailed,Manipur,Female,Rural + Urban,Middle,LFPR,2023,2024,,,,Drift,9.32,10.97,1.64,1-Year,FORECAST_NOT_SUPPORTED,Cell-level volatility and small sample sizes in detailed education categories preclude defensible forecasting
Education_Detailed,Manipur,Female,Rural + Urban,Secondary,LFPR,2023,2024,,,,Drift,6.49,6.87,0.37,1-Year,FORECAST_NOT_SUPPORTED,Cell-level volatility and small sample sizes in detailed education categories preclude defensible forecasting
Education_Detailed,Manipur,Female,Rural + Urban,Higher Secondary,LFPR,2023,2024,,,,SES,7.52,8.7,1.18,1-Year,FORECAST_NOT_SUPPORTED,Cell-level volatility and small sample sizes in detailed education categories preclude defensible forecasting
Education_Detailed,Manipur,Female,Rural + Urban,Diploma/ Certificate Course,LFPR,2023,2024,,,,SES,53.39,56.83,3.45,1-Year,FORECAST_NOT_SUPPORTED,Cell-level volatility and small sample sizes in detailed education categories preclude defensible forecasting
Education_Detailed,Manipur,Female,Rural + Urban,Graduate,LFPR,2023,2024,,,,Naive,7.0,7.0,0.0,1-Year,FORECAST_NOT_SUPPORTED,Cell-level volatility and small sample sizes in detailed education categories preclude defensible forecasting
Education_Detailed,Manipur,Female,Rural + Urban,Post Graduate & Above,LFPR,2023,2024,,,,Naive,7.9,7.9,0.0,1-Year,FORECAST_NOT_SUPPORTED,Cell-level volatility and small sample sizes in detailed education categories preclude defensible forecasting
Education_Detailed,Meghalaya,Female,Rural + Urban,Not Literate,LFPR,2023,2024,,,,Drift,5.16,5.53,0.37,1-Year,FORECAST_NOT_SUPPORTED,Cell-level volatility and small sample sizes in detailed education categories preclude defensible forecasting
Education_Detailed,Meghalaya,Female,Rural + Urban,Literate & Upto Primary,LFPR,2023,2024,,,,SES,8.61,9.07,0.46,1-Year,FORECAST_NOT_SUPPORTED,Cell-level volatility and small sample sizes in detailed education categories preclude defensible forecasting
Education_Detailed,Meghalaya,Female,Rural + Urban,Middle,LFPR,2023,2024,,,,Naive,10.13,10.13,0.0,1-Year,FORECAST_NOT_SUPPORTED,Cell-level volatility and small sample sizes in detailed education categories preclude defensible forecasting
Education_Detailed,Meghalaya,Female,Rural + Urban,Secondary,LFPR,2023,2024,,,,Drift,5.57,6.8,1.23,1-Year,FORECAST_NOT_SUPPORTED,Cell-level volatility and small sample sizes in detailed education categories preclude defensible forecasting
Education_Detailed,Meghalaya,Female,Rural + Urban,Higher Secondary,LFPR,2023,2024,,,,Holt,3.82,5.93,2.12,1-Year,FORECAST_NOT_SUPPORTED,Cell-level volatility and small sample sizes in detailed education categories preclude defensible forecasting
Education_Detailed,Meghalaya,Female,Rural + Urban,Diploma/ Certificate Course,LFPR,2023,2024,,,,SES,45.85,66.67,20.82,1-Year,FORECAST_NOT_SUPPORTED,Cell-level volatility and small sample sizes in detailed education categories preclude defensible forecasting
Education_Detailed,Meghalaya,Female,Rural + Urban,Graduate,LFPR,2023,2024,,,,SES,3.36,6.0,2.64,1-Year,FORECAST_NOT_SUPPORTED,Cell-level volatility and small sample sizes in detailed education categories preclude defensible forecasting
Education_Detailed,Meghalaya,Female,Rural + Urban,Post Graduate & Above,LFPR,2023,2024,,,,Holt,4.56,6.7,2.14,1-Year,FORECAST_NOT_SUPPORTED,Cell-level volatility and small sample sizes in detailed education categories preclude defensible forecasting
Education_Detailed,Mizoram,Female,Rural + Urban,Not Literate,LFPR,2023,2024,,,,Holt,13.85,28.97,15.12,1-Year,FORECAST_NOT_SUPPORTED,Cell-level volatility and small sample sizes in detailed education categories preclude defensible forecasting
Education_Detailed,Mizoram,Female,Rural + Urban,Literate & Upto Primary,LFPR,2023,2024,,,,SES,3.38,8.4,5.02,1-Year,FORECAST_NOT_SUPPORTED,Cell-level volatility and small sample sizes in detailed education categories preclude defensible forecasting
Education_Detailed,Mizoram,Female,Rural + Urban,Middle,LFPR,2023,2024,,,,Holt,6.54,7.9,1.36,1-Year,FORECAST_NOT_SUPPORTED,Cell-level volatility and small sample sizes in detailed education categories preclude defensible forecasting
Education_Detailed,Mizoram,Female,Rural + Urban,Secondary,LFPR,2023,2024,,,,Naive,3.5,3.5,0.0,1-Year,FORECAST_NOT_SUPPORTED,Cell-level volatility and small sample sizes in detailed education categories preclude defensible forecasting
Education_Detailed,Mizoram,Female,Rural + Urban,Higher Secondary,LFPR,2023,2024,,,,SES,4.02,5.53,1.52,1-Year,FORECAST_NOT_SUPPORTED,Cell-level volatility and small sample sizes in detailed education categories preclude defensible forecasting
Education_Detailed,Mizoram,Female,Rural + Urban,Diploma/ Certificate Course,LFPR,2023,2024,,,,Naive,54.63,54.63,0.0,1-Year,FORECAST_NOT_SUPPORTED,Cell-level volatility and small sample sizes in detailed education categories preclude defensible forecasting
Education_Detailed,Mizoram,Female,Rural + Urban,Graduate,LFPR,2023,2024,,,,SES,4.07,4.67,0.6,1-Year,FORECAST_NOT_SUPPORTED,Cell-level volatility and small sample sizes in detailed education categories preclude defensible forecasting
Education_Detailed,Mizoram,Female,Rural + Urban,Post Graduate & Above,LFPR,2023,2024,,,,Holt,10.55,18.33,7.78,1-Year,FORECAST_NOT_SUPPORTED,Cell-level volatility and small sample sizes in detailed education categories preclude defensible forecasting
Education_Detailed,Nagaland,Female,Rural + Urban,Not Literate,LFPR,2023,2024,,,,Naive,9.67,9.67,0.0,1-Year,FORECAST_NOT_SUPPORTED,Cell-level volatility and small sample sizes in detailed education categories preclude defensible forecasting
Education_Detailed,Nagaland,Female,Rural + Urban,Literate & Upto Primary,LFPR,2023,2024,,,,Naive,8.13,8.13,0.0,1-Year,FORECAST_NOT_SUPPORTED,Cell-level volatility and small sample sizes in detailed education categories preclude defensible forecasting
Education_Detailed,Nagaland,Female,Rural + Urban,Middle,LFPR,2023,2024,,,,Holt,8.35,10.5,2.15,1-Year,FORECAST_NOT_SUPPORTED,Cell-level volatility and small sample sizes in detailed education categories preclude defensible forecasting
Education_Detailed,Nagaland,Female,Rural + Urban,Secondary,LFPR,2023,2024,,,,Drift,1.62,6.77,5.14,1-Year,FORECAST_NOT_SUPPORTED,Cell-level volatility and small sample sizes in detailed education categories preclude defensible forecasting
Education_Detailed,Nagaland,Female,Rural + Urban,Higher Secondary,LFPR,2023,2024,,,,Drift,5.47,7.43,1.96,1-Year,FORECAST_NOT_SUPPORTED,Cell-level volatility and small sample sizes in detailed education categories preclude defensible forecasting
Education_Detailed,Nagaland,Female,Rural + Urban,Diploma/ Certificate Course,LFPR,2023,2024,,,,Naive,33.33,33.33,0.0,1-Year,FORECAST_NOT_SUPPORTED,Cell-level volatility and small sample sizes in detailed education categories preclude defensible forecasting
Education_Detailed,Nagaland,Female,Rural + Urban,Graduate,LFPR,2023,2024,,,,Naive,4.47,4.47,0.0,1-Year,FORECAST_NOT_SUPPORTED,Cell-level volatility and small sample sizes in detailed education categories preclude defensible forecasting
Education_Detailed,Nagaland,Female,Rural + Urban,Post Graduate & Above,LFPR,2023,2024,,,,SES,14.0,14.97,0.97,1-Year,FORECAST_NOT_SUPPORTED,Cell-level volatility and small sample sizes in detailed education categories preclude defensible forecasting
Education_Detailed,Odisha,Female,Rural + Urban,Not Literate,LFPR,2023,2024,,,,Holt,2.25,5.03,2.78,1-Year,FORECAST_NOT_SUPPORTED,Cell-level volatility and small sample sizes in detailed education categories preclude defensible forecasting
Education_Detailed,Odisha,Female,Rural + Urban,Literate & Upto Primary,LFPR,2023,2024,,,,Holt,7.89,9.6,1.71,1-Year,FORECAST_NOT_SUPPORTED,Cell-level volatility and small sample sizes in detailed education categories preclude defensible forecasting
Education_Detailed,Odisha,Female,Rural + Urban,Middle,LFPR,2023,2024,,,,Holt,4.49,6.97,2.48,1-Year,FORECAST_NOT_SUPPORTED,Cell-level volatility and small sample sizes in detailed education categories preclude defensible forecasting
Education_Detailed,Odisha,Female,Rural + Urban,Secondary,LFPR,2023,2024,,,,Holt,4.58,5.4,0.82,1-Year,FORECAST_NOT_SUPPORTED,Cell-level volatility and small sample sizes in detailed education categories preclude defensible forecasting
Education_Detailed,Odisha,Female,Rural + Urban,Higher Secondary,LFPR,2023,2024,,,,Holt,5.01,7.43,2.42,1-Year,FORECAST_NOT_SUPPORTED,Cell-level volatility and small sample sizes in detailed education categories preclude defensible forecasting
Education_Detailed,Odisha,Female,Rural + Urban,Diploma/ Certificate Course,LFPR,2023,2024,,,,Naive,7.1,7.1,0.0,1-Year,FORECAST_NOT_SUPPORTED,Cell-level volatility and small sample sizes in detailed education categories preclude defensible forecasting
Education_Detailed,Odisha,Female,Rural + Urban,Graduate,LFPR,2023,2024,,,,Holt,3.92,8.0,4.08,1-Year,FORECAST_NOT_SUPPORTED,Cell-level volatility and small sample sizes in detailed education categories preclude defensible forecasting
Education_Detailed,Odisha,Female,Rural + Urban,Post Graduate & Above,LFPR,2023,2024,,,,Naive,9.27,9.27,0.0,1-Year,FORECAST_NOT_SUPPORTED,Cell-level volatility and small sample sizes in detailed education categories preclude defensible forecasting
Education_Detailed,Puducherry,Female,Rural + Urban,Not Literate,LFPR,2023,2024,,,,None,,,,1-Year,FORECAST_NOT_SUPPORTED,Incomplete series or missing historical points (e.g. Chandigarh Rural 2023)
Education_Detailed,Puducherry,Female,Rural + Urban,Literate & Upto Primary,LFPR,2023,2024,,,,None,,,,1-Year,FORECAST_NOT_SUPPORTED,Incomplete series or missing historical points (e.g. Chandigarh Rural 2023)
Education_Detailed,Puducherry,Female,Rural + Urban,Middle,LFPR,2023,2024,,,,None,,,,1-Year,FORECAST_NOT_SUPPORTED,Incomplete series or missing historical points (e.g. Chandigarh Rural 2023)
Education_Detailed,Puducherry,Female,Rural + Urban,Secondary,LFPR,2023,2024,,,,None,,,,1-Year,FORECAST_NOT_SUPPORTED,Incomplete series or missing historical points (e.g. Chandigarh Rural 2023)
Education_Detailed,Puducherry,Female,Rural + Urban,Higher Secondary,LFPR,2023,2024,,,,None,,,,1-Year,FORECAST_NOT_SUPPORTED,Incomplete series or missing historical points (e.g. Chandigarh Rural 2023)
Education_Detailed,Puducherry,Female,Rural + Urban,Diploma/ Certificate Course,LFPR,2023,2024,,,,None,,,,1-Year,FORECAST_NOT_SUPPORTED,Incomplete series or missing historical points (e.g. Chandigarh Rural 2023)
Education_Detailed,Puducherry,Female,Rural + Urban,Graduate,LFPR,2023,2024,,,,None,,,,1-Year,FORECAST_NOT_SUPPORTED,Incomplete series or missing historical points (e.g. Chandigarh Rural 2023)
Education_Detailed,Puducherry,Female,Rural + Urban,Post Graduate & Above,LFPR,2023,2024,,,,None,,,,1-Year,FORECAST_NOT_SUPPORTED,Incomplete series or missing historical points (e.g. Chandigarh Rural 2023)
Education_Detailed,Punjab,Female,Rural + Urban,Not Literate,LFPR,2023,2024,,,,Holt,1.84,2.47,0.62,1-Year,FORECAST_NOT_SUPPORTED,Cell-level volatility and small sample sizes in detailed education categories preclude defensible forecasting
Education_Detailed,Punjab,Female,Rural + Urban,Literate & Upto Primary,LFPR,2023,2024,,,,Naive,2.07,2.07,0.0,1-Year,FORECAST_NOT_SUPPORTED,Cell-level volatility and small sample sizes in detailed education categories preclude defensible forecasting
Education_Detailed,Punjab,Female,Rural + Urban,Middle,LFPR,2023,2024,,,,Drift,2.12,3.23,1.12,1-Year,FORECAST_NOT_SUPPORTED,Cell-level volatility and small sample sizes in detailed education categories preclude defensible forecasting
Education_Detailed,Punjab,Female,Rural + Urban,Secondary,LFPR,2023,2024,,,,Drift,3.21,4.73,1.52,1-Year,FORECAST_NOT_SUPPORTED,Cell-level volatility and small sample sizes in detailed education categories preclude defensible forecasting
Education_Detailed,Punjab,Female,Rural + Urban,Higher Secondary,LFPR,2023,2024,,,,Holt,2.29,3.33,1.04,1-Year,FORECAST_NOT_SUPPORTED,Cell-level volatility and small sample sizes in detailed education categories preclude defensible forecasting
Education_Detailed,Punjab,Female,Rural + Urban,Diploma/ Certificate Course,LFPR,2023,2024,,,,Holt,9.16,12.47,3.31,1-Year,FORECAST_NOT_SUPPORTED,Cell-level volatility and small sample sizes in detailed education categories preclude defensible forecasting
Education_Detailed,Punjab,Female,Rural + Urban,Graduate,LFPR,2023,2024,,,,SES,5.86,7.07,1.2,1-Year,FORECAST_NOT_SUPPORTED,Cell-level volatility and small sample sizes in detailed education categories preclude defensible forecasting
Education_Detailed,Punjab,Female,Rural + Urban,Post Graduate & Above,LFPR,2023,2024,,,,SES,3.86,5.37,1.51,1-Year,FORECAST_NOT_SUPPORTED,Cell-level volatility and small sample sizes in detailed education categories preclude defensible forecasting
Education_Detailed,Rajasthan,Female,Rural + Urban,Not Literate,LFPR,2023,2024,,,,Holt,2.69,4.23,1.54,1-Year,FORECAST_NOT_SUPPORTED,Cell-level volatility and small sample sizes in detailed education categories preclude defensible forecasting
Education_Detailed,Rajasthan,Female,Rural + Urban,Literate & Upto Primary,LFPR,2023,2024,,,,Holt,4.44,7.63,3.2,1-Year,FORECAST_NOT_SUPPORTED,Cell-level volatility and small sample sizes in detailed education categories preclude defensible forecasting
Education_Detailed,Rajasthan,Female,Rural + Urban,Middle,LFPR,2023,2024,,,,Holt,1.38,3.3,1.92,1-Year,FORECAST_NOT_SUPPORTED,Cell-level volatility and small sample sizes in detailed education categories preclude defensible forecasting
Education_Detailed,Rajasthan,Female,Rural + Urban,Secondary,LFPR,2023,2024,,,,Drift,1.93,3.6,1.67,1-Year,FORECAST_NOT_SUPPORTED,Cell-level volatility and small sample sizes in detailed education categories preclude defensible forecasting
Education_Detailed,Rajasthan,Female,Rural + Urban,Higher Secondary,LFPR,2023,2024,,,,Holt,2.06,3.07,1.01,1-Year,FORECAST_NOT_SUPPORTED,Cell-level volatility and small sample sizes in detailed education categories preclude defensible forecasting
Education_Detailed,Rajasthan,Female,Rural + Urban,Diploma/ Certificate Course,LFPR,2023,2024,,,,SES,6.4,9.63,3.24,1-Year,FORECAST_NOT_SUPPORTED,Cell-level volatility and small sample sizes in detailed education categories preclude defensible forecasting
Education_Detailed,Rajasthan,Female,Rural + Urban,Graduate,LFPR,2023,2024,,,,Drift,4.98,7.17,2.18,1-Year,FORECAST_NOT_SUPPORTED,Cell-level volatility and small sample sizes in detailed education categories preclude defensible forecasting
Education_Detailed,Rajasthan,Female,Rural + Urban,Post Graduate & Above,LFPR,2023,2024,,,,Drift,7.41,7.77,0.35,1-Year,FORECAST_NOT_SUPPORTED,Cell-level volatility and small sample sizes in detailed education categories preclude defensible forecasting
Education_Detailed,Sikkim,Female,Rural + Urban,Not Literate,LFPR,2023,2024,,,,Drift,11.33,11.43,0.1,1-Year,FORECAST_NOT_SUPPORTED,Cell-level volatility and small sample sizes in detailed education categories preclude defensible forecasting
Education_Detailed,Sikkim,Female,Rural + Urban,Literate & Upto Primary,LFPR,2023,2024,,,,Naive,10.43,10.43,0.0,1-Year,FORECAST_NOT_SUPPORTED,Cell-level volatility and small sample sizes in detailed education categories preclude defensible forecasting
Education_Detailed,Sikkim,Female,Rural + Urban,Middle,LFPR,2023,2024,,,,Drift,3.42,4.13,0.72,1-Year,FORECAST_NOT_SUPPORTED,Cell-level volatility and small sample sizes in detailed education categories preclude defensible forecasting
Education_Detailed,Sikkim,Female,Rural + Urban,Secondary,LFPR,2023,2024,,,,Drift,2.4,3.17,0.77,1-Year,FORECAST_NOT_SUPPORTED,Cell-level volatility and small sample sizes in detailed education categories preclude defensible forecasting
Education_Detailed,Sikkim,Female,Rural + Urban,Higher Secondary,LFPR,2023,2024,,,,Naive,5.73,5.73,0.0,1-Year,FORECAST_NOT_SUPPORTED,Cell-level volatility and small sample sizes in detailed education categories preclude defensible forecasting
Education_Detailed,Sikkim,Female,Rural + Urban,Diploma/ Certificate Course,LFPR,2023,2024,,,,SES,42.45,70.17,27.72,1-Year,FORECAST_NOT_SUPPORTED,Cell-level volatility and small sample sizes in detailed education categories preclude defensible forecasting
Education_Detailed,Sikkim,Female,Rural + Urban,Graduate,LFPR,2023,2024,,,,Naive,5.1,5.1,0.0,1-Year,FORECAST_NOT_SUPPORTED,Cell-level volatility and small sample sizes in detailed education categories preclude defensible forecasting
Education_Detailed,Sikkim,Female,Rural + Urban,Post Graduate & Above,LFPR,2023,2024,,,,Naive,7.83,7.83,0.0,1-Year,FORECAST_NOT_SUPPORTED,Cell-level volatility and small sample sizes in detailed education categories preclude defensible forecasting
Education_Detailed,Tamil Nadu,Female,Rural + Urban,Not Literate,LFPR,2023,2024,,,,SES,2.48,2.77,0.29,1-Year,FORECAST_NOT_SUPPORTED,Cell-level volatility and small sample sizes in detailed education categories preclude defensible forecasting
Education_Detailed,Tamil Nadu,Female,Rural + Urban,Literate & Upto Primary,LFPR,2023,2024,,,,Naive,3.1,3.1,0.0,1-Year,FORECAST_NOT_SUPPORTED,Cell-level volatility and small sample sizes in detailed education categories preclude defensible forecasting
Education_Detailed,Tamil Nadu,Female,Rural + Urban,Middle,LFPR,2023,2024,,,,Naive,0.97,0.97,0.0,1-Year,FORECAST_NOT_SUPPORTED,Cell-level volatility and small sample sizes in detailed education categories preclude defensible forecasting
Education_Detailed,Tamil Nadu,Female,Rural + Urban,Secondary,LFPR,2023,2024,,,,Drift,1.14,2.37,1.22,1-Year,FORECAST_NOT_SUPPORTED,Cell-level volatility and small sample sizes in detailed education categories preclude defensible forecasting
Education_Detailed,Tamil Nadu,Female,Rural + Urban,Higher Secondary,LFPR,2023,2024,,,,Holt,2.28,3.33,1.05,1-Year,FORECAST_NOT_SUPPORTED,Cell-level volatility and small sample sizes in detailed education categories preclude defensible forecasting
Education_Detailed,Tamil Nadu,Female,Rural + Urban,Diploma/ Certificate Course,LFPR,2023,2024,,,,SES,4.29,5.87,1.58,1-Year,FORECAST_NOT_SUPPORTED,Cell-level volatility and small sample sizes in detailed education categories preclude defensible forecasting
Education_Detailed,Tamil Nadu,Female,Rural + Urban,Graduate,LFPR,2023,2024,,,,Naive,3.3,3.3,0.0,1-Year,FORECAST_NOT_SUPPORTED,Cell-level volatility and small sample sizes in detailed education categories preclude defensible forecasting
Education_Detailed,Tamil Nadu,Female,Rural + Urban,Post Graduate & Above,LFPR,2023,2024,,,,Drift,3.0,3.27,0.26,1-Year,FORECAST_NOT_SUPPORTED,Cell-level volatility and small sample sizes in detailed education categories preclude defensible forecasting
Education_Detailed,Telangana,Female,Rural + Urban,Not Literate,LFPR,2023,2024,,,,Naive,1.1,1.1,0.0,1-Year,FORECAST_NOT_SUPPORTED,Cell-level volatility and small sample sizes in detailed education categories preclude defensible forecasting
Education_Detailed,Telangana,Female,Rural + Urban,Literate & Upto Primary,LFPR,2023,2024,,,,Naive,2.87,2.87,0.0,1-Year,FORECAST_NOT_SUPPORTED,Cell-level volatility and small sample sizes in detailed education categories preclude defensible forecasting
Education_Detailed,Telangana,Female,Rural + Urban,Middle,LFPR,2023,2024,,,,Naive,3.27,3.27,0.0,1-Year,FORECAST_NOT_SUPPORTED,Cell-level volatility and small sample sizes in detailed education categories preclude defensible forecasting
Education_Detailed,Telangana,Female,Rural + Urban,Secondary,LFPR,2023,2024,,,,Naive,1.87,1.87,0.0,1-Year,FORECAST_NOT_SUPPORTED,Cell-level volatility and small sample sizes in detailed education categories preclude defensible forecasting
Education_Detailed,Telangana,Female,Rural + Urban,Higher Secondary,LFPR,2023,2024,,,,Naive,2.1,2.1,0.0,1-Year,FORECAST_NOT_SUPPORTED,Cell-level volatility and small sample sizes in detailed education categories preclude defensible forecasting
Education_Detailed,Telangana,Female,Rural + Urban,Diploma/ Certificate Course,LFPR,2023,2024,,,,SES,22.7,27.37,4.67,1-Year,FORECAST_NOT_SUPPORTED,Cell-level volatility and small sample sizes in detailed education categories preclude defensible forecasting
Education_Detailed,Telangana,Female,Rural + Urban,Graduate,LFPR,2023,2024,,,,Holt,2.29,3.73,1.45,1-Year,FORECAST_NOT_SUPPORTED,Cell-level volatility and small sample sizes in detailed education categories preclude defensible forecasting
Education_Detailed,Telangana,Female,Rural + Urban,Post Graduate & Above,LFPR,2023,2024,,,,Naive,7.4,7.4,0.0,1-Year,FORECAST_NOT_SUPPORTED,Cell-level volatility and small sample sizes in detailed education categories preclude defensible forecasting
Education_Detailed,The Dadra and Nagar Haveli and Daman and Diu,Female,Rural + Urban,Not Literate,LFPR,2023,2024,,,,SES,12.49,14.23,1.75,1-Year,FORECAST_NOT_SUPPORTED,Cell-level volatility and small sample sizes in detailed education categories preclude defensible forecasting
Education_Detailed,The Dadra and Nagar Haveli and Daman and Diu,Female,Rural + Urban,Literate & Upto Primary,LFPR,2023,2024,,,,Drift,5.48,6.7,1.22,1-Year,FORECAST_NOT_SUPPORTED,Cell-level volatility and small sample sizes in detailed education categories preclude defensible forecasting
Education_Detailed,The Dadra and Nagar Haveli and Daman and Diu,Female,Rural + Urban,Middle,LFPR,2023,2024,,,,Holt,10.16,17.6,7.44,1-Year,FORECAST_NOT_SUPPORTED,Cell-level volatility and small sample sizes in detailed education categories preclude defensible forecasting
Education_Detailed,The Dadra and Nagar Haveli and Daman and Diu,Female,Rural + Urban,Secondary,LFPR,2023,2024,,,,SES,6.7,12.0,5.3,1-Year,FORECAST_NOT_SUPPORTED,Cell-level volatility and small sample sizes in detailed education categories preclude defensible forecasting
Education_Detailed,The Dadra and Nagar Haveli and Daman and Diu,Female,Rural + Urban,Higher Secondary,LFPR,2023,2024,,,,SES,5.83,6.1,0.27,1-Year,FORECAST_NOT_SUPPORTED,Cell-level volatility and small sample sizes in detailed education categories preclude defensible forecasting
Education_Detailed,The Dadra and Nagar Haveli and Daman and Diu,Female,Rural + Urban,Diploma/ Certificate Course,LFPR,2023,2024,,,,Naive,14.3,14.3,0.0,1-Year,FORECAST_NOT_SUPPORTED,Cell-level volatility and small sample sizes in detailed education categories preclude defensible forecasting
Education_Detailed,The Dadra and Nagar Haveli and Daman and Diu,Female,Rural + Urban,Graduate,LFPR,2023,2024,,,,Naive,14.0,14.0,0.0,1-Year,FORECAST_NOT_SUPPORTED,Cell-level volatility and small sample sizes in detailed education categories preclude defensible forecasting
Education_Detailed,The Dadra and Nagar Haveli and Daman and Diu,Female,Rural + Urban,Post Graduate & Above,LFPR,2023,2024,,,,SES,28.07,50.2,22.13,1-Year,FORECAST_NOT_SUPPORTED,Cell-level volatility and small sample sizes in detailed education categories preclude defensible forecasting
Education_Detailed,Tripura,Female,Rural + Urban,Not Literate,LFPR,2023,2024,,,,SES,10.32,12.13,1.82,1-Year,FORECAST_NOT_SUPPORTED,Cell-level volatility and small sample sizes in detailed education categories preclude defensible forecasting
Education_Detailed,Tripura,Female,Rural + Urban,Literate & Upto Primary,LFPR,2023,2024,,,,Holt,9.45,11.17,1.72,1-Year,FORECAST_NOT_SUPPORTED,Cell-level volatility and small sample sizes in detailed education categories preclude defensible forecasting
Education_Detailed,Tripura,Female,Rural + Urban,Middle,LFPR,2023,2024,,,,Holt,6.49,8.53,2.04,1-Year,FORECAST_NOT_SUPPORTED,Cell-level volatility and small sample sizes in detailed education categories preclude defensible forecasting
Education_Detailed,Tripura,Female,Rural + Urban,Secondary,LFPR,2023,2024,,,,Drift,2.04,3.13,1.09,1-Year,FORECAST_NOT_SUPPORTED,Cell-level volatility and small sample sizes in detailed education categories preclude defensible forecasting
Education_Detailed,Tripura,Female,Rural + Urban,Higher Secondary,LFPR,2023,2024,,,,SES,3.27,7.83,4.56,1-Year,FORECAST_NOT_SUPPORTED,Cell-level volatility and small sample sizes in detailed education categories preclude defensible forecasting
Education_Detailed,Tripura,Female,Rural + Urban,Diploma/ Certificate Course,LFPR,2023,2024,,,,SES,16.26,21.6,5.34,1-Year,FORECAST_NOT_SUPPORTED,Cell-level volatility and small sample sizes in detailed education categories preclude defensible forecasting
Education_Detailed,Tripura,Female,Rural + Urban,Graduate,LFPR,2023,2024,,,,SES,8.19,9.63,1.45,1-Year,FORECAST_NOT_SUPPORTED,Cell-level volatility and small sample sizes in detailed education categories preclude defensible forecasting
Education_Detailed,Tripura,Female,Rural + Urban,Post Graduate & Above,LFPR,2023,2024,,,,Holt,17.59,22.8,5.21,1-Year,FORECAST_NOT_SUPPORTED,Cell-level volatility and small sample sizes in detailed education categories preclude defensible forecasting
Education_Detailed,Uttar Pradesh,Female,Rural + Urban,Not Literate,LFPR,2023,2024,,,,Drift,1.87,5.27,3.39,1-Year,FORECAST_NOT_SUPPORTED,Cell-level volatility and small sample sizes in detailed education categories preclude defensible forecasting
Education_Detailed,Uttar Pradesh,Female,Rural + Urban,Literate & Upto Primary,LFPR,2023,2024,,,,Drift,3.28,6.57,3.29,1-Year,FORECAST_NOT_SUPPORTED,Cell-level volatility and small sample sizes in detailed education categories preclude defensible forecasting
Education_Detailed,Uttar Pradesh,Female,Rural + Urban,Middle,LFPR,2023,2024,,,,Drift,1.43,3.93,2.51,1-Year,FORECAST_NOT_SUPPORTED,Cell-level volatility and small sample sizes in detailed education categories preclude defensible forecasting
Education_Detailed,Uttar Pradesh,Female,Rural + Urban,Secondary,LFPR,2023,2024,,,,Drift,2.85,3.4,0.55,1-Year,FORECAST_NOT_SUPPORTED,Cell-level volatility and small sample sizes in detailed education categories preclude defensible forecasting
Education_Detailed,Uttar Pradesh,Female,Rural + Urban,Higher Secondary,LFPR,2023,2024,,,,Drift,1.78,3.4,1.62,1-Year,FORECAST_NOT_SUPPORTED,Cell-level volatility and small sample sizes in detailed education categories preclude defensible forecasting
Education_Detailed,Uttar Pradesh,Female,Rural + Urban,Diploma/ Certificate Course,LFPR,2023,2024,,,,SES,29.48,31.97,2.49,1-Year,FORECAST_NOT_SUPPORTED,Cell-level volatility and small sample sizes in detailed education categories preclude defensible forecasting
Education_Detailed,Uttar Pradesh,Female,Rural + Urban,Graduate,LFPR,2023,2024,,,,Drift,1.71,1.77,0.05,1-Year,FORECAST_NOT_SUPPORTED,Cell-level volatility and small sample sizes in detailed education categories preclude defensible forecasting
Education_Detailed,Uttar Pradesh,Female,Rural + Urban,Post Graduate & Above,LFPR,2023,2024,,,,Holt,4.34,5.07,0.72,1-Year,FORECAST_NOT_SUPPORTED,Cell-level volatility and small sample sizes in detailed education categories preclude defensible forecasting
Education_Detailed,Uttarakhand,Female,Rural + Urban,Not Literate,LFPR,2023,2024,,,,Holt,4.67,5.87,1.2,1-Year,FORECAST_NOT_SUPPORTED,Cell-level volatility and small sample sizes in detailed education categories preclude defensible forecasting
Education_Detailed,Uttarakhand,Female,Rural + Urban,Literate & Upto Primary,LFPR,2023,2024,,,,Naive,3.23,3.23,0.0,1-Year,FORECAST_NOT_SUPPORTED,Cell-level volatility and small sample sizes in detailed education categories preclude defensible forecasting
Education_Detailed,Uttarakhand,Female,Rural + Urban,Middle,LFPR,2023,2024,,,,Drift,4.44,4.73,0.29,1-Year,FORECAST_NOT_SUPPORTED,Cell-level volatility and small sample sizes in detailed education categories preclude defensible forecasting
Education_Detailed,Uttarakhand,Female,Rural + Urban,Secondary,LFPR,2023,2024,,,,Drift,5.16,7.53,2.37,1-Year,FORECAST_NOT_SUPPORTED,Cell-level volatility and small sample sizes in detailed education categories preclude defensible forecasting
Education_Detailed,Uttarakhand,Female,Rural + Urban,Higher Secondary,LFPR,2023,2024,,,,Naive,7.6,7.6,0.0,1-Year,FORECAST_NOT_SUPPORTED,Cell-level volatility and small sample sizes in detailed education categories preclude defensible forecasting
Education_Detailed,Uttarakhand,Female,Rural + Urban,Diploma/ Certificate Course,LFPR,2023,2024,,,,SES,40.19,66.43,26.24,1-Year,FORECAST_NOT_SUPPORTED,Cell-level volatility and small sample sizes in detailed education categories preclude defensible forecasting
Education_Detailed,Uttarakhand,Female,Rural + Urban,Graduate,LFPR,2023,2024,,,,Naive,6.6,6.6,0.0,1-Year,FORECAST_NOT_SUPPORTED,Cell-level volatility and small sample sizes in detailed education categories preclude defensible forecasting
Education_Detailed,Uttarakhand,Female,Rural + Urban,Post Graduate & Above,LFPR,2023,2024,,,,Holt,4.48,12.03,7.55,1-Year,FORECAST_NOT_SUPPORTED,Cell-level volatility and small sample sizes in detailed education categories preclude defensible forecasting
Education_Detailed,West Bengal,Female,Rural + Urban,Not Literate,LFPR,2023,2024,,,,Drift,1.18,4.07,2.88,1-Year,FORECAST_NOT_SUPPORTED,Cell-level volatility and small sample sizes in detailed education categories preclude defensible forecasting
Education_Detailed,West Bengal,Female,Rural + Urban,Literate & Upto Primary,LFPR,2023,2024,,,,Holt,4.58,6.1,1.52,1-Year,FORECAST_NOT_SUPPORTED,Cell-level volatility and small sample sizes in detailed education categories preclude defensible forecasting
Education_Detailed,West Bengal,Female,Rural + Urban,Middle,LFPR,2023,2024,,,,Holt,5.45,6.67,1.22,1-Year,FORECAST_NOT_SUPPORTED,Cell-level volatility and small sample sizes in detailed education categories preclude defensible forecasting
Education_Detailed,West Bengal,Female,Rural + Urban,Secondary,LFPR,2023,2024,,,,Drift,4.04,5.1,1.06,1-Year,FORECAST_NOT_SUPPORTED,Cell-level volatility and small sample sizes in detailed education categories preclude defensible forecasting
Education_Detailed,West Bengal,Female,Rural + Urban,Higher Secondary,LFPR,2023,2024,,,,Drift,0.94,1.97,1.03,1-Year,FORECAST_NOT_SUPPORTED,Cell-level volatility and small sample sizes in detailed education categories preclude defensible forecasting
Education_Detailed,West Bengal,Female,Rural + Urban,Diploma/ Certificate Course,LFPR,2023,2024,,,,Naive,19.57,19.57,0.0,1-Year,FORECAST_NOT_SUPPORTED,Cell-level volatility and small sample sizes in detailed education categories preclude defensible forecasting
Education_Detailed,West Bengal,Female,Rural + Urban,Graduate,LFPR,2023,2024,,,,Drift,4.23,4.7,0.47,1-Year,FORECAST_NOT_SUPPORTED,Cell-level volatility and small sample sizes in detailed education categories preclude defensible forecasting
Education_Detailed,West Bengal,Female,Rural + Urban,Post Graduate & Above,LFPR,2023,2024,,,,SES,2.41,3.3,0.89,1-Year,FORECAST_NOT_SUPPORTED,Cell-level volatility and small sample sizes in detailed education categories preclude defensible forecasting
