Country,State,Education,Year,LFPR,Missing_Count,All_Years
India,Andaman and Nicobar Islands,All,"PLFS Year (Jul - Jun), 2017",34.267,0.000,False
India,Andaman and Nicobar Islands,All,"PLFS Year (Jul - Jun), 2018",31.233,0.000,False
India,Andaman and Nicobar Islands,All,"PLFS Year (Jul - Jun), 2019",35.767,0.000,False
India,Andaman and Nicobar Islands,All,"PLFS Year (Jul - Jun), 2020",45.533,0.000,False
India,Andaman and Nicobar Islands,All,"PLFS Year (Jul - Jun), 2021",45.600,0.000,False
India,Andaman and Nicobar Islands,All,"PLFS Year (Jul - Jun), 2022",49.333,0.000,False
India,Andaman and Nicobar Islands,All,"PLFS Year (Jul - Jun), 2023",45.733,0.000,False
India,Andaman and Nicobar Islands,Diploma/ Certificate Course,"PLFS Year (Jul - Jun), 2017",66.900,0.000,False
India,Andaman and Nicobar Islands,Diploma/ Certificate Course,"PLFS Year (Jul - Jun), 2018",59.767,0.000,False
India,Andaman and Nicobar Islands,Diploma/ Certificate Course,"PLFS Year (Jul - Jun), 2019",58.833,0.000,False
India,Andaman and Nicobar Islands,Diploma/ Certificate Course,"PLFS Year (Jul - Jun), 2020",63.900,0.000,False
India,Andaman and Nicobar Islands,Diploma/ Certificate Course,"PLFS Year (Jul - Jun), 2021",50.733,0.000,False
India,Andaman and Nicobar Islands,Diploma/ Certificate Course,"PLFS Year (Jul - Jun), 2022",65.800,0.000,False
India,Andaman and Nicobar Islands,Diploma/ Certificate Course,"PLFS Year (Jul - Jun), 2023",84.667,0.000,False
India,Andaman and Nicobar Islands,Graduate,"PLFS Year (Jul - Jun), 2017",65.133,0.000,False
India,Andaman and Nicobar Islands,Graduate,"PLFS Year (Jul - Jun), 2018",60.500,0.000,False
India,Andaman and Nicobar Islands,Graduate,"PLFS Year (Jul - Jun), 2019",85.900,0.000,False
India,Andaman and Nicobar Islands,Graduate,"PLFS Year (Jul - Jun), 2020",70.200,0.000,False
India,Andaman and Nicobar Islands,Graduate,"PLFS Year (Jul - Jun), 2021",69.967,0.000,False
India,Andaman and Nicobar Islands,Graduate,"PLFS Year (Jul - Jun), 2022",84.867,0.000,False
India,Andaman and Nicobar Islands,Graduate,"PLFS Year (Jul - Jun), 2023",62.733,0.000,False
India,Andaman and Nicobar Islands,Higher Secondary,"PLFS Year (Jul - Jun), 2017",34.867,0.000,False
India,Andaman and Nicobar Islands,Higher Secondary,"PLFS Year (Jul - Jun), 2018",32.133,0.000,False
India,Andaman and Nicobar Islands,Higher Secondary,"PLFS Year (Jul - Jun), 2019",42.667,0.000,False
India,Andaman and Nicobar Islands,Higher Secondary,"PLFS Year (Jul - Jun), 2020",35.467,0.000,False
India,Andaman and Nicobar Islands,Higher Secondary,"PLFS Year (Jul - Jun), 2021",44.667,0.000,False
India,Andaman and Nicobar Islands,Higher Secondary,"PLFS Year (Jul - Jun), 2022",43.233,0.000,False
India,Andaman and Nicobar Islands,Higher Secondary,"PLFS Year (Jul - Jun), 2023",48.100,0.000,False
India,Andaman and Nicobar Islands,Literate & Upto Primary,"PLFS Year (Jul - Jun), 2017",19.367,0.000,False
India,Andaman and Nicobar Islands,Literate & Upto Primary,"PLFS Year (Jul - Jun), 2018",21.433,0.000,False
India,Andaman and Nicobar Islands,Literate & Upto Primary,"PLFS Year (Jul - Jun), 2019",29.167,0.000,False
India,Andaman and Nicobar Islands,Literate & Upto Primary,"PLFS Year (Jul - Jun), 2020",40.000,0.000,False
India,Andaman and Nicobar Islands,Literate & Upto Primary,"PLFS Year (Jul - Jun), 2021",57.933,0.000,False
India,Andaman and Nicobar Islands,Literate & Upto Primary,"PLFS Year (Jul - Jun), 2022",48.900,0.000,False
India,Andaman and Nicobar Islands,Literate & Upto Primary,"PLFS Year (Jul - Jun), 2023",47.067,0.000,False
India,Andaman and Nicobar Islands,Middle,"PLFS Year (Jul - Jun), 2017",16.667,0.000,False
India,Andaman and Nicobar Islands,Middle,"PLFS Year (Jul - Jun), 2018",13.200,0.000,False
India,Andaman and Nicobar Islands,Middle,"PLFS Year (Jul - Jun), 2019",22.833,0.000,False
India,Andaman and Nicobar Islands,Middle,"PLFS Year (Jul - Jun), 2020",41.233,0.000,False
India,Andaman and Nicobar Islands,Middle,"PLFS Year (Jul - Jun), 2021",32.967,0.000,False
India,Andaman and Nicobar Islands,Middle,"PLFS Year (Jul - Jun), 2022",45.767,0.000,False
India,Andaman and Nicobar Islands,Middle,"PLFS Year (Jul - Jun), 2023",45.667,0.000,False
India,Andaman and Nicobar Islands,Not Literate,"PLFS Year (Jul - Jun), 2017",21.900,0.000,False
India,Andaman and Nicobar Islands,Not Literate,"PLFS Year (Jul - Jun), 2018",11.467,0.000,False
India,Andaman and Nicobar Islands,Not Literate,"PLFS Year (Jul - Jun), 2019",14.967,0.000,False
India,Andaman and Nicobar Islands,Not Literate,"PLFS Year (Jul - Jun), 2020",30.633,0.000,False
India,Andaman and Nicobar Islands,Not Literate,"PLFS Year (Jul - Jun), 2021",31.533,0.000,False
India,Andaman and Nicobar Islands,Not Literate,"PLFS Year (Jul - Jun), 2022",24.767,0.000,False
India,Andaman and Nicobar Islands,Not Literate,"PLFS Year (Jul - Jun), 2023",23.067,0.000,False
India,Andaman and Nicobar Islands,Post Graduate & Above,"PLFS Year (Jul - Jun), 2017",74.500,0.000,False
India,Andaman and Nicobar Islands,Post Graduate & Above,"PLFS Year (Jul - Jun), 2018",89.600,0.000,False
India,Andaman and Nicobar Islands,Post Graduate & Above,"PLFS Year (Jul - Jun), 2019",81.433,0.000,False
India,Andaman and Nicobar Islands,Post Graduate & Above,"PLFS Year (Jul - Jun), 2020",93.967,0.000,False
India,Andaman and Nicobar Islands,Post Graduate & Above,"PLFS Year (Jul - Jun), 2021",74.633,0.000,False
India,Andaman and Nicobar Islands,Post Graduate & Above,"PLFS Year (Jul - Jun), 2022",91.767,0.000,False
India,Andaman and Nicobar Islands,Post Graduate & Above,"PLFS Year (Jul - Jun), 2023",85.500,0.000,False
India,Andaman and Nicobar Islands,Secondary,"PLFS Year (Jul - Jun), 2017",29.333,0.000,False
India,Andaman and Nicobar Islands,Secondary,"PLFS Year (Jul - Jun), 2018",21.667,0.000,False
India,Andaman and Nicobar Islands,Secondary,"PLFS Year (Jul - Jun), 2019",16.733,0.000,False
India,Andaman and Nicobar Islands,Secondary,"PLFS Year (Jul - Jun), 2020",13.467,0.000,False
India,Andaman and Nicobar Islands,Secondary,"PLFS Year (Jul - Jun), 2021",28.900,0.000,False
India,Andaman and Nicobar Islands,Secondary,"PLFS Year (Jul - Jun), 2022",40.267,0.000,False
India,Andaman and Nicobar Islands,Secondary,"PLFS Year (Jul - Jun), 2023",24.833,0.000,False
India,Andaman and Nicobar Islands,Secondary & Above,"PLFS Year (Jul - Jun), 2017",53.033,0.000,False
India,Andaman and Nicobar Islands,Secondary & Above,"PLFS Year (Jul - Jun), 2018",48.533,0.000,False
India,Andaman and Nicobar Islands,Secondary & Above,"PLFS Year (Jul - Jun), 2019",52.200,0.000,False
India,Andaman and Nicobar Islands,Secondary & Above,"PLFS Year (Jul - Jun), 2020",53.633,0.000,False
India,Andaman and Nicobar Islands,Secondary & Above,"PLFS Year (Jul - Jun), 2021",49.333,0.000,False
India,Andaman and Nicobar Islands,Secondary & Above,"PLFS Year (Jul - Jun), 2022",56.433,0.000,False
India,Andaman and Nicobar Islands,Secondary & Above,"PLFS Year (Jul - Jun), 2023",52.567,0.000,False
India,Andhra Pradesh,All,"PLFS Year (Jul - Jun), 2017",40.533,0.000,False
India,Andhra Pradesh,All,"PLFS Year (Jul - Jun), 2018",38.100,0.000,False
India,Andhra Pradesh,All,"PLFS Year (Jul - Jun), 2019",37.333,0.000,False
India,Andhra Pradesh,All,"PLFS Year (Jul - Jun), 2020",42.833,0.000,False
India,Andhra Pradesh,All,"PLFS Year (Jul - Jun), 2021",40.700,0.000,False
India,Andhra Pradesh,All,"PLFS Year (Jul - Jun), 2022",43.300,0.000,False
India,Andhra Pradesh,All,"PLFS Year (Jul - Jun), 2023",42.067,0.000,False
India,Andhra Pradesh,Diploma/ Certificate Course,"PLFS Year (Jul - Jun), 2017",64.833,0.000,False
India,Andhra Pradesh,Diploma/ Certificate Course,"PLFS Year (Jul - Jun), 2018",63.100,0.000,False
India,Andhra Pradesh,Diploma/ Certificate Course,"PLFS Year (Jul - Jun), 2019",53.633,0.000,False
India,Andhra Pradesh,Diploma/ Certificate Course,"PLFS Year (Jul - Jun), 2020",41.867,0.000,False
India,Andhra Pradesh,Diploma/ Certificate Course,"PLFS Year (Jul - Jun), 2021",52.733,0.000,False
India,Andhra Pradesh,Diploma/ Certificate Course,"PLFS Year (Jul - Jun), 2022",45.533,0.000,False
India,Andhra Pradesh,Diploma/ Certificate Course,"PLFS Year (Jul - Jun), 2023",53.600,0.000,False
India,Andhra Pradesh,Graduate,"PLFS Year (Jul - Jun), 2017",42.033,0.000,False
India,Andhra Pradesh,Graduate,"PLFS Year (Jul - Jun), 2018",37.733,0.000,False
India,Andhra Pradesh,Graduate,"PLFS Year (Jul - Jun), 2019",39.900,0.000,False
India,Andhra Pradesh,Graduate,"PLFS Year (Jul - Jun), 2020",40.600,0.000,False
India,Andhra Pradesh,Graduate,"PLFS Year (Jul - Jun), 2021",42.367,0.000,False
India,Andhra Pradesh,Graduate,"PLFS Year (Jul - Jun), 2022",50.100,0.000,False
India,Andhra Pradesh,Graduate,"PLFS Year (Jul - Jun), 2023",45.367,0.000,False
India,Andhra Pradesh,Higher Secondary,"PLFS Year (Jul - Jun), 2017",15.133,0.000,False
India,Andhra Pradesh,Higher Secondary,"PLFS Year (Jul - Jun), 2018",20.067,0.000,False
India,Andhra Pradesh,Higher Secondary,"PLFS Year (Jul - Jun), 2019",17.933,0.000,False
India,Andhra Pradesh,Higher Secondary,"PLFS Year (Jul - Jun), 2020",20.300,0.000,False
India,Andhra Pradesh,Higher Secondary,"PLFS Year (Jul - Jun), 2021",15.567,0.000,False
India,Andhra Pradesh,Higher Secondary,"PLFS Year (Jul - Jun), 2022",23.433,0.000,False
India,Andhra Pradesh,Higher Secondary,"PLFS Year (Jul - Jun), 2023",21.967,0.000,False
India,Andhra Pradesh,Literate & Upto Primary,"PLFS Year (Jul - Jun), 2017",40.300,0.000,False
India,Andhra Pradesh,Literate & Upto Primary,"PLFS Year (Jul - Jun), 2018",40.067,0.000,False
India,Andhra Pradesh,Literate & Upto Primary,"PLFS Year (Jul - Jun), 2019",43.833,0.000,False
India,Andhra Pradesh,Literate & Upto Primary,"PLFS Year (Jul - Jun), 2020",46.667,0.000,False
India,Andhra Pradesh,Literate & Upto Primary,"PLFS Year (Jul - Jun), 2021",47.700,0.000,False
India,Andhra Pradesh,Literate & Upto Primary,"PLFS Year (Jul - Jun), 2022",47.367,0.000,False
India,Andhra Pradesh,Literate & Upto Primary,"PLFS Year (Jul - Jun), 2023",50.233,0.000,False
India,Andhra Pradesh,Middle,"PLFS Year (Jul - Jun), 2017",31.033,0.000,False
India,Andhra Pradesh,Middle,"PLFS Year (Jul - Jun), 2018",30.933,0.000,False
India,Andhra Pradesh,Middle,"PLFS Year (Jul - Jun), 2019",26.533,0.000,False
India,Andhra Pradesh,Middle,"PLFS Year (Jul - Jun), 2020",38.467,0.000,False
India,Andhra Pradesh,Middle,"PLFS Year (Jul - Jun), 2021",36.367,0.000,False
India,Andhra Pradesh,Middle,"PLFS Year (Jul - Jun), 2022",38.133,0.000,False
India,Andhra Pradesh,Middle,"PLFS Year (Jul - Jun), 2023",37.800,0.000,False
India,Andhra Pradesh,Not Literate,"PLFS Year (Jul - Jun), 2017",48.500,0.000,False
India,Andhra Pradesh,Not Literate,"PLFS Year (Jul - Jun), 2018",45.667,0.000,False
India,Andhra Pradesh,Not Literate,"PLFS Year (Jul - Jun), 2019",44.333,0.000,False
India,Andhra Pradesh,Not Literate,"PLFS Year (Jul - Jun), 2020",49.800,0.000,False
India,Andhra Pradesh,Not Literate,"PLFS Year (Jul - Jun), 2021",48.300,0.000,False
India,Andhra Pradesh,Not Literate,"PLFS Year (Jul - Jun), 2022",49.733,0.000,False
India,Andhra Pradesh,Not Literate,"PLFS Year (Jul - Jun), 2023",46.500,0.000,False
India,Andhra Pradesh,Post Graduate & Above,"PLFS Year (Jul - Jun), 2017",70.133,0.000,False
India,Andhra Pradesh,Post Graduate & Above,"PLFS Year (Jul - Jun), 2018",65.233,0.000,False
India,Andhra Pradesh,Post Graduate & Above,"PLFS Year (Jul - Jun), 2019",54.167,0.000,False
India,Andhra Pradesh,Post Graduate & Above,"PLFS Year (Jul - Jun), 2020",73.600,0.000,False
India,Andhra Pradesh,Post Graduate & Above,"PLFS Year (Jul - Jun), 2021",64.400,0.000,False
India,Andhra Pradesh,Post Graduate & Above,"PLFS Year (Jul - Jun), 2022",53.967,0.000,False
India,Andhra Pradesh,Post Graduate & Above,"PLFS Year (Jul - Jun), 2023",60.200,0.000,False
India,Andhra Pradesh,Secondary,"PLFS Year (Jul - Jun), 2017",28.233,0.000,False
India,Andhra Pradesh,Secondary,"PLFS Year (Jul - Jun), 2018",23.233,0.000,False
India,Andhra Pradesh,Secondary,"PLFS Year (Jul - Jun), 2019",23.600,0.000,False
India,Andhra Pradesh,Secondary,"PLFS Year (Jul - Jun), 2020",29.267,0.000,False
India,Andhra Pradesh,Secondary,"PLFS Year (Jul - Jun), 2021",26.833,0.000,False
India,Andhra Pradesh,Secondary,"PLFS Year (Jul - Jun), 2022",27.767,0.000,False
India,Andhra Pradesh,Secondary,"PLFS Year (Jul - Jun), 2023",31.067,0.000,False
India,Andhra Pradesh,Secondary & Above,"PLFS Year (Jul - Jun), 2017",30.633,0.000,False
India,Andhra Pradesh,Secondary & Above,"PLFS Year (Jul - Jun), 2018",29.467,0.000,False
India,Andhra Pradesh,Secondary & Above,"PLFS Year (Jul - Jun), 2019",28.600,0.000,False
India,Andhra Pradesh,Secondary & Above,"PLFS Year (Jul - Jun), 2020",32.933,0.000,False
India,Andhra Pradesh,Secondary & Above,"PLFS Year (Jul - Jun), 2021",30.167,0.000,False
India,Andhra Pradesh,Secondary & Above,"PLFS Year (Jul - Jun), 2022",34.200,0.000,False
India,Andhra Pradesh,Secondary & Above,"PLFS Year (Jul - Jun), 2023",34.133,0.000,False
India,Arunachal Pradesh,All,"PLFS Year (Jul - Jun), 2017",13.900,0.000,False
India,Arunachal Pradesh,All,"PLFS Year (Jul - Jun), 2018",16.533,0.000,False
India,Arunachal Pradesh,All,"PLFS Year (Jul - Jun), 2019",21.567,0.000,False
India,Arunachal Pradesh,All,"PLFS Year (Jul - Jun), 2020",26.467,0.000,False
India,Arunachal Pradesh,All,"PLFS Year (Jul - Jun), 2021",29.567,0.000,False
India,Arunachal Pradesh,All,"PLFS Year (Jul - Jun), 2022",52.933,0.000,False
India,Arunachal Pradesh,All,"PLFS Year (Jul - Jun), 2023",61.233,0.000,False
India,Arunachal Pradesh,Diploma/ Certificate Course,"PLFS Year (Jul - Jun), 2017",66.667,0.000,False
India,Arunachal Pradesh,Diploma/ Certificate Course,"PLFS Year (Jul - Jun), 2018",0.000,0.000,False
India,Arunachal Pradesh,Diploma/ Certificate Course,"PLFS Year (Jul - Jun), 2019",100.000,0.000,False
India,Arunachal Pradesh,Diploma/ Certificate Course,"PLFS Year (Jul - Jun), 2020",42.200,0.000,False
India,Arunachal Pradesh,Diploma/ Certificate Course,"PLFS Year (Jul - Jun), 2021",66.667,0.000,False
India,Arunachal Pradesh,Diploma/ Certificate Course,"PLFS Year (Jul - Jun), 2022",100.000,0.000,False
India,Arunachal Pradesh,Diploma/ Certificate Course,"PLFS Year (Jul - Jun), 2023",66.667,0.000,False
India,Arunachal Pradesh,Graduate,"PLFS Year (Jul - Jun), 2017",42.500,0.000,False
India,Arunachal Pradesh,Graduate,"PLFS Year (Jul - Jun), 2018",57.233,0.000,False
India,Arunachal Pradesh,Graduate,"PLFS Year (Jul - Jun), 2019",64.533,0.000,False
India,Arunachal Pradesh,Graduate,"PLFS Year (Jul - Jun), 2020",65.267,0.000,False
India,Arunachal Pradesh,Graduate,"PLFS Year (Jul - Jun), 2021",62.967,0.000,False
India,Arunachal Pradesh,Graduate,"PLFS Year (Jul - Jun), 2022",67.600,0.000,False
India,Arunachal Pradesh,Graduate,"PLFS Year (Jul - Jun), 2023",87.600,0.000,False
India,Arunachal Pradesh,Higher Secondary,"PLFS Year (Jul - Jun), 2017",20.467,0.000,False
India,Arunachal Pradesh,Higher Secondary,"PLFS Year (Jul - Jun), 2018",15.900,0.000,False
India,Arunachal Pradesh,Higher Secondary,"PLFS Year (Jul - Jun), 2019",22.900,0.000,False
India,Arunachal Pradesh,Higher Secondary,"PLFS Year (Jul - Jun), 2020",23.500,0.000,False
India,Arunachal Pradesh,Higher Secondary,"PLFS Year (Jul - Jun), 2021",22.900,0.000,False
India,Arunachal Pradesh,Higher Secondary,"PLFS Year (Jul - Jun), 2022",38.200,0.000,False
India,Arunachal Pradesh,Higher Secondary,"PLFS Year (Jul - Jun), 2023",48.633,0.000,False
India,Arunachal Pradesh,Literate & Upto Primary,"PLFS Year (Jul - Jun), 2017",13.933,0.000,False
India,Arunachal Pradesh,Literate & Upto Primary,"PLFS Year (Jul - Jun), 2018",20.300,0.000,False
India,Arunachal Pradesh,Literate & Upto Primary,"PLFS Year (Jul - Jun), 2019",17.467,0.000,False
India,Arunachal Pradesh,Literate & Upto Primary,"PLFS Year (Jul - Jun), 2020",21.400,0.000,False
India,Arunachal Pradesh,Literate & Upto Primary,"PLFS Year (Jul - Jun), 2021",30.367,0.000,False
India,Arunachal Pradesh,Literate & Upto Primary,"PLFS Year (Jul - Jun), 2022",64.433,0.000,False
India,Arunachal Pradesh,Literate & Upto Primary,"PLFS Year (Jul - Jun), 2023",72.133,0.000,False
India,Arunachal Pradesh,Middle,"PLFS Year (Jul - Jun), 2017",9.533,0.000,False
India,Arunachal Pradesh,Middle,"PLFS Year (Jul - Jun), 2018",13.300,0.000,False
India,Arunachal Pradesh,Middle,"PLFS Year (Jul - Jun), 2019",17.733,0.000,False
India,Arunachal Pradesh,Middle,"PLFS Year (Jul - Jun), 2020",18.700,0.000,False
India,Arunachal Pradesh,Middle,"PLFS Year (Jul - Jun), 2021",19.867,0.000,False
India,Arunachal Pradesh,Middle,"PLFS Year (Jul - Jun), 2022",39.333,0.000,False
India,Arunachal Pradesh,Middle,"PLFS Year (Jul - Jun), 2023",46.867,0.000,False
India,Arunachal Pradesh,Not Literate,"PLFS Year (Jul - Jun), 2017",11.767,0.000,False
India,Arunachal Pradesh,Not Literate,"PLFS Year (Jul - Jun), 2018",9.367,0.000,False
India,Arunachal Pradesh,Not Literate,"PLFS Year (Jul - Jun), 2019",18.633,0.000,False
India,Arunachal Pradesh,Not Literate,"PLFS Year (Jul - Jun), 2020",28.867,0.000,False
India,Arunachal Pradesh,Not Literate,"PLFS Year (Jul - Jun), 2021",32.033,0.000,False
India,Arunachal Pradesh,Not Literate,"PLFS Year (Jul - Jun), 2022",60.567,0.000,False
India,Arunachal Pradesh,Not Literate,"PLFS Year (Jul - Jun), 2023",64.467,0.000,False
India,Arunachal Pradesh,Post Graduate & Above,"PLFS Year (Jul - Jun), 2017",88.833,0.000,False
India,Arunachal Pradesh,Post Graduate & Above,"PLFS Year (Jul - Jun), 2018",86.367,0.000,False
India,Arunachal Pradesh,Post Graduate & Above,"PLFS Year (Jul - Jun), 2019",70.733,0.000,False
India,Arunachal Pradesh,Post Graduate & Above,"PLFS Year (Jul - Jun), 2020",77.567,0.000,False
India,Arunachal Pradesh,Post Graduate & Above,"PLFS Year (Jul - Jun), 2021",91.500,0.000,False
India,Arunachal Pradesh,Post Graduate & Above,"PLFS Year (Jul - Jun), 2022",96.700,0.000,False
India,Arunachal Pradesh,Post Graduate & Above,"PLFS Year (Jul - Jun), 2023",74.267,0.000,False
India,Arunachal Pradesh,Secondary,"PLFS Year (Jul - Jun), 2017",8.233,0.000,False
India,Arunachal Pradesh,Secondary,"PLFS Year (Jul - Jun), 2018",9.400,0.000,False
India,Arunachal Pradesh,Secondary,"PLFS Year (Jul - Jun), 2019",14.667,0.000,False
India,Arunachal Pradesh,Secondary,"PLFS Year (Jul - Jun), 2020",17.933,0.000,False
India,Arunachal Pradesh,Secondary,"PLFS Year (Jul - Jun), 2021",20.300,0.000,False
India,Arunachal Pradesh,Secondary,"PLFS Year (Jul - Jun), 2022",39.633,0.000,False
India,Arunachal Pradesh,Secondary,"PLFS Year (Jul - Jun), 2023",44.000,0.000,False
India,Arunachal Pradesh,Secondary & Above,"PLFS Year (Jul - Jun), 2017",17.367,0.000,False
India,Arunachal Pradesh,Secondary & Above,"PLFS Year (Jul - Jun), 2018",20.333,0.000,False
India,Arunachal Pradesh,Secondary & Above,"PLFS Year (Jul - Jun), 2019",27.467,0.000,False
India,Arunachal Pradesh,Secondary & Above,"PLFS Year (Jul - Jun), 2020",32.133,0.000,False
India,Arunachal Pradesh,Secondary & Above,"PLFS Year (Jul - Jun), 2021",32.567,0.000,False
India,Arunachal Pradesh,Secondary & Above,"PLFS Year (Jul - Jun), 2022",48.200,0.000,False
India,Arunachal Pradesh,Secondary & Above,"PLFS Year (Jul - Jun), 2023",58.167,0.000,False
India,Assam,All,"PLFS Year (Jul - Jun), 2017",13.467,0.000,False
India,Assam,All,"PLFS Year (Jul - Jun), 2018",12.867,0.000,False
India,Assam,All,"PLFS Year (Jul - Jun), 2019",17.000,0.000,False
India,Assam,All,"PLFS Year (Jul - Jun), 2020",23.300,0.000,False
India,Assam,All,"PLFS Year (Jul - Jun), 2021",26.567,0.000,False
India,Assam,All,"PLFS Year (Jul - Jun), 2022",23.033,0.000,False
India,Assam,All,"PLFS Year (Jul - Jun), 2023",44.833,0.000,False
India,Assam,Diploma/ Certificate Course,"PLFS Year (Jul - Jun), 2017",81.167,0.000,False
India,Assam,Diploma/ Certificate Course,"PLFS Year (Jul - Jun), 2018",71.667,0.000,False
India,Assam,Diploma/ Certificate Course,"PLFS Year (Jul - Jun), 2019",53.200,0.000,False
India,Assam,Diploma/ Certificate Course,"PLFS Year (Jul - Jun), 2020",78.467,0.000,False
India,Assam,Diploma/ Certificate Course,"PLFS Year (Jul - Jun), 2021",100.000,0.000,False
India,Assam,Diploma/ Certificate Course,"PLFS Year (Jul - Jun), 2022",34.833,0.000,False
India,Assam,Diploma/ Certificate Course,"PLFS Year (Jul - Jun), 2023",100.000,0.000,False
India,Assam,Graduate,"PLFS Year (Jul - Jun), 2017",36.467,0.000,False
India,Assam,Graduate,"PLFS Year (Jul - Jun), 2018",33.500,0.000,False
India,Assam,Graduate,"PLFS Year (Jul - Jun), 2019",43.167,0.000,False
India,Assam,Graduate,"PLFS Year (Jul - Jun), 2020",43.500,0.000,False
India,Assam,Graduate,"PLFS Year (Jul - Jun), 2021",42.700,0.000,False
India,Assam,Graduate,"PLFS Year (Jul - Jun), 2022",48.133,0.000,False
India,Assam,Graduate,"PLFS Year (Jul - Jun), 2023",49.933,0.000,False
India,Assam,Higher Secondary,"PLFS Year (Jul - Jun), 2017",18.200,0.000,False
India,Assam,Higher Secondary,"PLFS Year (Jul - Jun), 2018",12.967,0.000,False
India,Assam,Higher Secondary,"PLFS Year (Jul - Jun), 2019",19.133,0.000,False
India,Assam,Higher Secondary,"PLFS Year (Jul - Jun), 2020",20.767,0.000,False
India,Assam,Higher Secondary,"PLFS Year (Jul - Jun), 2021",20.433,0.000,False
India,Assam,Higher Secondary,"PLFS Year (Jul - Jun), 2022",32.700,0.000,False
India,Assam,Higher Secondary,"PLFS Year (Jul - Jun), 2023",37.067,0.000,False
India,Assam,Literate & Upto Primary,"PLFS Year (Jul - Jun), 2017",8.633,0.000,False
India,Assam,Literate & Upto Primary,"PLFS Year (Jul - Jun), 2018",11.167,0.000,False
India,Assam,Literate & Upto Primary,"PLFS Year (Jul - Jun), 2019",13.333,0.000,False
India,Assam,Literate & Upto Primary,"PLFS Year (Jul - Jun), 2020",24.067,0.000,False
India,Assam,Literate & Upto Primary,"PLFS Year (Jul - Jun), 2021",30.600,0.000,False
India,Assam,Literate & Upto Primary,"PLFS Year (Jul - Jun), 2022",21.200,0.000,False
India,Assam,Literate & Upto Primary,"PLFS Year (Jul - Jun), 2023",53.167,0.000,False
India,Assam,Middle,"PLFS Year (Jul - Jun), 2017",9.833,0.000,False
India,Assam,Middle,"PLFS Year (Jul - Jun), 2018",9.200,0.000,False
India,Assam,Middle,"PLFS Year (Jul - Jun), 2019",11.633,0.000,False
India,Assam,Middle,"PLFS Year (Jul - Jun), 2020",18.033,0.000,False
India,Assam,Middle,"PLFS Year (Jul - Jun), 2021",18.900,0.000,False
India,Assam,Middle,"PLFS Year (Jul - Jun), 2022",30.367,0.000,False
India,Assam,Middle,"PLFS Year (Jul - Jun), 2023",38.967,0.000,False
India,Assam,Not Literate,"PLFS Year (Jul - Jun), 2017",13.733,0.000,False
India,Assam,Not Literate,"PLFS Year (Jul - Jun), 2018",11.067,0.000,False
India,Assam,Not Literate,"PLFS Year (Jul - Jun), 2019",19.767,0.000,False
India,Assam,Not Literate,"PLFS Year (Jul - Jun), 2020",23.833,0.000,False
India,Assam,Not Literate,"PLFS Year (Jul - Jun), 2021",28.400,0.000,False
India,Assam,Not Literate,"PLFS Year (Jul - Jun), 2022",15.533,0.000,False
India,Assam,Not Literate,"PLFS Year (Jul - Jun), 2023",48.033,0.000,False
India,Assam,Post Graduate & Above,"PLFS Year (Jul - Jun), 2017",45.500,0.000,False
India,Assam,Post Graduate & Above,"PLFS Year (Jul - Jun), 2018",48.633,0.000,False
India,Assam,Post Graduate & Above,"PLFS Year (Jul - Jun), 2019",52.867,0.000,False
India,Assam,Post Graduate & Above,"PLFS Year (Jul - Jun), 2020",39.733,0.000,False
India,Assam,Post Graduate & Above,"PLFS Year (Jul - Jun), 2021",70.767,0.000,False
India,Assam,Post Graduate & Above,"PLFS Year (Jul - Jun), 2022",65.467,0.000,False
India,Assam,Post Graduate & Above,"PLFS Year (Jul - Jun), 2023",77.733,0.000,False
India,Assam,Secondary,"PLFS Year (Jul - Jun), 2017",10.267,0.000,False
India,Assam,Secondary,"PLFS Year (Jul - Jun), 2018",8.233,0.000,False
India,Assam,Secondary,"PLFS Year (Jul - Jun), 2019",10.467,0.000,False
India,Assam,Secondary,"PLFS Year (Jul - Jun), 2020",19.833,0.000,False
India,Assam,Secondary,"PLFS Year (Jul - Jun), 2021",23.667,0.000,False
India,Assam,Secondary,"PLFS Year (Jul - Jun), 2022",24.467,0.000,False
India,Assam,Secondary,"PLFS Year (Jul - Jun), 2023",32.600,0.000,False
India,Assam,Secondary & Above,"PLFS Year (Jul - Jun), 2017",20.633,0.000,False
India,Assam,Secondary & Above,"PLFS Year (Jul - Jun), 2018",16.767,0.000,False
India,Assam,Secondary & Above,"PLFS Year (Jul - Jun), 2019",22.033,0.000,False
India,Assam,Secondary & Above,"PLFS Year (Jul - Jun), 2020",26.100,0.000,False
India,Assam,Secondary & Above,"PLFS Year (Jul - Jun), 2021",29.167,0.000,False
India,Assam,Secondary & Above,"PLFS Year (Jul - Jun), 2022",33.167,0.000,False
India,Assam,Secondary & Above,"PLFS Year (Jul - Jun), 2023",40.600,0.000,False
India,Bihar,All,"PLFS Year (Jul - Jun), 2017",4.800,0.000,False
India,Bihar,All,"PLFS Year (Jul - Jun), 2018",4.933,0.000,False
India,Bihar,All,"PLFS Year (Jul - Jun), 2019",9.200,0.000,False
India,Bihar,All,"PLFS Year (Jul - Jun), 2020",9.400,0.000,False
India,Bihar,All,"PLFS Year (Jul - Jun), 2021",10.233,0.000,False
India,Bihar,All,"PLFS Year (Jul - Jun), 2022",19.433,0.000,False
India,Bihar,All,"PLFS Year (Jul - Jun), 2023",26.400,0.000,False
India,Bihar,Diploma/ Certificate Course,"PLFS Year (Jul - Jun), 2017",48.133,0.000,False
India,Bihar,Diploma/ Certificate Course,"PLFS Year (Jul - Jun), 2018",42.800,0.000,False
India,Bihar,Diploma/ Certificate Course,"PLFS Year (Jul - Jun), 2019",66.667,0.000,False
India,Bihar,Diploma/ Certificate Course,"PLFS Year (Jul - Jun), 2020",41.433,0.000,False
India,Bihar,Diploma/ Certificate Course,"PLFS Year (Jul - Jun), 2021",36.133,0.000,False
India,Bihar,Diploma/ Certificate Course,"PLFS Year (Jul - Jun), 2022",45.233,0.000,False
India,Bihar,Diploma/ Certificate Course,"PLFS Year (Jul - Jun), 2023",78.867,0.000,False
India,Bihar,Graduate,"PLFS Year (Jul - Jun), 2017",13.900,0.000,False
India,Bihar,Graduate,"PLFS Year (Jul - Jun), 2018",13.067,0.000,False
India,Bihar,Graduate,"PLFS Year (Jul - Jun), 2019",14.000,0.000,False
India,Bihar,Graduate,"PLFS Year (Jul - Jun), 2020",9.700,0.000,False
India,Bihar,Graduate,"PLFS Year (Jul - Jun), 2021",16.767,0.000,False
India,Bihar,Graduate,"PLFS Year (Jul - Jun), 2022",22.933,0.000,False
India,Bihar,Graduate,"PLFS Year (Jul - Jun), 2023",25.067,0.000,False
India,Bihar,Higher Secondary,"PLFS Year (Jul - Jun), 2017",6.567,0.000,False
India,Bihar,Higher Secondary,"PLFS Year (Jul - Jun), 2018",2.967,0.000,False
India,Bihar,Higher Secondary,"PLFS Year (Jul - Jun), 2019",3.433,0.000,False
India,Bihar,Higher Secondary,"PLFS Year (Jul - Jun), 2020",5.133,0.000,False
India,Bihar,Higher Secondary,"PLFS Year (Jul - Jun), 2021",5.700,0.000,False
India,Bihar,Higher Secondary,"PLFS Year (Jul - Jun), 2022",10.000,0.000,False
India,Bihar,Higher Secondary,"PLFS Year (Jul - Jun), 2023",10.633,0.000,False
India,Bihar,Literate & Upto Primary,"PLFS Year (Jul - Jun), 2017",2.667,0.000,False
India,Bihar,Literate & Upto Primary,"PLFS Year (Jul - Jun), 2018",2.633,0.000,False
India,Bihar,Literate & Upto Primary,"PLFS Year (Jul - Jun), 2019",7.600,0.000,False
India,Bihar,Literate & Upto Primary,"PLFS Year (Jul - Jun), 2020",7.300,0.000,False
India,Bihar,Literate & Upto Primary,"PLFS Year (Jul - Jun), 2021",7.933,0.000,False
India,Bihar,Literate & Upto Primary,"PLFS Year (Jul - Jun), 2022",17.833,0.000,False
India,Bihar,Literate & Upto Primary,"PLFS Year (Jul - Jun), 2023",26.867,0.000,False
India,Bihar,Middle,"PLFS Year (Jul - Jun), 2017",1.933,0.000,False
India,Bihar,Middle,"PLFS Year (Jul - Jun), 2018",1.933,0.000,False
India,Bihar,Middle,"PLFS Year (Jul - Jun), 2019",5.333,0.000,False
India,Bihar,Middle,"PLFS Year (Jul - Jun), 2020",6.433,0.000,False
India,Bihar,Middle,"PLFS Year (Jul - Jun), 2021",4.467,0.000,False
India,Bihar,Middle,"PLFS Year (Jul - Jun), 2022",10.600,0.000,False
India,Bihar,Middle,"PLFS Year (Jul - Jun), 2023",18.233,0.000,False
India,Bihar,Not Literate,"PLFS Year (Jul - Jun), 2017",5.167,0.000,False
India,Bihar,Not Literate,"PLFS Year (Jul - Jun), 2018",5.000,0.000,False
India,Bihar,Not Literate,"PLFS Year (Jul - Jun), 2019",12.800,0.000,False
India,Bihar,Not Literate,"PLFS Year (Jul - Jun), 2020",12.433,0.000,False
India,Bihar,Not Literate,"PLFS Year (Jul - Jun), 2021",14.933,0.000,False
India,Bihar,Not Literate,"PLFS Year (Jul - Jun), 2022",26.700,0.000,False
India,Bihar,Not Literate,"PLFS Year (Jul - Jun), 2023",36.000,0.000,False
India,Bihar,Post Graduate & Above,"PLFS Year (Jul - Jun), 2017",22.467,0.000,False
India,Bihar,Post Graduate & Above,"PLFS Year (Jul - Jun), 2018",28.300,0.000,False
India,Bihar,Post Graduate & Above,"PLFS Year (Jul - Jun), 2019",39.767,0.000,False
India,Bihar,Post Graduate & Above,"PLFS Year (Jul - Jun), 2020",39.367,0.000,False
India,Bihar,Post Graduate & Above,"PLFS Year (Jul - Jun), 2021",48.467,0.000,False
India,Bihar,Post Graduate & Above,"PLFS Year (Jul - Jun), 2022",42.133,0.000,False
India,Bihar,Post Graduate & Above,"PLFS Year (Jul - Jun), 2023",39.100,0.000,False
India,Bihar,Secondary,"PLFS Year (Jul - Jun), 2017",2.467,0.000,False
India,Bihar,Secondary,"PLFS Year (Jul - Jun), 2018",3.600,0.000,False
India,Bihar,Secondary,"PLFS Year (Jul - Jun), 2019",3.067,0.000,False
India,Bihar,Secondary,"PLFS Year (Jul - Jun), 2020",4.933,0.000,False
India,Bihar,Secondary,"PLFS Year (Jul - Jun), 2021",2.933,0.000,False
India,Bihar,Secondary,"PLFS Year (Jul - Jun), 2022",11.167,0.000,False
India,Bihar,Secondary,"PLFS Year (Jul - Jun), 2023",13.900,0.000,False
India,Bihar,Secondary & Above,"PLFS Year (Jul - Jun), 2017",6.933,0.000,False
India,Bihar,Secondary & Above,"PLFS Year (Jul - Jun), 2018",6.333,0.000,False
India,Bihar,Secondary & Above,"PLFS Year (Jul - Jun), 2019",6.233,0.000,False
India,Bihar,Secondary & Above,"PLFS Year (Jul - Jun), 2020",6.867,0.000,False
India,Bihar,Secondary & Above,"PLFS Year (Jul - Jun), 2021",7.600,0.000,False
India,Bihar,Secondary & Above,"PLFS Year (Jul - Jun), 2022",13.733,0.000,False
India,Bihar,Secondary & Above,"PLFS Year (Jul - Jun), 2023",16.267,0.000,False
India,Chandigarh,All,"PLFS Year (Jul - Jun), 2017",21.800,0.000,False
India,Chandigarh,All,"PLFS Year (Jul - Jun), 2018",24.167,0.000,False
India,Chandigarh,All,"PLFS Year (Jul - Jun), 2019",24.600,0.000,False
India,Chandigarh,All,"PLFS Year (Jul - Jun), 2020",22.067,0.000,False
India,Chandigarh,All,"PLFS Year (Jul - Jun), 2021",16.400,0.000,False
India,Chandigarh,All,"PLFS Year (Jul - Jun), 2022",23.900,0.000,False
India,Chandigarh,All,"PLFS Year (Jul - Jun), 2023",31.000,1.000,False
India,Chandigarh,Diploma/ Certificate Course,"PLFS Year (Jul - Jun), 2017",32.000,0.000,False
India,Chandigarh,Diploma/ Certificate Course,"PLFS Year (Jul - Jun), 2018",60.200,0.000,False
India,Chandigarh,Diploma/ Certificate Course,"PLFS Year (Jul - Jun), 2019",66.667,0.000,False
India,Chandigarh,Diploma/ Certificate Course,"PLFS Year (Jul - Jun), 2020",38.600,0.000,False
India,Chandigarh,Diploma/ Certificate Course,"PLFS Year (Jul - Jun), 2021",14.933,0.000,False
India,Chandigarh,Diploma/ Certificate Course,"PLFS Year (Jul - Jun), 2022",66.667,0.000,False
India,Chandigarh,Diploma/ Certificate Course,"PLFS Year (Jul - Jun), 2023",59.300,1.000,False
India,Chandigarh,Graduate,"PLFS Year (Jul - Jun), 2017",29.367,0.000,False
India,Chandigarh,Graduate,"PLFS Year (Jul - Jun), 2018",31.000,0.000,False
India,Chandigarh,Graduate,"PLFS Year (Jul - Jun), 2019",20.133,0.000,False
India,Chandigarh,Graduate,"PLFS Year (Jul - Jun), 2020",32.467,0.000,False
India,Chandigarh,Graduate,"PLFS Year (Jul - Jun), 2021",23.933,0.000,False
India,Chandigarh,Graduate,"PLFS Year (Jul - Jun), 2022",37.700,0.000,False
India,Chandigarh,Graduate,"PLFS Year (Jul - Jun), 2023",43.900,1.000,False
India,Chandigarh,Higher Secondary,"PLFS Year (Jul - Jun), 2017",14.233,0.000,False
India,Chandigarh,Higher Secondary,"PLFS Year (Jul - Jun), 2018",21.433,0.000,False
India,Chandigarh,Higher Secondary,"PLFS Year (Jul - Jun), 2019",16.533,0.000,False
India,Chandigarh,Higher Secondary,"PLFS Year (Jul - Jun), 2020",11.100,0.000,False
India,Chandigarh,Higher Secondary,"PLFS Year (Jul - Jun), 2021",5.500,0.000,False
India,Chandigarh,Higher Secondary,"PLFS Year (Jul - Jun), 2022",16.500,0.000,False
India,Chandigarh,Higher Secondary,"PLFS Year (Jul - Jun), 2023",20.900,1.000,False
India,Chandigarh,Literate & Upto Primary,"PLFS Year (Jul - Jun), 2017",19.667,0.000,False
India,Chandigarh,Literate & Upto Primary,"PLFS Year (Jul - Jun), 2018",21.400,0.000,False
India,Chandigarh,Literate & Upto Primary,"PLFS Year (Jul - Jun), 2019",37.800,0.000,False
India,Chandigarh,Literate & Upto Primary,"PLFS Year (Jul - Jun), 2020",16.333,0.000,False
India,Chandigarh,Literate & Upto Primary,"PLFS Year (Jul - Jun), 2021",8.333,0.000,False
India,Chandigarh,Literate & Upto Primary,"PLFS Year (Jul - Jun), 2022",20.733,0.000,False
India,Chandigarh,Literate & Upto Primary,"PLFS Year (Jul - Jun), 2023",20.500,1.000,False
India,Chandigarh,Middle,"PLFS Year (Jul - Jun), 2017",26.167,0.000,False
India,Chandigarh,Middle,"PLFS Year (Jul - Jun), 2018",12.833,0.000,False
India,Chandigarh,Middle,"PLFS Year (Jul - Jun), 2019",10.300,0.000,False
India,Chandigarh,Middle,"PLFS Year (Jul - Jun), 2020",14.300,0.000,False
India,Chandigarh,Middle,"PLFS Year (Jul - Jun), 2021",7.067,0.000,False
India,Chandigarh,Middle,"PLFS Year (Jul - Jun), 2022",12.267,0.000,False
India,Chandigarh,Middle,"PLFS Year (Jul - Jun), 2023",29.300,1.000,False
India,Chandigarh,Not Literate,"PLFS Year (Jul - Jun), 2017",13.133,0.000,False
India,Chandigarh,Not Literate,"PLFS Year (Jul - Jun), 2018",23.867,0.000,False
India,Chandigarh,Not Literate,"PLFS Year (Jul - Jun), 2019",34.767,0.000,False
India,Chandigarh,Not Literate,"PLFS Year (Jul - Jun), 2020",22.233,0.000,False
India,Chandigarh,Not Literate,"PLFS Year (Jul - Jun), 2021",25.633,0.000,False
India,Chandigarh,Not Literate,"PLFS Year (Jul - Jun), 2022",20.800,0.000,False
India,Chandigarh,Not Literate,"PLFS Year (Jul - Jun), 2023",21.400,1.000,False
India,Chandigarh,Post Graduate & Above,"PLFS Year (Jul - Jun), 2017",39.867,0.000,False
India,Chandigarh,Post Graduate & Above,"PLFS Year (Jul - Jun), 2018",70.533,0.000,False
India,Chandigarh,Post Graduate & Above,"PLFS Year (Jul - Jun), 2019",19.700,0.000,False
India,Chandigarh,Post Graduate & Above,"PLFS Year (Jul - Jun), 2020",39.733,0.000,False
India,Chandigarh,Post Graduate & Above,"PLFS Year (Jul - Jun), 2021",23.000,0.000,False
India,Chandigarh,Post Graduate & Above,"PLFS Year (Jul - Jun), 2022",32.333,0.000,False
India,Chandigarh,Post Graduate & Above,"PLFS Year (Jul - Jun), 2023",56.100,1.000,False
India,Chandigarh,Secondary,"PLFS Year (Jul - Jun), 2017",16.533,0.000,False
India,Chandigarh,Secondary,"PLFS Year (Jul - Jun), 2018",5.367,0.000,False
India,Chandigarh,Secondary,"PLFS Year (Jul - Jun), 2019",8.000,0.000,False
India,Chandigarh,Secondary,"PLFS Year (Jul - Jun), 2020",12.067,0.000,False
India,Chandigarh,Secondary,"PLFS Year (Jul - Jun), 2021",16.367,0.000,False
India,Chandigarh,Secondary,"PLFS Year (Jul - Jun), 2022",31.067,0.000,False
India,Chandigarh,Secondary,"PLFS Year (Jul - Jun), 2023",9.000,1.000,False
India,Chandigarh,Secondary & Above,"PLFS Year (Jul - Jun), 2017",24.200,0.000,False
India,Chandigarh,Secondary & Above,"PLFS Year (Jul - Jun), 2018",22.333,0.000,False
India,Chandigarh,Secondary & Above,"PLFS Year (Jul - Jun), 2019",17.033,0.000,False
India,Chandigarh,Secondary & Above,"PLFS Year (Jul - Jun), 2020",23.400,0.000,False
India,Chandigarh,Secondary & Above,"PLFS Year (Jul - Jun), 2021",13.967,0.000,False
India,Chandigarh,Secondary & Above,"PLFS Year (Jul - Jun), 2022",31.833,0.000,False
India,Chandigarh,Secondary & Above,"PLFS Year (Jul - Jun), 2023",34.300,1.000,False
India,Chhattisgarh,All,"PLFS Year (Jul - Jun), 2017",44.600,0.000,False
India,Chhattisgarh,All,"PLFS Year (Jul - Jun), 2018",43.567,0.000,False
India,Chhattisgarh,All,"PLFS Year (Jul - Jun), 2019",46.367,0.000,False
India,Chhattisgarh,All,"PLFS Year (Jul - Jun), 2020",47.100,0.000,False
India,Chhattisgarh,All,"PLFS Year (Jul - Jun), 2021",46.900,0.000,False
India,Chhattisgarh,All,"PLFS Year (Jul - Jun), 2022",53.533,0.000,False
India,Chhattisgarh,All,"PLFS Year (Jul - Jun), 2023",53.133,0.000,False
India,Chhattisgarh,Diploma/ Certificate Course,"PLFS Year (Jul - Jun), 2017",62.233,0.000,False
India,Chhattisgarh,Diploma/ Certificate Course,"PLFS Year (Jul - Jun), 2018",38.200,0.000,False
India,Chhattisgarh,Diploma/ Certificate Course,"PLFS Year (Jul - Jun), 2019",13.333,0.000,False
India,Chhattisgarh,Diploma/ Certificate Course,"PLFS Year (Jul - Jun), 2020",48.367,0.000,False
India,Chhattisgarh,Diploma/ Certificate Course,"PLFS Year (Jul - Jun), 2021",71.267,0.000,False
India,Chhattisgarh,Diploma/ Certificate Course,"PLFS Year (Jul - Jun), 2022",55.467,0.000,False
India,Chhattisgarh,Diploma/ Certificate Course,"PLFS Year (Jul - Jun), 2023",60.933,0.000,False
India,Chhattisgarh,Graduate,"PLFS Year (Jul - Jun), 2017",48.100,0.000,False
India,Chhattisgarh,Graduate,"PLFS Year (Jul - Jun), 2018",36.667,0.000,False
India,Chhattisgarh,Graduate,"PLFS Year (Jul - Jun), 2019",42.533,0.000,False
India,Chhattisgarh,Graduate,"PLFS Year (Jul - Jun), 2020",23.533,0.000,False
India,Chhattisgarh,Graduate,"PLFS Year (Jul - Jun), 2021",38.000,0.000,False
India,Chhattisgarh,Graduate,"PLFS Year (Jul - Jun), 2022",49.067,0.000,False
India,Chhattisgarh,Graduate,"PLFS Year (Jul - Jun), 2023",46.767,0.000,False
India,Chhattisgarh,Higher Secondary,"PLFS Year (Jul - Jun), 2017",23.933,0.000,False
India,Chhattisgarh,Higher Secondary,"PLFS Year (Jul - Jun), 2018",22.267,0.000,False
India,Chhattisgarh,Higher Secondary,"PLFS Year (Jul - Jun), 2019",24.967,0.000,False
India,Chhattisgarh,Higher Secondary,"PLFS Year (Jul - Jun), 2020",27.800,0.000,False
India,Chhattisgarh,Higher Secondary,"PLFS Year (Jul - Jun), 2021",29.633,0.000,False
India,Chhattisgarh,Higher Secondary,"PLFS Year (Jul - Jun), 2022",39.367,0.000,False
India,Chhattisgarh,Higher Secondary,"PLFS Year (Jul - Jun), 2023",38.667,0.000,False
India,Chhattisgarh,Literate & Upto Primary,"PLFS Year (Jul - Jun), 2017",51.900,0.000,False
India,Chhattisgarh,Literate & Upto Primary,"PLFS Year (Jul - Jun), 2018",54.433,0.000,False
India,Chhattisgarh,Literate & Upto Primary,"PLFS Year (Jul - Jun), 2019",56.000,0.000,False
India,Chhattisgarh,Literate & Upto Primary,"PLFS Year (Jul - Jun), 2020",61.033,0.000,False
India,Chhattisgarh,Literate & Upto Primary,"PLFS Year (Jul - Jun), 2021",59.000,0.000,False
India,Chhattisgarh,Literate & Upto Primary,"PLFS Year (Jul - Jun), 2022",68.233,0.000,False
India,Chhattisgarh,Literate & Upto Primary,"PLFS Year (Jul - Jun), 2023",71.000,0.000,False
India,Chhattisgarh,Middle,"PLFS Year (Jul - Jun), 2017",36.700,0.000,False
India,Chhattisgarh,Middle,"PLFS Year (Jul - Jun), 2018",36.767,0.000,False
India,Chhattisgarh,Middle,"PLFS Year (Jul - Jun), 2019",43.700,0.000,False
India,Chhattisgarh,Middle,"PLFS Year (Jul - Jun), 2020",43.867,0.000,False
India,Chhattisgarh,Middle,"PLFS Year (Jul - Jun), 2021",41.933,0.000,False
India,Chhattisgarh,Middle,"PLFS Year (Jul - Jun), 2022",47.833,0.000,False
India,Chhattisgarh,Middle,"PLFS Year (Jul - Jun), 2023",45.500,0.000,False
India,Chhattisgarh,Not Literate,"PLFS Year (Jul - Jun), 2017",54.133,0.000,False
India,Chhattisgarh,Not Literate,"PLFS Year (Jul - Jun), 2018",54.800,0.000,False
India,Chhattisgarh,Not Literate,"PLFS Year (Jul - Jun), 2019",55.333,0.000,False
India,Chhattisgarh,Not Literate,"PLFS Year (Jul - Jun), 2020",56.333,0.000,False
India,Chhattisgarh,Not Literate,"PLFS Year (Jul - Jun), 2021",56.667,0.000,False
India,Chhattisgarh,Not Literate,"PLFS Year (Jul - Jun), 2022",57.767,0.000,False
India,Chhattisgarh,Not Literate,"PLFS Year (Jul - Jun), 2023",60.700,0.000,False
India,Chhattisgarh,Post Graduate & Above,"PLFS Year (Jul - Jun), 2017",60.233,0.000,False
India,Chhattisgarh,Post Graduate & Above,"PLFS Year (Jul - Jun), 2018",42.700,0.000,False
India,Chhattisgarh,Post Graduate & Above,"PLFS Year (Jul - Jun), 2019",52.967,0.000,False
India,Chhattisgarh,Post Graduate & Above,"PLFS Year (Jul - Jun), 2020",56.300,0.000,False
India,Chhattisgarh,Post Graduate & Above,"PLFS Year (Jul - Jun), 2021",47.767,0.000,False
India,Chhattisgarh,Post Graduate & Above,"PLFS Year (Jul - Jun), 2022",73.933,0.000,False
India,Chhattisgarh,Post Graduate & Above,"PLFS Year (Jul - Jun), 2023",68.533,0.000,False
India,Chhattisgarh,Secondary,"PLFS Year (Jul - Jun), 2017",19.800,0.000,False
India,Chhattisgarh,Secondary,"PLFS Year (Jul - Jun), 2018",24.200,0.000,False
India,Chhattisgarh,Secondary,"PLFS Year (Jul - Jun), 2019",26.567,0.000,False
India,Chhattisgarh,Secondary,"PLFS Year (Jul - Jun), 2020",25.700,0.000,False
India,Chhattisgarh,Secondary,"PLFS Year (Jul - Jun), 2021",26.467,0.000,False
India,Chhattisgarh,Secondary,"PLFS Year (Jul - Jun), 2022",33.000,0.000,False
India,Chhattisgarh,Secondary,"PLFS Year (Jul - Jun), 2023",33.633,0.000,False
India,Chhattisgarh,Secondary & Above,"PLFS Year (Jul - Jun), 2017",29.433,0.000,False
India,Chhattisgarh,Secondary & Above,"PLFS Year (Jul - Jun), 2018",27.867,0.000,False
India,Chhattisgarh,Secondary & Above,"PLFS Year (Jul - Jun), 2019",31.700,0.000,False
India,Chhattisgarh,Secondary & Above,"PLFS Year (Jul - Jun), 2020",29.967,0.000,False
India,Chhattisgarh,Secondary & Above,"PLFS Year (Jul - Jun), 2021",33.667,0.000,False
India,Chhattisgarh,Secondary & Above,"PLFS Year (Jul - Jun), 2022",43.433,0.000,False
India,Chhattisgarh,Secondary & Above,"PLFS Year (Jul - Jun), 2023",42.167,0.000,False
India,Delhi,All,"PLFS Year (Jul - Jun), 2017",10.667,0.000,False
India,Delhi,All,"PLFS Year (Jul - Jun), 2018",16.733,0.000,False
India,Delhi,All,"PLFS Year (Jul - Jun), 2019",17.700,0.000,False
India,Delhi,All,"PLFS Year (Jul - Jun), 2020",12.300,0.000,False
India,Delhi,All,"PLFS Year (Jul - Jun), 2021",11.100,0.000,False
India,Delhi,All,"PLFS Year (Jul - Jun), 2022",11.267,0.000,False
India,Delhi,All,"PLFS Year (Jul - Jun), 2023",18.300,0.000,False
India,Delhi,Diploma/ Certificate Course,"PLFS Year (Jul - Jun), 2017",66.667,0.000,False
India,Delhi,Diploma/ Certificate Course,"PLFS Year (Jul - Jun), 2018",27.867,0.000,False
India,Delhi,Diploma/ Certificate Course,"PLFS Year (Jul - Jun), 2019",15.867,0.000,False
India,Delhi,Diploma/ Certificate Course,"PLFS Year (Jul - Jun), 2020",52.800,0.000,False
India,Delhi,Diploma/ Certificate Course,"PLFS Year (Jul - Jun), 2021",5.400,0.000,False
India,Delhi,Diploma/ Certificate Course,"PLFS Year (Jul - Jun), 2022",66.667,0.000,False
India,Delhi,Diploma/ Certificate Course,"PLFS Year (Jul - Jun), 2023",30.933,0.000,False
India,Delhi,Graduate,"PLFS Year (Jul - Jun), 2017",16.333,0.000,False
India,Delhi,Graduate,"PLFS Year (Jul - Jun), 2018",39.567,0.000,False
India,Delhi,Graduate,"PLFS Year (Jul - Jun), 2019",13.067,0.000,False
India,Delhi,Graduate,"PLFS Year (Jul - Jun), 2020",30.767,0.000,False
India,Delhi,Graduate,"PLFS Year (Jul - Jun), 2021",28.500,0.000,False
India,Delhi,Graduate,"PLFS Year (Jul - Jun), 2022",14.033,0.000,False
India,Delhi,Graduate,"PLFS Year (Jul - Jun), 2023",25.833,0.000,False
India,Delhi,Higher Secondary,"PLFS Year (Jul - Jun), 2017",8.100,0.000,False
India,Delhi,Higher Secondary,"PLFS Year (Jul - Jun), 2018",5.133,0.000,False
India,Delhi,Higher Secondary,"PLFS Year (Jul - Jun), 2019",7.200,0.000,False
India,Delhi,Higher Secondary,"PLFS Year (Jul - Jun), 2020",4.767,0.000,False
India,Delhi,Higher Secondary,"PLFS Year (Jul - Jun), 2021",5.933,0.000,False
India,Delhi,Higher Secondary,"PLFS Year (Jul - Jun), 2022",3.700,0.000,False
India,Delhi,Higher Secondary,"PLFS Year (Jul - Jun), 2023",4.833,0.000,False
India,Delhi,Literate & Upto Primary,"PLFS Year (Jul - Jun), 2017",11.200,0.000,False
India,Delhi,Literate & Upto Primary,"PLFS Year (Jul - Jun), 2018",6.867,0.000,False
India,Delhi,Literate & Upto Primary,"PLFS Year (Jul - Jun), 2019",7.033,0.000,False
India,Delhi,Literate & Upto Primary,"PLFS Year (Jul - Jun), 2020",5.867,0.000,False
India,Delhi,Literate & Upto Primary,"PLFS Year (Jul - Jun), 2021",6.067,0.000,False
India,Delhi,Literate & Upto Primary,"PLFS Year (Jul - Jun), 2022",15.600,0.000,False
India,Delhi,Literate & Upto Primary,"PLFS Year (Jul - Jun), 2023",10.233,0.000,False
India,Delhi,Middle,"PLFS Year (Jul - Jun), 2017",2.533,0.000,False
India,Delhi,Middle,"PLFS Year (Jul - Jun), 2018",9.233,0.000,False
India,Delhi,Middle,"PLFS Year (Jul - Jun), 2019",5.900,0.000,False
India,Delhi,Middle,"PLFS Year (Jul - Jun), 2020",7.300,0.000,False
India,Delhi,Middle,"PLFS Year (Jul - Jun), 2021",5.667,0.000,False
India,Delhi,Middle,"PLFS Year (Jul - Jun), 2022",7.767,0.000,False
India,Delhi,Middle,"PLFS Year (Jul - Jun), 2023",21.433,0.000,False
India,Delhi,Not Literate,"PLFS Year (Jul - Jun), 2017",9.800,0.000,False
India,Delhi,Not Literate,"PLFS Year (Jul - Jun), 2018",17.533,0.000,False
India,Delhi,Not Literate,"PLFS Year (Jul - Jun), 2019",21.800,0.000,False
India,Delhi,Not Literate,"PLFS Year (Jul - Jun), 2020",20.533,0.000,False
India,Delhi,Not Literate,"PLFS Year (Jul - Jun), 2021",18.667,0.000,False
India,Delhi,Not Literate,"PLFS Year (Jul - Jun), 2022",17.400,0.000,False
India,Delhi,Not Literate,"PLFS Year (Jul - Jun), 2023",29.000,0.000,False
India,Delhi,Post Graduate & Above,"PLFS Year (Jul - Jun), 2017",24.800,0.000,False
India,Delhi,Post Graduate & Above,"PLFS Year (Jul - Jun), 2018",22.667,0.000,False
India,Delhi,Post Graduate & Above,"PLFS Year (Jul - Jun), 2019",27.267,0.000,False
India,Delhi,Post Graduate & Above,"PLFS Year (Jul - Jun), 2020",24.933,0.000,False
India,Delhi,Post Graduate & Above,"PLFS Year (Jul - Jun), 2021",30.367,0.000,False
India,Delhi,Post Graduate & Above,"PLFS Year (Jul - Jun), 2022",25.633,0.000,False
India,Delhi,Post Graduate & Above,"PLFS Year (Jul - Jun), 2023",23.600,0.000,False
India,Delhi,Secondary,"PLFS Year (Jul - Jun), 2017",6.000,0.000,False
India,Delhi,Secondary,"PLFS Year (Jul - Jun), 2018",20.367,0.000,False
India,Delhi,Secondary,"PLFS Year (Jul - Jun), 2019",30.700,0.000,False
India,Delhi,Secondary,"PLFS Year (Jul - Jun), 2020",5.200,0.000,False
India,Delhi,Secondary,"PLFS Year (Jul - Jun), 2021",3.300,0.000,False
India,Delhi,Secondary,"PLFS Year (Jul - Jun), 2022",3.067,0.000,False
India,Delhi,Secondary,"PLFS Year (Jul - Jun), 2023",4.533,0.000,False
India,Delhi,Secondary & Above,"PLFS Year (Jul - Jun), 2017",13.967,0.000,False
India,Delhi,Secondary & Above,"PLFS Year (Jul - Jun), 2018",22.467,0.000,False
India,Delhi,Secondary & Above,"PLFS Year (Jul - Jun), 2019",21.967,0.000,False
India,Delhi,Secondary & Above,"PLFS Year (Jul - Jun), 2020",12.967,0.000,False
India,Delhi,Secondary & Above,"PLFS Year (Jul - Jun), 2021",15.033,0.000,False
India,Delhi,Secondary & Above,"PLFS Year (Jul - Jun), 2022",8.633,0.000,False
India,Delhi,Secondary & Above,"PLFS Year (Jul - Jun), 2023",13.367,0.000,False
India,Goa,All,"PLFS Year (Jul - Jun), 2017",31.000,0.000,False
India,Goa,All,"PLFS Year (Jul - Jun), 2018",29.733,0.000,False
India,Goa,All,"PLFS Year (Jul - Jun), 2019",27.933,0.000,False
India,Goa,All,"PLFS Year (Jul - Jun), 2020",28.133,0.000,False
India,Goa,All,"PLFS Year (Jul - Jun), 2021",20.567,0.000,False
India,Goa,All,"PLFS Year (Jul - Jun), 2022",27.933,0.000,False
India,Goa,All,"PLFS Year (Jul - Jun), 2023",29.100,0.000,False
India,Goa,Diploma/ Certificate Course,"PLFS Year (Jul - Jun), 2017",41.100,0.000,False
India,Goa,Diploma/ Certificate Course,"PLFS Year (Jul - Jun), 2018",52.233,0.000,False
India,Goa,Diploma/ Certificate Course,"PLFS Year (Jul - Jun), 2019",55.100,0.000,False
India,Goa,Diploma/ Certificate Course,"PLFS Year (Jul - Jun), 2020",82.367,0.000,False
India,Goa,Diploma/ Certificate Course,"PLFS Year (Jul - Jun), 2021",82.767,0.000,False
India,Goa,Diploma/ Certificate Course,"PLFS Year (Jul - Jun), 2022",58.267,0.000,False
India,Goa,Diploma/ Certificate Course,"PLFS Year (Jul - Jun), 2023",83.300,0.000,False
India,Goa,Graduate,"PLFS Year (Jul - Jun), 2017",52.000,0.000,False
India,Goa,Graduate,"PLFS Year (Jul - Jun), 2018",44.900,0.000,False
India,Goa,Graduate,"PLFS Year (Jul - Jun), 2019",48.267,0.000,False
India,Goa,Graduate,"PLFS Year (Jul - Jun), 2020",57.933,0.000,False
India,Goa,Graduate,"PLFS Year (Jul - Jun), 2021",38.267,0.000,False
India,Goa,Graduate,"PLFS Year (Jul - Jun), 2022",44.600,0.000,False
India,Goa,Graduate,"PLFS Year (Jul - Jun), 2023",46.533,0.000,False
India,Goa,Higher Secondary,"PLFS Year (Jul - Jun), 2017",35.767,0.000,False
India,Goa,Higher Secondary,"PLFS Year (Jul - Jun), 2018",34.867,0.000,False
India,Goa,Higher Secondary,"PLFS Year (Jul - Jun), 2019",23.900,0.000,False
India,Goa,Higher Secondary,"PLFS Year (Jul - Jun), 2020",22.533,0.000,False
India,Goa,Higher Secondary,"PLFS Year (Jul - Jun), 2021",19.067,0.000,False
India,Goa,Higher Secondary,"PLFS Year (Jul - Jun), 2022",23.733,0.000,False
India,Goa,Higher Secondary,"PLFS Year (Jul - Jun), 2023",28.000,0.000,False
India,Goa,Literate & Upto Primary,"PLFS Year (Jul - Jun), 2017",16.200,0.000,False
India,Goa,Literate & Upto Primary,"PLFS Year (Jul - Jun), 2018",19.467,0.000,False
India,Goa,Literate & Upto Primary,"PLFS Year (Jul - Jun), 2019",23.633,0.000,False
India,Goa,Literate & Upto Primary,"PLFS Year (Jul - Jun), 2020",28.000,0.000,False
India,Goa,Literate & Upto Primary,"PLFS Year (Jul - Jun), 2021",11.133,0.000,False
India,Goa,Literate & Upto Primary,"PLFS Year (Jul - Jun), 2022",27.233,0.000,False
India,Goa,Literate & Upto Primary,"PLFS Year (Jul - Jun), 2023",21.333,0.000,False
India,Goa,Middle,"PLFS Year (Jul - Jun), 2017",28.300,0.000,False
India,Goa,Middle,"PLFS Year (Jul - Jun), 2018",19.400,0.000,False
India,Goa,Middle,"PLFS Year (Jul - Jun), 2019",26.033,0.000,False
India,Goa,Middle,"PLFS Year (Jul - Jun), 2020",12.900,0.000,False
India,Goa,Middle,"PLFS Year (Jul - Jun), 2021",18.500,0.000,False
India,Goa,Middle,"PLFS Year (Jul - Jun), 2022",18.633,0.000,False
India,Goa,Middle,"PLFS Year (Jul - Jun), 2023",26.233,0.000,False
India,Goa,Not Literate,"PLFS Year (Jul - Jun), 2017",24.200,0.000,False
India,Goa,Not Literate,"PLFS Year (Jul - Jun), 2018",29.967,0.000,False
India,Goa,Not Literate,"PLFS Year (Jul - Jun), 2019",20.667,0.000,False
India,Goa,Not Literate,"PLFS Year (Jul - Jun), 2020",16.533,0.000,False
India,Goa,Not Literate,"PLFS Year (Jul - Jun), 2021",11.233,0.000,False
India,Goa,Not Literate,"PLFS Year (Jul - Jun), 2022",24.600,0.000,False
India,Goa,Not Literate,"PLFS Year (Jul - Jun), 2023",16.767,0.000,False
India,Goa,Post Graduate & Above,"PLFS Year (Jul - Jun), 2017",87.067,0.000,False
India,Goa,Post Graduate & Above,"PLFS Year (Jul - Jun), 2018",97.967,0.000,False
India,Goa,Post Graduate & Above,"PLFS Year (Jul - Jun), 2019",74.700,0.000,False
India,Goa,Post Graduate & Above,"PLFS Year (Jul - Jun), 2020",85.567,0.000,False
India,Goa,Post Graduate & Above,"PLFS Year (Jul - Jun), 2021",68.833,0.000,False
India,Goa,Post Graduate & Above,"PLFS Year (Jul - Jun), 2022",79.167,0.000,False
India,Goa,Post Graduate & Above,"PLFS Year (Jul - Jun), 2023",42.200,0.000,False
India,Goa,Secondary,"PLFS Year (Jul - Jun), 2017",15.700,0.000,False
India,Goa,Secondary,"PLFS Year (Jul - Jun), 2018",24.700,0.000,False
India,Goa,Secondary,"PLFS Year (Jul - Jun), 2019",21.700,0.000,False
India,Goa,Secondary,"PLFS Year (Jul - Jun), 2020",12.600,0.000,False
India,Goa,Secondary,"PLFS Year (Jul - Jun), 2021",12.100,0.000,False
India,Goa,Secondary,"PLFS Year (Jul - Jun), 2022",17.633,0.000,False
India,Goa,Secondary,"PLFS Year (Jul - Jun), 2023",24.133,0.000,False
India,Goa,Secondary & Above,"PLFS Year (Jul - Jun), 2017",37.933,0.000,False
India,Goa,Secondary & Above,"PLFS Year (Jul - Jun), 2018",38.633,0.000,False
India,Goa,Secondary & Above,"PLFS Year (Jul - Jun), 2019",32.567,0.000,False
India,Goa,Secondary & Above,"PLFS Year (Jul - Jun), 2020",38.667,0.000,False
India,Goa,Secondary & Above,"PLFS Year (Jul - Jun), 2021",26.067,0.000,False
India,Goa,Secondary & Above,"PLFS Year (Jul - Jun), 2022",32.667,0.000,False
India,Goa,Secondary & Above,"PLFS Year (Jul - Jun), 2023",34.833,0.000,False
India,Gujarat,All,"PLFS Year (Jul - Jun), 2017",19.533,0.000,False
India,Gujarat,All,"PLFS Year (Jul - Jun), 2018",21.100,0.000,False
India,Gujarat,All,"PLFS Year (Jul - Jun), 2019",30.300,0.000,False
India,Gujarat,All,"PLFS Year (Jul - Jun), 2020",31.767,0.000,False
India,Gujarat,All,"PLFS Year (Jul - Jun), 2021",33.267,0.000,False
India,Gujarat,All,"PLFS Year (Jul - Jun), 2022",41.067,0.000,False
India,Gujarat,All,"PLFS Year (Jul - Jun), 2023",44.500,0.000,False
India,Gujarat,Diploma/ Certificate Course,"PLFS Year (Jul - Jun), 2017",24.400,0.000,False
India,Gujarat,Diploma/ Certificate Course,"PLFS Year (Jul - Jun), 2018",12.667,0.000,False
India,Gujarat,Diploma/ Certificate Course,"PLFS Year (Jul - Jun), 2019",44.467,0.000,False
India,Gujarat,Diploma/ Certificate Course,"PLFS Year (Jul - Jun), 2020",71.500,0.000,False
India,Gujarat,Diploma/ Certificate Course,"PLFS Year (Jul - Jun), 2021",68.833,0.000,False
India,Gujarat,Diploma/ Certificate Course,"PLFS Year (Jul - Jun), 2022",75.867,0.000,False
India,Gujarat,Diploma/ Certificate Course,"PLFS Year (Jul - Jun), 2023",63.800,0.000,False
India,Gujarat,Graduate,"PLFS Year (Jul - Jun), 2017",25.000,0.000,False
India,Gujarat,Graduate,"PLFS Year (Jul - Jun), 2018",23.067,0.000,False
India,Gujarat,Graduate,"PLFS Year (Jul - Jun), 2019",28.067,0.000,False
India,Gujarat,Graduate,"PLFS Year (Jul - Jun), 2020",31.900,0.000,False
India,Gujarat,Graduate,"PLFS Year (Jul - Jun), 2021",31.633,0.000,False
India,Gujarat,Graduate,"PLFS Year (Jul - Jun), 2022",30.900,0.000,False
India,Gujarat,Graduate,"PLFS Year (Jul - Jun), 2023",38.533,0.000,False
India,Gujarat,Higher Secondary,"PLFS Year (Jul - Jun), 2017",10.900,0.000,False
India,Gujarat,Higher Secondary,"PLFS Year (Jul - Jun), 2018",13.800,0.000,False
India,Gujarat,Higher Secondary,"PLFS Year (Jul - Jun), 2019",19.533,0.000,False
India,Gujarat,Higher Secondary,"PLFS Year (Jul - Jun), 2020",19.767,0.000,False
India,Gujarat,Higher Secondary,"PLFS Year (Jul - Jun), 2021",22.633,0.000,False
India,Gujarat,Higher Secondary,"PLFS Year (Jul - Jun), 2022",28.600,0.000,False
India,Gujarat,Higher Secondary,"PLFS Year (Jul - Jun), 2023",32.800,0.000,False
India,Gujarat,Literate & Upto Primary,"PLFS Year (Jul - Jun), 2017",22.200,0.000,False
India,Gujarat,Literate & Upto Primary,"PLFS Year (Jul - Jun), 2018",22.700,0.000,False
India,Gujarat,Literate & Upto Primary,"PLFS Year (Jul - Jun), 2019",30.667,0.000,False
India,Gujarat,Literate & Upto Primary,"PLFS Year (Jul - Jun), 2020",33.600,0.000,False
India,Gujarat,Literate & Upto Primary,"PLFS Year (Jul - Jun), 2021",36.300,0.000,False
India,Gujarat,Literate & Upto Primary,"PLFS Year (Jul - Jun), 2022",48.700,0.000,False
India,Gujarat,Literate & Upto Primary,"PLFS Year (Jul - Jun), 2023",48.400,0.000,False
India,Gujarat,Middle,"PLFS Year (Jul - Jun), 2017",14.767,0.000,False
India,Gujarat,Middle,"PLFS Year (Jul - Jun), 2018",17.433,0.000,False
India,Gujarat,Middle,"PLFS Year (Jul - Jun), 2019",27.000,0.000,False
India,Gujarat,Middle,"PLFS Year (Jul - Jun), 2020",27.400,0.000,False
India,Gujarat,Middle,"PLFS Year (Jul - Jun), 2021",29.733,0.000,False
India,Gujarat,Middle,"PLFS Year (Jul - Jun), 2022",38.833,0.000,False
India,Gujarat,Middle,"PLFS Year (Jul - Jun), 2023",45.000,0.000,False
India,Gujarat,Not Literate,"PLFS Year (Jul - Jun), 2017",20.733,0.000,False
India,Gujarat,Not Literate,"PLFS Year (Jul - Jun), 2018",22.267,0.000,False
India,Gujarat,Not Literate,"PLFS Year (Jul - Jun), 2019",39.367,0.000,False
India,Gujarat,Not Literate,"PLFS Year (Jul - Jun), 2020",37.967,0.000,False
India,Gujarat,Not Literate,"PLFS Year (Jul - Jun), 2021",39.167,0.000,False
India,Gujarat,Not Literate,"PLFS Year (Jul - Jun), 2022",46.767,0.000,False
India,Gujarat,Not Literate,"PLFS Year (Jul - Jun), 2023",48.367,0.000,False
India,Gujarat,Post Graduate & Above,"PLFS Year (Jul - Jun), 2017",49.200,0.000,False
India,Gujarat,Post Graduate & Above,"PLFS Year (Jul - Jun), 2018",42.633,0.000,False
India,Gujarat,Post Graduate & Above,"PLFS Year (Jul - Jun), 2019",36.967,0.000,False
India,Gujarat,Post Graduate & Above,"PLFS Year (Jul - Jun), 2020",44.600,0.000,False
India,Gujarat,Post Graduate & Above,"PLFS Year (Jul - Jun), 2021",38.400,0.000,False
India,Gujarat,Post Graduate & Above,"PLFS Year (Jul - Jun), 2022",46.500,0.000,False
India,Gujarat,Post Graduate & Above,"PLFS Year (Jul - Jun), 2023",43.933,0.000,False
India,Gujarat,Secondary,"PLFS Year (Jul - Jun), 2017",14.167,0.000,False
India,Gujarat,Secondary,"PLFS Year (Jul - Jun), 2018",14.533,0.000,False
India,Gujarat,Secondary,"PLFS Year (Jul - Jun), 2019",17.967,0.000,False
India,Gujarat,Secondary,"PLFS Year (Jul - Jun), 2020",18.600,0.000,False
India,Gujarat,Secondary,"PLFS Year (Jul - Jun), 2021",25.433,0.000,False
India,Gujarat,Secondary,"PLFS Year (Jul - Jun), 2022",28.900,0.000,False
India,Gujarat,Secondary,"PLFS Year (Jul - Jun), 2023",31.500,0.000,False
India,Gujarat,Secondary & Above,"PLFS Year (Jul - Jun), 2017",18.033,0.000,False
India,Gujarat,Secondary & Above,"PLFS Year (Jul - Jun), 2018",19.367,0.000,False
India,Gujarat,Secondary & Above,"PLFS Year (Jul - Jun), 2019",23.333,0.000,False
India,Gujarat,Secondary & Above,"PLFS Year (Jul - Jun), 2020",25.000,0.000,False
India,Gujarat,Secondary & Above,"PLFS Year (Jul - Jun), 2021",28.000,0.000,False
India,Gujarat,Secondary & Above,"PLFS Year (Jul - Jun), 2022",31.600,0.000,False
India,Gujarat,Secondary & Above,"PLFS Year (Jul - Jun), 2023",35.900,0.000,False
India,Haryana,All,"PLFS Year (Jul - Jun), 2017",14.233,0.000,False
India,Haryana,All,"PLFS Year (Jul - Jun), 2018",15.833,0.000,False
India,Haryana,All,"PLFS Year (Jul - Jun), 2019",16.433,0.000,False
India,Haryana,All,"PLFS Year (Jul - Jun), 2020",19.000,0.000,False
India,Haryana,All,"PLFS Year (Jul - Jun), 2021",19.167,0.000,False
India,Haryana,All,"PLFS Year (Jul - Jun), 2022",20.567,0.000,False
India,Haryana,All,"PLFS Year (Jul - Jun), 2023",23.767,0.000,False
India,Haryana,Diploma/ Certificate Course,"PLFS Year (Jul - Jun), 2017",14.100,0.000,False
India,Haryana,Diploma/ Certificate Course,"PLFS Year (Jul - Jun), 2018",41.600,0.000,False
India,Haryana,Diploma/ Certificate Course,"PLFS Year (Jul - Jun), 2019",33.533,0.000,False
India,Haryana,Diploma/ Certificate Course,"PLFS Year (Jul - Jun), 2020",32.667,0.000,False
India,Haryana,Diploma/ Certificate Course,"PLFS Year (Jul - Jun), 2021",50.067,0.000,False
India,Haryana,Diploma/ Certificate Course,"PLFS Year (Jul - Jun), 2022",31.467,0.000,False
India,Haryana,Diploma/ Certificate Course,"PLFS Year (Jul - Jun), 2023",28.633,0.000,False
India,Haryana,Graduate,"PLFS Year (Jul - Jun), 2017",22.567,0.000,False
India,Haryana,Graduate,"PLFS Year (Jul - Jun), 2018",24.400,0.000,False
India,Haryana,Graduate,"PLFS Year (Jul - Jun), 2019",24.233,0.000,False
India,Haryana,Graduate,"PLFS Year (Jul - Jun), 2020",21.567,0.000,False
India,Haryana,Graduate,"PLFS Year (Jul - Jun), 2021",22.100,0.000,False
India,Haryana,Graduate,"PLFS Year (Jul - Jun), 2022",22.133,0.000,False
India,Haryana,Graduate,"PLFS Year (Jul - Jun), 2023",24.600,0.000,False
India,Haryana,Higher Secondary,"PLFS Year (Jul - Jun), 2017",9.767,0.000,False
India,Haryana,Higher Secondary,"PLFS Year (Jul - Jun), 2018",5.700,0.000,False
India,Haryana,Higher Secondary,"PLFS Year (Jul - Jun), 2019",12.667,0.000,False
India,Haryana,Higher Secondary,"PLFS Year (Jul - Jun), 2020",11.267,0.000,False
India,Haryana,Higher Secondary,"PLFS Year (Jul - Jun), 2021",14.200,0.000,False
India,Haryana,Higher Secondary,"PLFS Year (Jul - Jun), 2022",15.033,0.000,False
India,Haryana,Higher Secondary,"PLFS Year (Jul - Jun), 2023",17.533,0.000,False
India,Haryana,Literate & Upto Primary,"PLFS Year (Jul - Jun), 2017",16.767,0.000,False
India,Haryana,Literate & Upto Primary,"PLFS Year (Jul - Jun), 2018",18.833,0.000,False
India,Haryana,Literate & Upto Primary,"PLFS Year (Jul - Jun), 2019",16.700,0.000,False
India,Haryana,Literate & Upto Primary,"PLFS Year (Jul - Jun), 2020",23.567,0.000,False
India,Haryana,Literate & Upto Primary,"PLFS Year (Jul - Jun), 2021",23.700,0.000,False
India,Haryana,Literate & Upto Primary,"PLFS Year (Jul - Jun), 2022",29.800,0.000,False
India,Haryana,Literate & Upto Primary,"PLFS Year (Jul - Jun), 2023",29.333,0.000,False
India,Haryana,Middle,"PLFS Year (Jul - Jun), 2017",11.367,0.000,False
India,Haryana,Middle,"PLFS Year (Jul - Jun), 2018",10.367,0.000,False
India,Haryana,Middle,"PLFS Year (Jul - Jun), 2019",12.033,0.000,False
India,Haryana,Middle,"PLFS Year (Jul - Jun), 2020",13.767,0.000,False
India,Haryana,Middle,"PLFS Year (Jul - Jun), 2021",13.767,0.000,False
India,Haryana,Middle,"PLFS Year (Jul - Jun), 2022",14.433,0.000,False
India,Haryana,Middle,"PLFS Year (Jul - Jun), 2023",21.667,0.000,False
India,Haryana,Not Literate,"PLFS Year (Jul - Jun), 2017",12.300,0.000,False
India,Haryana,Not Literate,"PLFS Year (Jul - Jun), 2018",14.200,0.000,False
India,Haryana,Not Literate,"PLFS Year (Jul - Jun), 2019",15.567,0.000,False
India,Haryana,Not Literate,"PLFS Year (Jul - Jun), 2020",20.967,0.000,False
India,Haryana,Not Literate,"PLFS Year (Jul - Jun), 2021",19.900,0.000,False
India,Haryana,Not Literate,"PLFS Year (Jul - Jun), 2022",21.933,0.000,False
India,Haryana,Not Literate,"PLFS Year (Jul - Jun), 2023",22.367,0.000,False
India,Haryana,Post Graduate & Above,"PLFS Year (Jul - Jun), 2017",43.867,0.000,False
India,Haryana,Post Graduate & Above,"PLFS Year (Jul - Jun), 2018",49.200,0.000,False
India,Haryana,Post Graduate & Above,"PLFS Year (Jul - Jun), 2019",36.500,0.000,False
India,Haryana,Post Graduate & Above,"PLFS Year (Jul - Jun), 2020",41.200,0.000,False
India,Haryana,Post Graduate & Above,"PLFS Year (Jul - Jun), 2021",44.067,0.000,False
India,Haryana,Post Graduate & Above,"PLFS Year (Jul - Jun), 2022",39.000,0.000,False
India,Haryana,Post Graduate & Above,"PLFS Year (Jul - Jun), 2023",34.233,0.000,False
India,Haryana,Secondary,"PLFS Year (Jul - Jun), 2017",10.567,0.000,False
India,Haryana,Secondary,"PLFS Year (Jul - Jun), 2018",8.967,0.000,False
India,Haryana,Secondary,"PLFS Year (Jul - Jun), 2019",8.433,0.000,False
India,Haryana,Secondary,"PLFS Year (Jul - Jun), 2020",9.900,0.000,False
India,Haryana,Secondary,"PLFS Year (Jul - Jun), 2021",9.900,0.000,False
India,Haryana,Secondary,"PLFS Year (Jul - Jun), 2022",8.267,0.000,False
India,Haryana,Secondary,"PLFS Year (Jul - Jun), 2023",18.233,0.000,False
India,Haryana,Secondary & Above,"PLFS Year (Jul - Jun), 2017",16.500,0.000,False
India,Haryana,Secondary & Above,"PLFS Year (Jul - Jun), 2018",16.967,0.000,False
India,Haryana,Secondary & Above,"PLFS Year (Jul - Jun), 2019",18.033,0.000,False
India,Haryana,Secondary & Above,"PLFS Year (Jul - Jun), 2020",17.700,0.000,False
India,Haryana,Secondary & Above,"PLFS Year (Jul - Jun), 2021",18.800,0.000,False
India,Haryana,Secondary & Above,"PLFS Year (Jul - Jun), 2022",18.067,0.000,False
India,Haryana,Secondary & Above,"PLFS Year (Jul - Jun), 2023",22.867,0.000,False
India,Himachal Pradesh,All,"PLFS Year (Jul - Jun), 2017",42.100,0.000,False
India,Himachal Pradesh,All,"PLFS Year (Jul - Jun), 2018",50.900,0.000,False
India,Himachal Pradesh,All,"PLFS Year (Jul - Jun), 2019",57.933,0.000,False
India,Himachal Pradesh,All,"PLFS Year (Jul - Jun), 2020",53.967,0.000,False
India,Himachal Pradesh,All,"PLFS Year (Jul - Jun), 2021",57.900,0.000,False
India,Himachal Pradesh,All,"PLFS Year (Jul - Jun), 2022",62.300,0.000,False
India,Himachal Pradesh,All,"PLFS Year (Jul - Jun), 2023",60.967,0.000,False
India,Himachal Pradesh,Diploma/ Certificate Course,"PLFS Year (Jul - Jun), 2017",63.733,0.000,False
India,Himachal Pradesh,Diploma/ Certificate Course,"PLFS Year (Jul - Jun), 2018",76.567,0.000,False
India,Himachal Pradesh,Diploma/ Certificate Course,"PLFS Year (Jul - Jun), 2019",65.900,0.000,False
India,Himachal Pradesh,Diploma/ Certificate Course,"PLFS Year (Jul - Jun), 2020",72.133,0.000,False
India,Himachal Pradesh,Diploma/ Certificate Course,"PLFS Year (Jul - Jun), 2021",75.633,0.000,False
India,Himachal Pradesh,Diploma/ Certificate Course,"PLFS Year (Jul - Jun), 2022",70.100,0.000,False
India,Himachal Pradesh,Diploma/ Certificate Course,"PLFS Year (Jul - Jun), 2023",81.000,0.000,False
India,Himachal Pradesh,Graduate,"PLFS Year (Jul - Jun), 2017",36.933,0.000,False
India,Himachal Pradesh,Graduate,"PLFS Year (Jul - Jun), 2018",36.967,0.000,False
India,Himachal Pradesh,Graduate,"PLFS Year (Jul - Jun), 2019",57.933,0.000,False
India,Himachal Pradesh,Graduate,"PLFS Year (Jul - Jun), 2020",50.600,0.000,False
India,Himachal Pradesh,Graduate,"PLFS Year (Jul - Jun), 2021",59.767,0.000,False
India,Himachal Pradesh,Graduate,"PLFS Year (Jul - Jun), 2022",62.467,0.000,False
India,Himachal Pradesh,Graduate,"PLFS Year (Jul - Jun), 2023",64.033,0.000,False
India,Himachal Pradesh,Higher Secondary,"PLFS Year (Jul - Jun), 2017",38.700,0.000,False
India,Himachal Pradesh,Higher Secondary,"PLFS Year (Jul - Jun), 2018",39.067,0.000,False
India,Himachal Pradesh,Higher Secondary,"PLFS Year (Jul - Jun), 2019",48.500,0.000,False
India,Himachal Pradesh,Higher Secondary,"PLFS Year (Jul - Jun), 2020",43.933,0.000,False
India,Himachal Pradesh,Higher Secondary,"PLFS Year (Jul - Jun), 2021",46.400,0.000,False
India,Himachal Pradesh,Higher Secondary,"PLFS Year (Jul - Jun), 2022",49.467,0.000,False
India,Himachal Pradesh,Higher Secondary,"PLFS Year (Jul - Jun), 2023",55.900,0.000,False
India,Himachal Pradesh,Literate & Upto Primary,"PLFS Year (Jul - Jun), 2017",51.267,0.000,False
India,Himachal Pradesh,Literate & Upto Primary,"PLFS Year (Jul - Jun), 2018",58.200,0.000,False
India,Himachal Pradesh,Literate & Upto Primary,"PLFS Year (Jul - Jun), 2019",67.800,0.000,False
India,Himachal Pradesh,Literate & Upto Primary,"PLFS Year (Jul - Jun), 2020",71.867,0.000,False
India,Himachal Pradesh,Literate & Upto Primary,"PLFS Year (Jul - Jun), 2021",72.833,0.000,False
India,Himachal Pradesh,Literate & Upto Primary,"PLFS Year (Jul - Jun), 2022",72.500,0.000,False
India,Himachal Pradesh,Literate & Upto Primary,"PLFS Year (Jul - Jun), 2023",67.233,0.000,False
India,Himachal Pradesh,Middle,"PLFS Year (Jul - Jun), 2017",44.800,0.000,False
India,Himachal Pradesh,Middle,"PLFS Year (Jul - Jun), 2018",56.833,0.000,False
India,Himachal Pradesh,Middle,"PLFS Year (Jul - Jun), 2019",61.933,0.000,False
India,Himachal Pradesh,Middle,"PLFS Year (Jul - Jun), 2020",53.867,0.000,False
India,Himachal Pradesh,Middle,"PLFS Year (Jul - Jun), 2021",59.100,0.000,False
India,Himachal Pradesh,Middle,"PLFS Year (Jul - Jun), 2022",61.467,0.000,False
India,Himachal Pradesh,Middle,"PLFS Year (Jul - Jun), 2023",59.800,0.000,False
India,Himachal Pradesh,Not Literate,"PLFS Year (Jul - Jun), 2017",36.067,0.000,False
India,Himachal Pradesh,Not Literate,"PLFS Year (Jul - Jun), 2018",48.767,0.000,False
India,Himachal Pradesh,Not Literate,"PLFS Year (Jul - Jun), 2019",54.133,0.000,False
India,Himachal Pradesh,Not Literate,"PLFS Year (Jul - Jun), 2020",48.233,0.000,False
India,Himachal Pradesh,Not Literate,"PLFS Year (Jul - Jun), 2021",44.367,0.000,False
India,Himachal Pradesh,Not Literate,"PLFS Year (Jul - Jun), 2022",49.567,0.000,False
India,Himachal Pradesh,Not Literate,"PLFS Year (Jul - Jun), 2023",44.400,0.000,False
India,Himachal Pradesh,Post Graduate & Above,"PLFS Year (Jul - Jun), 2017",53.000,0.000,False
India,Himachal Pradesh,Post Graduate & Above,"PLFS Year (Jul - Jun), 2018",73.367,0.000,False
India,Himachal Pradesh,Post Graduate & Above,"PLFS Year (Jul - Jun), 2019",77.867,0.000,False
India,Himachal Pradesh,Post Graduate & Above,"PLFS Year (Jul - Jun), 2020",68.700,0.000,False
India,Himachal Pradesh,Post Graduate & Above,"PLFS Year (Jul - Jun), 2021",73.200,0.000,False
India,Himachal Pradesh,Post Graduate & Above,"PLFS Year (Jul - Jun), 2022",82.200,0.000,False
India,Himachal Pradesh,Post Graduate & Above,"PLFS Year (Jul - Jun), 2023",84.967,0.000,False
India,Himachal Pradesh,Secondary,"PLFS Year (Jul - Jun), 2017",36.733,0.000,False
India,Himachal Pradesh,Secondary,"PLFS Year (Jul - Jun), 2018",46.500,0.000,False
India,Himachal Pradesh,Secondary,"PLFS Year (Jul - Jun), 2019",46.933,0.000,False
India,Himachal Pradesh,Secondary,"PLFS Year (Jul - Jun), 2020",50.267,0.000,False
India,Himachal Pradesh,Secondary,"PLFS Year (Jul - Jun), 2021",53.233,0.000,False
India,Himachal Pradesh,Secondary,"PLFS Year (Jul - Jun), 2022",59.633,0.000,False
India,Himachal Pradesh,Secondary,"PLFS Year (Jul - Jun), 2023",52.800,0.000,False
India,Himachal Pradesh,Secondary & Above,"PLFS Year (Jul - Jun), 2017",40.700,0.000,False
India,Himachal Pradesh,Secondary & Above,"PLFS Year (Jul - Jun), 2018",48.167,0.000,False
India,Himachal Pradesh,Secondary & Above,"PLFS Year (Jul - Jun), 2019",55.300,0.000,False
India,Himachal Pradesh,Secondary & Above,"PLFS Year (Jul - Jun), 2020",52.433,0.000,False
India,Himachal Pradesh,Secondary & Above,"PLFS Year (Jul - Jun), 2021",56.767,0.000,False
India,Himachal Pradesh,Secondary & Above,"PLFS Year (Jul - Jun), 2022",62.967,0.000,False
India,Himachal Pradesh,Secondary & Above,"PLFS Year (Jul - Jun), 2023",63.933,0.000,False
India,Jammu and Kashmir,All,"PLFS Year (Jul - Jun), 2017",28.467,0.000,False
India,Jammu and Kashmir,All,"PLFS Year (Jul - Jun), 2018",30.633,0.000,False
India,Jammu and Kashmir,All,"PLFS Year (Jul - Jun), 2019",34.867,0.000,False
India,Jammu and Kashmir,All,"PLFS Year (Jul - Jun), 2020",39.433,0.000,False
India,Jammu and Kashmir,All,"PLFS Year (Jul - Jun), 2021",41.267,0.000,False
India,Jammu and Kashmir,All,"PLFS Year (Jul - Jun), 2022",44.233,0.000,False
India,Jammu and Kashmir,All,"PLFS Year (Jul - Jun), 2023",47.333,0.000,False
India,Jammu and Kashmir,Diploma/ Certificate Course,"PLFS Year (Jul - Jun), 2017",72.933,0.000,False
India,Jammu and Kashmir,Diploma/ Certificate Course,"PLFS Year (Jul - Jun), 2018",57.900,0.000,False
India,Jammu and Kashmir,Diploma/ Certificate Course,"PLFS Year (Jul - Jun), 2019",50.700,0.000,False
India,Jammu and Kashmir,Diploma/ Certificate Course,"PLFS Year (Jul - Jun), 2020",59.367,0.000,False
India,Jammu and Kashmir,Diploma/ Certificate Course,"PLFS Year (Jul - Jun), 2021",87.000,0.000,False
India,Jammu and Kashmir,Diploma/ Certificate Course,"PLFS Year (Jul - Jun), 2022",12.333,0.000,False
India,Jammu and Kashmir,Diploma/ Certificate Course,"PLFS Year (Jul - Jun), 2023",88.067,0.000,False
India,Jammu and Kashmir,Graduate,"PLFS Year (Jul - Jun), 2017",41.367,0.000,False
India,Jammu and Kashmir,Graduate,"PLFS Year (Jul - Jun), 2018",39.633,0.000,False
India,Jammu and Kashmir,Graduate,"PLFS Year (Jul - Jun), 2019",43.900,0.000,False
India,Jammu and Kashmir,Graduate,"PLFS Year (Jul - Jun), 2020",44.400,0.000,False
India,Jammu and Kashmir,Graduate,"PLFS Year (Jul - Jun), 2021",49.700,0.000,False
India,Jammu and Kashmir,Graduate,"PLFS Year (Jul - Jun), 2022",52.300,0.000,False
India,Jammu and Kashmir,Graduate,"PLFS Year (Jul - Jun), 2023",56.867,0.000,False
India,Jammu and Kashmir,Higher Secondary,"PLFS Year (Jul - Jun), 2017",20.800,0.000,False
India,Jammu and Kashmir,Higher Secondary,"PLFS Year (Jul - Jun), 2018",16.833,0.000,False
India,Jammu and Kashmir,Higher Secondary,"PLFS Year (Jul - Jun), 2019",25.733,0.000,False
India,Jammu and Kashmir,Higher Secondary,"PLFS Year (Jul - Jun), 2020",23.467,0.000,False
India,Jammu and Kashmir,Higher Secondary,"PLFS Year (Jul - Jun), 2021",31.500,0.000,False
India,Jammu and Kashmir,Higher Secondary,"PLFS Year (Jul - Jun), 2022",34.667,0.000,False
India,Jammu and Kashmir,Higher Secondary,"PLFS Year (Jul - Jun), 2023",33.733,0.000,False
India,Jammu and Kashmir,Literate & Upto Primary,"PLFS Year (Jul - Jun), 2017",33.000,0.000,False
India,Jammu and Kashmir,Literate & Upto Primary,"PLFS Year (Jul - Jun), 2018",35.733,0.000,False
India,Jammu and Kashmir,Literate & Upto Primary,"PLFS Year (Jul - Jun), 2019",37.400,0.000,False
India,Jammu and Kashmir,Literate & Upto Primary,"PLFS Year (Jul - Jun), 2020",43.167,0.000,False
India,Jammu and Kashmir,Literate & Upto Primary,"PLFS Year (Jul - Jun), 2021",40.167,0.000,False
India,Jammu and Kashmir,Literate & Upto Primary,"PLFS Year (Jul - Jun), 2022",47.333,0.000,False
India,Jammu and Kashmir,Literate & Upto Primary,"PLFS Year (Jul - Jun), 2023",62.867,0.000,False
India,Jammu and Kashmir,Middle,"PLFS Year (Jul - Jun), 2017",23.233,0.000,False
India,Jammu and Kashmir,Middle,"PLFS Year (Jul - Jun), 2018",24.833,0.000,False
India,Jammu and Kashmir,Middle,"PLFS Year (Jul - Jun), 2019",30.133,0.000,False
India,Jammu and Kashmir,Middle,"PLFS Year (Jul - Jun), 2020",33.200,0.000,False
India,Jammu and Kashmir,Middle,"PLFS Year (Jul - Jun), 2021",36.067,0.000,False
India,Jammu and Kashmir,Middle,"PLFS Year (Jul - Jun), 2022",34.733,0.000,False
India,Jammu and Kashmir,Middle,"PLFS Year (Jul - Jun), 2023",40.367,0.000,False
India,Jammu and Kashmir,Not Literate,"PLFS Year (Jul - Jun), 2017",27.233,0.000,False
India,Jammu and Kashmir,Not Literate,"PLFS Year (Jul - Jun), 2018",29.933,0.000,False
India,Jammu and Kashmir,Not Literate,"PLFS Year (Jul - Jun), 2019",32.367,0.000,False
India,Jammu and Kashmir,Not Literate,"PLFS Year (Jul - Jun), 2020",42.833,0.000,False
India,Jammu and Kashmir,Not Literate,"PLFS Year (Jul - Jun), 2021",45.000,0.000,False
India,Jammu and Kashmir,Not Literate,"PLFS Year (Jul - Jun), 2022",47.567,0.000,False
India,Jammu and Kashmir,Not Literate,"PLFS Year (Jul - Jun), 2023",49.333,0.000,False
India,Jammu and Kashmir,Post Graduate & Above,"PLFS Year (Jul - Jun), 2017",71.233,0.000,False
India,Jammu and Kashmir,Post Graduate & Above,"PLFS Year (Jul - Jun), 2018",78.833,0.000,False
India,Jammu and Kashmir,Post Graduate & Above,"PLFS Year (Jul - Jun), 2019",65.400,0.000,False
India,Jammu and Kashmir,Post Graduate & Above,"PLFS Year (Jul - Jun), 2020",74.067,0.000,False
India,Jammu and Kashmir,Post Graduate & Above,"PLFS Year (Jul - Jun), 2021",68.400,0.000,False
India,Jammu and Kashmir,Post Graduate & Above,"PLFS Year (Jul - Jun), 2022",78.433,0.000,False
India,Jammu and Kashmir,Post Graduate & Above,"PLFS Year (Jul - Jun), 2023",76.400,0.000,False
India,Jammu and Kashmir,Secondary,"PLFS Year (Jul - Jun), 2017",16.333,0.000,False
India,Jammu and Kashmir,Secondary,"PLFS Year (Jul - Jun), 2018",16.867,0.000,False
India,Jammu and Kashmir,Secondary,"PLFS Year (Jul - Jun), 2019",26.400,0.000,False
India,Jammu and Kashmir,Secondary,"PLFS Year (Jul - Jun), 2020",26.200,0.000,False
India,Jammu and Kashmir,Secondary,"PLFS Year (Jul - Jun), 2021",28.300,0.000,False
India,Jammu and Kashmir,Secondary,"PLFS Year (Jul - Jun), 2022",35.867,0.000,False
India,Jammu and Kashmir,Secondary,"PLFS Year (Jul - Jun), 2023",32.833,0.000,False
India,Jammu and Kashmir,Secondary & Above,"PLFS Year (Jul - Jun), 2017",28.467,0.000,False
India,Jammu and Kashmir,Secondary & Above,"PLFS Year (Jul - Jun), 2018",30.433,0.000,False
India,Jammu and Kashmir,Secondary & Above,"PLFS Year (Jul - Jun), 2019",36.433,0.000,False
India,Jammu and Kashmir,Secondary & Above,"PLFS Year (Jul - Jun), 2020",36.600,0.000,False
India,Jammu and Kashmir,Secondary & Above,"PLFS Year (Jul - Jun), 2021",38.833,0.000,False
India,Jammu and Kashmir,Secondary & Above,"PLFS Year (Jul - Jun), 2022",43.900,0.000,False
India,Jammu and Kashmir,Secondary & Above,"PLFS Year (Jul - Jun), 2023",44.200,0.000,False
India,Jharkhand,All,"PLFS Year (Jul - Jun), 2017",15.133,0.000,False
India,Jharkhand,All,"PLFS Year (Jul - Jun), 2018",18.633,0.000,False
India,Jharkhand,All,"PLFS Year (Jul - Jun), 2019",30.800,0.000,False
India,Jharkhand,All,"PLFS Year (Jul - Jun), 2020",37.833,0.000,False
India,Jharkhand,All,"PLFS Year (Jul - Jun), 2021",39.100,0.000,False
India,Jharkhand,All,"PLFS Year (Jul - Jun), 2022",38.333,0.000,False
India,Jharkhand,All,"PLFS Year (Jul - Jun), 2023",42.167,0.000,False
India,Jharkhand,Diploma/ Certificate Course,"PLFS Year (Jul - Jun), 2017",43.333,0.000,False
India,Jharkhand,Diploma/ Certificate Course,"PLFS Year (Jul - Jun), 2018",44.400,0.000,False
India,Jharkhand,Diploma/ Certificate Course,"PLFS Year (Jul - Jun), 2019",14.333,0.000,False
India,Jharkhand,Diploma/ Certificate Course,"PLFS Year (Jul - Jun), 2020",10.933,0.000,False
India,Jharkhand,Diploma/ Certificate Course,"PLFS Year (Jul - Jun), 2021",71.233,0.000,False
India,Jharkhand,Diploma/ Certificate Course,"PLFS Year (Jul - Jun), 2022",0.000,0.000,False
India,Jharkhand,Diploma/ Certificate Course,"PLFS Year (Jul - Jun), 2023",0.000,0.000,False
India,Jharkhand,Graduate,"PLFS Year (Jul - Jun), 2017",19.667,0.000,False
India,Jharkhand,Graduate,"PLFS Year (Jul - Jun), 2018",28.967,0.000,False
India,Jharkhand,Graduate,"PLFS Year (Jul - Jun), 2019",26.433,0.000,False
India,Jharkhand,Graduate,"PLFS Year (Jul - Jun), 2020",43.167,0.000,False
India,Jharkhand,Graduate,"PLFS Year (Jul - Jun), 2021",37.067,0.000,False
India,Jharkhand,Graduate,"PLFS Year (Jul - Jun), 2022",26.400,0.000,False
India,Jharkhand,Graduate,"PLFS Year (Jul - Jun), 2023",34.833,0.000,False
India,Jharkhand,Higher Secondary,"PLFS Year (Jul - Jun), 2017",8.767,0.000,False
India,Jharkhand,Higher Secondary,"PLFS Year (Jul - Jun), 2018",9.900,0.000,False
India,Jharkhand,Higher Secondary,"PLFS Year (Jul - Jun), 2019",21.000,0.000,False
India,Jharkhand,Higher Secondary,"PLFS Year (Jul - Jun), 2020",25.000,0.000,False
India,Jharkhand,Higher Secondary,"PLFS Year (Jul - Jun), 2021",24.167,0.000,False
India,Jharkhand,Higher Secondary,"PLFS Year (Jul - Jun), 2022",23.900,0.000,False
India,Jharkhand,Higher Secondary,"PLFS Year (Jul - Jun), 2023",29.167,0.000,False
India,Jharkhand,Literate & Upto Primary,"PLFS Year (Jul - Jun), 2017",13.000,0.000,False
India,Jharkhand,Literate & Upto Primary,"PLFS Year (Jul - Jun), 2018",17.933,0.000,False
India,Jharkhand,Literate & Upto Primary,"PLFS Year (Jul - Jun), 2019",32.633,0.000,False
India,Jharkhand,Literate & Upto Primary,"PLFS Year (Jul - Jun), 2020",38.500,0.000,False
India,Jharkhand,Literate & Upto Primary,"PLFS Year (Jul - Jun), 2021",46.033,0.000,False
India,Jharkhand,Literate & Upto Primary,"PLFS Year (Jul - Jun), 2022",51.467,0.000,False
India,Jharkhand,Literate & Upto Primary,"PLFS Year (Jul - Jun), 2023",56.833,0.000,False
India,Jharkhand,Middle,"PLFS Year (Jul - Jun), 2017",11.900,0.000,False
India,Jharkhand,Middle,"PLFS Year (Jul - Jun), 2018",12.967,0.000,False
India,Jharkhand,Middle,"PLFS Year (Jul - Jun), 2019",30.700,0.000,False
India,Jharkhand,Middle,"PLFS Year (Jul - Jun), 2020",29.500,0.000,False
India,Jharkhand,Middle,"PLFS Year (Jul - Jun), 2021",32.400,0.000,False
India,Jharkhand,Middle,"PLFS Year (Jul - Jun), 2022",30.767,0.000,False
India,Jharkhand,Middle,"PLFS Year (Jul - Jun), 2023",33.967,0.000,False
India,Jharkhand,Not Literate,"PLFS Year (Jul - Jun), 2017",18.733,0.000,False
India,Jharkhand,Not Literate,"PLFS Year (Jul - Jun), 2018",24.600,0.000,False
India,Jharkhand,Not Literate,"PLFS Year (Jul - Jun), 2019",35.233,0.000,False
India,Jharkhand,Not Literate,"PLFS Year (Jul - Jun), 2020",44.967,0.000,False
India,Jharkhand,Not Literate,"PLFS Year (Jul - Jun), 2021",43.200,0.000,False
India,Jharkhand,Not Literate,"PLFS Year (Jul - Jun), 2022",45.500,0.000,False
India,Jharkhand,Not Literate,"PLFS Year (Jul - Jun), 2023",49.067,0.000,False
India,Jharkhand,Post Graduate & Above,"PLFS Year (Jul - Jun), 2017",34.533,0.000,False
India,Jharkhand,Post Graduate & Above,"PLFS Year (Jul - Jun), 2018",57.767,0.000,False
India,Jharkhand,Post Graduate & Above,"PLFS Year (Jul - Jun), 2019",42.033,0.000,False
India,Jharkhand,Post Graduate & Above,"PLFS Year (Jul - Jun), 2020",33.933,0.000,False
India,Jharkhand,Post Graduate & Above,"PLFS Year (Jul - Jun), 2021",40.667,0.000,False
India,Jharkhand,Post Graduate & Above,"PLFS Year (Jul - Jun), 2022",35.067,0.000,False
India,Jharkhand,Post Graduate & Above,"PLFS Year (Jul - Jun), 2023",41.600,0.000,False
India,Jharkhand,Secondary,"PLFS Year (Jul - Jun), 2017",8.800,0.000,False
India,Jharkhand,Secondary,"PLFS Year (Jul - Jun), 2018",11.767,0.000,False
India,Jharkhand,Secondary,"PLFS Year (Jul - Jun), 2019",17.267,0.000,False
India,Jharkhand,Secondary,"PLFS Year (Jul - Jun), 2020",28.567,0.000,False
India,Jharkhand,Secondary,"PLFS Year (Jul - Jun), 2021",27.033,0.000,False
India,Jharkhand,Secondary,"PLFS Year (Jul - Jun), 2022",28.100,0.000,False
India,Jharkhand,Secondary,"PLFS Year (Jul - Jun), 2023",28.867,0.000,False
India,Jharkhand,Secondary & Above,"PLFS Year (Jul - Jun), 2017",12.667,0.000,False
India,Jharkhand,Secondary & Above,"PLFS Year (Jul - Jun), 2018",15.867,0.000,False
India,Jharkhand,Secondary & Above,"PLFS Year (Jul - Jun), 2019",21.467,0.000,False
India,Jharkhand,Secondary & Above,"PLFS Year (Jul - Jun), 2020",31.133,0.000,False
India,Jharkhand,Secondary & Above,"PLFS Year (Jul - Jun), 2021",30.167,0.000,False
India,Jharkhand,Secondary & Above,"PLFS Year (Jul - Jun), 2022",27.400,0.000,False
India,Jharkhand,Secondary & Above,"PLFS Year (Jul - Jun), 2023",31.133,0.000,False
India,Karnataka,All,"PLFS Year (Jul - Jun), 2017",25.667,0.000,False
India,Karnataka,All,"PLFS Year (Jul - Jun), 2018",24.333,0.000,False
India,Karnataka,All,"PLFS Year (Jul - Jun), 2019",32.900,0.000,False
India,Karnataka,All,"PLFS Year (Jul - Jun), 2020",34.600,0.000,False
India,Karnataka,All,"PLFS Year (Jul - Jun), 2021",30.600,0.000,False
India,Karnataka,All,"PLFS Year (Jul - Jun), 2022",36.967,0.000,False
India,Karnataka,All,"PLFS Year (Jul - Jun), 2023",36.767,0.000,False
India,Karnataka,Diploma/ Certificate Course,"PLFS Year (Jul - Jun), 2017",44.533,0.000,False
India,Karnataka,Diploma/ Certificate Course,"PLFS Year (Jul - Jun), 2018",30.167,0.000,False
India,Karnataka,Diploma/ Certificate Course,"PLFS Year (Jul - Jun), 2019",52.333,0.000,False
India,Karnataka,Diploma/ Certificate Course,"PLFS Year (Jul - Jun), 2020",60.500,0.000,False
India,Karnataka,Diploma/ Certificate Course,"PLFS Year (Jul - Jun), 2021",45.767,0.000,False
India,Karnataka,Diploma/ Certificate Course,"PLFS Year (Jul - Jun), 2022",40.933,0.000,False
India,Karnataka,Diploma/ Certificate Course,"PLFS Year (Jul - Jun), 2023",59.633,0.000,False
India,Karnataka,Graduate,"PLFS Year (Jul - Jun), 2017",37.500,0.000,False
India,Karnataka,Graduate,"PLFS Year (Jul - Jun), 2018",27.667,0.000,False
India,Karnataka,Graduate,"PLFS Year (Jul - Jun), 2019",42.167,0.000,False
India,Karnataka,Graduate,"PLFS Year (Jul - Jun), 2020",29.600,0.000,False
India,Karnataka,Graduate,"PLFS Year (Jul - Jun), 2021",28.767,0.000,False
India,Karnataka,Graduate,"PLFS Year (Jul - Jun), 2022",38.000,0.000,False
India,Karnataka,Graduate,"PLFS Year (Jul - Jun), 2023",37.633,0.000,False
India,Karnataka,Higher Secondary,"PLFS Year (Jul - Jun), 2017",9.100,0.000,False
India,Karnataka,Higher Secondary,"PLFS Year (Jul - Jun), 2018",8.000,0.000,False
India,Karnataka,Higher Secondary,"PLFS Year (Jul - Jun), 2019",17.933,0.000,False
India,Karnataka,Higher Secondary,"PLFS Year (Jul - Jun), 2020",17.233,0.000,False
India,Karnataka,Higher Secondary,"PLFS Year (Jul - Jun), 2021",14.967,0.000,False
India,Karnataka,Higher Secondary,"PLFS Year (Jul - Jun), 2022",20.667,0.000,False
India,Karnataka,Higher Secondary,"PLFS Year (Jul - Jun), 2023",21.500,0.000,False
India,Karnataka,Literate & Upto Primary,"PLFS Year (Jul - Jun), 2017",33.733,0.000,False
India,Karnataka,Literate & Upto Primary,"PLFS Year (Jul - Jun), 2018",35.667,0.000,False
India,Karnataka,Literate & Upto Primary,"PLFS Year (Jul - Jun), 2019",31.100,0.000,False
India,Karnataka,Literate & Upto Primary,"PLFS Year (Jul - Jun), 2020",44.700,0.000,False
India,Karnataka,Literate & Upto Primary,"PLFS Year (Jul - Jun), 2021",40.533,0.000,False
India,Karnataka,Literate & Upto Primary,"PLFS Year (Jul - Jun), 2022",47.400,0.000,False
India,Karnataka,Literate & Upto Primary,"PLFS Year (Jul - Jun), 2023",45.667,0.000,False
India,Karnataka,Middle,"PLFS Year (Jul - Jun), 2017",17.800,0.000,False
India,Karnataka,Middle,"PLFS Year (Jul - Jun), 2018",20.100,0.000,False
India,Karnataka,Middle,"PLFS Year (Jul - Jun), 2019",29.533,0.000,False
India,Karnataka,Middle,"PLFS Year (Jul - Jun), 2020",32.767,0.000,False
India,Karnataka,Middle,"PLFS Year (Jul - Jun), 2021",26.667,0.000,False
India,Karnataka,Middle,"PLFS Year (Jul - Jun), 2022",31.367,0.000,False
India,Karnataka,Middle,"PLFS Year (Jul - Jun), 2023",33.900,0.000,False
India,Karnataka,Not Literate,"PLFS Year (Jul - Jun), 2017",30.000,0.000,False
India,Karnataka,Not Literate,"PLFS Year (Jul - Jun), 2018",25.767,0.000,False
India,Karnataka,Not Literate,"PLFS Year (Jul - Jun), 2019",40.967,0.000,False
India,Karnataka,Not Literate,"PLFS Year (Jul - Jun), 2020",39.200,0.000,False
India,Karnataka,Not Literate,"PLFS Year (Jul - Jun), 2021",35.133,0.000,False
India,Karnataka,Not Literate,"PLFS Year (Jul - Jun), 2022",41.400,0.000,False
India,Karnataka,Not Literate,"PLFS Year (Jul - Jun), 2023",39.933,0.000,False
India,Karnataka,Post Graduate & Above,"PLFS Year (Jul - Jun), 2017",62.233,0.000,False
India,Karnataka,Post Graduate & Above,"PLFS Year (Jul - Jun), 2018",52.567,0.000,False
India,Karnataka,Post Graduate & Above,"PLFS Year (Jul - Jun), 2019",58.433,0.000,False
India,Karnataka,Post Graduate & Above,"PLFS Year (Jul - Jun), 2020",58.200,0.000,False
India,Karnataka,Post Graduate & Above,"PLFS Year (Jul - Jun), 2021",39.667,0.000,False
India,Karnataka,Post Graduate & Above,"PLFS Year (Jul - Jun), 2022",55.033,0.000,False
India,Karnataka,Post Graduate & Above,"PLFS Year (Jul - Jun), 2023",59.467,0.000,False
India,Karnataka,Secondary,"PLFS Year (Jul - Jun), 2017",16.767,0.000,False
India,Karnataka,Secondary,"PLFS Year (Jul - Jun), 2018",15.967,0.000,False
India,Karnataka,Secondary,"PLFS Year (Jul - Jun), 2019",20.600,0.000,False
India,Karnataka,Secondary,"PLFS Year (Jul - Jun), 2020",24.167,0.000,False
India,Karnataka,Secondary,"PLFS Year (Jul - Jun), 2021",18.633,0.000,False
India,Karnataka,Secondary,"PLFS Year (Jul - Jun), 2022",25.733,0.000,False
India,Karnataka,Secondary,"PLFS Year (Jul - Jun), 2023",26.900,0.000,False
India,Karnataka,Secondary & Above,"PLFS Year (Jul - Jun), 2017",21.333,0.000,False
India,Karnataka,Secondary & Above,"PLFS Year (Jul - Jun), 2018",18.700,0.000,False
India,Karnataka,Secondary & Above,"PLFS Year (Jul - Jun), 2019",28.433,0.000,False
India,Karnataka,Secondary & Above,"PLFS Year (Jul - Jun), 2020",26.800,0.000,False
India,Karnataka,Secondary & Above,"PLFS Year (Jul - Jun), 2021",22.900,0.000,False
India,Karnataka,Secondary & Above,"PLFS Year (Jul - Jun), 2022",30.300,0.000,False
India,Karnataka,Secondary & Above,"PLFS Year (Jul - Jun), 2023",30.800,0.000,False
India,Kerala,All,"PLFS Year (Jul - Jun), 2017",26.567,0.000,False
India,Kerala,All,"PLFS Year (Jul - Jun), 2018",30.533,0.000,False
India,Kerala,All,"PLFS Year (Jul - Jun), 2019",31.867,0.000,False
India,Kerala,All,"PLFS Year (Jul - Jun), 2020",33.067,0.000,False
India,Kerala,All,"PLFS Year (Jul - Jun), 2021",36.967,0.000,False
India,Kerala,All,"PLFS Year (Jul - Jun), 2022",37.300,0.000,False
India,Kerala,All,"PLFS Year (Jul - Jun), 2023",40.667,0.000,False
India,Kerala,Diploma/ Certificate Course,"PLFS Year (Jul - Jun), 2017",52.667,0.000,False
India,Kerala,Diploma/ Certificate Course,"PLFS Year (Jul - Jun), 2018",51.967,0.000,False
India,Kerala,Diploma/ Certificate Course,"PLFS Year (Jul - Jun), 2019",56.100,0.000,False
India,Kerala,Diploma/ Certificate Course,"PLFS Year (Jul - Jun), 2020",53.167,0.000,False
India,Kerala,Diploma/ Certificate Course,"PLFS Year (Jul - Jun), 2021",55.067,0.000,False
India,Kerala,Diploma/ Certificate Course,"PLFS Year (Jul - Jun), 2022",53.533,0.000,False
India,Kerala,Diploma/ Certificate Course,"PLFS Year (Jul - Jun), 2023",59.700,0.000,False
India,Kerala,Graduate,"PLFS Year (Jul - Jun), 2017",48.133,0.000,False
India,Kerala,Graduate,"PLFS Year (Jul - Jun), 2018",46.800,0.000,False
India,Kerala,Graduate,"PLFS Year (Jul - Jun), 2019",47.533,0.000,False
India,Kerala,Graduate,"PLFS Year (Jul - Jun), 2020",50.800,0.000,False
India,Kerala,Graduate,"PLFS Year (Jul - Jun), 2021",55.433,0.000,False
India,Kerala,Graduate,"PLFS Year (Jul - Jun), 2022",51.900,0.000,False
India,Kerala,Graduate,"PLFS Year (Jul - Jun), 2023",55.600,0.000,False
India,Kerala,Higher Secondary,"PLFS Year (Jul - Jun), 2017",20.867,0.000,False
India,Kerala,Higher Secondary,"PLFS Year (Jul - Jun), 2018",20.800,0.000,False
India,Kerala,Higher Secondary,"PLFS Year (Jul - Jun), 2019",22.333,0.000,False
India,Kerala,Higher Secondary,"PLFS Year (Jul - Jun), 2020",21.200,0.000,False
India,Kerala,Higher Secondary,"PLFS Year (Jul - Jun), 2021",26.100,0.000,False
India,Kerala,Higher Secondary,"PLFS Year (Jul - Jun), 2022",21.267,0.000,False
India,Kerala,Higher Secondary,"PLFS Year (Jul - Jun), 2023",24.700,0.000,False
India,Kerala,Literate & Upto Primary,"PLFS Year (Jul - Jun), 2017",18.267,0.000,False
India,Kerala,Literate & Upto Primary,"PLFS Year (Jul - Jun), 2018",25.000,0.000,False
India,Kerala,Literate & Upto Primary,"PLFS Year (Jul - Jun), 2019",24.767,0.000,False
India,Kerala,Literate & Upto Primary,"PLFS Year (Jul - Jun), 2020",27.133,0.000,False
India,Kerala,Literate & Upto Primary,"PLFS Year (Jul - Jun), 2021",34.233,0.000,False
India,Kerala,Literate & Upto Primary,"PLFS Year (Jul - Jun), 2022",29.433,0.000,False
India,Kerala,Literate & Upto Primary,"PLFS Year (Jul - Jun), 2023",33.000,0.000,False
India,Kerala,Middle,"PLFS Year (Jul - Jun), 2017",21.567,0.000,False
India,Kerala,Middle,"PLFS Year (Jul - Jun), 2018",26.533,0.000,False
India,Kerala,Middle,"PLFS Year (Jul - Jun), 2019",30.567,0.000,False
India,Kerala,Middle,"PLFS Year (Jul - Jun), 2020",29.567,0.000,False
India,Kerala,Middle,"PLFS Year (Jul - Jun), 2021",32.867,0.000,False
India,Kerala,Middle,"PLFS Year (Jul - Jun), 2022",37.067,0.000,False
India,Kerala,Middle,"PLFS Year (Jul - Jun), 2023",38.600,0.000,False
India,Kerala,Not Literate,"PLFS Year (Jul - Jun), 2017",14.600,0.000,False
India,Kerala,Not Literate,"PLFS Year (Jul - Jun), 2018",21.700,0.000,False
India,Kerala,Not Literate,"PLFS Year (Jul - Jun), 2019",22.900,0.000,False
India,Kerala,Not Literate,"PLFS Year (Jul - Jun), 2020",24.167,0.000,False
India,Kerala,Not Literate,"PLFS Year (Jul - Jun), 2021",26.567,0.000,False
India,Kerala,Not Literate,"PLFS Year (Jul - Jun), 2022",26.900,0.000,False
India,Kerala,Not Literate,"PLFS Year (Jul - Jun), 2023",33.567,0.000,False
India,Kerala,Post Graduate & Above,"PLFS Year (Jul - Jun), 2017",74.133,0.000,False
India,Kerala,Post Graduate & Above,"PLFS Year (Jul - Jun), 2018",78.033,0.000,False
India,Kerala,Post Graduate & Above,"PLFS Year (Jul - Jun), 2019",71.267,0.000,False
India,Kerala,Post Graduate & Above,"PLFS Year (Jul - Jun), 2020",62.533,0.000,False
India,Kerala,Post Graduate & Above,"PLFS Year (Jul - Jun), 2021",69.133,0.000,False
India,Kerala,Post Graduate & Above,"PLFS Year (Jul - Jun), 2022",74.767,0.000,False
India,Kerala,Post Graduate & Above,"PLFS Year (Jul - Jun), 2023",70.733,0.000,False
India,Kerala,Secondary,"PLFS Year (Jul - Jun), 2017",19.800,0.000,False
India,Kerala,Secondary,"PLFS Year (Jul - Jun), 2018",24.633,0.000,False
India,Kerala,Secondary,"PLFS Year (Jul - Jun), 2019",25.300,0.000,False
India,Kerala,Secondary,"PLFS Year (Jul - Jun), 2020",27.967,0.000,False
India,Kerala,Secondary,"PLFS Year (Jul - Jun), 2021",28.467,0.000,False
India,Kerala,Secondary,"PLFS Year (Jul - Jun), 2022",34.100,0.000,False
India,Kerala,Secondary,"PLFS Year (Jul - Jun), 2023",34.833,0.000,False
India,Kerala,Secondary & Above,"PLFS Year (Jul - Jun), 2017",33.900,0.000,False
India,Kerala,Secondary & Above,"PLFS Year (Jul - Jun), 2018",35.500,0.000,False
India,Kerala,Secondary & Above,"PLFS Year (Jul - Jun), 2019",36.267,0.000,False
India,Kerala,Secondary & Above,"PLFS Year (Jul - Jun), 2020",37.700,0.000,False
India,Kerala,Secondary & Above,"PLFS Year (Jul - Jun), 2021",40.867,0.000,False
India,Kerala,Secondary & Above,"PLFS Year (Jul - Jun), 2022",40.967,0.000,False
India,Kerala,Secondary & Above,"PLFS Year (Jul - Jun), 2023",44.133,0.000,False
India,Ladakh,All,"PLFS Year (Jul - Jun), 2017",28.467,0.000,False
India,Ladakh,All,"PLFS Year (Jul - Jun), 2018",30.633,0.000,False
India,Ladakh,All,"PLFS Year (Jul - Jun), 2019",48.900,0.000,False
India,Ladakh,All,"PLFS Year (Jul - Jun), 2020",61.400,0.000,False
India,Ladakh,All,"PLFS Year (Jul - Jun), 2021",43.000,0.000,False
India,Ladakh,All,"PLFS Year (Jul - Jun), 2022",54.800,0.000,False
India,Ladakh,All,"PLFS Year (Jul - Jun), 2023",46.300,0.000,False
India,Ladakh,Diploma/ Certificate Course,"PLFS Year (Jul - Jun), 2017",72.933,0.000,False
India,Ladakh,Diploma/ Certificate Course,"PLFS Year (Jul - Jun), 2018",57.900,0.000,False
India,Ladakh,Diploma/ Certificate Course,"PLFS Year (Jul - Jun), 2019",66.667,0.000,False
India,Ladakh,Diploma/ Certificate Course,"PLFS Year (Jul - Jun), 2020",0.000,0.000,False
India,Ladakh,Diploma/ Certificate Course,"PLFS Year (Jul - Jun), 2021",100.000,0.000,False
India,Ladakh,Diploma/ Certificate Course,"PLFS Year (Jul - Jun), 2022",66.667,0.000,False
India,Ladakh,Diploma/ Certificate Course,"PLFS Year (Jul - Jun), 2023",0.000,0.000,False
India,Ladakh,Graduate,"PLFS Year (Jul - Jun), 2017",41.367,0.000,False
India,Ladakh,Graduate,"PLFS Year (Jul - Jun), 2018",39.633,0.000,False
India,Ladakh,Graduate,"PLFS Year (Jul - Jun), 2019",41.733,0.000,False
India,Ladakh,Graduate,"PLFS Year (Jul - Jun), 2020",100.000,0.000,False
India,Ladakh,Graduate,"PLFS Year (Jul - Jun), 2021",54.633,0.000,False
India,Ladakh,Graduate,"PLFS Year (Jul - Jun), 2022",78.733,0.000,False
India,Ladakh,Graduate,"PLFS Year (Jul - Jun), 2023",88.767,0.000,False
India,Ladakh,Higher Secondary,"PLFS Year (Jul - Jun), 2017",20.800,0.000,False
India,Ladakh,Higher Secondary,"PLFS Year (Jul - Jun), 2018",16.833,0.000,False
India,Ladakh,Higher Secondary,"PLFS Year (Jul - Jun), 2019",35.867,0.000,False
India,Ladakh,Higher Secondary,"PLFS Year (Jul - Jun), 2020",50.433,0.000,False
India,Ladakh,Higher Secondary,"PLFS Year (Jul - Jun), 2021",46.833,0.000,False
India,Ladakh,Higher Secondary,"PLFS Year (Jul - Jun), 2022",35.500,0.000,False
India,Ladakh,Higher Secondary,"PLFS Year (Jul - Jun), 2023",54.567,0.000,False
India,Ladakh,Literate & Upto Primary,"PLFS Year (Jul - Jun), 2017",33.000,0.000,False
India,Ladakh,Literate & Upto Primary,"PLFS Year (Jul - Jun), 2018",35.733,0.000,False
India,Ladakh,Literate & Upto Primary,"PLFS Year (Jul - Jun), 2019",45.267,0.000,False
India,Ladakh,Literate & Upto Primary,"PLFS Year (Jul - Jun), 2020",72.333,0.000,False
India,Ladakh,Literate & Upto Primary,"PLFS Year (Jul - Jun), 2021",46.900,0.000,False
India,Ladakh,Literate & Upto Primary,"PLFS Year (Jul - Jun), 2022",86.200,0.000,False
India,Ladakh,Literate & Upto Primary,"PLFS Year (Jul - Jun), 2023",15.900,0.000,False
India,Ladakh,Middle,"PLFS Year (Jul - Jun), 2017",23.233,0.000,False
India,Ladakh,Middle,"PLFS Year (Jul - Jun), 2018",24.833,0.000,False
India,Ladakh,Middle,"PLFS Year (Jul - Jun), 2019",30.233,0.000,False
India,Ladakh,Middle,"PLFS Year (Jul - Jun), 2020",44.533,0.000,False
India,Ladakh,Middle,"PLFS Year (Jul - Jun), 2021",26.167,0.000,False
India,Ladakh,Middle,"PLFS Year (Jul - Jun), 2022",57.367,0.000,False
India,Ladakh,Middle,"PLFS Year (Jul - Jun), 2023",41.000,0.000,False
India,Ladakh,Not Literate,"PLFS Year (Jul - Jun), 2017",27.233,0.000,False
India,Ladakh,Not Literate,"PLFS Year (Jul - Jun), 2018",29.933,0.000,False
India,Ladakh,Not Literate,"PLFS Year (Jul - Jun), 2019",55.700,0.000,False
India,Ladakh,Not Literate,"PLFS Year (Jul - Jun), 2020",63.433,0.000,False
India,Ladakh,Not Literate,"PLFS Year (Jul - Jun), 2021",42.967,0.000,False
India,Ladakh,Not Literate,"PLFS Year (Jul - Jun), 2022",51.033,0.000,False
India,Ladakh,Not Literate,"PLFS Year (Jul - Jun), 2023",43.767,0.000,False
India,Ladakh,Post Graduate & Above,"PLFS Year (Jul - Jun), 2017",71.233,0.000,False
India,Ladakh,Post Graduate & Above,"PLFS Year (Jul - Jun), 2018",78.833,0.000,False
India,Ladakh,Post Graduate & Above,"PLFS Year (Jul - Jun), 2019",100.000,0.000,False
India,Ladakh,Post Graduate & Above,"PLFS Year (Jul - Jun), 2020",66.667,0.000,False
India,Ladakh,Post Graduate & Above,"PLFS Year (Jul - Jun), 2021",66.667,0.000,False
India,Ladakh,Post Graduate & Above,"PLFS Year (Jul - Jun), 2022",40.867,0.000,False
India,Ladakh,Post Graduate & Above,"PLFS Year (Jul - Jun), 2023",100.000,0.000,False
India,Ladakh,Secondary,"PLFS Year (Jul - Jun), 2017",16.333,0.000,False
India,Ladakh,Secondary,"PLFS Year (Jul - Jun), 2018",16.867,0.000,False
India,Ladakh,Secondary,"PLFS Year (Jul - Jun), 2019",37.933,0.000,False
India,Ladakh,Secondary,"PLFS Year (Jul - Jun), 2020",52.067,0.000,False
India,Ladakh,Secondary,"PLFS Year (Jul - Jun), 2021",43.533,0.000,False
India,Ladakh,Secondary,"PLFS Year (Jul - Jun), 2022",47.467,0.000,False
India,Ladakh,Secondary,"PLFS Year (Jul - Jun), 2023",33.033,0.000,False
India,Ladakh,Secondary & Above,"PLFS Year (Jul - Jun), 2017",28.467,0.000,False
India,Ladakh,Secondary & Above,"PLFS Year (Jul - Jun), 2018",30.433,0.000,False
India,Ladakh,Secondary & Above,"PLFS Year (Jul - Jun), 2019",49.100,0.000,False
India,Ladakh,Secondary & Above,"PLFS Year (Jul - Jun), 2020",64.233,0.000,False
India,Ladakh,Secondary & Above,"PLFS Year (Jul - Jun), 2021",50.233,0.000,False
India,Ladakh,Secondary & Above,"PLFS Year (Jul - Jun), 2022",50.033,0.000,False
India,Ladakh,Secondary & Above,"PLFS Year (Jul - Jun), 2023",55.567,0.000,False
India,Lakshadweep,All,"PLFS Year (Jul - Jun), 2017",17.433,0.000,False
India,Lakshadweep,All,"PLFS Year (Jul - Jun), 2018",16.233,0.000,False
India,Lakshadweep,All,"PLFS Year (Jul - Jun), 2019",32.600,0.000,False
India,Lakshadweep,All,"PLFS Year (Jul - Jun), 2020",18.867,0.000,False
India,Lakshadweep,All,"PLFS Year (Jul - Jun), 2021",16.567,0.000,False
India,Lakshadweep,All,"PLFS Year (Jul - Jun), 2022",15.867,0.000,False
India,Lakshadweep,All,"PLFS Year (Jul - Jun), 2023",17.800,0.000,False
India,Lakshadweep,Diploma/ Certificate Course,"PLFS Year (Jul - Jun), 2017",64.467,0.000,False
India,Lakshadweep,Diploma/ Certificate Course,"PLFS Year (Jul - Jun), 2018",53.867,0.000,False
India,Lakshadweep,Diploma/ Certificate Course,"PLFS Year (Jul - Jun), 2019",86.000,0.000,False
India,Lakshadweep,Diploma/ Certificate Course,"PLFS Year (Jul - Jun), 2020",93.067,0.000,False
India,Lakshadweep,Diploma/ Certificate Course,"PLFS Year (Jul - Jun), 2021",34.400,0.000,False
India,Lakshadweep,Diploma/ Certificate Course,"PLFS Year (Jul - Jun), 2022",32.633,0.000,False
India,Lakshadweep,Diploma/ Certificate Course,"PLFS Year (Jul - Jun), 2023",44.233,0.000,False
India,Lakshadweep,Graduate,"PLFS Year (Jul - Jun), 2017",58.467,0.000,False
India,Lakshadweep,Graduate,"PLFS Year (Jul - Jun), 2018",79.033,0.000,False
India,Lakshadweep,Graduate,"PLFS Year (Jul - Jun), 2019",86.567,0.000,False
India,Lakshadweep,Graduate,"PLFS Year (Jul - Jun), 2020",59.800,0.000,False
India,Lakshadweep,Graduate,"PLFS Year (Jul - Jun), 2021",76.367,0.000,False
India,Lakshadweep,Graduate,"PLFS Year (Jul - Jun), 2022",32.533,0.000,False
India,Lakshadweep,Graduate,"PLFS Year (Jul - Jun), 2023",59.767,0.000,False
India,Lakshadweep,Higher Secondary,"PLFS Year (Jul - Jun), 2017",30.133,0.000,False
India,Lakshadweep,Higher Secondary,"PLFS Year (Jul - Jun), 2018",38.200,0.000,False
India,Lakshadweep,Higher Secondary,"PLFS Year (Jul - Jun), 2019",9.167,0.000,False
India,Lakshadweep,Higher Secondary,"PLFS Year (Jul - Jun), 2020",10.167,0.000,False
India,Lakshadweep,Higher Secondary,"PLFS Year (Jul - Jun), 2021",17.700,0.000,False
India,Lakshadweep,Higher Secondary,"PLFS Year (Jul - Jun), 2022",10.867,0.000,False
India,Lakshadweep,Higher Secondary,"PLFS Year (Jul - Jun), 2023",16.333,0.000,False
India,Lakshadweep,Literate & Upto Primary,"PLFS Year (Jul - Jun), 2017",1.167,0.000,False
India,Lakshadweep,Literate & Upto Primary,"PLFS Year (Jul - Jun), 2018",2.167,0.000,False
India,Lakshadweep,Literate & Upto Primary,"PLFS Year (Jul - Jun), 2019",16.833,0.000,False
India,Lakshadweep,Literate & Upto Primary,"PLFS Year (Jul - Jun), 2020",11.767,0.000,False
India,Lakshadweep,Literate & Upto Primary,"PLFS Year (Jul - Jun), 2021",8.467,0.000,False
India,Lakshadweep,Literate & Upto Primary,"PLFS Year (Jul - Jun), 2022",7.533,0.000,False
India,Lakshadweep,Literate & Upto Primary,"PLFS Year (Jul - Jun), 2023",11.167,0.000,False
India,Lakshadweep,Middle,"PLFS Year (Jul - Jun), 2017",2.467,0.000,False
India,Lakshadweep,Middle,"PLFS Year (Jul - Jun), 2018",4.567,0.000,False
India,Lakshadweep,Middle,"PLFS Year (Jul - Jun), 2019",31.400,0.000,False
India,Lakshadweep,Middle,"PLFS Year (Jul - Jun), 2020",3.433,0.000,False
India,Lakshadweep,Middle,"PLFS Year (Jul - Jun), 2021",4.533,0.000,False
India,Lakshadweep,Middle,"PLFS Year (Jul - Jun), 2022",15.267,0.000,False
India,Lakshadweep,Middle,"PLFS Year (Jul - Jun), 2023",2.600,0.000,False
India,Lakshadweep,Not Literate,"PLFS Year (Jul - Jun), 2017",0.000,0.000,False
India,Lakshadweep,Not Literate,"PLFS Year (Jul - Jun), 2018",0.000,0.000,False
India,Lakshadweep,Not Literate,"PLFS Year (Jul - Jun), 2019",0.000,0.000,False
India,Lakshadweep,Not Literate,"PLFS Year (Jul - Jun), 2020",8.267,0.000,False
India,Lakshadweep,Not Literate,"PLFS Year (Jul - Jun), 2021",0.000,0.000,False
India,Lakshadweep,Not Literate,"PLFS Year (Jul - Jun), 2022",0.000,0.000,False
India,Lakshadweep,Not Literate,"PLFS Year (Jul - Jun), 2023",0.000,0.000,False
India,Lakshadweep,Post Graduate & Above,"PLFS Year (Jul - Jun), 2017",100.000,0.000,False
India,Lakshadweep,Post Graduate & Above,"PLFS Year (Jul - Jun), 2018",51.967,0.000,False
India,Lakshadweep,Post Graduate & Above,"PLFS Year (Jul - Jun), 2019",22.000,0.000,False
India,Lakshadweep,Post Graduate & Above,"PLFS Year (Jul - Jun), 2020",66.667,0.000,False
India,Lakshadweep,Post Graduate & Above,"PLFS Year (Jul - Jun), 2021",53.600,0.000,False
India,Lakshadweep,Post Graduate & Above,"PLFS Year (Jul - Jun), 2022",52.800,0.000,False
India,Lakshadweep,Post Graduate & Above,"PLFS Year (Jul - Jun), 2023",100.000,0.000,False
India,Lakshadweep,Secondary,"PLFS Year (Jul - Jun), 2017",25.067,0.000,False
India,Lakshadweep,Secondary,"PLFS Year (Jul - Jun), 2018",9.333,0.000,False
India,Lakshadweep,Secondary,"PLFS Year (Jul - Jun), 2019",32.967,0.000,False
India,Lakshadweep,Secondary,"PLFS Year (Jul - Jun), 2020",7.667,0.000,False
India,Lakshadweep,Secondary,"PLFS Year (Jul - Jun), 2021",10.167,0.000,False
India,Lakshadweep,Secondary,"PLFS Year (Jul - Jun), 2022",10.033,0.000,False
India,Lakshadweep,Secondary,"PLFS Year (Jul - Jun), 2023",5.400,0.000,False
India,Lakshadweep,Secondary & Above,"PLFS Year (Jul - Jun), 2017",45.133,0.000,False
India,Lakshadweep,Secondary & Above,"PLFS Year (Jul - Jun), 2018",30.067,0.000,False
India,Lakshadweep,Secondary & Above,"PLFS Year (Jul - Jun), 2019",42.133,0.000,False
India,Lakshadweep,Secondary & Above,"PLFS Year (Jul - Jun), 2020",26.267,0.000,False
India,Lakshadweep,Secondary & Above,"PLFS Year (Jul - Jun), 2021",24.767,0.000,False
India,Lakshadweep,Secondary & Above,"PLFS Year (Jul - Jun), 2022",20.167,0.000,False
India,Lakshadweep,Secondary & Above,"PLFS Year (Jul - Jun), 2023",27.733,0.000,False
India,Madhya Pradesh,All,"PLFS Year (Jul - Jun), 2017",29.333,0.000,False
India,Madhya Pradesh,All,"PLFS Year (Jul - Jun), 2018",25.700,0.000,False
India,Madhya Pradesh,All,"PLFS Year (Jul - Jun), 2019",34.733,0.000,False
India,Madhya Pradesh,All,"PLFS Year (Jul - Jun), 2020",37.033,0.000,False
India,Madhya Pradesh,All,"PLFS Year (Jul - Jun), 2021",37.033,0.000,False
India,Madhya Pradesh,All,"PLFS Year (Jul - Jun), 2022",39.467,0.000,False
India,Madhya Pradesh,All,"PLFS Year (Jul - Jun), 2023",47.300,0.000,False
India,Madhya Pradesh,Diploma/ Certificate Course,"PLFS Year (Jul - Jun), 2017",68.567,0.000,False
India,Madhya Pradesh,Diploma/ Certificate Course,"PLFS Year (Jul - Jun), 2018",56.800,0.000,False
India,Madhya Pradesh,Diploma/ Certificate Course,"PLFS Year (Jul - Jun), 2019",70.700,0.000,False
India,Madhya Pradesh,Diploma/ Certificate Course,"PLFS Year (Jul - Jun), 2020",30.467,0.000,False
India,Madhya Pradesh,Diploma/ Certificate Course,"PLFS Year (Jul - Jun), 2021",62.800,0.000,False
India,Madhya Pradesh,Diploma/ Certificate Course,"PLFS Year (Jul - Jun), 2022",57.267,0.000,False
India,Madhya Pradesh,Diploma/ Certificate Course,"PLFS Year (Jul - Jun), 2023",74.400,0.000,False
India,Madhya Pradesh,Graduate,"PLFS Year (Jul - Jun), 2017",22.367,0.000,False
India,Madhya Pradesh,Graduate,"PLFS Year (Jul - Jun), 2018",21.800,0.000,False
India,Madhya Pradesh,Graduate,"PLFS Year (Jul - Jun), 2019",25.200,0.000,False
India,Madhya Pradesh,Graduate,"PLFS Year (Jul - Jun), 2020",26.967,0.000,False
India,Madhya Pradesh,Graduate,"PLFS Year (Jul - Jun), 2021",26.867,0.000,False
India,Madhya Pradesh,Graduate,"PLFS Year (Jul - Jun), 2022",30.867,0.000,False
India,Madhya Pradesh,Graduate,"PLFS Year (Jul - Jun), 2023",32.200,0.000,False
India,Madhya Pradesh,Higher Secondary,"PLFS Year (Jul - Jun), 2017",13.600,0.000,False
India,Madhya Pradesh,Higher Secondary,"PLFS Year (Jul - Jun), 2018",11.967,0.000,False
India,Madhya Pradesh,Higher Secondary,"PLFS Year (Jul - Jun), 2019",17.033,0.000,False
India,Madhya Pradesh,Higher Secondary,"PLFS Year (Jul - Jun), 2020",17.067,0.000,False
India,Madhya Pradesh,Higher Secondary,"PLFS Year (Jul - Jun), 2021",16.933,0.000,False
India,Madhya Pradesh,Higher Secondary,"PLFS Year (Jul - Jun), 2022",18.100,0.000,False
India,Madhya Pradesh,Higher Secondary,"PLFS Year (Jul - Jun), 2023",25.033,0.000,False
India,Madhya Pradesh,Literate & Upto Primary,"PLFS Year (Jul - Jun), 2017",30.100,0.000,False
India,Madhya Pradesh,Literate & Upto Primary,"PLFS Year (Jul - Jun), 2018",26.633,0.000,False
India,Madhya Pradesh,Literate & Upto Primary,"PLFS Year (Jul - Jun), 2019",35.033,0.000,False
India,Madhya Pradesh,Literate & Upto Primary,"PLFS Year (Jul - Jun), 2020",40.933,0.000,False
India,Madhya Pradesh,Literate & Upto Primary,"PLFS Year (Jul - Jun), 2021",44.367,0.000,False
India,Madhya Pradesh,Literate & Upto Primary,"PLFS Year (Jul - Jun), 2022",44.433,0.000,False
India,Madhya Pradesh,Literate & Upto Primary,"PLFS Year (Jul - Jun), 2023",57.333,0.000,False
India,Madhya Pradesh,Middle,"PLFS Year (Jul - Jun), 2017",17.267,0.000,False
India,Madhya Pradesh,Middle,"PLFS Year (Jul - Jun), 2018",14.967,0.000,False
India,Madhya Pradesh,Middle,"PLFS Year (Jul - Jun), 2019",25.633,0.000,False
India,Madhya Pradesh,Middle,"PLFS Year (Jul - Jun), 2020",30.700,0.000,False
India,Madhya Pradesh,Middle,"PLFS Year (Jul - Jun), 2021",27.733,0.000,False
India,Madhya Pradesh,Middle,"PLFS Year (Jul - Jun), 2022",30.733,0.000,False
India,Madhya Pradesh,Middle,"PLFS Year (Jul - Jun), 2023",40.633,0.000,False
India,Madhya Pradesh,Not Literate,"PLFS Year (Jul - Jun), 2017",40.067,0.000,False
India,Madhya Pradesh,Not Literate,"PLFS Year (Jul - Jun), 2018",35.567,0.000,False
India,Madhya Pradesh,Not Literate,"PLFS Year (Jul - Jun), 2019",45.700,0.000,False
India,Madhya Pradesh,Not Literate,"PLFS Year (Jul - Jun), 2020",46.900,0.000,False
India,Madhya Pradesh,Not Literate,"PLFS Year (Jul - Jun), 2021",47.400,0.000,False
India,Madhya Pradesh,Not Literate,"PLFS Year (Jul - Jun), 2022",51.533,0.000,False
India,Madhya Pradesh,Not Literate,"PLFS Year (Jul - Jun), 2023",57.733,0.000,False
India,Madhya Pradesh,Post Graduate & Above,"PLFS Year (Jul - Jun), 2017",36.933,0.000,False
India,Madhya Pradesh,Post Graduate & Above,"PLFS Year (Jul - Jun), 2018",34.833,0.000,False
India,Madhya Pradesh,Post Graduate & Above,"PLFS Year (Jul - Jun), 2019",34.200,0.000,False
India,Madhya Pradesh,Post Graduate & Above,"PLFS Year (Jul - Jun), 2020",40.567,0.000,False
India,Madhya Pradesh,Post Graduate & Above,"PLFS Year (Jul - Jun), 2021",33.967,0.000,False
India,Madhya Pradesh,Post Graduate & Above,"PLFS Year (Jul - Jun), 2022",34.467,0.000,False
India,Madhya Pradesh,Post Graduate & Above,"PLFS Year (Jul - Jun), 2023",38.100,0.000,False
India,Madhya Pradesh,Secondary,"PLFS Year (Jul - Jun), 2017",11.633,0.000,False
India,Madhya Pradesh,Secondary,"PLFS Year (Jul - Jun), 2018",9.633,0.000,False
India,Madhya Pradesh,Secondary,"PLFS Year (Jul - Jun), 2019",20.200,0.000,False
India,Madhya Pradesh,Secondary,"PLFS Year (Jul - Jun), 2020",17.733,0.000,False
India,Madhya Pradesh,Secondary,"PLFS Year (Jul - Jun), 2021",16.667,0.000,False
India,Madhya Pradesh,Secondary,"PLFS Year (Jul - Jun), 2022",21.533,0.000,False
India,Madhya Pradesh,Secondary,"PLFS Year (Jul - Jun), 2023",30.167,0.000,False
India,Madhya Pradesh,Secondary & Above,"PLFS Year (Jul - Jun), 2017",17.867,0.000,False
India,Madhya Pradesh,Secondary & Above,"PLFS Year (Jul - Jun), 2018",15.733,0.000,False
India,Madhya Pradesh,Secondary & Above,"PLFS Year (Jul - Jun), 2019",23.233,0.000,False
India,Madhya Pradesh,Secondary & Above,"PLFS Year (Jul - Jun), 2020",22.200,0.000,False
India,Madhya Pradesh,Secondary & Above,"PLFS Year (Jul - Jun), 2021",22.000,0.000,False
India,Madhya Pradesh,Secondary & Above,"PLFS Year (Jul - Jun), 2022",24.767,0.000,False
India,Madhya Pradesh,Secondary & Above,"PLFS Year (Jul - Jun), 2023",30.467,0.000,False
India,Maharashtra,All,"PLFS Year (Jul - Jun), 2017",30.033,0.000,False
India,Maharashtra,All,"PLFS Year (Jul - Jun), 2018",30.733,0.000,False
India,Maharashtra,All,"PLFS Year (Jul - Jun), 2019",37.600,0.000,False
India,Maharashtra,All,"PLFS Year (Jul - Jun), 2020",34.800,0.000,False
India,Maharashtra,All,"PLFS Year (Jul - Jun), 2021",37.567,0.000,False
India,Maharashtra,All,"PLFS Year (Jul - Jun), 2022",39.500,0.000,False
India,Maharashtra,All,"PLFS Year (Jul - Jun), 2023",39.167,0.000,False
India,Maharashtra,Diploma/ Certificate Course,"PLFS Year (Jul - Jun), 2017",34.133,0.000,False
India,Maharashtra,Diploma/ Certificate Course,"PLFS Year (Jul - Jun), 2018",51.167,0.000,False
India,Maharashtra,Diploma/ Certificate Course,"PLFS Year (Jul - Jun), 2019",41.533,0.000,False
India,Maharashtra,Diploma/ Certificate Course,"PLFS Year (Jul - Jun), 2020",49.800,0.000,False
India,Maharashtra,Diploma/ Certificate Course,"PLFS Year (Jul - Jun), 2021",53.233,0.000,False
India,Maharashtra,Diploma/ Certificate Course,"PLFS Year (Jul - Jun), 2022",52.533,0.000,False
India,Maharashtra,Diploma/ Certificate Course,"PLFS Year (Jul - Jun), 2023",40.733,0.000,False
India,Maharashtra,Graduate,"PLFS Year (Jul - Jun), 2017",29.900,0.000,False
India,Maharashtra,Graduate,"PLFS Year (Jul - Jun), 2018",34.200,0.000,False
India,Maharashtra,Graduate,"PLFS Year (Jul - Jun), 2019",35.233,0.000,False
India,Maharashtra,Graduate,"PLFS Year (Jul - Jun), 2020",31.067,0.000,False
India,Maharashtra,Graduate,"PLFS Year (Jul - Jun), 2021",39.933,0.000,False
India,Maharashtra,Graduate,"PLFS Year (Jul - Jun), 2022",40.367,0.000,False
India,Maharashtra,Graduate,"PLFS Year (Jul - Jun), 2023",42.367,0.000,False
India,Maharashtra,Higher Secondary,"PLFS Year (Jul - Jun), 2017",17.400,0.000,False
India,Maharashtra,Higher Secondary,"PLFS Year (Jul - Jun), 2018",18.367,0.000,False
India,Maharashtra,Higher Secondary,"PLFS Year (Jul - Jun), 2019",21.267,0.000,False
India,Maharashtra,Higher Secondary,"PLFS Year (Jul - Jun), 2020",22.700,0.000,False
India,Maharashtra,Higher Secondary,"PLFS Year (Jul - Jun), 2021",24.733,0.000,False
India,Maharashtra,Higher Secondary,"PLFS Year (Jul - Jun), 2022",26.000,0.000,False
India,Maharashtra,Higher Secondary,"PLFS Year (Jul - Jun), 2023",26.567,0.000,False
India,Maharashtra,Literate & Upto Primary,"PLFS Year (Jul - Jun), 2017",35.800,0.000,False
India,Maharashtra,Literate & Upto Primary,"PLFS Year (Jul - Jun), 2018",36.033,0.000,False
India,Maharashtra,Literate & Upto Primary,"PLFS Year (Jul - Jun), 2019",44.633,0.000,False
India,Maharashtra,Literate & Upto Primary,"PLFS Year (Jul - Jun), 2020",42.400,0.000,False
India,Maharashtra,Literate & Upto Primary,"PLFS Year (Jul - Jun), 2021",47.233,0.000,False
India,Maharashtra,Literate & Upto Primary,"PLFS Year (Jul - Jun), 2022",47.967,0.000,False
India,Maharashtra,Literate & Upto Primary,"PLFS Year (Jul - Jun), 2023",46.100,0.000,False
India,Maharashtra,Middle,"PLFS Year (Jul - Jun), 2017",29.033,0.000,False
India,Maharashtra,Middle,"PLFS Year (Jul - Jun), 2018",30.267,0.000,False
India,Maharashtra,Middle,"PLFS Year (Jul - Jun), 2019",37.567,0.000,False
India,Maharashtra,Middle,"PLFS Year (Jul - Jun), 2020",36.867,0.000,False
India,Maharashtra,Middle,"PLFS Year (Jul - Jun), 2021",36.300,0.000,False
India,Maharashtra,Middle,"PLFS Year (Jul - Jun), 2022",39.133,0.000,False
India,Maharashtra,Middle,"PLFS Year (Jul - Jun), 2023",39.067,0.000,False
India,Maharashtra,Not Literate,"PLFS Year (Jul - Jun), 2017",33.133,0.000,False
India,Maharashtra,Not Literate,"PLFS Year (Jul - Jun), 2018",34.367,0.000,False
India,Maharashtra,Not Literate,"PLFS Year (Jul - Jun), 2019",42.067,0.000,False
India,Maharashtra,Not Literate,"PLFS Year (Jul - Jun), 2020",37.500,0.000,False
India,Maharashtra,Not Literate,"PLFS Year (Jul - Jun), 2021",40.133,0.000,False
India,Maharashtra,Not Literate,"PLFS Year (Jul - Jun), 2022",40.967,0.000,False
India,Maharashtra,Not Literate,"PLFS Year (Jul - Jun), 2023",41.267,0.000,False
India,Maharashtra,Post Graduate & Above,"PLFS Year (Jul - Jun), 2017",43.100,0.000,False
India,Maharashtra,Post Graduate & Above,"PLFS Year (Jul - Jun), 2018",45.067,0.000,False
India,Maharashtra,Post Graduate & Above,"PLFS Year (Jul - Jun), 2019",55.733,0.000,False
India,Maharashtra,Post Graduate & Above,"PLFS Year (Jul - Jun), 2020",41.067,0.000,False
India,Maharashtra,Post Graduate & Above,"PLFS Year (Jul - Jun), 2021",51.767,0.000,False
India,Maharashtra,Post Graduate & Above,"PLFS Year (Jul - Jun), 2022",42.533,0.000,False
India,Maharashtra,Post Graduate & Above,"PLFS Year (Jul - Jun), 2023",50.333,0.000,False
India,Maharashtra,Secondary,"PLFS Year (Jul - Jun), 2017",22.667,0.000,False
India,Maharashtra,Secondary,"PLFS Year (Jul - Jun), 2018",20.133,0.000,False
India,Maharashtra,Secondary,"PLFS Year (Jul - Jun), 2019",25.300,0.000,False
India,Maharashtra,Secondary,"PLFS Year (Jul - Jun), 2020",23.100,0.000,False
India,Maharashtra,Secondary,"PLFS Year (Jul - Jun), 2021",24.933,0.000,False
India,Maharashtra,Secondary,"PLFS Year (Jul - Jun), 2022",31.167,0.000,False
India,Maharashtra,Secondary,"PLFS Year (Jul - Jun), 2023",30.133,0.000,False
India,Maharashtra,Secondary & Above,"PLFS Year (Jul - Jun), 2017",25.167,0.000,False
India,Maharashtra,Secondary & Above,"PLFS Year (Jul - Jun), 2018",25.233,0.000,False
India,Maharashtra,Secondary & Above,"PLFS Year (Jul - Jun), 2019",29.400,0.000,False
India,Maharashtra,Secondary & Above,"PLFS Year (Jul - Jun), 2020",27.633,0.000,False
India,Maharashtra,Secondary & Above,"PLFS Year (Jul - Jun), 2021",31.567,0.000,False
India,Maharashtra,Secondary & Above,"PLFS Year (Jul - Jun), 2022",34.133,0.000,False
India,Maharashtra,Secondary & Above,"PLFS Year (Jul - Jun), 2023",34.533,0.000,False
India,Manipur,All,"PLFS Year (Jul - Jun), 2017",23.833,0.000,False
India,Manipur,All,"PLFS Year (Jul - Jun), 2018",26.600,0.000,False
India,Manipur,All,"PLFS Year (Jul - Jun), 2019",30.900,0.000,False
India,Manipur,All,"PLFS Year (Jul - Jun), 2020",22.200,0.000,False
India,Manipur,All,"PLFS Year (Jul - Jun), 2021",23.767,0.000,False
India,Manipur,All,"PLFS Year (Jul - Jun), 2022",31.900,0.000,False
India,Manipur,All,"PLFS Year (Jul - Jun), 2023",48.300,0.000,False
India,Manipur,Diploma/ Certificate Course,"PLFS Year (Jul - Jun), 2017",50.367,0.000,False
India,Manipur,Diploma/ Certificate Course,"PLFS Year (Jul - Jun), 2018",77.000,0.000,False
India,Manipur,Diploma/ Certificate Course,"PLFS Year (Jul - Jun), 2019",71.267,0.000,False
India,Manipur,Diploma/ Certificate Course,"PLFS Year (Jul - Jun), 2020",70.900,0.000,False
India,Manipur,Diploma/ Certificate Course,"PLFS Year (Jul - Jun), 2021",15.733,0.000,False
India,Manipur,Diploma/ Certificate Course,"PLFS Year (Jul - Jun), 2022",0.000,0.000,False
India,Manipur,Diploma/ Certificate Course,"PLFS Year (Jul - Jun), 2023",100.000,0.000,False
India,Manipur,Graduate,"PLFS Year (Jul - Jun), 2017",54.033,0.000,False
India,Manipur,Graduate,"PLFS Year (Jul - Jun), 2018",45.200,0.000,False
India,Manipur,Graduate,"PLFS Year (Jul - Jun), 2019",53.167,0.000,False
India,Manipur,Graduate,"PLFS Year (Jul - Jun), 2020",39.800,0.000,False
India,Manipur,Graduate,"PLFS Year (Jul - Jun), 2021",41.333,0.000,False
India,Manipur,Graduate,"PLFS Year (Jul - Jun), 2022",47.733,0.000,False
India,Manipur,Graduate,"PLFS Year (Jul - Jun), 2023",60.967,0.000,False
India,Manipur,Higher Secondary,"PLFS Year (Jul - Jun), 2017",24.500,0.000,False
India,Manipur,Higher Secondary,"PLFS Year (Jul - Jun), 2018",23.767,0.000,False
India,Manipur,Higher Secondary,"PLFS Year (Jul - Jun), 2019",23.567,0.000,False
India,Manipur,Higher Secondary,"PLFS Year (Jul - Jun), 2020",13.833,0.000,False
India,Manipur,Higher Secondary,"PLFS Year (Jul - Jun), 2021",18.233,0.000,False
India,Manipur,Higher Secondary,"PLFS Year (Jul - Jun), 2022",22.933,0.000,False
India,Manipur,Higher Secondary,"PLFS Year (Jul - Jun), 2023",38.600,0.000,False
India,Manipur,Literate & Upto Primary,"PLFS Year (Jul - Jun), 2017",25.000,0.000,False
India,Manipur,Literate & Upto Primary,"PLFS Year (Jul - Jun), 2018",25.167,0.000,False
India,Manipur,Literate & Upto Primary,"PLFS Year (Jul - Jun), 2019",35.000,0.000,False
India,Manipur,Literate & Upto Primary,"PLFS Year (Jul - Jun), 2020",24.600,0.000,False
India,Manipur,Literate & Upto Primary,"PLFS Year (Jul - Jun), 2021",30.167,0.000,False
India,Manipur,Literate & Upto Primary,"PLFS Year (Jul - Jun), 2022",36.333,0.000,False
India,Manipur,Literate & Upto Primary,"PLFS Year (Jul - Jun), 2023",57.033,0.000,False
India,Manipur,Middle,"PLFS Year (Jul - Jun), 2017",16.200,0.000,False
India,Manipur,Middle,"PLFS Year (Jul - Jun), 2018",22.700,0.000,False
India,Manipur,Middle,"PLFS Year (Jul - Jun), 2019",28.367,0.000,False
India,Manipur,Middle,"PLFS Year (Jul - Jun), 2020",18.500,0.000,False
India,Manipur,Middle,"PLFS Year (Jul - Jun), 2021",19.733,0.000,False
India,Manipur,Middle,"PLFS Year (Jul - Jun), 2022",32.567,0.000,False
India,Manipur,Middle,"PLFS Year (Jul - Jun), 2023",50.467,0.000,False
India,Manipur,Not Literate,"PLFS Year (Jul - Jun), 2017",19.033,0.000,False
India,Manipur,Not Literate,"PLFS Year (Jul - Jun), 2018",16.600,0.000,False
India,Manipur,Not Literate,"PLFS Year (Jul - Jun), 2019",22.433,0.000,False
India,Manipur,Not Literate,"PLFS Year (Jul - Jun), 2020",16.367,0.000,False
India,Manipur,Not Literate,"PLFS Year (Jul - Jun), 2021",17.000,0.000,False
India,Manipur,Not Literate,"PLFS Year (Jul - Jun), 2022",23.433,0.000,False
India,Manipur,Not Literate,"PLFS Year (Jul - Jun), 2023",41.467,0.000,False
India,Manipur,Post Graduate & Above,"PLFS Year (Jul - Jun), 2017",77.200,0.000,False
India,Manipur,Post Graduate & Above,"PLFS Year (Jul - Jun), 2018",73.133,0.000,False
India,Manipur,Post Graduate & Above,"PLFS Year (Jul - Jun), 2019",75.200,0.000,False
India,Manipur,Post Graduate & Above,"PLFS Year (Jul - Jun), 2020",61.400,0.000,False
India,Manipur,Post Graduate & Above,"PLFS Year (Jul - Jun), 2021",59.067,0.000,False
India,Manipur,Post Graduate & Above,"PLFS Year (Jul - Jun), 2022",72.300,0.000,False
India,Manipur,Post Graduate & Above,"PLFS Year (Jul - Jun), 2023",83.900,0.000,False
India,Manipur,Secondary,"PLFS Year (Jul - Jun), 2017",18.033,0.000,False
India,Manipur,Secondary,"PLFS Year (Jul - Jun), 2018",25.333,0.000,False
India,Manipur,Secondary,"PLFS Year (Jul - Jun), 2019",22.333,0.000,False
India,Manipur,Secondary,"PLFS Year (Jul - Jun), 2020",17.100,0.000,False
India,Manipur,Secondary,"PLFS Year (Jul - Jun), 2021",19.900,0.000,False
India,Manipur,Secondary,"PLFS Year (Jul - Jun), 2022",23.667,0.000,False
India,Manipur,Secondary,"PLFS Year (Jul - Jun), 2023",37.767,0.000,False
India,Manipur,Secondary & Above,"PLFS Year (Jul - Jun), 2017",31.300,0.000,False
India,Manipur,Secondary & Above,"PLFS Year (Jul - Jun), 2018",32.567,0.000,False
India,Manipur,Secondary & Above,"PLFS Year (Jul - Jun), 2019",33.967,0.000,False
India,Manipur,Secondary & Above,"PLFS Year (Jul - Jun), 2020",24.967,0.000,False
India,Manipur,Secondary & Above,"PLFS Year (Jul - Jun), 2021",27.000,0.000,False
India,Manipur,Secondary & Above,"PLFS Year (Jul - Jun), 2022",31.567,0.000,False
India,Manipur,Secondary & Above,"PLFS Year (Jul - Jun), 2023",45.667,0.000,False
India,Meghalaya,All,"PLFS Year (Jul - Jun), 2017",46.333,0.000,False
India,Meghalaya,All,"PLFS Year (Jul - Jun), 2018",45.500,0.000,False
India,Meghalaya,All,"PLFS Year (Jul - Jun), 2019",41.500,0.000,False
India,Meghalaya,All,"PLFS Year (Jul - Jun), 2020",47.500,0.000,False
India,Meghalaya,All,"PLFS Year (Jul - Jun), 2021",46.733,0.000,False
India,Meghalaya,All,"PLFS Year (Jul - Jun), 2022",55.733,0.000,False
India,Meghalaya,All,"PLFS Year (Jul - Jun), 2023",65.467,0.000,False
India,Meghalaya,Diploma/ Certificate Course,"PLFS Year (Jul - Jun), 2017",100.000,0.000,False
India,Meghalaya,Diploma/ Certificate Course,"PLFS Year (Jul - Jun), 2018",78.167,0.000,False
India,Meghalaya,Diploma/ Certificate Course,"PLFS Year (Jul - Jun), 2019",74.000,0.000,False
India,Meghalaya,Diploma/ Certificate Course,"PLFS Year (Jul - Jun), 2020",100.000,0.000,False
India,Meghalaya,Diploma/ Certificate Course,"PLFS Year (Jul - Jun), 2021",66.667,0.000,False
India,Meghalaya,Diploma/ Certificate Course,"PLFS Year (Jul - Jun), 2022",0.000,0.000,False
India,Meghalaya,Diploma/ Certificate Course,"PLFS Year (Jul - Jun), 2023",100.000,0.000,False
India,Meghalaya,Graduate,"PLFS Year (Jul - Jun), 2017",78.867,0.000,False
India,Meghalaya,Graduate,"PLFS Year (Jul - Jun), 2018",72.033,0.000,False
India,Meghalaya,Graduate,"PLFS Year (Jul - Jun), 2019",69.233,0.000,False
India,Meghalaya,Graduate,"PLFS Year (Jul - Jun), 2020",64.067,0.000,False
India,Meghalaya,Graduate,"PLFS Year (Jul - Jun), 2021",73.400,0.000,False
India,Meghalaya,Graduate,"PLFS Year (Jul - Jun), 2022",73.633,0.000,False
India,Meghalaya,Graduate,"PLFS Year (Jul - Jun), 2023",77.000,0.000,False
India,Meghalaya,Higher Secondary,"PLFS Year (Jul - Jun), 2017",34.467,0.000,False
India,Meghalaya,Higher Secondary,"PLFS Year (Jul - Jun), 2018",38.133,0.000,False
India,Meghalaya,Higher Secondary,"PLFS Year (Jul - Jun), 2019",32.767,0.000,False
India,Meghalaya,Higher Secondary,"PLFS Year (Jul - Jun), 2020",33.233,0.000,False
India,Meghalaya,Higher Secondary,"PLFS Year (Jul - Jun), 2021",37.533,0.000,False
India,Meghalaya,Higher Secondary,"PLFS Year (Jul - Jun), 2022",43.967,0.000,False
India,Meghalaya,Higher Secondary,"PLFS Year (Jul - Jun), 2023",50.267,0.000,False
India,Meghalaya,Literate & Upto Primary,"PLFS Year (Jul - Jun), 2017",55.700,0.000,False
India,Meghalaya,Literate & Upto Primary,"PLFS Year (Jul - Jun), 2018",55.433,0.000,False
India,Meghalaya,Literate & Upto Primary,"PLFS Year (Jul - Jun), 2019",46.367,0.000,False
India,Meghalaya,Literate & Upto Primary,"PLFS Year (Jul - Jun), 2020",56.100,0.000,False
India,Meghalaya,Literate & Upto Primary,"PLFS Year (Jul - Jun), 2021",53.133,0.000,False
India,Meghalaya,Literate & Upto Primary,"PLFS Year (Jul - Jun), 2022",55.333,0.000,False
India,Meghalaya,Literate & Upto Primary,"PLFS Year (Jul - Jun), 2023",78.500,0.000,False
India,Meghalaya,Middle,"PLFS Year (Jul - Jun), 2017",35.433,0.000,False
India,Meghalaya,Middle,"PLFS Year (Jul - Jun), 2018",35.200,0.000,False
India,Meghalaya,Middle,"PLFS Year (Jul - Jun), 2019",36.033,0.000,False
India,Meghalaya,Middle,"PLFS Year (Jul - Jun), 2020",40.067,0.000,False
India,Meghalaya,Middle,"PLFS Year (Jul - Jun), 2021",34.867,0.000,False
India,Meghalaya,Middle,"PLFS Year (Jul - Jun), 2022",53.067,0.000,False
India,Meghalaya,Middle,"PLFS Year (Jul - Jun), 2023",57.233,0.000,False
India,Meghalaya,Not Literate,"PLFS Year (Jul - Jun), 2017",46.900,0.000,False
India,Meghalaya,Not Literate,"PLFS Year (Jul - Jun), 2018",39.300,0.000,False
India,Meghalaya,Not Literate,"PLFS Year (Jul - Jun), 2019",32.267,0.000,False
India,Meghalaya,Not Literate,"PLFS Year (Jul - Jun), 2020",52.700,0.000,False
India,Meghalaya,Not Literate,"PLFS Year (Jul - Jun), 2021",49.433,0.000,False
India,Meghalaya,Not Literate,"PLFS Year (Jul - Jun), 2022",56.133,0.000,False
India,Meghalaya,Not Literate,"PLFS Year (Jul - Jun), 2023",57.633,0.000,False
India,Meghalaya,Post Graduate & Above,"PLFS Year (Jul - Jun), 2017",73.833,0.000,False
India,Meghalaya,Post Graduate & Above,"PLFS Year (Jul - Jun), 2018",82.800,0.000,False
India,Meghalaya,Post Graduate & Above,"PLFS Year (Jul - Jun), 2019",93.400,0.000,False
India,Meghalaya,Post Graduate & Above,"PLFS Year (Jul - Jun), 2020",81.300,0.000,False
India,Meghalaya,Post Graduate & Above,"PLFS Year (Jul - Jun), 2021",87.333,0.000,False
India,Meghalaya,Post Graduate & Above,"PLFS Year (Jul - Jun), 2022",89.433,0.000,False
India,Meghalaya,Post Graduate & Above,"PLFS Year (Jul - Jun), 2023",94.667,0.000,False
India,Meghalaya,Secondary,"PLFS Year (Jul - Jun), 2017",21.933,0.000,False
India,Meghalaya,Secondary,"PLFS Year (Jul - Jun), 2018",26.533,0.000,False
India,Meghalaya,Secondary,"PLFS Year (Jul - Jun), 2019",23.933,0.000,False
India,Meghalaya,Secondary,"PLFS Year (Jul - Jun), 2020",30.333,0.000,False
India,Meghalaya,Secondary,"PLFS Year (Jul - Jun), 2021",29.600,0.000,False
India,Meghalaya,Secondary,"PLFS Year (Jul - Jun), 2022",43.133,0.000,False
India,Meghalaya,Secondary,"PLFS Year (Jul - Jun), 2023",46.467,0.000,False
India,Meghalaya,Secondary & Above,"PLFS Year (Jul - Jun), 2017",42.067,0.000,False
India,Meghalaya,Secondary & Above,"PLFS Year (Jul - Jun), 2018",43.667,0.000,False
India,Meghalaya,Secondary & Above,"PLFS Year (Jul - Jun), 2019",40.733,0.000,False
India,Meghalaya,Secondary & Above,"PLFS Year (Jul - Jun), 2020",43.867,0.000,False
India,Meghalaya,Secondary & Above,"PLFS Year (Jul - Jun), 2021",46.467,0.000,False
India,Meghalaya,Secondary & Above,"PLFS Year (Jul - Jun), 2022",56.100,0.000,False
India,Meghalaya,Secondary & Above,"PLFS Year (Jul - Jun), 2023",60.600,0.000,False
India,Mizoram,All,"PLFS Year (Jul - Jun), 2017",29.967,0.000,False
India,Mizoram,All,"PLFS Year (Jul - Jun), 2018",29.167,0.000,False
India,Mizoram,All,"PLFS Year (Jul - Jun), 2019",36.967,0.000,False
India,Mizoram,All,"PLFS Year (Jul - Jun), 2020",41.733,0.000,False
India,Mizoram,All,"PLFS Year (Jul - Jun), 2021",34.633,0.000,False
India,Mizoram,All,"PLFS Year (Jul - Jun), 2022",45.067,0.000,False
India,Mizoram,All,"PLFS Year (Jul - Jun), 2023",41.633,0.000,False
India,Mizoram,Diploma/ Certificate Course,"PLFS Year (Jul - Jun), 2017",66.667,0.000,False
India,Mizoram,Diploma/ Certificate Course,"PLFS Year (Jul - Jun), 2018",18.933,0.000,False
India,Mizoram,Diploma/ Certificate Course,"PLFS Year (Jul - Jun), 2019",66.667,0.000,False
India,Mizoram,Diploma/ Certificate Course,"PLFS Year (Jul - Jun), 2020",42.600,0.000,False
India,Mizoram,Diploma/ Certificate Course,"PLFS Year (Jul - Jun), 2021",0.000,0.000,False
India,Mizoram,Diploma/ Certificate Course,"PLFS Year (Jul - Jun), 2022",0.000,0.000,False
India,Mizoram,Diploma/ Certificate Course,"PLFS Year (Jul - Jun), 2023",66.667,0.000,False
India,Mizoram,Graduate,"PLFS Year (Jul - Jun), 2017",73.467,0.000,False
India,Mizoram,Graduate,"PLFS Year (Jul - Jun), 2018",54.333,0.000,False
India,Mizoram,Graduate,"PLFS Year (Jul - Jun), 2019",50.800,0.000,False
India,Mizoram,Graduate,"PLFS Year (Jul - Jun), 2020",64.067,0.000,False
India,Mizoram,Graduate,"PLFS Year (Jul - Jun), 2021",56.067,0.000,False
India,Mizoram,Graduate,"PLFS Year (Jul - Jun), 2022",65.067,0.000,False
India,Mizoram,Graduate,"PLFS Year (Jul - Jun), 2023",67.000,0.000,False
India,Mizoram,Higher Secondary,"PLFS Year (Jul - Jun), 2017",29.433,0.000,False
India,Mizoram,Higher Secondary,"PLFS Year (Jul - Jun), 2018",22.767,0.000,False
India,Mizoram,Higher Secondary,"PLFS Year (Jul - Jun), 2019",30.400,0.000,False
India,Mizoram,Higher Secondary,"PLFS Year (Jul - Jun), 2020",30.500,0.000,False
India,Mizoram,Higher Secondary,"PLFS Year (Jul - Jun), 2021",30.033,0.000,False
India,Mizoram,Higher Secondary,"PLFS Year (Jul - Jun), 2022",35.267,0.000,False
India,Mizoram,Higher Secondary,"PLFS Year (Jul - Jun), 2023",26.800,0.000,False
India,Mizoram,Literate & Upto Primary,"PLFS Year (Jul - Jun), 2017",25.800,0.000,False
India,Mizoram,Literate & Upto Primary,"PLFS Year (Jul - Jun), 2018",25.900,0.000,False
India,Mizoram,Literate & Upto Primary,"PLFS Year (Jul - Jun), 2019",37.867,0.000,False
India,Mizoram,Literate & Upto Primary,"PLFS Year (Jul - Jun), 2020",45.700,0.000,False
India,Mizoram,Literate & Upto Primary,"PLFS Year (Jul - Jun), 2021",27.700,0.000,False
India,Mizoram,Literate & Upto Primary,"PLFS Year (Jul - Jun), 2022",34.467,0.000,False
India,Mizoram,Literate & Upto Primary,"PLFS Year (Jul - Jun), 2023",34.133,0.000,False
India,Mizoram,Middle,"PLFS Year (Jul - Jun), 2017",26.100,0.000,False
India,Mizoram,Middle,"PLFS Year (Jul - Jun), 2018",31.200,0.000,False
India,Mizoram,Middle,"PLFS Year (Jul - Jun), 2019",36.400,0.000,False
India,Mizoram,Middle,"PLFS Year (Jul - Jun), 2020",42.733,0.000,False
India,Mizoram,Middle,"PLFS Year (Jul - Jun), 2021",36.867,0.000,False
India,Mizoram,Middle,"PLFS Year (Jul - Jun), 2022",52.267,0.000,False
India,Mizoram,Middle,"PLFS Year (Jul - Jun), 2023",49.933,0.000,False
India,Mizoram,Not Literate,"PLFS Year (Jul - Jun), 2017",20.800,0.000,False
India,Mizoram,Not Literate,"PLFS Year (Jul - Jun), 2018",3.667,0.000,False
India,Mizoram,Not Literate,"PLFS Year (Jul - Jun), 2019",10.633,0.000,False
India,Mizoram,Not Literate,"PLFS Year (Jul - Jun), 2020",45.433,0.000,False
India,Mizoram,Not Literate,"PLFS Year (Jul - Jun), 2021",0.000,0.000,False
India,Mizoram,Not Literate,"PLFS Year (Jul - Jun), 2022",0.000,0.000,False
India,Mizoram,Not Literate,"PLFS Year (Jul - Jun), 2023",18.700,0.000,False
India,Mizoram,Post Graduate & Above,"PLFS Year (Jul - Jun), 2017",94.267,0.000,False
India,Mizoram,Post Graduate & Above,"PLFS Year (Jul - Jun), 2018",60.267,0.000,False
India,Mizoram,Post Graduate & Above,"PLFS Year (Jul - Jun), 2019",58.800,0.000,False
India,Mizoram,Post Graduate & Above,"PLFS Year (Jul - Jun), 2020",65.200,0.000,False
India,Mizoram,Post Graduate & Above,"PLFS Year (Jul - Jun), 2021",68.500,0.000,False
India,Mizoram,Post Graduate & Above,"PLFS Year (Jul - Jun), 2022",61.067,0.000,False
India,Mizoram,Post Graduate & Above,"PLFS Year (Jul - Jun), 2023",48.667,0.000,False
India,Mizoram,Secondary,"PLFS Year (Jul - Jun), 2017",21.400,0.000,False
India,Mizoram,Secondary,"PLFS Year (Jul - Jun), 2018",18.633,0.000,False
India,Mizoram,Secondary,"PLFS Year (Jul - Jun), 2019",24.167,0.000,False
India,Mizoram,Secondary,"PLFS Year (Jul - Jun), 2020",20.967,0.000,False
India,Mizoram,Secondary,"PLFS Year (Jul - Jun), 2021",22.800,0.000,False
India,Mizoram,Secondary,"PLFS Year (Jul - Jun), 2022",30.433,0.000,False
India,Mizoram,Secondary,"PLFS Year (Jul - Jun), 2023",29.167,0.000,False
India,Mizoram,Secondary & Above,"PLFS Year (Jul - Jun), 2017",35.667,0.000,False
India,Mizoram,Secondary & Above,"PLFS Year (Jul - Jun), 2018",28.933,0.000,False
India,Mizoram,Secondary & Above,"PLFS Year (Jul - Jun), 2019",35.567,0.000,False
India,Mizoram,Secondary & Above,"PLFS Year (Jul - Jun), 2020",36.600,0.000,False
India,Mizoram,Secondary & Above,"PLFS Year (Jul - Jun), 2021",35.900,0.000,False
India,Mizoram,Secondary & Above,"PLFS Year (Jul - Jun), 2022",43.333,0.000,False
India,Mizoram,Secondary & Above,"PLFS Year (Jul - Jun), 2023",38.433,0.000,False
India,Nagaland,All,"PLFS Year (Jul - Jun), 2017",17.133,0.000,False
India,Nagaland,All,"PLFS Year (Jul - Jun), 2018",21.767,0.000,False
India,Nagaland,All,"PLFS Year (Jul - Jun), 2019",40.867,0.000,False
India,Nagaland,All,"PLFS Year (Jul - Jun), 2020",44.433,0.000,False
India,Nagaland,All,"PLFS Year (Jul - Jun), 2021",48.567,0.000,False
India,Nagaland,All,"PLFS Year (Jul - Jun), 2022",62.167,0.000,False
India,Nagaland,All,"PLFS Year (Jul - Jun), 2023",61.800,0.000,False
India,Nagaland,Diploma/ Certificate Course,"PLFS Year (Jul - Jun), 2017",0.000,0.000,False
India,Nagaland,Diploma/ Certificate Course,"PLFS Year (Jul - Jun), 2018",79.367,0.000,False
India,Nagaland,Diploma/ Certificate Course,"PLFS Year (Jul - Jun), 2019",61.000,0.000,False
India,Nagaland,Diploma/ Certificate Course,"PLFS Year (Jul - Jun), 2020",0.000,0.000,False
India,Nagaland,Diploma/ Certificate Course,"PLFS Year (Jul - Jun), 2021",66.667,0.000,False
India,Nagaland,Diploma/ Certificate Course,"PLFS Year (Jul - Jun), 2022",66.667,0.000,False
India,Nagaland,Diploma/ Certificate Course,"PLFS Year (Jul - Jun), 2023",100.000,0.000,False
India,Nagaland,Graduate,"PLFS Year (Jul - Jun), 2017",63.000,0.000,False
India,Nagaland,Graduate,"PLFS Year (Jul - Jun), 2018",54.133,0.000,False
India,Nagaland,Graduate,"PLFS Year (Jul - Jun), 2019",70.167,0.000,False
India,Nagaland,Graduate,"PLFS Year (Jul - Jun), 2020",67.233,0.000,False
India,Nagaland,Graduate,"PLFS Year (Jul - Jun), 2021",78.500,0.000,False
India,Nagaland,Graduate,"PLFS Year (Jul - Jun), 2022",76.067,0.000,False
India,Nagaland,Graduate,"PLFS Year (Jul - Jun), 2023",76.267,0.000,False
India,Nagaland,Higher Secondary,"PLFS Year (Jul - Jun), 2017",30.100,0.000,False
India,Nagaland,Higher Secondary,"PLFS Year (Jul - Jun), 2018",22.433,0.000,False
India,Nagaland,Higher Secondary,"PLFS Year (Jul - Jun), 2019",32.367,0.000,False
India,Nagaland,Higher Secondary,"PLFS Year (Jul - Jun), 2020",35.067,0.000,False
India,Nagaland,Higher Secondary,"PLFS Year (Jul - Jun), 2021",38.433,0.000,False
India,Nagaland,Higher Secondary,"PLFS Year (Jul - Jun), 2022",43.267,0.000,False
India,Nagaland,Higher Secondary,"PLFS Year (Jul - Jun), 2023",56.833,0.000,False
India,Nagaland,Literate & Upto Primary,"PLFS Year (Jul - Jun), 2017",10.400,0.000,False
India,Nagaland,Literate & Upto Primary,"PLFS Year (Jul - Jun), 2018",20.433,0.000,False
India,Nagaland,Literate & Upto Primary,"PLFS Year (Jul - Jun), 2019",48.667,0.000,False
India,Nagaland,Literate & Upto Primary,"PLFS Year (Jul - Jun), 2020",48.600,0.000,False
India,Nagaland,Literate & Upto Primary,"PLFS Year (Jul - Jun), 2021",62.400,0.000,False
India,Nagaland,Literate & Upto Primary,"PLFS Year (Jul - Jun), 2022",75.633,0.000,False
India,Nagaland,Literate & Upto Primary,"PLFS Year (Jul - Jun), 2023",72.367,0.000,False
India,Nagaland,Middle,"PLFS Year (Jul - Jun), 2017",8.967,0.000,False
India,Nagaland,Middle,"PLFS Year (Jul - Jun), 2018",14.400,0.000,False
India,Nagaland,Middle,"PLFS Year (Jul - Jun), 2019",31.767,0.000,False
India,Nagaland,Middle,"PLFS Year (Jul - Jun), 2020",37.667,0.000,False
India,Nagaland,Middle,"PLFS Year (Jul - Jun), 2021",38.067,0.000,False
India,Nagaland,Middle,"PLFS Year (Jul - Jun), 2022",62.300,0.000,False
India,Nagaland,Middle,"PLFS Year (Jul - Jun), 2023",58.233,0.000,False
India,Nagaland,Not Literate,"PLFS Year (Jul - Jun), 2017",9.567,0.000,False
India,Nagaland,Not Literate,"PLFS Year (Jul - Jun), 2018",20.300,0.000,False
India,Nagaland,Not Literate,"PLFS Year (Jul - Jun), 2019",56.933,0.000,False
India,Nagaland,Not Literate,"PLFS Year (Jul - Jun), 2020",45.567,0.000,False
India,Nagaland,Not Literate,"PLFS Year (Jul - Jun), 2021",46.567,0.000,False
India,Nagaland,Not Literate,"PLFS Year (Jul - Jun), 2022",54.267,0.000,False
India,Nagaland,Not Literate,"PLFS Year (Jul - Jun), 2023",39.400,0.000,False
India,Nagaland,Post Graduate & Above,"PLFS Year (Jul - Jun), 2017",71.400,0.000,False
India,Nagaland,Post Graduate & Above,"PLFS Year (Jul - Jun), 2018",76.433,0.000,False
India,Nagaland,Post Graduate & Above,"PLFS Year (Jul - Jun), 2019",87.000,0.000,False
India,Nagaland,Post Graduate & Above,"PLFS Year (Jul - Jun), 2020",71.300,0.000,False
India,Nagaland,Post Graduate & Above,"PLFS Year (Jul - Jun), 2021",93.433,0.000,False
India,Nagaland,Post Graduate & Above,"PLFS Year (Jul - Jun), 2022",94.633,0.000,False
India,Nagaland,Post Graduate & Above,"PLFS Year (Jul - Jun), 2023",77.333,0.000,False
India,Nagaland,Secondary,"PLFS Year (Jul - Jun), 2017",14.200,0.000,False
India,Nagaland,Secondary,"PLFS Year (Jul - Jun), 2018",15.567,0.000,False
India,Nagaland,Secondary,"PLFS Year (Jul - Jun), 2019",29.633,0.000,False
India,Nagaland,Secondary,"PLFS Year (Jul - Jun), 2020",33.000,0.000,False
India,Nagaland,Secondary,"PLFS Year (Jul - Jun), 2021",38.733,0.000,False
India,Nagaland,Secondary,"PLFS Year (Jul - Jun), 2022",49.367,0.000,False
India,Nagaland,Secondary,"PLFS Year (Jul - Jun), 2023",53.633,0.000,False
India,Nagaland,Secondary & Above,"PLFS Year (Jul - Jun), 2017",28.900,0.000,False
India,Nagaland,Secondary & Above,"PLFS Year (Jul - Jun), 2018",25.933,0.000,False
India,Nagaland,Secondary & Above,"PLFS Year (Jul - Jun), 2019",41.133,0.000,False
India,Nagaland,Secondary & Above,"PLFS Year (Jul - Jun), 2020",44.900,0.000,False
India,Nagaland,Secondary & Above,"PLFS Year (Jul - Jun), 2021",51.833,0.000,False
India,Nagaland,Secondary & Above,"PLFS Year (Jul - Jun), 2022",54.600,0.000,False
India,Nagaland,Secondary & Above,"PLFS Year (Jul - Jun), 2023",62.133,0.000,False
India,Odisha,All,"PLFS Year (Jul - Jun), 2017",18.800,0.000,False
India,Odisha,All,"PLFS Year (Jul - Jun), 2018",23.300,0.000,False
India,Odisha,All,"PLFS Year (Jul - Jun), 2019",30.467,0.000,False
India,Odisha,All,"PLFS Year (Jul - Jun), 2020",30.967,0.000,False
India,Odisha,All,"PLFS Year (Jul - Jun), 2021",29.933,0.000,False
India,Odisha,All,"PLFS Year (Jul - Jun), 2022",40.000,0.000,False
India,Odisha,All,"PLFS Year (Jul - Jun), 2023",44.267,0.000,False
India,Odisha,Diploma/ Certificate Course,"PLFS Year (Jul - Jun), 2017",57.133,0.000,False
India,Odisha,Diploma/ Certificate Course,"PLFS Year (Jul - Jun), 2018",79.900,0.000,False
India,Odisha,Diploma/ Certificate Course,"PLFS Year (Jul - Jun), 2019",52.700,0.000,False
India,Odisha,Diploma/ Certificate Course,"PLFS Year (Jul - Jun), 2020",60.000,0.000,False
India,Odisha,Diploma/ Certificate Course,"PLFS Year (Jul - Jun), 2021",71.233,0.000,False
India,Odisha,Diploma/ Certificate Course,"PLFS Year (Jul - Jun), 2022",74.367,0.000,False
India,Odisha,Diploma/ Certificate Course,"PLFS Year (Jul - Jun), 2023",71.300,0.000,False
India,Odisha,Graduate,"PLFS Year (Jul - Jun), 2017",27.300,0.000,False
India,Odisha,Graduate,"PLFS Year (Jul - Jun), 2018",31.233,0.000,False
India,Odisha,Graduate,"PLFS Year (Jul - Jun), 2019",35.000,0.000,False
India,Odisha,Graduate,"PLFS Year (Jul - Jun), 2020",30.033,0.000,False
India,Odisha,Graduate,"PLFS Year (Jul - Jun), 2021",41.633,0.000,False
India,Odisha,Graduate,"PLFS Year (Jul - Jun), 2022",39.133,0.000,False
India,Odisha,Graduate,"PLFS Year (Jul - Jun), 2023",48.100,0.000,False
India,Odisha,Higher Secondary,"PLFS Year (Jul - Jun), 2017",12.067,0.000,False
India,Odisha,Higher Secondary,"PLFS Year (Jul - Jun), 2018",12.733,0.000,False
India,Odisha,Higher Secondary,"PLFS Year (Jul - Jun), 2019",16.967,0.000,False
India,Odisha,Higher Secondary,"PLFS Year (Jul - Jun), 2020",16.133,0.000,False
India,Odisha,Higher Secondary,"PLFS Year (Jul - Jun), 2021",14.967,0.000,False
India,Odisha,Higher Secondary,"PLFS Year (Jul - Jun), 2022",26.100,0.000,False
India,Odisha,Higher Secondary,"PLFS Year (Jul - Jun), 2023",21.033,0.000,False
India,Odisha,Literate & Upto Primary,"PLFS Year (Jul - Jun), 2017",20.467,0.000,False
India,Odisha,Literate & Upto Primary,"PLFS Year (Jul - Jun), 2018",24.133,0.000,False
India,Odisha,Literate & Upto Primary,"PLFS Year (Jul - Jun), 2019",31.200,0.000,False
India,Odisha,Literate & Upto Primary,"PLFS Year (Jul - Jun), 2020",29.700,0.000,False
India,Odisha,Literate & Upto Primary,"PLFS Year (Jul - Jun), 2021",27.900,0.000,False
India,Odisha,Literate & Upto Primary,"PLFS Year (Jul - Jun), 2022",45.867,0.000,False
India,Odisha,Literate & Upto Primary,"PLFS Year (Jul - Jun), 2023",51.900,0.000,False
India,Odisha,Middle,"PLFS Year (Jul - Jun), 2017",10.333,0.000,False
India,Odisha,Middle,"PLFS Year (Jul - Jun), 2018",17.700,0.000,False
India,Odisha,Middle,"PLFS Year (Jul - Jun), 2019",22.067,0.000,False
India,Odisha,Middle,"PLFS Year (Jul - Jun), 2020",21.200,0.000,False
India,Odisha,Middle,"PLFS Year (Jul - Jun), 2021",21.100,0.000,False
India,Odisha,Middle,"PLFS Year (Jul - Jun), 2022",34.500,0.000,False
India,Odisha,Middle,"PLFS Year (Jul - Jun), 2023",38.500,0.000,False
India,Odisha,Not Literate,"PLFS Year (Jul - Jun), 2017",24.900,0.000,False
India,Odisha,Not Literate,"PLFS Year (Jul - Jun), 2018",30.533,0.000,False
India,Odisha,Not Literate,"PLFS Year (Jul - Jun), 2019",40.133,0.000,False
India,Odisha,Not Literate,"PLFS Year (Jul - Jun), 2020",44.600,0.000,False
India,Odisha,Not Literate,"PLFS Year (Jul - Jun), 2021",42.067,0.000,False
India,Odisha,Not Literate,"PLFS Year (Jul - Jun), 2022",47.367,0.000,False
India,Odisha,Not Literate,"PLFS Year (Jul - Jun), 2023",54.333,0.000,False
India,Odisha,Post Graduate & Above,"PLFS Year (Jul - Jun), 2017",59.333,0.000,False
India,Odisha,Post Graduate & Above,"PLFS Year (Jul - Jun), 2018",53.900,0.000,False
India,Odisha,Post Graduate & Above,"PLFS Year (Jul - Jun), 2019",66.033,0.000,False
India,Odisha,Post Graduate & Above,"PLFS Year (Jul - Jun), 2020",53.367,0.000,False
India,Odisha,Post Graduate & Above,"PLFS Year (Jul - Jun), 2021",42.833,0.000,False
India,Odisha,Post Graduate & Above,"PLFS Year (Jul - Jun), 2022",64.100,0.000,False
India,Odisha,Post Graduate & Above,"PLFS Year (Jul - Jun), 2023",67.133,0.000,False
India,Odisha,Secondary,"PLFS Year (Jul - Jun), 2017",9.267,0.000,False
India,Odisha,Secondary,"PLFS Year (Jul - Jun), 2018",14.033,0.000,False
India,Odisha,Secondary,"PLFS Year (Jul - Jun), 2019",17.033,0.000,False
India,Odisha,Secondary,"PLFS Year (Jul - Jun), 2020",18.200,0.000,False
India,Odisha,Secondary,"PLFS Year (Jul - Jun), 2021",16.333,0.000,False
India,Odisha,Secondary,"PLFS Year (Jul - Jun), 2022",27.033,0.000,False
India,Odisha,Secondary,"PLFS Year (Jul - Jun), 2023",27.900,0.000,False
India,Odisha,Secondary & Above,"PLFS Year (Jul - Jun), 2017",16.000,0.000,False
India,Odisha,Secondary & Above,"PLFS Year (Jul - Jun), 2018",18.967,0.000,False
India,Odisha,Secondary & Above,"PLFS Year (Jul - Jun), 2019",23.933,0.000,False
India,Odisha,Secondary & Above,"PLFS Year (Jul - Jun), 2020",23.100,0.000,False
India,Odisha,Secondary & Above,"PLFS Year (Jul - Jun), 2021",23.267,0.000,False
India,Odisha,Secondary & Above,"PLFS Year (Jul - Jun), 2022",31.500,0.000,False
India,Odisha,Secondary & Above,"PLFS Year (Jul - Jun), 2023",33.467,0.000,False
India,Puducherry,All,"PLFS Year (Jul - Jun), 2017",16.033,0.000,False
India,Puducherry,All,"PLFS Year (Jul - Jun), 2018",32.700,0.000,False
India,Puducherry,All,"PLFS Year (Jul - Jun), 2019",32.833,0.000,False
India,Puducherry,All,"PLFS Year (Jul - Jun), 2020",29.633,0.000,False
India,Puducherry,All,"PLFS Year (Jul - Jun), 2021",38.133,0.000,False
India,Puducherry,All,"PLFS Year (Jul - Jun), 2022",37.100,0.000,False
India,Puducherry,All,"PLFS Year (Jul - Jun), 2023",35.367,0.000,False
India,Puducherry,Diploma/ Certificate Course,"PLFS Year (Jul - Jun), 2017",18.533,0.000,False
India,Puducherry,Diploma/ Certificate Course,"PLFS Year (Jul - Jun), 2018",60.633,0.000,False
India,Puducherry,Diploma/ Certificate Course,"PLFS Year (Jul - Jun), 2019",73.533,0.000,False
India,Puducherry,Diploma/ Certificate Course,"PLFS Year (Jul - Jun), 2020",12.067,0.000,False
India,Puducherry,Diploma/ Certificate Course,"PLFS Year (Jul - Jun), 2021",72.167,0.000,False
India,Puducherry,Diploma/ Certificate Course,"PLFS Year (Jul - Jun), 2022",45.950,0.000,False
India,Puducherry,Diploma/ Certificate Course,"PLFS Year (Jul - Jun), 2023",62.300,0.000,False
India,Puducherry,Graduate,"PLFS Year (Jul - Jun), 2017",34.667,0.000,False
India,Puducherry,Graduate,"PLFS Year (Jul - Jun), 2018",32.833,0.000,False
India,Puducherry,Graduate,"PLFS Year (Jul - Jun), 2019",40.333,0.000,False
India,Puducherry,Graduate,"PLFS Year (Jul - Jun), 2020",27.533,0.000,False
India,Puducherry,Graduate,"PLFS Year (Jul - Jun), 2021",47.067,0.000,False
India,Puducherry,Graduate,"PLFS Year (Jul - Jun), 2022",42.300,0.000,False
India,Puducherry,Graduate,"PLFS Year (Jul - Jun), 2023",40.800,0.000,False
India,Puducherry,Higher Secondary,"PLFS Year (Jul - Jun), 2017",6.267,0.000,False
India,Puducherry,Higher Secondary,"PLFS Year (Jul - Jun), 2018",14.800,0.000,False
India,Puducherry,Higher Secondary,"PLFS Year (Jul - Jun), 2019",15.967,0.000,False
India,Puducherry,Higher Secondary,"PLFS Year (Jul - Jun), 2020",17.400,0.000,False
India,Puducherry,Higher Secondary,"PLFS Year (Jul - Jun), 2021",15.067,0.000,False
India,Puducherry,Higher Secondary,"PLFS Year (Jul - Jun), 2022",17.100,0.000,False
India,Puducherry,Higher Secondary,"PLFS Year (Jul - Jun), 2023",18.333,0.000,False
India,Puducherry,Literate & Upto Primary,"PLFS Year (Jul - Jun), 2017",5.800,0.000,False
India,Puducherry,Literate & Upto Primary,"PLFS Year (Jul - Jun), 2018",43.300,0.000,False
India,Puducherry,Literate & Upto Primary,"PLFS Year (Jul - Jun), 2019",29.700,0.000,False
India,Puducherry,Literate & Upto Primary,"PLFS Year (Jul - Jun), 2020",34.467,0.000,False
India,Puducherry,Literate & Upto Primary,"PLFS Year (Jul - Jun), 2021",31.667,0.000,False
India,Puducherry,Literate & Upto Primary,"PLFS Year (Jul - Jun), 2022",36.900,0.000,False
India,Puducherry,Literate & Upto Primary,"PLFS Year (Jul - Jun), 2023",40.933,0.000,False
India,Puducherry,Middle,"PLFS Year (Jul - Jun), 2017",12.567,0.000,False
India,Puducherry,Middle,"PLFS Year (Jul - Jun), 2018",34.367,0.000,False
India,Puducherry,Middle,"PLFS Year (Jul - Jun), 2019",33.200,0.000,False
India,Puducherry,Middle,"PLFS Year (Jul - Jun), 2020",30.933,0.000,False
India,Puducherry,Middle,"PLFS Year (Jul - Jun), 2021",43.200,0.000,False
India,Puducherry,Middle,"PLFS Year (Jul - Jun), 2022",41.350,0.000,False
India,Puducherry,Middle,"PLFS Year (Jul - Jun), 2023",35.200,0.000,False
India,Puducherry,Not Literate,"PLFS Year (Jul - Jun), 2017",10.567,0.000,False
India,Puducherry,Not Literate,"PLFS Year (Jul - Jun), 2018",24.433,0.000,False
India,Puducherry,Not Literate,"PLFS Year (Jul - Jun), 2019",25.267,0.000,False
India,Puducherry,Not Literate,"PLFS Year (Jul - Jun), 2020",28.767,0.000,False
India,Puducherry,Not Literate,"PLFS Year (Jul - Jun), 2021",47.767,0.000,False
India,Puducherry,Not Literate,"PLFS Year (Jul - Jun), 2022",37.050,0.000,False
India,Puducherry,Not Literate,"PLFS Year (Jul - Jun), 2023",26.200,0.000,False
India,Puducherry,Post Graduate & Above,"PLFS Year (Jul - Jun), 2017",62.033,0.000,False
India,Puducherry,Post Graduate & Above,"PLFS Year (Jul - Jun), 2018",48.700,0.000,False
India,Puducherry,Post Graduate & Above,"PLFS Year (Jul - Jun), 2019",32.800,0.000,False
India,Puducherry,Post Graduate & Above,"PLFS Year (Jul - Jun), 2020",73.000,0.000,False
India,Puducherry,Post Graduate & Above,"PLFS Year (Jul - Jun), 2021",38.267,0.000,False
India,Puducherry,Post Graduate & Above,"PLFS Year (Jul - Jun), 2022",79.950,0.000,False
India,Puducherry,Post Graduate & Above,"PLFS Year (Jul - Jun), 2023",72.600,0.000,False
India,Puducherry,Secondary,"PLFS Year (Jul - Jun), 2017",11.333,0.000,False
India,Puducherry,Secondary,"PLFS Year (Jul - Jun), 2018",26.133,0.000,False
India,Puducherry,Secondary,"PLFS Year (Jul - Jun), 2019",42.233,0.000,False
India,Puducherry,Secondary,"PLFS Year (Jul - Jun), 2020",18.900,0.000,False
India,Puducherry,Secondary,"PLFS Year (Jul - Jun), 2021",29.967,0.000,False
India,Puducherry,Secondary,"PLFS Year (Jul - Jun), 2022",22.500,0.000,False
India,Puducherry,Secondary,"PLFS Year (Jul - Jun), 2023",13.633,0.000,False
India,Puducherry,Secondary & Above,"PLFS Year (Jul - Jun), 2017",21.367,0.000,False
India,Puducherry,Secondary & Above,"PLFS Year (Jul - Jun), 2018",31.100,0.000,False
India,Puducherry,Secondary & Above,"PLFS Year (Jul - Jun), 2019",36.633,0.000,False
India,Puducherry,Secondary & Above,"PLFS Year (Jul - Jun), 2020",26.967,0.000,False
India,Puducherry,Secondary & Above,"PLFS Year (Jul - Jun), 2021",35.233,0.000,False
India,Puducherry,Secondary & Above,"PLFS Year (Jul - Jun), 2022",32.650,0.000,False
India,Puducherry,Secondary & Above,"PLFS Year (Jul - Jun), 2023",35.333,0.000,False
India,Punjab,All,"PLFS Year (Jul - Jun), 2017",15.900,0.000,False
India,Punjab,All,"PLFS Year (Jul - Jun), 2018",19.100,0.000,False
India,Punjab,All,"PLFS Year (Jul - Jun), 2019",23.467,0.000,False
India,Punjab,All,"PLFS Year (Jul - Jun), 2020",22.867,0.000,False
India,Punjab,All,"PLFS Year (Jul - Jun), 2021",23.700,0.000,False
India,Punjab,All,"PLFS Year (Jul - Jun), 2022",27.300,0.000,False
India,Punjab,All,"PLFS Year (Jul - Jun), 2023",30.200,0.000,False
India,Punjab,Diploma/ Certificate Course,"PLFS Year (Jul - Jun), 2017",39.000,0.000,False
India,Punjab,Diploma/ Certificate Course,"PLFS Year (Jul - Jun), 2018",42.267,0.000,False
India,Punjab,Diploma/ Certificate Course,"PLFS Year (Jul - Jun), 2019",15.500,0.000,False
India,Punjab,Diploma/ Certificate Course,"PLFS Year (Jul - Jun), 2020",38.800,0.000,False
India,Punjab,Diploma/ Certificate Course,"PLFS Year (Jul - Jun), 2021",49.933,0.000,False
India,Punjab,Diploma/ Certificate Course,"PLFS Year (Jul - Jun), 2022",38.233,0.000,False
India,Punjab,Diploma/ Certificate Course,"PLFS Year (Jul - Jun), 2023",48.433,0.000,False
India,Punjab,Graduate,"PLFS Year (Jul - Jun), 2017",24.700,0.000,False
India,Punjab,Graduate,"PLFS Year (Jul - Jun), 2018",31.933,0.000,False
India,Punjab,Graduate,"PLFS Year (Jul - Jun), 2019",31.233,0.000,False
India,Punjab,Graduate,"PLFS Year (Jul - Jun), 2020",26.233,0.000,False
India,Punjab,Graduate,"PLFS Year (Jul - Jun), 2021",32.533,0.000,False
India,Punjab,Graduate,"PLFS Year (Jul - Jun), 2022",30.467,0.000,False
India,Punjab,Graduate,"PLFS Year (Jul - Jun), 2023",43.467,0.000,False
India,Punjab,Higher Secondary,"PLFS Year (Jul - Jun), 2017",12.833,0.000,False
India,Punjab,Higher Secondary,"PLFS Year (Jul - Jun), 2018",14.067,0.000,False
India,Punjab,Higher Secondary,"PLFS Year (Jul - Jun), 2019",15.033,0.000,False
India,Punjab,Higher Secondary,"PLFS Year (Jul - Jun), 2020",17.267,0.000,False
India,Punjab,Higher Secondary,"PLFS Year (Jul - Jun), 2021",19.933,0.000,False
India,Punjab,Higher Secondary,"PLFS Year (Jul - Jun), 2022",25.333,0.000,False
India,Punjab,Higher Secondary,"PLFS Year (Jul - Jun), 2023",23.300,0.000,False
India,Punjab,Literate & Upto Primary,"PLFS Year (Jul - Jun), 2017",11.833,0.000,False
India,Punjab,Literate & Upto Primary,"PLFS Year (Jul - Jun), 2018",20.067,0.000,False
India,Punjab,Literate & Upto Primary,"PLFS Year (Jul - Jun), 2019",21.367,0.000,False
India,Punjab,Literate & Upto Primary,"PLFS Year (Jul - Jun), 2020",25.967,0.000,False
India,Punjab,Literate & Upto Primary,"PLFS Year (Jul - Jun), 2021",23.900,0.000,False
India,Punjab,Literate & Upto Primary,"PLFS Year (Jul - Jun), 2022",30.333,0.000,False
India,Punjab,Literate & Upto Primary,"PLFS Year (Jul - Jun), 2023",30.433,0.000,False
India,Punjab,Middle,"PLFS Year (Jul - Jun), 2017",10.267,0.000,False
India,Punjab,Middle,"PLFS Year (Jul - Jun), 2018",13.400,0.000,False
India,Punjab,Middle,"PLFS Year (Jul - Jun), 2019",17.667,0.000,False
India,Punjab,Middle,"PLFS Year (Jul - Jun), 2020",16.667,0.000,False
India,Punjab,Middle,"PLFS Year (Jul - Jun), 2021",17.533,0.000,False
India,Punjab,Middle,"PLFS Year (Jul - Jun), 2022",21.867,0.000,False
India,Punjab,Middle,"PLFS Year (Jul - Jun), 2023",25.833,0.000,False
India,Punjab,Not Literate,"PLFS Year (Jul - Jun), 2017",16.533,0.000,False
India,Punjab,Not Literate,"PLFS Year (Jul - Jun), 2018",19.900,0.000,False
India,Punjab,Not Literate,"PLFS Year (Jul - Jun), 2019",25.200,0.000,False
India,Punjab,Not Literate,"PLFS Year (Jul - Jun), 2020",26.633,0.000,False
India,Punjab,Not Literate,"PLFS Year (Jul - Jun), 2021",26.467,0.000,False
India,Punjab,Not Literate,"PLFS Year (Jul - Jun), 2022",28.400,0.000,False
India,Punjab,Not Literate,"PLFS Year (Jul - Jun), 2023",31.900,0.000,False
India,Punjab,Post Graduate & Above,"PLFS Year (Jul - Jun), 2017",53.900,0.000,False
India,Punjab,Post Graduate & Above,"PLFS Year (Jul - Jun), 2018",49.333,0.000,False
India,Punjab,Post Graduate & Above,"PLFS Year (Jul - Jun), 2019",69.267,0.000,False
India,Punjab,Post Graduate & Above,"PLFS Year (Jul - Jun), 2020",48.833,0.000,False
India,Punjab,Post Graduate & Above,"PLFS Year (Jul - Jun), 2021",51.467,0.000,False
India,Punjab,Post Graduate & Above,"PLFS Year (Jul - Jun), 2022",58.667,0.000,False
India,Punjab,Post Graduate & Above,"PLFS Year (Jul - Jun), 2023",53.567,0.000,False
India,Punjab,Secondary,"PLFS Year (Jul - Jun), 2017",7.467,0.000,False
India,Punjab,Secondary,"PLFS Year (Jul - Jun), 2018",11.333,0.000,False
India,Punjab,Secondary,"PLFS Year (Jul - Jun), 2019",13.033,0.000,False
India,Punjab,Secondary,"PLFS Year (Jul - Jun), 2020",12.267,0.000,False
India,Punjab,Secondary,"PLFS Year (Jul - Jun), 2021",13.967,0.000,False
India,Punjab,Secondary,"PLFS Year (Jul - Jun), 2022",17.467,0.000,False
India,Punjab,Secondary,"PLFS Year (Jul - Jun), 2023",25.633,0.000,False
India,Punjab,Secondary & Above,"PLFS Year (Jul - Jun), 2017",18.533,0.000,False
India,Punjab,Secondary & Above,"PLFS Year (Jul - Jun), 2018",20.167,0.000,False
India,Punjab,Secondary & Above,"PLFS Year (Jul - Jun), 2019",24.867,0.000,False
India,Punjab,Secondary & Above,"PLFS Year (Jul - Jun), 2020",21.367,0.000,False
India,Punjab,Secondary & Above,"PLFS Year (Jul - Jun), 2021",23.867,0.000,False
India,Punjab,Secondary & Above,"PLFS Year (Jul - Jun), 2022",27.233,0.000,False
India,Punjab,Secondary & Above,"PLFS Year (Jul - Jun), 2023",30.767,0.000,False
India,Rajasthan,All,"PLFS Year (Jul - Jun), 2017",24.100,0.000,False
India,Rajasthan,All,"PLFS Year (Jul - Jun), 2018",28.067,0.000,False
India,Rajasthan,All,"PLFS Year (Jul - Jun), 2019",34.267,0.000,False
India,Rajasthan,All,"PLFS Year (Jul - Jun), 2020",34.733,0.000,False
India,Rajasthan,All,"PLFS Year (Jul - Jun), 2021",35.600,0.000,False
India,Rajasthan,All,"PLFS Year (Jul - Jun), 2022",42.433,0.000,False
India,Rajasthan,All,"PLFS Year (Jul - Jun), 2023",46.500,0.000,False
India,Rajasthan,Diploma/ Certificate Course,"PLFS Year (Jul - Jun), 2017",63.500,0.000,False
India,Rajasthan,Diploma/ Certificate Course,"PLFS Year (Jul - Jun), 2018",76.100,0.000,False
India,Rajasthan,Diploma/ Certificate Course,"PLFS Year (Jul - Jun), 2019",41.033,0.000,False
India,Rajasthan,Diploma/ Certificate Course,"PLFS Year (Jul - Jun), 2020",53.967,0.000,False
India,Rajasthan,Diploma/ Certificate Course,"PLFS Year (Jul - Jun), 2021",71.367,0.000,False
India,Rajasthan,Diploma/ Certificate Course,"PLFS Year (Jul - Jun), 2022",45.167,0.000,False
India,Rajasthan,Diploma/ Certificate Course,"PLFS Year (Jul - Jun), 2023",56.333,0.000,False
India,Rajasthan,Graduate,"PLFS Year (Jul - Jun), 2017",16.833,0.000,False
India,Rajasthan,Graduate,"PLFS Year (Jul - Jun), 2018",26.133,0.000,False
India,Rajasthan,Graduate,"PLFS Year (Jul - Jun), 2019",30.933,0.000,False
India,Rajasthan,Graduate,"PLFS Year (Jul - Jun), 2020",24.200,0.000,False
India,Rajasthan,Graduate,"PLFS Year (Jul - Jun), 2021",31.367,0.000,False
India,Rajasthan,Graduate,"PLFS Year (Jul - Jun), 2022",42.600,0.000,False
India,Rajasthan,Graduate,"PLFS Year (Jul - Jun), 2023",44.967,0.000,False
India,Rajasthan,Higher Secondary,"PLFS Year (Jul - Jun), 2017",9.567,0.000,False
India,Rajasthan,Higher Secondary,"PLFS Year (Jul - Jun), 2018",11.733,0.000,False
India,Rajasthan,Higher Secondary,"PLFS Year (Jul - Jun), 2019",13.633,0.000,False
India,Rajasthan,Higher Secondary,"PLFS Year (Jul - Jun), 2020",12.567,0.000,False
India,Rajasthan,Higher Secondary,"PLFS Year (Jul - Jun), 2021",14.900,0.000,False
India,Rajasthan,Higher Secondary,"PLFS Year (Jul - Jun), 2022",20.733,0.000,False
India,Rajasthan,Higher Secondary,"PLFS Year (Jul - Jun), 2023",20.700,0.000,False
India,Rajasthan,Literate & Upto Primary,"PLFS Year (Jul - Jun), 2017",20.067,0.000,False
India,Rajasthan,Literate & Upto Primary,"PLFS Year (Jul - Jun), 2018",27.200,0.000,False
India,Rajasthan,Literate & Upto Primary,"PLFS Year (Jul - Jun), 2019",34.467,0.000,False
India,Rajasthan,Literate & Upto Primary,"PLFS Year (Jul - Jun), 2020",34.300,0.000,False
India,Rajasthan,Literate & Upto Primary,"PLFS Year (Jul - Jun), 2021",35.267,0.000,False
India,Rajasthan,Literate & Upto Primary,"PLFS Year (Jul - Jun), 2022",46.967,0.000,False
India,Rajasthan,Literate & Upto Primary,"PLFS Year (Jul - Jun), 2023",58.467,0.000,False
India,Rajasthan,Middle,"PLFS Year (Jul - Jun), 2017",14.433,0.000,False
India,Rajasthan,Middle,"PLFS Year (Jul - Jun), 2018",17.900,0.000,False
India,Rajasthan,Middle,"PLFS Year (Jul - Jun), 2019",19.833,0.000,False
India,Rajasthan,Middle,"PLFS Year (Jul - Jun), 2020",26.233,0.000,False
India,Rajasthan,Middle,"PLFS Year (Jul - Jun), 2021",27.800,0.000,False
India,Rajasthan,Middle,"PLFS Year (Jul - Jun), 2022",33.900,0.000,False
India,Rajasthan,Middle,"PLFS Year (Jul - Jun), 2023",35.733,0.000,False
India,Rajasthan,Not Literate,"PLFS Year (Jul - Jun), 2017",30.933,0.000,False
India,Rajasthan,Not Literate,"PLFS Year (Jul - Jun), 2018",34.333,0.000,False
India,Rajasthan,Not Literate,"PLFS Year (Jul - Jun), 2019",44.600,0.000,False
India,Rajasthan,Not Literate,"PLFS Year (Jul - Jun), 2020",46.200,0.000,False
India,Rajasthan,Not Literate,"PLFS Year (Jul - Jun), 2021",45.433,0.000,False
India,Rajasthan,Not Literate,"PLFS Year (Jul - Jun), 2022",51.033,0.000,False
India,Rajasthan,Not Literate,"PLFS Year (Jul - Jun), 2023",55.733,0.000,False
India,Rajasthan,Post Graduate & Above,"PLFS Year (Jul - Jun), 2017",34.967,0.000,False
India,Rajasthan,Post Graduate & Above,"PLFS Year (Jul - Jun), 2018",46.700,0.000,False
India,Rajasthan,Post Graduate & Above,"PLFS Year (Jul - Jun), 2019",38.433,0.000,False
India,Rajasthan,Post Graduate & Above,"PLFS Year (Jul - Jun), 2020",33.600,0.000,False
India,Rajasthan,Post Graduate & Above,"PLFS Year (Jul - Jun), 2021",32.933,0.000,False
India,Rajasthan,Post Graduate & Above,"PLFS Year (Jul - Jun), 2022",41.733,0.000,False
India,Rajasthan,Post Graduate & Above,"PLFS Year (Jul - Jun), 2023",57.933,0.000,False
India,Rajasthan,Secondary,"PLFS Year (Jul - Jun), 2017",7.867,0.000,False
India,Rajasthan,Secondary,"PLFS Year (Jul - Jun), 2018",12.167,0.000,False
India,Rajasthan,Secondary,"PLFS Year (Jul - Jun), 2019",15.533,0.000,False
India,Rajasthan,Secondary,"PLFS Year (Jul - Jun), 2020",14.900,0.000,False
India,Rajasthan,Secondary,"PLFS Year (Jul - Jun), 2021",15.933,0.000,False
India,Rajasthan,Secondary,"PLFS Year (Jul - Jun), 2022",20.033,0.000,False
India,Rajasthan,Secondary,"PLFS Year (Jul - Jun), 2023",25.633,0.000,False
India,Rajasthan,Secondary & Above,"PLFS Year (Jul - Jun), 2017",14.467,0.000,False
India,Rajasthan,Secondary & Above,"PLFS Year (Jul - Jun), 2018",20.333,0.000,False
India,Rajasthan,Secondary & Above,"PLFS Year (Jul - Jun), 2019",21.433,0.000,False
India,Rajasthan,Secondary & Above,"PLFS Year (Jul - Jun), 2020",19.333,0.000,False
India,Rajasthan,Secondary & Above,"PLFS Year (Jul - Jun), 2021",22.233,0.000,False
India,Rajasthan,Secondary & Above,"PLFS Year (Jul - Jun), 2022",28.567,0.000,False
India,Rajasthan,Secondary & Above,"PLFS Year (Jul - Jun), 2023",33.567,0.000,False
India,Sikkim,All,"PLFS Year (Jul - Jun), 2017",41.833,0.000,False
India,Sikkim,All,"PLFS Year (Jul - Jun), 2018",47.300,0.000,False
India,Sikkim,All,"PLFS Year (Jul - Jun), 2019",55.467,0.000,False
India,Sikkim,All,"PLFS Year (Jul - Jun), 2020",56.100,0.000,False
India,Sikkim,All,"PLFS Year (Jul - Jun), 2021",52.000,0.000,False
India,Sikkim,All,"PLFS Year (Jul - Jun), 2022",59.833,0.000,False
India,Sikkim,All,"PLFS Year (Jul - Jun), 2023",59.433,0.000,False
India,Sikkim,Diploma/ Certificate Course,"PLFS Year (Jul - Jun), 2017",36.667,0.000,False
India,Sikkim,Diploma/ Certificate Course,"PLFS Year (Jul - Jun), 2018",100.000,0.000,False
India,Sikkim,Diploma/ Certificate Course,"PLFS Year (Jul - Jun), 2019",61.867,0.000,False
India,Sikkim,Diploma/ Certificate Course,"PLFS Year (Jul - Jun), 2020",79.367,0.000,False
India,Sikkim,Diploma/ Certificate Course,"PLFS Year (Jul - Jun), 2021",0.000,0.000,False
India,Sikkim,Diploma/ Certificate Course,"PLFS Year (Jul - Jun), 2022",100.000,0.000,False
India,Sikkim,Diploma/ Certificate Course,"PLFS Year (Jul - Jun), 2023",73.300,0.000,False
India,Sikkim,Graduate,"PLFS Year (Jul - Jun), 2017",65.933,0.000,False
India,Sikkim,Graduate,"PLFS Year (Jul - Jun), 2018",78.767,0.000,False
India,Sikkim,Graduate,"PLFS Year (Jul - Jun), 2019",74.067,0.000,False
India,Sikkim,Graduate,"PLFS Year (Jul - Jun), 2020",66.300,0.000,False
India,Sikkim,Graduate,"PLFS Year (Jul - Jun), 2021",68.667,0.000,False
India,Sikkim,Graduate,"PLFS Year (Jul - Jun), 2022",77.600,0.000,False
India,Sikkim,Graduate,"PLFS Year (Jul - Jun), 2023",74.367,0.000,False
India,Sikkim,Higher Secondary,"PLFS Year (Jul - Jun), 2017",47.033,0.000,False
India,Sikkim,Higher Secondary,"PLFS Year (Jul - Jun), 2018",43.167,0.000,False
India,Sikkim,Higher Secondary,"PLFS Year (Jul - Jun), 2019",49.167,0.000,False
India,Sikkim,Higher Secondary,"PLFS Year (Jul - Jun), 2020",35.567,0.000,False
India,Sikkim,Higher Secondary,"PLFS Year (Jul - Jun), 2021",37.267,0.000,False
India,Sikkim,Higher Secondary,"PLFS Year (Jul - Jun), 2022",41.767,0.000,False
India,Sikkim,Higher Secondary,"PLFS Year (Jul - Jun), 2023",54.000,0.000,False
India,Sikkim,Literate & Upto Primary,"PLFS Year (Jul - Jun), 2017",34.100,0.000,False
India,Sikkim,Literate & Upto Primary,"PLFS Year (Jul - Jun), 2018",54.267,0.000,False
India,Sikkim,Literate & Upto Primary,"PLFS Year (Jul - Jun), 2019",56.733,0.000,False
India,Sikkim,Literate & Upto Primary,"PLFS Year (Jul - Jun), 2020",70.000,0.000,False
India,Sikkim,Literate & Upto Primary,"PLFS Year (Jul - Jun), 2021",59.033,0.000,False
India,Sikkim,Literate & Upto Primary,"PLFS Year (Jul - Jun), 2022",71.867,0.000,False
India,Sikkim,Literate & Upto Primary,"PLFS Year (Jul - Jun), 2023",62.333,0.000,False
India,Sikkim,Middle,"PLFS Year (Jul - Jun), 2017",42.167,0.000,False
India,Sikkim,Middle,"PLFS Year (Jul - Jun), 2018",41.867,0.000,False
India,Sikkim,Middle,"PLFS Year (Jul - Jun), 2019",56.567,0.000,False
India,Sikkim,Middle,"PLFS Year (Jul - Jun), 2020",48.767,0.000,False
India,Sikkim,Middle,"PLFS Year (Jul - Jun), 2021",49.367,0.000,False
India,Sikkim,Middle,"PLFS Year (Jul - Jun), 2022",55.600,0.000,False
India,Sikkim,Middle,"PLFS Year (Jul - Jun), 2023",56.667,0.000,False
India,Sikkim,Not Literate,"PLFS Year (Jul - Jun), 2017",26.300,0.000,False
India,Sikkim,Not Literate,"PLFS Year (Jul - Jun), 2018",41.633,0.000,False
India,Sikkim,Not Literate,"PLFS Year (Jul - Jun), 2019",45.467,0.000,False
India,Sikkim,Not Literate,"PLFS Year (Jul - Jun), 2020",56.100,0.000,False
India,Sikkim,Not Literate,"PLFS Year (Jul - Jun), 2021",48.400,0.000,False
India,Sikkim,Not Literate,"PLFS Year (Jul - Jun), 2022",49.633,0.000,False
India,Sikkim,Not Literate,"PLFS Year (Jul - Jun), 2023",55.067,0.000,False
India,Sikkim,Post Graduate & Above,"PLFS Year (Jul - Jun), 2017",80.967,0.000,False
India,Sikkim,Post Graduate & Above,"PLFS Year (Jul - Jun), 2018",77.933,0.000,False
India,Sikkim,Post Graduate & Above,"PLFS Year (Jul - Jun), 2019",75.800,0.000,False
India,Sikkim,Post Graduate & Above,"PLFS Year (Jul - Jun), 2020",78.800,0.000,False
India,Sikkim,Post Graduate & Above,"PLFS Year (Jul - Jun), 2021",77.667,0.000,False
India,Sikkim,Post Graduate & Above,"PLFS Year (Jul - Jun), 2022",93.300,0.000,False
India,Sikkim,Post Graduate & Above,"PLFS Year (Jul - Jun), 2023",89.233,0.000,False
India,Sikkim,Secondary,"PLFS Year (Jul - Jun), 2017",38.133,0.000,False
India,Sikkim,Secondary,"PLFS Year (Jul - Jun), 2018",25.900,0.000,False
India,Sikkim,Secondary,"PLFS Year (Jul - Jun), 2019",44.667,0.000,False
India,Sikkim,Secondary,"PLFS Year (Jul - Jun), 2020",37.667,0.000,False
India,Sikkim,Secondary,"PLFS Year (Jul - Jun), 2021",43.767,0.000,False
India,Sikkim,Secondary,"PLFS Year (Jul - Jun), 2022",39.033,0.000,False
India,Sikkim,Secondary,"PLFS Year (Jul - Jun), 2023",44.533,0.000,False
India,Sikkim,Secondary & Above,"PLFS Year (Jul - Jun), 2017",49.400,0.000,False
India,Sikkim,Secondary & Above,"PLFS Year (Jul - Jun), 2018",45.900,0.000,False
India,Sikkim,Secondary & Above,"PLFS Year (Jul - Jun), 2019",56.500,0.000,False
India,Sikkim,Secondary & Above,"PLFS Year (Jul - Jun), 2020",49.000,0.000,False
India,Sikkim,Secondary & Above,"PLFS Year (Jul - Jun), 2021",49.200,0.000,False
India,Sikkim,Secondary & Above,"PLFS Year (Jul - Jun), 2022",54.600,0.000,False
India,Sikkim,Secondary & Above,"PLFS Year (Jul - Jun), 2023",58.600,0.000,False
India,Tamil Nadu,All,"PLFS Year (Jul - Jun), 2017",33.433,0.000,False
India,Tamil Nadu,All,"PLFS Year (Jul - Jun), 2018",36.600,0.000,False
India,Tamil Nadu,All,"PLFS Year (Jul - Jun), 2019",39.967,0.000,False
India,Tamil Nadu,All,"PLFS Year (Jul - Jun), 2020",42.333,0.000,False
India,Tamil Nadu,All,"PLFS Year (Jul - Jun), 2021",39.867,0.000,False
India,Tamil Nadu,All,"PLFS Year (Jul - Jun), 2022",39.533,0.000,False
India,Tamil Nadu,All,"PLFS Year (Jul - Jun), 2023",42.533,0.000,False
India,Tamil Nadu,Diploma/ Certificate Course,"PLFS Year (Jul - Jun), 2017",43.200,0.000,False
India,Tamil Nadu,Diploma/ Certificate Course,"PLFS Year (Jul - Jun), 2018",42.633,0.000,False
India,Tamil Nadu,Diploma/ Certificate Course,"PLFS Year (Jul - Jun), 2019",47.400,0.000,False
India,Tamil Nadu,Diploma/ Certificate Course,"PLFS Year (Jul - Jun), 2020",32.800,0.000,False
India,Tamil Nadu,Diploma/ Certificate Course,"PLFS Year (Jul - Jun), 2021",45.233,0.000,False
India,Tamil Nadu,Diploma/ Certificate Course,"PLFS Year (Jul - Jun), 2022",48.233,0.000,False
India,Tamil Nadu,Diploma/ Certificate Course,"PLFS Year (Jul - Jun), 2023",46.100,0.000,False
India,Tamil Nadu,Graduate,"PLFS Year (Jul - Jun), 2017",40.933,0.000,False
India,Tamil Nadu,Graduate,"PLFS Year (Jul - Jun), 2018",40.567,0.000,False
India,Tamil Nadu,Graduate,"PLFS Year (Jul - Jun), 2019",41.800,0.000,False
India,Tamil Nadu,Graduate,"PLFS Year (Jul - Jun), 2020",43.533,0.000,False
India,Tamil Nadu,Graduate,"PLFS Year (Jul - Jun), 2021",38.033,0.000,False
India,Tamil Nadu,Graduate,"PLFS Year (Jul - Jun), 2022",35.333,0.000,False
India,Tamil Nadu,Graduate,"PLFS Year (Jul - Jun), 2023",36.633,0.000,False
India,Tamil Nadu,Higher Secondary,"PLFS Year (Jul - Jun), 2017",18.033,0.000,False
India,Tamil Nadu,Higher Secondary,"PLFS Year (Jul - Jun), 2018",20.033,0.000,False
India,Tamil Nadu,Higher Secondary,"PLFS Year (Jul - Jun), 2019",18.667,0.000,False
India,Tamil Nadu,Higher Secondary,"PLFS Year (Jul - Jun), 2020",21.600,0.000,False
India,Tamil Nadu,Higher Secondary,"PLFS Year (Jul - Jun), 2021",23.300,0.000,False
India,Tamil Nadu,Higher Secondary,"PLFS Year (Jul - Jun), 2022",19.867,0.000,False
India,Tamil Nadu,Higher Secondary,"PLFS Year (Jul - Jun), 2023",24.900,0.000,False
India,Tamil Nadu,Literate & Upto Primary,"PLFS Year (Jul - Jun), 2017",40.700,0.000,False
India,Tamil Nadu,Literate & Upto Primary,"PLFS Year (Jul - Jun), 2018",43.267,0.000,False
India,Tamil Nadu,Literate & Upto Primary,"PLFS Year (Jul - Jun), 2019",51.600,0.000,False
India,Tamil Nadu,Literate & Upto Primary,"PLFS Year (Jul - Jun), 2020",54.367,0.000,False
India,Tamil Nadu,Literate & Upto Primary,"PLFS Year (Jul - Jun), 2021",50.433,0.000,False
India,Tamil Nadu,Literate & Upto Primary,"PLFS Year (Jul - Jun), 2022",49.967,0.000,False
India,Tamil Nadu,Literate & Upto Primary,"PLFS Year (Jul - Jun), 2023",55.667,0.000,False
India,Tamil Nadu,Middle,"PLFS Year (Jul - Jun), 2017",27.767,0.000,False
India,Tamil Nadu,Middle,"PLFS Year (Jul - Jun), 2018",38.233,0.000,False
India,Tamil Nadu,Middle,"PLFS Year (Jul - Jun), 2019",36.567,0.000,False
India,Tamil Nadu,Middle,"PLFS Year (Jul - Jun), 2020",42.833,0.000,False
India,Tamil Nadu,Middle,"PLFS Year (Jul - Jun), 2021",41.400,0.000,False
India,Tamil Nadu,Middle,"PLFS Year (Jul - Jun), 2022",42.100,0.000,False
India,Tamil Nadu,Middle,"PLFS Year (Jul - Jun), 2023",41.900,0.000,False
India,Tamil Nadu,Not Literate,"PLFS Year (Jul - Jun), 2017",37.867,0.000,False
India,Tamil Nadu,Not Literate,"PLFS Year (Jul - Jun), 2018",42.567,0.000,False
India,Tamil Nadu,Not Literate,"PLFS Year (Jul - Jun), 2019",46.300,0.000,False
India,Tamil Nadu,Not Literate,"PLFS Year (Jul - Jun), 2020",48.933,0.000,False
India,Tamil Nadu,Not Literate,"PLFS Year (Jul - Jun), 2021",44.400,0.000,False
India,Tamil Nadu,Not Literate,"PLFS Year (Jul - Jun), 2022",44.467,0.000,False
India,Tamil Nadu,Not Literate,"PLFS Year (Jul - Jun), 2023",47.633,0.000,False
India,Tamil Nadu,Post Graduate & Above,"PLFS Year (Jul - Jun), 2017",56.633,0.000,False
India,Tamil Nadu,Post Graduate & Above,"PLFS Year (Jul - Jun), 2018",51.367,0.000,False
India,Tamil Nadu,Post Graduate & Above,"PLFS Year (Jul - Jun), 2019",59.967,0.000,False
India,Tamil Nadu,Post Graduate & Above,"PLFS Year (Jul - Jun), 2020",49.400,0.000,False
India,Tamil Nadu,Post Graduate & Above,"PLFS Year (Jul - Jun), 2021",47.433,0.000,False
India,Tamil Nadu,Post Graduate & Above,"PLFS Year (Jul - Jun), 2022",49.367,0.000,False
India,Tamil Nadu,Post Graduate & Above,"PLFS Year (Jul - Jun), 2023",48.533,0.000,False
India,Tamil Nadu,Secondary,"PLFS Year (Jul - Jun), 2017",19.133,0.000,False
India,Tamil Nadu,Secondary,"PLFS Year (Jul - Jun), 2018",21.667,0.000,False
India,Tamil Nadu,Secondary,"PLFS Year (Jul - Jun), 2019",23.967,0.000,False
India,Tamil Nadu,Secondary,"PLFS Year (Jul - Jun), 2020",26.033,0.000,False
India,Tamil Nadu,Secondary,"PLFS Year (Jul - Jun), 2021",27.267,0.000,False
India,Tamil Nadu,Secondary,"PLFS Year (Jul - Jun), 2022",28.167,0.000,False
India,Tamil Nadu,Secondary,"PLFS Year (Jul - Jun), 2023",32.467,0.000,False
India,Tamil Nadu,Secondary & Above,"PLFS Year (Jul - Jun), 2017",28.667,0.000,False
India,Tamil Nadu,Secondary & Above,"PLFS Year (Jul - Jun), 2018",29.267,0.000,False
India,Tamil Nadu,Secondary & Above,"PLFS Year (Jul - Jun), 2019",31.200,0.000,False
India,Tamil Nadu,Secondary & Above,"PLFS Year (Jul - Jun), 2020",32.100,0.000,False
India,Tamil Nadu,Secondary & Above,"PLFS Year (Jul - Jun), 2021",31.767,0.000,False
India,Tamil Nadu,Secondary & Above,"PLFS Year (Jul - Jun), 2022",30.867,0.000,False
India,Tamil Nadu,Secondary & Above,"PLFS Year (Jul - Jun), 2023",34.167,0.000,False
India,Telangana,All,"PLFS Year (Jul - Jun), 2017",31.567,0.000,False
India,Telangana,All,"PLFS Year (Jul - Jun), 2018",36.833,0.000,False
India,Telangana,All,"PLFS Year (Jul - Jun), 2019",42.367,0.000,False
India,Telangana,All,"PLFS Year (Jul - Jun), 2020",43.433,0.000,False
India,Telangana,All,"PLFS Year (Jul - Jun), 2021",42.067,0.000,False
India,Telangana,All,"PLFS Year (Jul - Jun), 2022",42.400,0.000,False
India,Telangana,All,"PLFS Year (Jul - Jun), 2023",44.733,0.000,False
India,Telangana,Diploma/ Certificate Course,"PLFS Year (Jul - Jun), 2017",31.733,0.000,False
India,Telangana,Diploma/ Certificate Course,"PLFS Year (Jul - Jun), 2018",18.933,0.000,False
India,Telangana,Diploma/ Certificate Course,"PLFS Year (Jul - Jun), 2019",35.867,0.000,False
India,Telangana,Diploma/ Certificate Course,"PLFS Year (Jul - Jun), 2020",39.667,0.000,False
India,Telangana,Diploma/ Certificate Course,"PLFS Year (Jul - Jun), 2021",39.700,0.000,False
India,Telangana,Diploma/ Certificate Course,"PLFS Year (Jul - Jun), 2022",15.600,0.000,False
India,Telangana,Diploma/ Certificate Course,"PLFS Year (Jul - Jun), 2023",84.967,0.000,False
India,Telangana,Graduate,"PLFS Year (Jul - Jun), 2017",33.233,0.000,False
India,Telangana,Graduate,"PLFS Year (Jul - Jun), 2018",33.800,0.000,False
India,Telangana,Graduate,"PLFS Year (Jul - Jun), 2019",33.867,0.000,False
India,Telangana,Graduate,"PLFS Year (Jul - Jun), 2020",37.500,0.000,False
India,Telangana,Graduate,"PLFS Year (Jul - Jun), 2021",38.233,0.000,False
India,Telangana,Graduate,"PLFS Year (Jul - Jun), 2022",40.433,0.000,False
India,Telangana,Graduate,"PLFS Year (Jul - Jun), 2023",47.533,0.000,False
India,Telangana,Higher Secondary,"PLFS Year (Jul - Jun), 2017",13.733,0.000,False
India,Telangana,Higher Secondary,"PLFS Year (Jul - Jun), 2018",15.567,0.000,False
India,Telangana,Higher Secondary,"PLFS Year (Jul - Jun), 2019",29.633,0.000,False
India,Telangana,Higher Secondary,"PLFS Year (Jul - Jun), 2020",23.400,0.000,False
India,Telangana,Higher Secondary,"PLFS Year (Jul - Jun), 2021",24.533,0.000,False
India,Telangana,Higher Secondary,"PLFS Year (Jul - Jun), 2022",23.833,0.000,False
India,Telangana,Higher Secondary,"PLFS Year (Jul - Jun), 2023",26.667,0.000,False
India,Telangana,Literate & Upto Primary,"PLFS Year (Jul - Jun), 2017",36.933,0.000,False
India,Telangana,Literate & Upto Primary,"PLFS Year (Jul - Jun), 2018",47.333,0.000,False
India,Telangana,Literate & Upto Primary,"PLFS Year (Jul - Jun), 2019",53.933,0.000,False
India,Telangana,Literate & Upto Primary,"PLFS Year (Jul - Jun), 2020",63.033,0.000,False
India,Telangana,Literate & Upto Primary,"PLFS Year (Jul - Jun), 2021",55.400,0.000,False
India,Telangana,Literate & Upto Primary,"PLFS Year (Jul - Jun), 2022",55.667,0.000,False
India,Telangana,Literate & Upto Primary,"PLFS Year (Jul - Jun), 2023",55.200,0.000,False
India,Telangana,Middle,"PLFS Year (Jul - Jun), 2017",22.500,0.000,False
India,Telangana,Middle,"PLFS Year (Jul - Jun), 2018",25.900,0.000,False
India,Telangana,Middle,"PLFS Year (Jul - Jun), 2019",36.467,0.000,False
India,Telangana,Middle,"PLFS Year (Jul - Jun), 2020",38.667,0.000,False
India,Telangana,Middle,"PLFS Year (Jul - Jun), 2021",41.633,0.000,False
India,Telangana,Middle,"PLFS Year (Jul - Jun), 2022",39.400,0.000,False
India,Telangana,Middle,"PLFS Year (Jul - Jun), 2023",41.167,0.000,False
India,Telangana,Not Literate,"PLFS Year (Jul - Jun), 2017",39.267,0.000,False
India,Telangana,Not Literate,"PLFS Year (Jul - Jun), 2018",45.867,0.000,False
India,Telangana,Not Literate,"PLFS Year (Jul - Jun), 2019",49.933,0.000,False
India,Telangana,Not Literate,"PLFS Year (Jul - Jun), 2020",51.933,0.000,False
India,Telangana,Not Literate,"PLFS Year (Jul - Jun), 2021",48.033,0.000,False
India,Telangana,Not Literate,"PLFS Year (Jul - Jun), 2022",46.833,0.000,False
India,Telangana,Not Literate,"PLFS Year (Jul - Jun), 2023",49.167,0.000,False
India,Telangana,Post Graduate & Above,"PLFS Year (Jul - Jun), 2017",41.967,0.000,False
India,Telangana,Post Graduate & Above,"PLFS Year (Jul - Jun), 2018",57.967,0.000,False
India,Telangana,Post Graduate & Above,"PLFS Year (Jul - Jun), 2019",28.700,0.000,False
India,Telangana,Post Graduate & Above,"PLFS Year (Jul - Jun), 2020",45.267,0.000,False
India,Telangana,Post Graduate & Above,"PLFS Year (Jul - Jun), 2021",40.800,0.000,False
India,Telangana,Post Graduate & Above,"PLFS Year (Jul - Jun), 2022",57.700,0.000,False
India,Telangana,Post Graduate & Above,"PLFS Year (Jul - Jun), 2023",56.933,0.000,False
India,Telangana,Secondary,"PLFS Year (Jul - Jun), 2017",19.800,0.000,False
India,Telangana,Secondary,"PLFS Year (Jul - Jun), 2018",24.633,0.000,False
India,Telangana,Secondary,"PLFS Year (Jul - Jun), 2019",34.800,0.000,False
India,Telangana,Secondary,"PLFS Year (Jul - Jun), 2020",29.433,0.000,False
India,Telangana,Secondary,"PLFS Year (Jul - Jun), 2021",28.567,0.000,False
India,Telangana,Secondary,"PLFS Year (Jul - Jun), 2022",32.033,0.000,False
India,Telangana,Secondary,"PLFS Year (Jul - Jun), 2023",34.100,0.000,False
India,Telangana,Secondary & Above,"PLFS Year (Jul - Jun), 2017",23.067,0.000,False
India,Telangana,Secondary & Above,"PLFS Year (Jul - Jun), 2018",27.200,0.000,False
India,Telangana,Secondary & Above,"PLFS Year (Jul - Jun), 2019",33.367,0.000,False
India,Telangana,Secondary & Above,"PLFS Year (Jul - Jun), 2020",30.767,0.000,False
India,Telangana,Secondary & Above,"PLFS Year (Jul - Jun), 2021",31.333,0.000,False
India,Telangana,Secondary & Above,"PLFS Year (Jul - Jun), 2022",33.833,0.000,False
India,Telangana,Secondary & Above,"PLFS Year (Jul - Jun), 2023",37.800,0.000,False
India,The Dadra and Nagar Haveli and Daman and Diu,All,"PLFS Year (Jul - Jun), 2017",32.267,0.000,False
India,The Dadra and Nagar Haveli and Daman and Diu,All,"PLFS Year (Jul - Jun), 2018",29.400,0.000,False
India,The Dadra and Nagar Haveli and Daman and Diu,All,"PLFS Year (Jul - Jun), 2019",43.333,0.000,False
India,The Dadra and Nagar Haveli and Daman and Diu,All,"PLFS Year (Jul - Jun), 2020",31.767,0.000,False
India,The Dadra and Nagar Haveli and Daman and Diu,All,"PLFS Year (Jul - Jun), 2021",43.900,0.000,False
India,The Dadra and Nagar Haveli and Daman and Diu,All,"PLFS Year (Jul - Jun), 2022",39.733,0.000,False
India,The Dadra and Nagar Haveli and Daman and Diu,All,"PLFS Year (Jul - Jun), 2023",47.867,0.000,False
India,The Dadra and Nagar Haveli and Daman and Diu,Diploma/ Certificate Course,"PLFS Year (Jul - Jun), 2017",64.167,0.000,False
India,The Dadra and Nagar Haveli and Daman and Diu,Diploma/ Certificate Course,"PLFS Year (Jul - Jun), 2018",27.683,0.000,False
India,The Dadra and Nagar Haveli and Daman and Diu,Diploma/ Certificate Course,"PLFS Year (Jul - Jun), 2019",0.000,0.000,False
India,The Dadra and Nagar Haveli and Daman and Diu,Diploma/ Certificate Course,"PLFS Year (Jul - Jun), 2020",92.600,0.000,False
India,The Dadra and Nagar Haveli and Daman and Diu,Diploma/ Certificate Course,"PLFS Year (Jul - Jun), 2021",58.567,0.000,False
India,The Dadra and Nagar Haveli and Daman and Diu,Diploma/ Certificate Course,"PLFS Year (Jul - Jun), 2022",100.000,0.000,False
India,The Dadra and Nagar Haveli and Daman and Diu,Diploma/ Certificate Course,"PLFS Year (Jul - Jun), 2023",97.867,0.000,False
India,The Dadra and Nagar Haveli and Daman and Diu,Graduate,"PLFS Year (Jul - Jun), 2017",17.750,0.000,False
India,The Dadra and Nagar Haveli and Daman and Diu,Graduate,"PLFS Year (Jul - Jun), 2018",30.450,0.000,False
India,The Dadra and Nagar Haveli and Daman and Diu,Graduate,"PLFS Year (Jul - Jun), 2019",34.983,0.000,False
India,The Dadra and Nagar Haveli and Daman and Diu,Graduate,"PLFS Year (Jul - Jun), 2020",59.467,0.000,False
India,The Dadra and Nagar Haveli and Daman and Diu,Graduate,"PLFS Year (Jul - Jun), 2021",57.400,0.000,False
India,The Dadra and Nagar Haveli and Daman and Diu,Graduate,"PLFS Year (Jul - Jun), 2022",44.433,0.000,False
India,The Dadra and Nagar Haveli and Daman and Diu,Graduate,"PLFS Year (Jul - Jun), 2023",32.733,0.000,False
India,The Dadra and Nagar Haveli and Daman and Diu,Higher Secondary,"PLFS Year (Jul - Jun), 2017",22.933,0.000,False
India,The Dadra and Nagar Haveli and Daman and Diu,Higher Secondary,"PLFS Year (Jul - Jun), 2018",29.667,0.000,False
India,The Dadra and Nagar Haveli and Daman and Diu,Higher Secondary,"PLFS Year (Jul - Jun), 2019",28.083,0.000,False
India,The Dadra and Nagar Haveli and Daman and Diu,Higher Secondary,"PLFS Year (Jul - Jun), 2020",15.433,0.000,False
India,The Dadra and Nagar Haveli and Daman and Diu,Higher Secondary,"PLFS Year (Jul - Jun), 2021",33.467,0.000,False
India,The Dadra and Nagar Haveli and Daman and Diu,Higher Secondary,"PLFS Year (Jul - Jun), 2022",41.833,0.000,False
India,The Dadra and Nagar Haveli and Daman and Diu,Higher Secondary,"PLFS Year (Jul - Jun), 2023",31.300,0.000,False
India,The Dadra and Nagar Haveli and Daman and Diu,Literate & Upto Primary,"PLFS Year (Jul - Jun), 2017",27.383,0.000,False
India,The Dadra and Nagar Haveli and Daman and Diu,Literate & Upto Primary,"PLFS Year (Jul - Jun), 2018",26.667,0.000,False
India,The Dadra and Nagar Haveli and Daman and Diu,Literate & Upto Primary,"PLFS Year (Jul - Jun), 2019",47.950,0.000,False
India,The Dadra and Nagar Haveli and Daman and Diu,Literate & Upto Primary,"PLFS Year (Jul - Jun), 2020",33.233,0.000,False
India,The Dadra and Nagar Haveli and Daman and Diu,Literate & Upto Primary,"PLFS Year (Jul - Jun), 2021",33.867,0.000,False
India,The Dadra and Nagar Haveli and Daman and Diu,Literate & Upto Primary,"PLFS Year (Jul - Jun), 2022",39.333,0.000,False
India,The Dadra and Nagar Haveli and Daman and Diu,Literate & Upto Primary,"PLFS Year (Jul - Jun), 2023",49.300,0.000,False
India,The Dadra and Nagar Haveli and Daman and Diu,Middle,"PLFS Year (Jul - Jun), 2017",22.017,0.000,False
India,The Dadra and Nagar Haveli and Daman and Diu,Middle,"PLFS Year (Jul - Jun), 2018",30.333,0.000,False
India,The Dadra and Nagar Haveli and Daman and Diu,Middle,"PLFS Year (Jul - Jun), 2019",48.667,0.000,False
India,The Dadra and Nagar Haveli and Daman and Diu,Middle,"PLFS Year (Jul - Jun), 2020",19.633,0.000,False
India,The Dadra and Nagar Haveli and Daman and Diu,Middle,"PLFS Year (Jul - Jun), 2021",42.800,0.000,False
India,The Dadra and Nagar Haveli and Daman and Diu,Middle,"PLFS Year (Jul - Jun), 2022",28.633,0.000,False
India,The Dadra and Nagar Haveli and Daman and Diu,Middle,"PLFS Year (Jul - Jun), 2023",52.433,0.000,False
India,The Dadra and Nagar Haveli and Daman and Diu,Not Literate,"PLFS Year (Jul - Jun), 2017",47.200,0.000,False
India,The Dadra and Nagar Haveli and Daman and Diu,Not Literate,"PLFS Year (Jul - Jun), 2018",36.183,0.000,False
India,The Dadra and Nagar Haveli and Daman and Diu,Not Literate,"PLFS Year (Jul - Jun), 2019",38.567,0.000,False
India,The Dadra and Nagar Haveli and Daman and Diu,Not Literate,"PLFS Year (Jul - Jun), 2020",39.400,0.000,False
India,The Dadra and Nagar Haveli and Daman and Diu,Not Literate,"PLFS Year (Jul - Jun), 2021",62.967,0.000,False
India,The Dadra and Nagar Haveli and Daman and Diu,Not Literate,"PLFS Year (Jul - Jun), 2022",52.033,0.000,False
India,The Dadra and Nagar Haveli and Daman and Diu,Not Literate,"PLFS Year (Jul - Jun), 2023",63.667,0.000,False
India,The Dadra and Nagar Haveli and Daman and Diu,Post Graduate & Above,"PLFS Year (Jul - Jun), 2017",35.233,0.000,False
India,The Dadra and Nagar Haveli and Daman and Diu,Post Graduate & Above,"PLFS Year (Jul - Jun), 2018",33.333,0.000,False
India,The Dadra and Nagar Haveli and Daman and Diu,Post Graduate & Above,"PLFS Year (Jul - Jun), 2019",61.933,0.000,False
India,The Dadra and Nagar Haveli and Daman and Diu,Post Graduate & Above,"PLFS Year (Jul - Jun), 2020",44.400,0.000,False
India,The Dadra and Nagar Haveli and Daman and Diu,Post Graduate & Above,"PLFS Year (Jul - Jun), 2021",87.300,0.000,False
India,The Dadra and Nagar Haveli and Daman and Diu,Post Graduate & Above,"PLFS Year (Jul - Jun), 2022",54.633,0.000,False
India,The Dadra and Nagar Haveli and Daman and Diu,Post Graduate & Above,"PLFS Year (Jul - Jun), 2023",62.633,0.000,False
India,The Dadra and Nagar Haveli and Daman and Diu,Secondary,"PLFS Year (Jul - Jun), 2017",30.133,0.000,False
India,The Dadra and Nagar Haveli and Daman and Diu,Secondary,"PLFS Year (Jul - Jun), 2018",10.750,0.000,False
India,The Dadra and Nagar Haveli and Daman and Diu,Secondary,"PLFS Year (Jul - Jun), 2019",34.617,0.000,False
India,The Dadra and Nagar Haveli and Daman and Diu,Secondary,"PLFS Year (Jul - Jun), 2020",21.633,0.000,False
India,The Dadra and Nagar Haveli and Daman and Diu,Secondary,"PLFS Year (Jul - Jun), 2021",24.367,0.000,False
India,The Dadra and Nagar Haveli and Daman and Diu,Secondary,"PLFS Year (Jul - Jun), 2022",42.167,0.000,False
India,The Dadra and Nagar Haveli and Daman and Diu,Secondary,"PLFS Year (Jul - Jun), 2023",27.767,0.000,False
India,The Dadra and Nagar Haveli and Daman and Diu,Secondary & Above,"PLFS Year (Jul - Jun), 2017",31.017,0.000,False
India,The Dadra and Nagar Haveli and Daman and Diu,Secondary & Above,"PLFS Year (Jul - Jun), 2018",25.017,0.000,False
India,The Dadra and Nagar Haveli and Daman and Diu,Secondary & Above,"PLFS Year (Jul - Jun), 2019",35.983,0.000,False
India,The Dadra and Nagar Haveli and Daman and Diu,Secondary & Above,"PLFS Year (Jul - Jun), 2020",35.267,0.000,False
India,The Dadra and Nagar Haveli and Daman and Diu,Secondary & Above,"PLFS Year (Jul - Jun), 2021",38.633,0.000,False
India,The Dadra and Nagar Haveli and Daman and Diu,Secondary & Above,"PLFS Year (Jul - Jun), 2022",41.600,0.000,False
India,The Dadra and Nagar Haveli and Daman and Diu,Secondary & Above,"PLFS Year (Jul - Jun), 2023",34.200,0.000,False
India,Tripura,All,"PLFS Year (Jul - Jun), 2017",13.600,0.000,False
India,Tripura,All,"PLFS Year (Jul - Jun), 2018",17.500,0.000,False
India,Tripura,All,"PLFS Year (Jul - Jun), 2019",23.167,0.000,False
India,Tripura,All,"PLFS Year (Jul - Jun), 2020",28.967,0.000,False
India,Tripura,All,"PLFS Year (Jul - Jun), 2021",24.667,0.000,False
India,Tripura,All,"PLFS Year (Jul - Jun), 2022",33.300,0.000,False
India,Tripura,All,"PLFS Year (Jul - Jun), 2023",43.067,0.000,False
India,Tripura,Diploma/ Certificate Course,"PLFS Year (Jul - Jun), 2017",14.300,0.000,False
India,Tripura,Diploma/ Certificate Course,"PLFS Year (Jul - Jun), 2018",62.767,0.000,False
India,Tripura,Diploma/ Certificate Course,"PLFS Year (Jul - Jun), 2019",54.700,0.000,False
India,Tripura,Diploma/ Certificate Course,"PLFS Year (Jul - Jun), 2020",50.033,0.000,False
India,Tripura,Diploma/ Certificate Course,"PLFS Year (Jul - Jun), 2021",34.400,0.000,False
India,Tripura,Diploma/ Certificate Course,"PLFS Year (Jul - Jun), 2022",86.700,0.000,False
India,Tripura,Diploma/ Certificate Course,"PLFS Year (Jul - Jun), 2023",68.233,0.000,False
India,Tripura,Graduate,"PLFS Year (Jul - Jun), 2017",23.300,0.000,False
India,Tripura,Graduate,"PLFS Year (Jul - Jun), 2018",44.367,0.000,False
India,Tripura,Graduate,"PLFS Year (Jul - Jun), 2019",35.867,0.000,False
India,Tripura,Graduate,"PLFS Year (Jul - Jun), 2020",33.567,0.000,False
India,Tripura,Graduate,"PLFS Year (Jul - Jun), 2021",39.200,0.000,False
India,Tripura,Graduate,"PLFS Year (Jul - Jun), 2022",50.500,0.000,False
India,Tripura,Graduate,"PLFS Year (Jul - Jun), 2023",40.233,0.000,False
India,Tripura,Higher Secondary,"PLFS Year (Jul - Jun), 2017",4.467,0.000,False
India,Tripura,Higher Secondary,"PLFS Year (Jul - Jun), 2018",13.933,0.000,False
India,Tripura,Higher Secondary,"PLFS Year (Jul - Jun), 2019",14.367,0.000,False
India,Tripura,Higher Secondary,"PLFS Year (Jul - Jun), 2020",27.933,0.000,False
India,Tripura,Higher Secondary,"PLFS Year (Jul - Jun), 2021",13.433,0.000,False
India,Tripura,Higher Secondary,"PLFS Year (Jul - Jun), 2022",16.467,0.000,False
India,Tripura,Higher Secondary,"PLFS Year (Jul - Jun), 2023",22.300,0.000,False
India,Tripura,Literate & Upto Primary,"PLFS Year (Jul - Jun), 2017",14.867,0.000,False
India,Tripura,Literate & Upto Primary,"PLFS Year (Jul - Jun), 2018",14.833,0.000,False
India,Tripura,Literate & Upto Primary,"PLFS Year (Jul - Jun), 2019",26.000,0.000,False
India,Tripura,Literate & Upto Primary,"PLFS Year (Jul - Jun), 2020",35.667,0.000,False
India,Tripura,Literate & Upto Primary,"PLFS Year (Jul - Jun), 2021",30.500,0.000,False
India,Tripura,Literate & Upto Primary,"PLFS Year (Jul - Jun), 2022",45.133,0.000,False
India,Tripura,Literate & Upto Primary,"PLFS Year (Jul - Jun), 2023",54.000,0.000,False
India,Tripura,Middle,"PLFS Year (Jul - Jun), 2017",12.267,0.000,False
India,Tripura,Middle,"PLFS Year (Jul - Jun), 2018",14.167,0.000,False
India,Tripura,Middle,"PLFS Year (Jul - Jun), 2019",21.167,0.000,False
India,Tripura,Middle,"PLFS Year (Jul - Jun), 2020",22.500,0.000,False
India,Tripura,Middle,"PLFS Year (Jul - Jun), 2021",21.000,0.000,False
India,Tripura,Middle,"PLFS Year (Jul - Jun), 2022",28.167,0.000,False
India,Tripura,Middle,"PLFS Year (Jul - Jun), 2023",42.400,0.000,False
India,Tripura,Not Literate,"PLFS Year (Jul - Jun), 2017",8.867,0.000,False
India,Tripura,Not Literate,"PLFS Year (Jul - Jun), 2018",13.667,0.000,False
India,Tripura,Not Literate,"PLFS Year (Jul - Jun), 2019",27.100,0.000,False
India,Tripura,Not Literate,"PLFS Year (Jul - Jun), 2020",32.367,0.000,False
India,Tripura,Not Literate,"PLFS Year (Jul - Jun), 2021",24.867,0.000,False
India,Tripura,Not Literate,"PLFS Year (Jul - Jun), 2022",15.033,0.000,False
India,Tripura,Not Literate,"PLFS Year (Jul - Jun), 2023",34.167,0.000,False
India,Tripura,Post Graduate & Above,"PLFS Year (Jul - Jun), 2017",62.567,0.000,False
India,Tripura,Post Graduate & Above,"PLFS Year (Jul - Jun), 2018",66.500,0.000,False
India,Tripura,Post Graduate & Above,"PLFS Year (Jul - Jun), 2019",55.600,0.000,False
India,Tripura,Post Graduate & Above,"PLFS Year (Jul - Jun), 2020",65.400,0.000,False
India,Tripura,Post Graduate & Above,"PLFS Year (Jul - Jun), 2021",33.733,0.000,False
India,Tripura,Post Graduate & Above,"PLFS Year (Jul - Jun), 2022",75.567,0.000,False
India,Tripura,Post Graduate & Above,"PLFS Year (Jul - Jun), 2023",72.300,0.000,False
India,Tripura,Secondary,"PLFS Year (Jul - Jun), 2017",16.267,0.000,False
India,Tripura,Secondary,"PLFS Year (Jul - Jun), 2018",16.133,0.000,False
India,Tripura,Secondary,"PLFS Year (Jul - Jun), 2019",14.033,0.000,False
India,Tripura,Secondary,"PLFS Year (Jul - Jun), 2020",18.000,0.000,False
India,Tripura,Secondary,"PLFS Year (Jul - Jun), 2021",16.967,0.000,False
India,Tripura,Secondary,"PLFS Year (Jul - Jun), 2022",22.567,0.000,False
India,Tripura,Secondary,"PLFS Year (Jul - Jun), 2023",26.167,0.000,False
India,Tripura,Secondary & Above,"PLFS Year (Jul - Jun), 2017",15.100,0.000,False
India,Tripura,Secondary & Above,"PLFS Year (Jul - Jun), 2018",24.867,0.000,False
India,Tripura,Secondary & Above,"PLFS Year (Jul - Jun), 2019",19.900,0.000,False
India,Tripura,Secondary & Above,"PLFS Year (Jul - Jun), 2020",27.000,0.000,False
India,Tripura,Secondary & Above,"PLFS Year (Jul - Jun), 2021",22.567,0.000,False
India,Tripura,Secondary & Above,"PLFS Year (Jul - Jun), 2022",31.800,0.000,False
India,Tripura,Secondary & Above,"PLFS Year (Jul - Jun), 2023",30.800,0.000,False
India,Uttar Pradesh,All,"PLFS Year (Jul - Jun), 2017",12.933,0.000,False
India,Uttar Pradesh,All,"PLFS Year (Jul - Jun), 2018",12.700,0.000,False
India,Uttar Pradesh,All,"PLFS Year (Jul - Jun), 2019",16.633,0.000,False
India,Uttar Pradesh,All,"PLFS Year (Jul - Jun), 2020",20.267,0.000,False
India,Uttar Pradesh,All,"PLFS Year (Jul - Jun), 2021",23.100,0.000,False
India,Uttar Pradesh,All,"PLFS Year (Jul - Jun), 2022",26.933,0.000,False
India,Uttar Pradesh,All,"PLFS Year (Jul - Jun), 2023",30.367,0.000,False
India,Uttar Pradesh,Diploma/ Certificate Course,"PLFS Year (Jul - Jun), 2017",54.467,0.000,False
India,Uttar Pradesh,Diploma/ Certificate Course,"PLFS Year (Jul - Jun), 2018",8.700,0.000,False
India,Uttar Pradesh,Diploma/ Certificate Course,"PLFS Year (Jul - Jun), 2019",34.433,0.000,False
India,Uttar Pradesh,Diploma/ Certificate Course,"PLFS Year (Jul - Jun), 2020",24.300,0.000,False
India,Uttar Pradesh,Diploma/ Certificate Course,"PLFS Year (Jul - Jun), 2021",32.333,0.000,False
India,Uttar Pradesh,Diploma/ Certificate Course,"PLFS Year (Jul - Jun), 2022",97.800,0.000,False
India,Uttar Pradesh,Diploma/ Certificate Course,"PLFS Year (Jul - Jun), 2023",82.133,0.000,False
India,Uttar Pradesh,Graduate,"PLFS Year (Jul - Jun), 2017",18.333,0.000,False
India,Uttar Pradesh,Graduate,"PLFS Year (Jul - Jun), 2018",12.200,0.000,False
India,Uttar Pradesh,Graduate,"PLFS Year (Jul - Jun), 2019",13.600,0.000,False
India,Uttar Pradesh,Graduate,"PLFS Year (Jul - Jun), 2020",19.133,0.000,False
India,Uttar Pradesh,Graduate,"PLFS Year (Jul - Jun), 2021",19.233,0.000,False
India,Uttar Pradesh,Graduate,"PLFS Year (Jul - Jun), 2022",19.133,0.000,False
India,Uttar Pradesh,Graduate,"PLFS Year (Jul - Jun), 2023",23.300,0.000,False
India,Uttar Pradesh,Higher Secondary,"PLFS Year (Jul - Jun), 2017",7.300,0.000,False
India,Uttar Pradesh,Higher Secondary,"PLFS Year (Jul - Jun), 2018",6.433,0.000,False
India,Uttar Pradesh,Higher Secondary,"PLFS Year (Jul - Jun), 2019",9.133,0.000,False
India,Uttar Pradesh,Higher Secondary,"PLFS Year (Jul - Jun), 2020",10.367,0.000,False
India,Uttar Pradesh,Higher Secondary,"PLFS Year (Jul - Jun), 2021",13.333,0.000,False
India,Uttar Pradesh,Higher Secondary,"PLFS Year (Jul - Jun), 2022",14.967,0.000,False
India,Uttar Pradesh,Higher Secondary,"PLFS Year (Jul - Jun), 2023",18.333,0.000,False
India,Uttar Pradesh,Literate & Upto Primary,"PLFS Year (Jul - Jun), 2017",9.200,0.000,False
India,Uttar Pradesh,Literate & Upto Primary,"PLFS Year (Jul - Jun), 2018",11.867,0.000,False
India,Uttar Pradesh,Literate & Upto Primary,"PLFS Year (Jul - Jun), 2019",15.233,0.000,False
India,Uttar Pradesh,Literate & Upto Primary,"PLFS Year (Jul - Jun), 2020",17.500,0.000,False
India,Uttar Pradesh,Literate & Upto Primary,"PLFS Year (Jul - Jun), 2021",24.233,0.000,False
India,Uttar Pradesh,Literate & Upto Primary,"PLFS Year (Jul - Jun), 2022",25.767,0.000,False
India,Uttar Pradesh,Literate & Upto Primary,"PLFS Year (Jul - Jun), 2023",33.267,0.000,False
India,Uttar Pradesh,Middle,"PLFS Year (Jul - Jun), 2017",8.533,0.000,False
India,Uttar Pradesh,Middle,"PLFS Year (Jul - Jun), 2018",8.033,0.000,False
India,Uttar Pradesh,Middle,"PLFS Year (Jul - Jun), 2019",11.233,0.000,False
India,Uttar Pradesh,Middle,"PLFS Year (Jul - Jun), 2020",15.100,0.000,False
India,Uttar Pradesh,Middle,"PLFS Year (Jul - Jun), 2021",17.467,0.000,False
India,Uttar Pradesh,Middle,"PLFS Year (Jul - Jun), 2022",23.233,0.000,False
India,Uttar Pradesh,Middle,"PLFS Year (Jul - Jun), 2023",25.367,0.000,False
India,Uttar Pradesh,Not Literate,"PLFS Year (Jul - Jun), 2017",15.700,0.000,False
India,Uttar Pradesh,Not Literate,"PLFS Year (Jul - Jun), 2018",17.100,0.000,False
India,Uttar Pradesh,Not Literate,"PLFS Year (Jul - Jun), 2019",21.433,0.000,False
India,Uttar Pradesh,Not Literate,"PLFS Year (Jul - Jun), 2020",26.467,0.000,False
India,Uttar Pradesh,Not Literate,"PLFS Year (Jul - Jun), 2021",30.500,0.000,False
India,Uttar Pradesh,Not Literate,"PLFS Year (Jul - Jun), 2022",35.667,0.000,False
India,Uttar Pradesh,Not Literate,"PLFS Year (Jul - Jun), 2023",39.667,0.000,False
India,Uttar Pradesh,Post Graduate & Above,"PLFS Year (Jul - Jun), 2017",27.400,0.000,False
India,Uttar Pradesh,Post Graduate & Above,"PLFS Year (Jul - Jun), 2018",25.133,0.000,False
India,Uttar Pradesh,Post Graduate & Above,"PLFS Year (Jul - Jun), 2019",29.533,0.000,False
India,Uttar Pradesh,Post Graduate & Above,"PLFS Year (Jul - Jun), 2020",35.767,0.000,False
India,Uttar Pradesh,Post Graduate & Above,"PLFS Year (Jul - Jun), 2021",29.467,0.000,False
India,Uttar Pradesh,Post Graduate & Above,"PLFS Year (Jul - Jun), 2022",38.800,0.000,False
India,Uttar Pradesh,Post Graduate & Above,"PLFS Year (Jul - Jun), 2023",38.467,0.000,False
India,Uttar Pradesh,Secondary,"PLFS Year (Jul - Jun), 2017",5.800,0.000,False
India,Uttar Pradesh,Secondary,"PLFS Year (Jul - Jun), 2018",5.600,0.000,False
India,Uttar Pradesh,Secondary,"PLFS Year (Jul - Jun), 2019",8.367,0.000,False
India,Uttar Pradesh,Secondary,"PLFS Year (Jul - Jun), 2020",11.433,0.000,False
India,Uttar Pradesh,Secondary,"PLFS Year (Jul - Jun), 2021",11.333,0.000,False
India,Uttar Pradesh,Secondary,"PLFS Year (Jul - Jun), 2022",16.133,0.000,False
India,Uttar Pradesh,Secondary,"PLFS Year (Jul - Jun), 2023",18.967,0.000,False
India,Uttar Pradesh,Secondary & Above,"PLFS Year (Jul - Jun), 2017",11.800,0.000,False
India,Uttar Pradesh,Secondary & Above,"PLFS Year (Jul - Jun), 2018",9.500,0.000,False
India,Uttar Pradesh,Secondary & Above,"PLFS Year (Jul - Jun), 2019",12.733,0.000,False
India,Uttar Pradesh,Secondary & Above,"PLFS Year (Jul - Jun), 2020",15.333,0.000,False
India,Uttar Pradesh,Secondary & Above,"PLFS Year (Jul - Jun), 2021",16.033,0.000,False
India,Uttar Pradesh,Secondary & Above,"PLFS Year (Jul - Jun), 2022",18.667,0.000,False
India,Uttar Pradesh,Secondary & Above,"PLFS Year (Jul - Jun), 2023",22.133,0.000,False
India,Uttarakhand,All,"PLFS Year (Jul - Jun), 2017",16.900,0.000,False
India,Uttarakhand,All,"PLFS Year (Jul - Jun), 2018",18.567,0.000,False
India,Uttarakhand,All,"PLFS Year (Jul - Jun), 2019",28.867,0.000,False
India,Uttarakhand,All,"PLFS Year (Jul - Jun), 2020",29.100,0.000,False
India,Uttarakhand,All,"PLFS Year (Jul - Jun), 2021",29.967,0.000,False
India,Uttarakhand,All,"PLFS Year (Jul - Jun), 2022",33.733,0.000,False
India,Uttarakhand,All,"PLFS Year (Jul - Jun), 2023",40.867,0.000,False
India,Uttarakhand,Diploma/ Certificate Course,"PLFS Year (Jul - Jun), 2017",48.733,0.000,False
India,Uttarakhand,Diploma/ Certificate Course,"PLFS Year (Jul - Jun), 2018",3.200,0.000,False
India,Uttarakhand,Diploma/ Certificate Course,"PLFS Year (Jul - Jun), 2019",100.000,0.000,False
India,Uttarakhand,Diploma/ Certificate Course,"PLFS Year (Jul - Jun), 2020",39.300,0.000,False
India,Uttarakhand,Diploma/ Certificate Course,"PLFS Year (Jul - Jun), 2021",56.800,0.000,False
India,Uttarakhand,Diploma/ Certificate Course,"PLFS Year (Jul - Jun), 2022",0.000,0.000,False
India,Uttarakhand,Diploma/ Certificate Course,"PLFS Year (Jul - Jun), 2023",56.133,0.000,False
India,Uttarakhand,Graduate,"PLFS Year (Jul - Jun), 2017",24.933,0.000,False
India,Uttarakhand,Graduate,"PLFS Year (Jul - Jun), 2018",36.167,0.000,False
India,Uttarakhand,Graduate,"PLFS Year (Jul - Jun), 2019",37.933,0.000,False
India,Uttarakhand,Graduate,"PLFS Year (Jul - Jun), 2020",33.433,0.000,False
India,Uttarakhand,Graduate,"PLFS Year (Jul - Jun), 2021",28.967,0.000,False
India,Uttarakhand,Graduate,"PLFS Year (Jul - Jun), 2022",40.567,0.000,False
India,Uttarakhand,Graduate,"PLFS Year (Jul - Jun), 2023",40.267,0.000,False
India,Uttarakhand,Higher Secondary,"PLFS Year (Jul - Jun), 2017",11.700,0.000,False
India,Uttarakhand,Higher Secondary,"PLFS Year (Jul - Jun), 2018",13.100,0.000,False
India,Uttarakhand,Higher Secondary,"PLFS Year (Jul - Jun), 2019",23.867,0.000,False
India,Uttarakhand,Higher Secondary,"PLFS Year (Jul - Jun), 2020",19.333,0.000,False
India,Uttarakhand,Higher Secondary,"PLFS Year (Jul - Jun), 2021",17.733,0.000,False
India,Uttarakhand,Higher Secondary,"PLFS Year (Jul - Jun), 2022",33.767,0.000,False
India,Uttarakhand,Higher Secondary,"PLFS Year (Jul - Jun), 2023",34.633,0.000,False
India,Uttarakhand,Literate & Upto Primary,"PLFS Year (Jul - Jun), 2017",17.400,0.000,False
India,Uttarakhand,Literate & Upto Primary,"PLFS Year (Jul - Jun), 2018",16.133,0.000,False
India,Uttarakhand,Literate & Upto Primary,"PLFS Year (Jul - Jun), 2019",33.700,0.000,False
India,Uttarakhand,Literate & Upto Primary,"PLFS Year (Jul - Jun), 2020",33.367,0.000,False
India,Uttarakhand,Literate & Upto Primary,"PLFS Year (Jul - Jun), 2021",33.867,0.000,False
India,Uttarakhand,Literate & Upto Primary,"PLFS Year (Jul - Jun), 2022",39.400,0.000,False
India,Uttarakhand,Literate & Upto Primary,"PLFS Year (Jul - Jun), 2023",40.200,0.000,False
India,Uttarakhand,Middle,"PLFS Year (Jul - Jun), 2017",15.033,0.000,False
India,Uttarakhand,Middle,"PLFS Year (Jul - Jun), 2018",12.833,0.000,False
India,Uttarakhand,Middle,"PLFS Year (Jul - Jun), 2019",26.367,0.000,False
India,Uttarakhand,Middle,"PLFS Year (Jul - Jun), 2020",27.300,0.000,False
India,Uttarakhand,Middle,"PLFS Year (Jul - Jun), 2021",29.133,0.000,False
India,Uttarakhand,Middle,"PLFS Year (Jul - Jun), 2022",29.967,0.000,False
India,Uttarakhand,Middle,"PLFS Year (Jul - Jun), 2023",38.000,0.000,False
India,Uttarakhand,Not Literate,"PLFS Year (Jul - Jun), 2017",12.900,0.000,False
India,Uttarakhand,Not Literate,"PLFS Year (Jul - Jun), 2018",15.033,0.000,False
India,Uttarakhand,Not Literate,"PLFS Year (Jul - Jun), 2019",26.100,0.000,False
India,Uttarakhand,Not Literate,"PLFS Year (Jul - Jun), 2020",33.900,0.000,False
India,Uttarakhand,Not Literate,"PLFS Year (Jul - Jun), 2021",30.133,0.000,False
India,Uttarakhand,Not Literate,"PLFS Year (Jul - Jun), 2022",27.800,0.000,False
India,Uttarakhand,Not Literate,"PLFS Year (Jul - Jun), 2023",40.467,0.000,False
India,Uttarakhand,Post Graduate & Above,"PLFS Year (Jul - Jun), 2017",45.067,0.000,False
India,Uttarakhand,Post Graduate & Above,"PLFS Year (Jul - Jun), 2018",53.267,0.000,False
India,Uttarakhand,Post Graduate & Above,"PLFS Year (Jul - Jun), 2019",32.933,0.000,False
India,Uttarakhand,Post Graduate & Above,"PLFS Year (Jul - Jun), 2020",35.533,0.000,False
India,Uttarakhand,Post Graduate & Above,"PLFS Year (Jul - Jun), 2021",50.867,0.000,False
India,Uttarakhand,Post Graduate & Above,"PLFS Year (Jul - Jun), 2022",55.733,0.000,False
India,Uttarakhand,Post Graduate & Above,"PLFS Year (Jul - Jun), 2023",71.800,0.000,False
India,Uttarakhand,Secondary,"PLFS Year (Jul - Jun), 2017",12.233,0.000,False
India,Uttarakhand,Secondary,"PLFS Year (Jul - Jun), 2018",13.133,0.000,False
India,Uttarakhand,Secondary,"PLFS Year (Jul - Jun), 2019",23.700,0.000,False
India,Uttarakhand,Secondary,"PLFS Year (Jul - Jun), 2020",15.000,0.000,False
India,Uttarakhand,Secondary,"PLFS Year (Jul - Jun), 2021",21.533,0.000,False
India,Uttarakhand,Secondary,"PLFS Year (Jul - Jun), 2022",26.467,0.000,False
India,Uttarakhand,Secondary,"PLFS Year (Jul - Jun), 2023",33.100,0.000,False
India,Uttarakhand,Secondary & Above,"PLFS Year (Jul - Jun), 2017",18.800,0.000,False
India,Uttarakhand,Secondary & Above,"PLFS Year (Jul - Jun), 2018",23.233,0.000,False
India,Uttarakhand,Secondary & Above,"PLFS Year (Jul - Jun), 2019",28.900,0.000,False
India,Uttarakhand,Secondary & Above,"PLFS Year (Jul - Jun), 2020",24.533,0.000,False
India,Uttarakhand,Secondary & Above,"PLFS Year (Jul - Jun), 2021",27.867,0.000,False
India,Uttarakhand,Secondary & Above,"PLFS Year (Jul - Jun), 2022",36.100,0.000,False
India,Uttarakhand,Secondary & Above,"PLFS Year (Jul - Jun), 2023",41.533,0.000,False
India,West Bengal,All,"PLFS Year (Jul - Jun), 2017",21.200,0.000,False
India,West Bengal,All,"PLFS Year (Jul - Jun), 2018",22.633,0.000,False
India,West Bengal,All,"PLFS Year (Jul - Jun), 2019",24.500,0.000,False
India,West Bengal,All,"PLFS Year (Jul - Jun), 2020",28.100,0.000,False
India,West Bengal,All,"PLFS Year (Jul - Jun), 2021",27.400,0.000,False
India,West Bengal,All,"PLFS Year (Jul - Jun), 2022",32.567,0.000,False
India,West Bengal,All,"PLFS Year (Jul - Jun), 2023",38.900,0.000,False
India,West Bengal,Diploma/ Certificate Course,"PLFS Year (Jul - Jun), 2017",37.200,0.000,False
India,West Bengal,Diploma/ Certificate Course,"PLFS Year (Jul - Jun), 2018",32.500,0.000,False
India,West Bengal,Diploma/ Certificate Course,"PLFS Year (Jul - Jun), 2019",26.267,0.000,False
India,West Bengal,Diploma/ Certificate Course,"PLFS Year (Jul - Jun), 2020",28.633,0.000,False
India,West Bengal,Diploma/ Certificate Course,"PLFS Year (Jul - Jun), 2021",53.200,0.000,False
India,West Bengal,Diploma/ Certificate Course,"PLFS Year (Jul - Jun), 2022",52.367,0.000,False
India,West Bengal,Diploma/ Certificate Course,"PLFS Year (Jul - Jun), 2023",67.467,0.000,False
India,West Bengal,Graduate,"PLFS Year (Jul - Jun), 2017",28.167,0.000,False
India,West Bengal,Graduate,"PLFS Year (Jul - Jun), 2018",26.600,0.000,False
India,West Bengal,Graduate,"PLFS Year (Jul - Jun), 2019",36.000,0.000,False
India,West Bengal,Graduate,"PLFS Year (Jul - Jun), 2020",33.933,0.000,False
India,West Bengal,Graduate,"PLFS Year (Jul - Jun), 2021",31.833,0.000,False
India,West Bengal,Graduate,"PLFS Year (Jul - Jun), 2022",40.900,0.000,False
India,West Bengal,Graduate,"PLFS Year (Jul - Jun), 2023",44.933,0.000,False
India,West Bengal,Higher Secondary,"PLFS Year (Jul - Jun), 2017",13.067,0.000,False
India,West Bengal,Higher Secondary,"PLFS Year (Jul - Jun), 2018",15.833,0.000,False
India,West Bengal,Higher Secondary,"PLFS Year (Jul - Jun), 2019",15.467,0.000,False
India,West Bengal,Higher Secondary,"PLFS Year (Jul - Jun), 2020",17.500,0.000,False
India,West Bengal,Higher Secondary,"PLFS Year (Jul - Jun), 2021",18.267,0.000,False
India,West Bengal,Higher Secondary,"PLFS Year (Jul - Jun), 2022",20.500,0.000,False
India,West Bengal,Higher Secondary,"PLFS Year (Jul - Jun), 2023",22.967,0.000,False
India,West Bengal,Literate & Upto Primary,"PLFS Year (Jul - Jun), 2017",27.000,0.000,False
India,West Bengal,Literate & Upto Primary,"PLFS Year (Jul - Jun), 2018",26.967,0.000,False
India,West Bengal,Literate & Upto Primary,"PLFS Year (Jul - Jun), 2019",31.167,0.000,False
India,West Bengal,Literate & Upto Primary,"PLFS Year (Jul - Jun), 2020",36.633,0.000,False
India,West Bengal,Literate & Upto Primary,"PLFS Year (Jul - Jun), 2021",33.733,0.000,False
India,West Bengal,Literate & Upto Primary,"PLFS Year (Jul - Jun), 2022",38.067,0.000,False
India,West Bengal,Literate & Upto Primary,"PLFS Year (Jul - Jun), 2023",45.567,0.000,False
India,West Bengal,Middle,"PLFS Year (Jul - Jun), 2017",13.867,0.000,False
India,West Bengal,Middle,"PLFS Year (Jul - Jun), 2018",17.233,0.000,False
India,West Bengal,Middle,"PLFS Year (Jul - Jun), 2019",16.367,0.000,False
India,West Bengal,Middle,"PLFS Year (Jul - Jun), 2020",21.067,0.000,False
India,West Bengal,Middle,"PLFS Year (Jul - Jun), 2021",19.600,0.000,False
India,West Bengal,Middle,"PLFS Year (Jul - Jun), 2022",25.933,0.000,False
India,West Bengal,Middle,"PLFS Year (Jul - Jun), 2023",36.467,0.000,False
India,West Bengal,Not Literate,"PLFS Year (Jul - Jun), 2017",25.000,0.000,False
India,West Bengal,Not Literate,"PLFS Year (Jul - Jun), 2018",26.700,0.000,False
India,West Bengal,Not Literate,"PLFS Year (Jul - Jun), 2019",28.633,0.000,False
India,West Bengal,Not Literate,"PLFS Year (Jul - Jun), 2020",32.633,0.000,False
India,West Bengal,Not Literate,"PLFS Year (Jul - Jun), 2021",33.833,0.000,False
India,West Bengal,Not Literate,"PLFS Year (Jul - Jun), 2022",38.933,0.000,False
India,West Bengal,Not Literate,"PLFS Year (Jul - Jun), 2023",43.167,0.000,False
India,West Bengal,Post Graduate & Above,"PLFS Year (Jul - Jun), 2017",45.133,0.000,False
India,West Bengal,Post Graduate & Above,"PLFS Year (Jul - Jun), 2018",50.700,0.000,False
India,West Bengal,Post Graduate & Above,"PLFS Year (Jul - Jun), 2019",51.100,0.000,False
India,West Bengal,Post Graduate & Above,"PLFS Year (Jul - Jun), 2020",55.500,0.000,False
India,West Bengal,Post Graduate & Above,"PLFS Year (Jul - Jun), 2021",48.367,0.000,False
India,West Bengal,Post Graduate & Above,"PLFS Year (Jul - Jun), 2022",48.333,0.000,False
India,West Bengal,Post Graduate & Above,"PLFS Year (Jul - Jun), 2023",55.333,0.000,False
India,West Bengal,Secondary,"PLFS Year (Jul - Jun), 2017",12.267,0.000,False
India,West Bengal,Secondary,"PLFS Year (Jul - Jun), 2018",12.433,0.000,False
India,West Bengal,Secondary,"PLFS Year (Jul - Jun), 2019",13.667,0.000,False
India,West Bengal,Secondary,"PLFS Year (Jul - Jun), 2020",15.900,0.000,False
India,West Bengal,Secondary,"PLFS Year (Jul - Jun), 2021",16.367,0.000,False
India,West Bengal,Secondary,"PLFS Year (Jul - Jun), 2022",22.167,0.000,False
India,West Bengal,Secondary,"PLFS Year (Jul - Jun), 2023",30.033,0.000,False
India,West Bengal,Secondary & Above,"PLFS Year (Jul - Jun), 2017",17.833,0.000,False
India,West Bengal,Secondary & Above,"PLFS Year (Jul - Jun), 2018",18.967,0.000,False
India,West Bengal,Secondary & Above,"PLFS Year (Jul - Jun), 2019",21.400,0.000,False
India,West Bengal,Secondary & Above,"PLFS Year (Jul - Jun), 2020",22.167,0.000,False
India,West Bengal,Secondary & Above,"PLFS Year (Jul - Jun), 2021",22.567,0.000,False
India,West Bengal,Secondary & Above,"PLFS Year (Jul - Jun), 2022",27.500,0.000,False
India,West Bengal,Secondary & Above,"PLFS Year (Jul - Jun), 2023",32.533,0.000,False
India,Andaman and Nicobar Islands,All,All_Years,41.067,0.000,True
India,Andaman and Nicobar Islands,Diploma/ Certificate Course,All_Years,64.371,0.000,True
India,Andaman and Nicobar Islands,Graduate,All_Years,71.329,0.000,True
India,Andaman and Nicobar Islands,Higher Secondary,All_Years,40.162,0.000,True
India,Andaman and Nicobar Islands,Literate & Upto Primary,All_Years,37.695,0.000,True
India,Andaman and Nicobar Islands,Middle,All_Years,31.190,0.000,True
India,Andaman and Nicobar Islands,Not Literate,All_Years,22.619,0.000,True
India,Andaman and Nicobar Islands,Post Graduate & Above,All_Years,84.486,0.000,True
India,Andaman and Nicobar Islands,Secondary,All_Years,25.029,0.000,True
India,Andaman and Nicobar Islands,Secondary & Above,All_Years,52.248,0.000,True
India,Andhra Pradesh,All,All_Years,40.695,0.000,True
India,Andhra Pradesh,Diploma/ Certificate Course,All_Years,53.614,0.000,True
India,Andhra Pradesh,Graduate,All_Years,42.586,0.000,True
India,Andhra Pradesh,Higher Secondary,All_Years,19.200,0.000,True
India,Andhra Pradesh,Literate & Upto Primary,All_Years,45.167,0.000,True
India,Andhra Pradesh,Middle,All_Years,34.181,0.000,True
India,Andhra Pradesh,Not Literate,All_Years,47.548,0.000,True
India,Andhra Pradesh,Post Graduate & Above,All_Years,63.100,0.000,True
India,Andhra Pradesh,Secondary,All_Years,27.143,0.000,True
India,Andhra Pradesh,Secondary & Above,All_Years,31.448,0.000,True
India,Arunachal Pradesh,All,All_Years,31.743,0.000,True
India,Arunachal Pradesh,Diploma/ Certificate Course,All_Years,63.171,0.000,True
India,Arunachal Pradesh,Graduate,All_Years,63.957,0.000,True
India,Arunachal Pradesh,Higher Secondary,All_Years,27.500,0.000,True
India,Arunachal Pradesh,Literate & Upto Primary,All_Years,34.290,0.000,True
India,Arunachal Pradesh,Middle,All_Years,23.619,0.000,True
India,Arunachal Pradesh,Not Literate,All_Years,32.243,0.000,True
India,Arunachal Pradesh,Post Graduate & Above,All_Years,83.710,0.000,True
India,Arunachal Pradesh,Secondary,All_Years,22.024,0.000,True
India,Arunachal Pradesh,Secondary & Above,All_Years,33.748,0.000,True
India,Assam,All,All_Years,23.010,0.000,True
India,Assam,Diploma/ Certificate Course,All_Years,74.190,0.000,True
India,Assam,Graduate,All_Years,42.486,0.000,True
India,Assam,Higher Secondary,All_Years,23.038,0.000,True
India,Assam,Literate & Upto Primary,All_Years,23.167,0.000,True
India,Assam,Middle,All_Years,19.562,0.000,True
India,Assam,Not Literate,All_Years,22.910,0.000,True
India,Assam,Post Graduate & Above,All_Years,57.243,0.000,True
India,Assam,Secondary,All_Years,18.505,0.000,True
India,Assam,Secondary & Above,All_Years,26.924,0.000,True
India,Bihar,All,All_Years,12.057,0.000,True
India,Bihar,Diploma/ Certificate Course,All_Years,51.324,0.000,True
India,Bihar,Graduate,All_Years,16.490,0.000,True
India,Bihar,Higher Secondary,All_Years,6.348,0.000,True
India,Bihar,Literate & Upto Primary,All_Years,10.405,0.000,True
India,Bihar,Middle,All_Years,6.990,0.000,True
India,Bihar,Not Literate,All_Years,16.148,0.000,True
India,Bihar,Post Graduate & Above,All_Years,37.086,0.000,True
India,Bihar,Secondary,All_Years,6.010,0.000,True
India,Bihar,Secondary & Above,All_Years,9.138,0.000,True
India,Chandigarh,All,All_Years,23.040,1.000,True
India,Chandigarh,Diploma/ Certificate Course,All_Years,47.790,1.000,True
India,Chandigarh,Graduate,All_Years,30.580,1.000,True
India,Chandigarh,Higher Secondary,All_Years,14.885,1.000,True
India,Chandigarh,Literate & Upto Primary,All_Years,20.690,1.000,True
India,Chandigarh,Middle,All_Years,15.370,1.000,True
India,Chandigarh,Not Literate,All_Years,23.205,1.000,True
India,Chandigarh,Post Graduate & Above,All_Years,39.385,1.000,True
India,Chandigarh,Secondary,All_Years,14.310,1.000,True
India,Chandigarh,Secondary & Above,All_Years,23.345,1.000,True
India,Chhattisgarh,All,All_Years,47.886,0.000,True
India,Chhattisgarh,Diploma/ Certificate Course,All_Years,49.971,0.000,True
India,Chhattisgarh,Graduate,All_Years,40.667,0.000,True
India,Chhattisgarh,Higher Secondary,All_Years,29.519,0.000,True
India,Chhattisgarh,Literate & Upto Primary,All_Years,60.229,0.000,True
India,Chhattisgarh,Middle,All_Years,42.329,0.000,True
India,Chhattisgarh,Not Literate,All_Years,56.533,0.000,True
India,Chhattisgarh,Post Graduate & Above,All_Years,57.490,0.000,True
India,Chhattisgarh,Secondary,All_Years,27.052,0.000,True
India,Chhattisgarh,Secondary & Above,All_Years,34.033,0.000,True
India,Delhi,All,All_Years,14.010,0.000,True
India,Delhi,Diploma/ Certificate Course,All_Years,38.029,0.000,True
India,Delhi,Graduate,All_Years,24.014,0.000,True
India,Delhi,Higher Secondary,All_Years,5.667,0.000,True
India,Delhi,Literate & Upto Primary,All_Years,8.981,0.000,True
India,Delhi,Middle,All_Years,8.548,0.000,True
India,Delhi,Not Literate,All_Years,19.248,0.000,True
India,Delhi,Post Graduate & Above,All_Years,25.610,0.000,True
India,Delhi,Secondary,All_Years,10.452,0.000,True
India,Delhi,Secondary & Above,All_Years,15.486,0.000,True
India,Goa,All,All_Years,27.771,0.000,True
India,Goa,Diploma/ Certificate Course,All_Years,65.019,0.000,True
India,Goa,Graduate,All_Years,47.500,0.000,True
India,Goa,Higher Secondary,All_Years,26.838,0.000,True
India,Goa,Literate & Upto Primary,All_Years,21.000,0.000,True
India,Goa,Middle,All_Years,21.429,0.000,True
India,Goa,Not Literate,All_Years,20.567,0.000,True
India,Goa,Post Graduate & Above,All_Years,76.500,0.000,True
India,Goa,Secondary,All_Years,18.367,0.000,True
India,Goa,Secondary & Above,All_Years,34.481,0.000,True
India,Gujarat,All,All_Years,31.648,0.000,True
India,Gujarat,Diploma/ Certificate Course,All_Years,51.648,0.000,True
India,Gujarat,Graduate,All_Years,29.871,0.000,True
India,Gujarat,Higher Secondary,All_Years,21.148,0.000,True
India,Gujarat,Literate & Upto Primary,All_Years,34.652,0.000,True
India,Gujarat,Middle,All_Years,28.595,0.000,True
India,Gujarat,Not Literate,All_Years,36.376,0.000,True
India,Gujarat,Post Graduate & Above,All_Years,43.176,0.000,True
India,Gujarat,Secondary,All_Years,21.586,0.000,True
India,Gujarat,Secondary & Above,All_Years,25.890,0.000,True
India,Haryana,All,All_Years,18.429,0.000,True
India,Haryana,Diploma/ Certificate Course,All_Years,33.152,0.000,True
India,Haryana,Graduate,All_Years,23.086,0.000,True
India,Haryana,Higher Secondary,All_Years,12.310,0.000,True
India,Haryana,Literate & Upto Primary,All_Years,22.671,0.000,True
India,Haryana,Middle,All_Years,13.914,0.000,True
India,Haryana,Not Literate,All_Years,18.176,0.000,True
India,Haryana,Post Graduate & Above,All_Years,41.152,0.000,True
India,Haryana,Secondary,All_Years,10.610,0.000,True
India,Haryana,Secondary & Above,All_Years,18.419,0.000,True
India,Himachal Pradesh,All,All_Years,55.152,0.000,True
India,Himachal Pradesh,Diploma/ Certificate Course,All_Years,72.152,0.000,True
India,Himachal Pradesh,Graduate,All_Years,52.671,0.000,True
India,Himachal Pradesh,Higher Secondary,All_Years,45.995,0.000,True
India,Himachal Pradesh,Literate & Upto Primary,All_Years,65.957,0.000,True
India,Himachal Pradesh,Middle,All_Years,56.829,0.000,True
India,Himachal Pradesh,Not Literate,All_Years,46.505,0.000,True
India,Himachal Pradesh,Post Graduate & Above,All_Years,73.329,0.000,True
India,Himachal Pradesh,Secondary,All_Years,49.443,0.000,True
India,Himachal Pradesh,Secondary & Above,All_Years,54.324,0.000,True
India,Jammu and Kashmir,All,All_Years,38.033,0.000,True
India,Jammu and Kashmir,Diploma/ Certificate Course,All_Years,61.186,0.000,True
India,Jammu and Kashmir,Graduate,All_Years,46.881,0.000,True
India,Jammu and Kashmir,Higher Secondary,All_Years,26.676,0.000,True
India,Jammu and Kashmir,Literate & Upto Primary,All_Years,42.810,0.000,True
India,Jammu and Kashmir,Middle,All_Years,31.795,0.000,True
India,Jammu and Kashmir,Not Literate,All_Years,39.181,0.000,True
India,Jammu and Kashmir,Post Graduate & Above,All_Years,73.252,0.000,True
India,Jammu and Kashmir,Secondary,All_Years,26.114,0.000,True
India,Jammu and Kashmir,Secondary & Above,All_Years,36.981,0.000,True
India,Jharkhand,All,All_Years,31.714,0.000,True
India,Jharkhand,Diploma/ Certificate Course,All_Years,26.319,0.000,True
India,Jharkhand,Graduate,All_Years,30.933,0.000,True
India,Jharkhand,Higher Secondary,All_Years,20.271,0.000,True
India,Jharkhand,Literate & Upto Primary,All_Years,36.629,0.000,True
India,Jharkhand,Middle,All_Years,26.029,0.000,True
India,Jharkhand,Not Literate,All_Years,37.329,0.000,True
India,Jharkhand,Post Graduate & Above,All_Years,40.800,0.000,True
India,Jharkhand,Secondary,All_Years,21.486,0.000,True
India,Jharkhand,Secondary & Above,All_Years,24.262,0.000,True
India,Karnataka,All,All_Years,31.690,0.000,True
India,Karnataka,Diploma/ Certificate Course,All_Years,47.695,0.000,True
India,Karnataka,Graduate,All_Years,34.476,0.000,True
India,Karnataka,Higher Secondary,All_Years,15.629,0.000,True
India,Karnataka,Literate & Upto Primary,All_Years,39.829,0.000,True
India,Karnataka,Middle,All_Years,27.448,0.000,True
India,Karnataka,Not Literate,All_Years,36.057,0.000,True
India,Karnataka,Post Graduate & Above,All_Years,55.086,0.000,True
India,Karnataka,Secondary,All_Years,21.252,0.000,True
India,Karnataka,Secondary & Above,All_Years,25.610,0.000,True
India,Kerala,All,All_Years,33.852,0.000,True
India,Kerala,Diploma/ Certificate Course,All_Years,54.600,0.000,True
India,Kerala,Graduate,All_Years,50.886,0.000,True
India,Kerala,Higher Secondary,All_Years,22.467,0.000,True
India,Kerala,Literate & Upto Primary,All_Years,27.405,0.000,True
India,Kerala,Middle,All_Years,30.967,0.000,True
India,Kerala,Not Literate,All_Years,24.343,0.000,True
India,Kerala,Post Graduate & Above,All_Years,71.514,0.000,True
India,Kerala,Secondary,All_Years,27.871,0.000,True
India,Kerala,Secondary & Above,All_Years,38.476,0.000,True
India,Ladakh,All,All_Years,44.786,0.000,True
India,Ladakh,Diploma/ Certificate Course,All_Years,52.024,0.000,True
India,Ladakh,Graduate,All_Years,63.552,0.000,True
India,Ladakh,Higher Secondary,All_Years,37.262,0.000,True
India,Ladakh,Literate & Upto Primary,All_Years,47.905,0.000,True
India,Ladakh,Middle,All_Years,35.338,0.000,True
India,Ladakh,Not Literate,All_Years,44.867,0.000,True
India,Ladakh,Post Graduate & Above,All_Years,74.895,0.000,True
India,Ladakh,Secondary,All_Years,35.319,0.000,True
India,Ladakh,Secondary & Above,All_Years,46.867,0.000,True
India,Lakshadweep,All,All_Years,19.338,0.000,True
India,Lakshadweep,Diploma/ Certificate Course,All_Years,58.381,0.000,True
India,Lakshadweep,Graduate,All_Years,64.648,0.000,True
India,Lakshadweep,Higher Secondary,All_Years,18.938,0.000,True
India,Lakshadweep,Literate & Upto Primary,All_Years,8.443,0.000,True
India,Lakshadweep,Middle,All_Years,9.181,0.000,True
India,Lakshadweep,Not Literate,All_Years,1.181,0.000,True
India,Lakshadweep,Post Graduate & Above,All_Years,63.862,0.000,True
India,Lakshadweep,Secondary,All_Years,14.376,0.000,True
India,Lakshadweep,Secondary & Above,All_Years,30.895,0.000,True
India,Madhya Pradesh,All,All_Years,35.800,0.000,True
India,Madhya Pradesh,Diploma/ Certificate Course,All_Years,60.143,0.000,True
India,Madhya Pradesh,Graduate,All_Years,26.610,0.000,True
India,Madhya Pradesh,Higher Secondary,All_Years,17.105,0.000,True
India,Madhya Pradesh,Literate & Upto Primary,All_Years,39.833,0.000,True
India,Madhya Pradesh,Middle,All_Years,26.810,0.000,True
India,Madhya Pradesh,Not Literate,All_Years,46.414,0.000,True
India,Madhya Pradesh,Post Graduate & Above,All_Years,36.152,0.000,True
India,Madhya Pradesh,Secondary,All_Years,18.224,0.000,True
India,Madhya Pradesh,Secondary & Above,All_Years,22.324,0.000,True
India,Maharashtra,All,All_Years,35.629,0.000,True
India,Maharashtra,Diploma/ Certificate Course,All_Years,46.162,0.000,True
India,Maharashtra,Graduate,All_Years,36.152,0.000,True
India,Maharashtra,Higher Secondary,All_Years,22.433,0.000,True
India,Maharashtra,Literate & Upto Primary,All_Years,42.881,0.000,True
India,Maharashtra,Middle,All_Years,35.462,0.000,True
India,Maharashtra,Not Literate,All_Years,38.490,0.000,True
India,Maharashtra,Post Graduate & Above,All_Years,47.086,0.000,True
India,Maharashtra,Secondary,All_Years,25.348,0.000,True
India,Maharashtra,Secondary & Above,All_Years,29.667,0.000,True
India,Manipur,All,All_Years,29.643,0.000,True
India,Manipur,Diploma/ Certificate Course,All_Years,55.038,0.000,True
India,Manipur,Graduate,All_Years,48.890,0.000,True
India,Manipur,Higher Secondary,All_Years,23.633,0.000,True
India,Manipur,Literate & Upto Primary,All_Years,33.329,0.000,True
India,Manipur,Middle,All_Years,26.933,0.000,True
India,Manipur,Not Literate,All_Years,22.333,0.000,True
India,Manipur,Post Graduate & Above,All_Years,71.743,0.000,True
India,Manipur,Secondary,All_Years,23.448,0.000,True
India,Manipur,Secondary & Above,All_Years,32.433,0.000,True
India,Meghalaya,All,All_Years,49.824,0.000,True
India,Meghalaya,Diploma/ Certificate Course,All_Years,74.119,0.000,True
India,Meghalaya,Graduate,All_Years,72.605,0.000,True
India,Meghalaya,Higher Secondary,All_Years,38.624,0.000,True
India,Meghalaya,Literate & Upto Primary,All_Years,57.224,0.000,True
India,Meghalaya,Middle,All_Years,41.700,0.000,True
India,Meghalaya,Not Literate,All_Years,47.767,0.000,True
India,Meghalaya,Post Graduate & Above,All_Years,86.110,0.000,True
India,Meghalaya,Secondary,All_Years,31.705,0.000,True
India,Meghalaya,Secondary & Above,All_Years,47.643,0.000,True
India,Mizoram,All,All_Years,37.024,0.000,True
India,Mizoram,Diploma/ Certificate Course,All_Years,37.362,0.000,True
India,Mizoram,Graduate,All_Years,61.543,0.000,True
India,Mizoram,Higher Secondary,All_Years,29.314,0.000,True
India,Mizoram,Literate & Upto Primary,All_Years,33.081,0.000,True
India,Mizoram,Middle,All_Years,39.357,0.000,True
India,Mizoram,Not Literate,All_Years,14.176,0.000,True
India,Mizoram,Post Graduate & Above,All_Years,65.252,0.000,True
India,Mizoram,Secondary,All_Years,23.938,0.000,True
India,Mizoram,Secondary & Above,All_Years,36.348,0.000,True
India,Nagaland,All,All_Years,42.390,0.000,True
India,Nagaland,Diploma/ Certificate Course,All_Years,53.386,0.000,True
India,Nagaland,Graduate,All_Years,69.338,0.000,True
India,Nagaland,Higher Secondary,All_Years,36.929,0.000,True
India,Nagaland,Literate & Upto Primary,All_Years,48.357,0.000,True
India,Nagaland,Middle,All_Years,35.914,0.000,True
India,Nagaland,Not Literate,All_Years,38.943,0.000,True
India,Nagaland,Post Graduate & Above,All_Years,81.648,0.000,True
India,Nagaland,Secondary,All_Years,33.448,0.000,True
India,Nagaland,Secondary & Above,All_Years,44.205,0.000,True
India,Odisha,All,All_Years,31.105,0.000,True
India,Odisha,Diploma/ Certificate Course,All_Years,66.662,0.000,True
India,Odisha,Graduate,All_Years,36.062,0.000,True
India,Odisha,Higher Secondary,All_Years,17.143,0.000,True
India,Odisha,Literate & Upto Primary,All_Years,33.024,0.000,True
India,Odisha,Middle,All_Years,23.629,0.000,True
India,Odisha,Not Literate,All_Years,40.562,0.000,True
India,Odisha,Post Graduate & Above,All_Years,58.100,0.000,True
India,Odisha,Secondary,All_Years,18.543,0.000,True
India,Odisha,Secondary & Above,All_Years,24.319,0.000,True
India,Puducherry,All,All_Years,31.415,0.000,True
India,Puducherry,Diploma/ Certificate Course,All_Years,49.480,0.000,True
India,Puducherry,Graduate,All_Years,37.715,0.000,True
India,Puducherry,Higher Secondary,All_Years,14.885,0.000,True
India,Puducherry,Literate & Upto Primary,All_Years,31.570,0.000,True
India,Puducherry,Middle,All_Years,32.555,0.000,True
India,Puducherry,Not Literate,All_Years,28.155,0.000,True
India,Puducherry,Post Graduate & Above,All_Years,57.105,0.000,True
India,Puducherry,Secondary,All_Years,23.580,0.000,True
India,Puducherry,Secondary & Above,All_Years,31.260,0.000,True
India,Punjab,All,All_Years,23.219,0.000,True
India,Punjab,Diploma/ Certificate Course,All_Years,38.881,0.000,True
India,Punjab,Graduate,All_Years,31.510,0.000,True
India,Punjab,Higher Secondary,All_Years,18.252,0.000,True
India,Punjab,Literate & Upto Primary,All_Years,23.414,0.000,True
India,Punjab,Middle,All_Years,17.605,0.000,True
India,Punjab,Not Literate,All_Years,25.005,0.000,True
India,Punjab,Post Graduate & Above,All_Years,55.005,0.000,True
India,Punjab,Secondary,All_Years,14.452,0.000,True
India,Punjab,Secondary & Above,All_Years,23.829,0.000,True
India,Rajasthan,All,All_Years,35.100,0.000,True
India,Rajasthan,Diploma/ Certificate Course,All_Years,58.210,0.000,True
India,Rajasthan,Graduate,All_Years,31.005,0.000,True
India,Rajasthan,Higher Secondary,All_Years,14.833,0.000,True
India,Rajasthan,Literate & Upto Primary,All_Years,36.676,0.000,True
India,Rajasthan,Middle,All_Years,25.119,0.000,True
India,Rajasthan,Not Literate,All_Years,44.038,0.000,True
India,Rajasthan,Post Graduate & Above,All_Years,40.900,0.000,True
India,Rajasthan,Secondary,All_Years,16.010,0.000,True
India,Rajasthan,Secondary & Above,All_Years,22.848,0.000,True
India,Sikkim,All,All_Years,53.138,0.000,True
India,Sikkim,Diploma/ Certificate Course,All_Years,64.457,0.000,True
India,Sikkim,Graduate,All_Years,72.243,0.000,True
India,Sikkim,Higher Secondary,All_Years,43.995,0.000,True
India,Sikkim,Literate & Upto Primary,All_Years,58.333,0.000,True
India,Sikkim,Middle,All_Years,50.143,0.000,True
India,Sikkim,Not Literate,All_Years,46.086,0.000,True
India,Sikkim,Post Graduate & Above,All_Years,81.957,0.000,True
India,Sikkim,Secondary,All_Years,39.100,0.000,True
India,Sikkim,Secondary & Above,All_Years,51.886,0.000,True
India,Tamil Nadu,All,All_Years,39.181,0.000,True
India,Tamil Nadu,Diploma/ Certificate Course,All_Years,43.657,0.000,True
India,Tamil Nadu,Graduate,All_Years,39.548,0.000,True
India,Tamil Nadu,Higher Secondary,All_Years,20.914,0.000,True
India,Tamil Nadu,Literate & Upto Primary,All_Years,49.429,0.000,True
India,Tamil Nadu,Middle,All_Years,38.686,0.000,True
India,Tamil Nadu,Not Literate,All_Years,44.595,0.000,True
India,Tamil Nadu,Post Graduate & Above,All_Years,51.814,0.000,True
India,Tamil Nadu,Secondary,All_Years,25.529,0.000,True
India,Tamil Nadu,Secondary & Above,All_Years,31.148,0.000,True
India,Telangana,All,All_Years,40.486,0.000,True
India,Telangana,Diploma/ Certificate Course,All_Years,38.067,0.000,True
India,Telangana,Graduate,All_Years,37.800,0.000,True
India,Telangana,Higher Secondary,All_Years,22.481,0.000,True
India,Telangana,Literate & Upto Primary,All_Years,52.500,0.000,True
India,Telangana,Middle,All_Years,35.105,0.000,True
India,Telangana,Not Literate,All_Years,47.290,0.000,True
India,Telangana,Post Graduate & Above,All_Years,47.048,0.000,True
India,Telangana,Secondary,All_Years,29.052,0.000,True
India,Telangana,Secondary & Above,All_Years,31.052,0.000,True
India,The Dadra and Nagar Haveli and Daman and Diu,All,All_Years,38.324,0.000,True
India,The Dadra and Nagar Haveli and Daman and Diu,Diploma/ Certificate Course,All_Years,62.983,0.000,True
India,The Dadra and Nagar Haveli and Daman and Diu,Graduate,All_Years,39.602,0.000,True
India,The Dadra and Nagar Haveli and Daman and Diu,Higher Secondary,All_Years,28.960,0.000,True
India,The Dadra and Nagar Haveli and Daman and Diu,Literate & Upto Primary,All_Years,36.819,0.000,True
India,The Dadra and Nagar Haveli and Daman and Diu,Middle,All_Years,34.931,0.000,True
India,The Dadra and Nagar Haveli and Daman and Diu,Not Literate,All_Years,48.574,0.000,True
India,The Dadra and Nagar Haveli and Daman and Diu,Post Graduate & Above,All_Years,54.210,0.000,True
India,The Dadra and Nagar Haveli and Daman and Diu,Secondary,All_Years,27.348,0.000,True
India,The Dadra and Nagar Haveli and Daman and Diu,Secondary & Above,All_Years,34.531,0.000,True
India,Tripura,All,All_Years,26.324,0.000,True
India,Tripura,Diploma/ Certificate Course,All_Years,53.019,0.000,True
India,Tripura,Graduate,All_Years,38.148,0.000,True
India,Tripura,Higher Secondary,All_Years,16.129,0.000,True
India,Tripura,Literate & Upto Primary,All_Years,31.571,0.000,True
India,Tripura,Middle,All_Years,23.095,0.000,True
India,Tripura,Not Literate,All_Years,22.295,0.000,True
India,Tripura,Post Graduate & Above,All_Years,61.667,0.000,True
India,Tripura,Secondary,All_Years,18.590,0.000,True
India,Tripura,Secondary & Above,All_Years,24.576,0.000,True
India,Uttar Pradesh,All,All_Years,20.419,0.000,True
India,Uttar Pradesh,Diploma/ Certificate Course,All_Years,47.738,0.000,True
India,Uttar Pradesh,Graduate,All_Years,17.848,0.000,True
India,Uttar Pradesh,Higher Secondary,All_Years,11.410,0.000,True
India,Uttar Pradesh,Literate & Upto Primary,All_Years,19.581,0.000,True
India,Uttar Pradesh,Middle,All_Years,15.567,0.000,True
India,Uttar Pradesh,Not Literate,All_Years,26.648,0.000,True
India,Uttar Pradesh,Post Graduate & Above,All_Years,32.081,0.000,True
India,Uttar Pradesh,Secondary,All_Years,11.090,0.000,True
India,Uttar Pradesh,Secondary & Above,All_Years,15.171,0.000,True
India,Uttarakhand,All,All_Years,28.286,0.000,True
India,Uttarakhand,Diploma/ Certificate Course,All_Years,43.452,0.000,True
India,Uttarakhand,Graduate,All_Years,34.610,0.000,True
India,Uttarakhand,Higher Secondary,All_Years,22.019,0.000,True
India,Uttarakhand,Literate & Upto Primary,All_Years,30.581,0.000,True
India,Uttarakhand,Middle,All_Years,25.519,0.000,True
India,Uttarakhand,Not Literate,All_Years,26.619,0.000,True
India,Uttarakhand,Post Graduate & Above,All_Years,49.314,0.000,True
India,Uttarakhand,Secondary,All_Years,20.738,0.000,True
India,Uttarakhand,Secondary & Above,All_Years,28.710,0.000,True
India,West Bengal,All,All_Years,27.900,0.000,True
India,West Bengal,Diploma/ Certificate Course,All_Years,42.519,0.000,True
India,West Bengal,Graduate,All_Years,34.624,0.000,True
India,West Bengal,Higher Secondary,All_Years,17.657,0.000,True
India,West Bengal,Literate & Upto Primary,All_Years,34.162,0.000,True
India,West Bengal,Middle,All_Years,21.505,0.000,True
India,West Bengal,Not Literate,All_Years,32.700,0.000,True
India,West Bengal,Post Graduate & Above,All_Years,50.638,0.000,True
India,West Bengal,Secondary,All_Years,17.548,0.000,True
India,West Bengal,Secondary & Above,All_Years,23.281,0.000,True
