Country,State,Education,Year,WPR,Missing_Count,All_Years
India,Andaman and Nicobar Islands,All,"PLFS Year (Jul - Jun), 2017",19.400,0.000,False
India,Andaman and Nicobar Islands,All,"PLFS Year (Jul - Jun), 2018",20.000,0.000,False
India,Andaman and Nicobar Islands,All,"PLFS Year (Jul - Jun), 2019",25.800,0.000,False
India,Andaman and Nicobar Islands,All,"PLFS Year (Jul - Jun), 2020",36.767,0.000,False
India,Andaman and Nicobar Islands,All,"PLFS Year (Jul - Jun), 2021",39.100,0.000,False
India,Andaman and Nicobar Islands,All,"PLFS Year (Jul - Jun), 2022",39.333,0.000,False
India,Andaman and Nicobar Islands,All,"PLFS Year (Jul - Jun), 2023",36.000,0.000,False
India,Andaman and Nicobar Islands,Diploma/ Certificate Course,"PLFS Year (Jul - Jun), 2017",36.300,0.000,False
India,Andaman and Nicobar Islands,Diploma/ Certificate Course,"PLFS Year (Jul - Jun), 2018",26.167,0.000,False
India,Andaman and Nicobar Islands,Diploma/ Certificate Course,"PLFS Year (Jul - Jun), 2019",39.600,0.000,False
India,Andaman and Nicobar Islands,Diploma/ Certificate Course,"PLFS Year (Jul - Jun), 2020",47.067,0.000,False
India,Andaman and Nicobar Islands,Diploma/ Certificate Course,"PLFS Year (Jul - Jun), 2021",40.233,0.000,False
India,Andaman and Nicobar Islands,Diploma/ Certificate Course,"PLFS Year (Jul - Jun), 2022",57.300,0.000,False
India,Andaman and Nicobar Islands,Diploma/ Certificate Course,"PLFS Year (Jul - Jun), 2023",75.667,0.000,False
India,Andaman and Nicobar Islands,Graduate,"PLFS Year (Jul - Jun), 2017",24.533,0.000,False
India,Andaman and Nicobar Islands,Graduate,"PLFS Year (Jul - Jun), 2018",39.700,0.000,False
India,Andaman and Nicobar Islands,Graduate,"PLFS Year (Jul - Jun), 2019",45.100,0.000,False
India,Andaman and Nicobar Islands,Graduate,"PLFS Year (Jul - Jun), 2020",34.067,0.000,False
India,Andaman and Nicobar Islands,Graduate,"PLFS Year (Jul - Jun), 2021",37.400,0.000,False
India,Andaman and Nicobar Islands,Graduate,"PLFS Year (Jul - Jun), 2022",31.500,0.000,False
India,Andaman and Nicobar Islands,Graduate,"PLFS Year (Jul - Jun), 2023",30.767,0.000,False
India,Andaman and Nicobar Islands,Higher Secondary,"PLFS Year (Jul - Jun), 2017",8.200,0.000,False
India,Andaman and Nicobar Islands,Higher Secondary,"PLFS Year (Jul - Jun), 2018",16.700,0.000,False
India,Andaman and Nicobar Islands,Higher Secondary,"PLFS Year (Jul - Jun), 2019",26.433,0.000,False
India,Andaman and Nicobar Islands,Higher Secondary,"PLFS Year (Jul - Jun), 2020",28.733,0.000,False
India,Andaman and Nicobar Islands,Higher Secondary,"PLFS Year (Jul - Jun), 2021",36.667,0.000,False
India,Andaman and Nicobar Islands,Higher Secondary,"PLFS Year (Jul - Jun), 2022",33.700,0.000,False
India,Andaman and Nicobar Islands,Higher Secondary,"PLFS Year (Jul - Jun), 2023",26.233,0.000,False
India,Andaman and Nicobar Islands,Literate & Upto Primary,"PLFS Year (Jul - Jun), 2017",15.300,0.000,False
India,Andaman and Nicobar Islands,Literate & Upto Primary,"PLFS Year (Jul - Jun), 2018",21.433,0.000,False
India,Andaman and Nicobar Islands,Literate & Upto Primary,"PLFS Year (Jul - Jun), 2019",29.167,0.000,False
India,Andaman and Nicobar Islands,Literate & Upto Primary,"PLFS Year (Jul - Jun), 2020",40.000,0.000,False
India,Andaman and Nicobar Islands,Literate & Upto Primary,"PLFS Year (Jul - Jun), 2021",57.933,0.000,False
India,Andaman and Nicobar Islands,Literate & Upto Primary,"PLFS Year (Jul - Jun), 2022",45.700,0.000,False
India,Andaman and Nicobar Islands,Literate & Upto Primary,"PLFS Year (Jul - Jun), 2023",45.200,0.000,False
India,Andaman and Nicobar Islands,Middle,"PLFS Year (Jul - Jun), 2017",11.133,0.000,False
India,Andaman and Nicobar Islands,Middle,"PLFS Year (Jul - Jun), 2018",12.867,0.000,False
India,Andaman and Nicobar Islands,Middle,"PLFS Year (Jul - Jun), 2019",21.900,0.000,False
India,Andaman and Nicobar Islands,Middle,"PLFS Year (Jul - Jun), 2020",39.267,0.000,False
India,Andaman and Nicobar Islands,Middle,"PLFS Year (Jul - Jun), 2021",31.700,0.000,False
India,Andaman and Nicobar Islands,Middle,"PLFS Year (Jul - Jun), 2022",41.733,0.000,False
India,Andaman and Nicobar Islands,Middle,"PLFS Year (Jul - Jun), 2023",43.467,0.000,False
India,Andaman and Nicobar Islands,Not Literate,"PLFS Year (Jul - Jun), 2017",21.900,0.000,False
India,Andaman and Nicobar Islands,Not Literate,"PLFS Year (Jul - Jun), 2018",11.467,0.000,False
India,Andaman and Nicobar Islands,Not Literate,"PLFS Year (Jul - Jun), 2019",14.967,0.000,False
India,Andaman and Nicobar Islands,Not Literate,"PLFS Year (Jul - Jun), 2020",30.633,0.000,False
India,Andaman and Nicobar Islands,Not Literate,"PLFS Year (Jul - Jun), 2021",31.533,0.000,False
India,Andaman and Nicobar Islands,Not Literate,"PLFS Year (Jul - Jun), 2022",24.767,0.000,False
India,Andaman and Nicobar Islands,Not Literate,"PLFS Year (Jul - Jun), 2023",21.533,0.000,False
India,Andaman and Nicobar Islands,Post Graduate & Above,"PLFS Year (Jul - Jun), 2017",40.867,0.000,False
India,Andaman and Nicobar Islands,Post Graduate & Above,"PLFS Year (Jul - Jun), 2018",31.567,0.000,False
India,Andaman and Nicobar Islands,Post Graduate & Above,"PLFS Year (Jul - Jun), 2019",58.167,0.000,False
India,Andaman and Nicobar Islands,Post Graduate & Above,"PLFS Year (Jul - Jun), 2020",63.500,0.000,False
India,Andaman and Nicobar Islands,Post Graduate & Above,"PLFS Year (Jul - Jun), 2021",34.067,0.000,False
India,Andaman and Nicobar Islands,Post Graduate & Above,"PLFS Year (Jul - Jun), 2022",74.367,0.000,False
India,Andaman and Nicobar Islands,Post Graduate & Above,"PLFS Year (Jul - Jun), 2023",68.400,0.000,False
India,Andaman and Nicobar Islands,Secondary,"PLFS Year (Jul - Jun), 2017",18.267,0.000,False
India,Andaman and Nicobar Islands,Secondary,"PLFS Year (Jul - Jun), 2018",19.533,0.000,False
India,Andaman and Nicobar Islands,Secondary,"PLFS Year (Jul - Jun), 2019",5.700,0.000,False
India,Andaman and Nicobar Islands,Secondary,"PLFS Year (Jul - Jun), 2020",10.133,0.000,False
India,Andaman and Nicobar Islands,Secondary,"PLFS Year (Jul - Jun), 2021",28.900,0.000,False
India,Andaman and Nicobar Islands,Secondary,"PLFS Year (Jul - Jun), 2022",32.533,0.000,False
India,Andaman and Nicobar Islands,Secondary,"PLFS Year (Jul - Jun), 2023",17.500,0.000,False
India,Andaman and Nicobar Islands,Secondary & Above,"PLFS Year (Jul - Jun), 2017",24.500,0.000,False
India,Andaman and Nicobar Islands,Secondary & Above,"PLFS Year (Jul - Jun), 2018",25.267,0.000,False
India,Andaman and Nicobar Islands,Secondary & Above,"PLFS Year (Jul - Jun), 2019",30.467,0.000,False
India,Andaman and Nicobar Islands,Secondary & Above,"PLFS Year (Jul - Jun), 2020",35.633,0.000,False
India,Andaman and Nicobar Islands,Secondary & Above,"PLFS Year (Jul - Jun), 2021",34.967,0.000,False
India,Andaman and Nicobar Islands,Secondary & Above,"PLFS Year (Jul - Jun), 2022",38.967,0.000,False
India,Andaman and Nicobar Islands,Secondary & Above,"PLFS Year (Jul - Jun), 2023",33.067,0.000,False
India,Andhra Pradesh,All,"PLFS Year (Jul - Jun), 2017",38.667,0.000,False
India,Andhra Pradesh,All,"PLFS Year (Jul - Jun), 2018",35.900,0.000,False
India,Andhra Pradesh,All,"PLFS Year (Jul - Jun), 2019",35.633,0.000,False
India,Andhra Pradesh,All,"PLFS Year (Jul - Jun), 2020",41.433,0.000,False
India,Andhra Pradesh,All,"PLFS Year (Jul - Jun), 2021",39.067,0.000,False
India,Andhra Pradesh,All,"PLFS Year (Jul - Jun), 2022",41.367,0.000,False
India,Andhra Pradesh,All,"PLFS Year (Jul - Jun), 2023",40.300,0.000,False
India,Andhra Pradesh,Diploma/ Certificate Course,"PLFS Year (Jul - Jun), 2017",36.367,0.000,False
India,Andhra Pradesh,Diploma/ Certificate Course,"PLFS Year (Jul - Jun), 2018",28.400,0.000,False
India,Andhra Pradesh,Diploma/ Certificate Course,"PLFS Year (Jul - Jun), 2019",47.367,0.000,False
India,Andhra Pradesh,Diploma/ Certificate Course,"PLFS Year (Jul - Jun), 2020",30.700,0.000,False
India,Andhra Pradesh,Diploma/ Certificate Course,"PLFS Year (Jul - Jun), 2021",39.900,0.000,False
India,Andhra Pradesh,Diploma/ Certificate Course,"PLFS Year (Jul - Jun), 2022",42.633,0.000,False
India,Andhra Pradesh,Diploma/ Certificate Course,"PLFS Year (Jul - Jun), 2023",49.100,0.000,False
India,Andhra Pradesh,Graduate,"PLFS Year (Jul - Jun), 2017",25.000,0.000,False
India,Andhra Pradesh,Graduate,"PLFS Year (Jul - Jun), 2018",20.733,0.000,False
India,Andhra Pradesh,Graduate,"PLFS Year (Jul - Jun), 2019",24.500,0.000,False
India,Andhra Pradesh,Graduate,"PLFS Year (Jul - Jun), 2020",29.200,0.000,False
India,Andhra Pradesh,Graduate,"PLFS Year (Jul - Jun), 2021",29.600,0.000,False
India,Andhra Pradesh,Graduate,"PLFS Year (Jul - Jun), 2022",32.667,0.000,False
India,Andhra Pradesh,Graduate,"PLFS Year (Jul - Jun), 2023",31.233,0.000,False
India,Andhra Pradesh,Higher Secondary,"PLFS Year (Jul - Jun), 2017",13.300,0.000,False
India,Andhra Pradesh,Higher Secondary,"PLFS Year (Jul - Jun), 2018",16.767,0.000,False
India,Andhra Pradesh,Higher Secondary,"PLFS Year (Jul - Jun), 2019",16.333,0.000,False
India,Andhra Pradesh,Higher Secondary,"PLFS Year (Jul - Jun), 2020",19.433,0.000,False
India,Andhra Pradesh,Higher Secondary,"PLFS Year (Jul - Jun), 2021",14.500,0.000,False
India,Andhra Pradesh,Higher Secondary,"PLFS Year (Jul - Jun), 2022",21.567,0.000,False
India,Andhra Pradesh,Higher Secondary,"PLFS Year (Jul - Jun), 2023",20.467,0.000,False
India,Andhra Pradesh,Literate & Upto Primary,"PLFS Year (Jul - Jun), 2017",40.033,0.000,False
India,Andhra Pradesh,Literate & Upto Primary,"PLFS Year (Jul - Jun), 2018",39.933,0.000,False
India,Andhra Pradesh,Literate & Upto Primary,"PLFS Year (Jul - Jun), 2019",43.833,0.000,False
India,Andhra Pradesh,Literate & Upto Primary,"PLFS Year (Jul - Jun), 2020",46.667,0.000,False
India,Andhra Pradesh,Literate & Upto Primary,"PLFS Year (Jul - Jun), 2021",47.700,0.000,False
India,Andhra Pradesh,Literate & Upto Primary,"PLFS Year (Jul - Jun), 2022",47.367,0.000,False
India,Andhra Pradesh,Literate & Upto Primary,"PLFS Year (Jul - Jun), 2023",50.233,0.000,False
India,Andhra Pradesh,Middle,"PLFS Year (Jul - Jun), 2017",31.033,0.000,False
India,Andhra Pradesh,Middle,"PLFS Year (Jul - Jun), 2018",30.767,0.000,False
India,Andhra Pradesh,Middle,"PLFS Year (Jul - Jun), 2019",26.333,0.000,False
India,Andhra Pradesh,Middle,"PLFS Year (Jul - Jun), 2020",38.067,0.000,False
India,Andhra Pradesh,Middle,"PLFS Year (Jul - Jun), 2021",36.367,0.000,False
India,Andhra Pradesh,Middle,"PLFS Year (Jul - Jun), 2022",38.133,0.000,False
India,Andhra Pradesh,Middle,"PLFS Year (Jul - Jun), 2023",37.800,0.000,False
India,Andhra Pradesh,Not Literate,"PLFS Year (Jul - Jun), 2017",48.467,0.000,False
India,Andhra Pradesh,Not Literate,"PLFS Year (Jul - Jun), 2018",45.667,0.000,False
India,Andhra Pradesh,Not Literate,"PLFS Year (Jul - Jun), 2019",44.333,0.000,False
India,Andhra Pradesh,Not Literate,"PLFS Year (Jul - Jun), 2020",49.667,0.000,False
India,Andhra Pradesh,Not Literate,"PLFS Year (Jul - Jun), 2021",48.300,0.000,False
India,Andhra Pradesh,Not Literate,"PLFS Year (Jul - Jun), 2022",49.733,0.000,False
India,Andhra Pradesh,Not Literate,"PLFS Year (Jul - Jun), 2023",46.500,0.000,False
India,Andhra Pradesh,Post Graduate & Above,"PLFS Year (Jul - Jun), 2017",44.667,0.000,False
India,Andhra Pradesh,Post Graduate & Above,"PLFS Year (Jul - Jun), 2018",41.833,0.000,False
India,Andhra Pradesh,Post Graduate & Above,"PLFS Year (Jul - Jun), 2019",31.933,0.000,False
India,Andhra Pradesh,Post Graduate & Above,"PLFS Year (Jul - Jun), 2020",66.633,0.000,False
India,Andhra Pradesh,Post Graduate & Above,"PLFS Year (Jul - Jun), 2021",50.667,0.000,False
India,Andhra Pradesh,Post Graduate & Above,"PLFS Year (Jul - Jun), 2022",39.700,0.000,False
India,Andhra Pradesh,Post Graduate & Above,"PLFS Year (Jul - Jun), 2023",41.467,0.000,False
India,Andhra Pradesh,Secondary,"PLFS Year (Jul - Jun), 2017",27.533,0.000,False
India,Andhra Pradesh,Secondary,"PLFS Year (Jul - Jun), 2018",22.533,0.000,False
India,Andhra Pradesh,Secondary,"PLFS Year (Jul - Jun), 2019",22.867,0.000,False
India,Andhra Pradesh,Secondary,"PLFS Year (Jul - Jun), 2020",29.200,0.000,False
India,Andhra Pradesh,Secondary,"PLFS Year (Jul - Jun), 2021",26.733,0.000,False
India,Andhra Pradesh,Secondary,"PLFS Year (Jul - Jun), 2022",27.333,0.000,False
India,Andhra Pradesh,Secondary,"PLFS Year (Jul - Jun), 2023",30.600,0.000,False
India,Andhra Pradesh,Secondary & Above,"PLFS Year (Jul - Jun), 2017",24.633,0.000,False
India,Andhra Pradesh,Secondary & Above,"PLFS Year (Jul - Jun), 2018",22.467,0.000,False
India,Andhra Pradesh,Secondary & Above,"PLFS Year (Jul - Jun), 2019",23.233,0.000,False
India,Andhra Pradesh,Secondary & Above,"PLFS Year (Jul - Jun), 2020",29.333,0.000,False
India,Andhra Pradesh,Secondary & Above,"PLFS Year (Jul - Jun), 2021",25.967,0.000,False
India,Andhra Pradesh,Secondary & Above,"PLFS Year (Jul - Jun), 2022",28.600,0.000,False
India,Andhra Pradesh,Secondary & Above,"PLFS Year (Jul - Jun), 2023",29.200,0.000,False
India,Arunachal Pradesh,All,"PLFS Year (Jul - Jun), 2017",12.033,0.000,False
India,Arunachal Pradesh,All,"PLFS Year (Jul - Jun), 2018",13.567,0.000,False
India,Arunachal Pradesh,All,"PLFS Year (Jul - Jun), 2019",19.433,0.000,False
India,Arunachal Pradesh,All,"PLFS Year (Jul - Jun), 2020",23.733,0.000,False
India,Arunachal Pradesh,All,"PLFS Year (Jul - Jun), 2021",26.100,0.000,False
India,Arunachal Pradesh,All,"PLFS Year (Jul - Jun), 2022",49.300,0.000,False
India,Arunachal Pradesh,All,"PLFS Year (Jul - Jun), 2023",55.967,0.000,False
India,Arunachal Pradesh,Diploma/ Certificate Course,"PLFS Year (Jul - Jun), 2017",66.667,0.000,False
India,Arunachal Pradesh,Diploma/ Certificate Course,"PLFS Year (Jul - Jun), 2018",0.000,0.000,False
India,Arunachal Pradesh,Diploma/ Certificate Course,"PLFS Year (Jul - Jun), 2019",100.000,0.000,False
India,Arunachal Pradesh,Diploma/ Certificate Course,"PLFS Year (Jul - Jun), 2020",28.267,0.000,False
India,Arunachal Pradesh,Diploma/ Certificate Course,"PLFS Year (Jul - Jun), 2021",66.667,0.000,False
India,Arunachal Pradesh,Diploma/ Certificate Course,"PLFS Year (Jul - Jun), 2022",100.000,0.000,False
India,Arunachal Pradesh,Diploma/ Certificate Course,"PLFS Year (Jul - Jun), 2023",66.667,0.000,False
India,Arunachal Pradesh,Graduate,"PLFS Year (Jul - Jun), 2017",18.167,0.000,False
India,Arunachal Pradesh,Graduate,"PLFS Year (Jul - Jun), 2018",25.833,0.000,False
India,Arunachal Pradesh,Graduate,"PLFS Year (Jul - Jun), 2019",39.900,0.000,False
India,Arunachal Pradesh,Graduate,"PLFS Year (Jul - Jun), 2020",35.333,0.000,False
India,Arunachal Pradesh,Graduate,"PLFS Year (Jul - Jun), 2021",28.667,0.000,False
India,Arunachal Pradesh,Graduate,"PLFS Year (Jul - Jun), 2022",42.800,0.000,False
India,Arunachal Pradesh,Graduate,"PLFS Year (Jul - Jun), 2023",47.833,0.000,False
India,Arunachal Pradesh,Higher Secondary,"PLFS Year (Jul - Jun), 2017",15.367,0.000,False
India,Arunachal Pradesh,Higher Secondary,"PLFS Year (Jul - Jun), 2018",10.733,0.000,False
India,Arunachal Pradesh,Higher Secondary,"PLFS Year (Jul - Jun), 2019",18.900,0.000,False
India,Arunachal Pradesh,Higher Secondary,"PLFS Year (Jul - Jun), 2020",20.700,0.000,False
India,Arunachal Pradesh,Higher Secondary,"PLFS Year (Jul - Jun), 2021",18.867,0.000,False
India,Arunachal Pradesh,Higher Secondary,"PLFS Year (Jul - Jun), 2022",34.000,0.000,False
India,Arunachal Pradesh,Higher Secondary,"PLFS Year (Jul - Jun), 2023",45.167,0.000,False
India,Arunachal Pradesh,Literate & Upto Primary,"PLFS Year (Jul - Jun), 2017",13.267,0.000,False
India,Arunachal Pradesh,Literate & Upto Primary,"PLFS Year (Jul - Jun), 2018",19.333,0.000,False
India,Arunachal Pradesh,Literate & Upto Primary,"PLFS Year (Jul - Jun), 2019",17.133,0.000,False
India,Arunachal Pradesh,Literate & Upto Primary,"PLFS Year (Jul - Jun), 2020",21.267,0.000,False
India,Arunachal Pradesh,Literate & Upto Primary,"PLFS Year (Jul - Jun), 2021",30.367,0.000,False
India,Arunachal Pradesh,Literate & Upto Primary,"PLFS Year (Jul - Jun), 2022",64.433,0.000,False
India,Arunachal Pradesh,Literate & Upto Primary,"PLFS Year (Jul - Jun), 2023",72.133,0.000,False
India,Arunachal Pradesh,Middle,"PLFS Year (Jul - Jun), 2017",8.800,0.000,False
India,Arunachal Pradesh,Middle,"PLFS Year (Jul - Jun), 2018",12.300,0.000,False
India,Arunachal Pradesh,Middle,"PLFS Year (Jul - Jun), 2019",16.767,0.000,False
India,Arunachal Pradesh,Middle,"PLFS Year (Jul - Jun), 2020",18.500,0.000,False
India,Arunachal Pradesh,Middle,"PLFS Year (Jul - Jun), 2021",18.933,0.000,False
India,Arunachal Pradesh,Middle,"PLFS Year (Jul - Jun), 2022",38.033,0.000,False
India,Arunachal Pradesh,Middle,"PLFS Year (Jul - Jun), 2023",45.433,0.000,False
India,Arunachal Pradesh,Not Literate,"PLFS Year (Jul - Jun), 2017",11.267,0.000,False
India,Arunachal Pradesh,Not Literate,"PLFS Year (Jul - Jun), 2018",8.967,0.000,False
India,Arunachal Pradesh,Not Literate,"PLFS Year (Jul - Jun), 2019",18.433,0.000,False
India,Arunachal Pradesh,Not Literate,"PLFS Year (Jul - Jun), 2020",28.733,0.000,False
India,Arunachal Pradesh,Not Literate,"PLFS Year (Jul - Jun), 2021",31.900,0.000,False
India,Arunachal Pradesh,Not Literate,"PLFS Year (Jul - Jun), 2022",60.033,0.000,False
India,Arunachal Pradesh,Not Literate,"PLFS Year (Jul - Jun), 2023",64.467,0.000,False
India,Arunachal Pradesh,Post Graduate & Above,"PLFS Year (Jul - Jun), 2017",56.800,0.000,False
India,Arunachal Pradesh,Post Graduate & Above,"PLFS Year (Jul - Jun), 2018",33.433,0.000,False
India,Arunachal Pradesh,Post Graduate & Above,"PLFS Year (Jul - Jun), 2019",55.233,0.000,False
India,Arunachal Pradesh,Post Graduate & Above,"PLFS Year (Jul - Jun), 2020",55.767,0.000,False
India,Arunachal Pradesh,Post Graduate & Above,"PLFS Year (Jul - Jun), 2021",16.467,0.000,False
India,Arunachal Pradesh,Post Graduate & Above,"PLFS Year (Jul - Jun), 2022",70.200,0.000,False
India,Arunachal Pradesh,Post Graduate & Above,"PLFS Year (Jul - Jun), 2023",32.233,0.000,False
India,Arunachal Pradesh,Secondary,"PLFS Year (Jul - Jun), 2017",6.833,0.000,False
India,Arunachal Pradesh,Secondary,"PLFS Year (Jul - Jun), 2018",8.067,0.000,False
India,Arunachal Pradesh,Secondary,"PLFS Year (Jul - Jun), 2019",12.933,0.000,False
India,Arunachal Pradesh,Secondary,"PLFS Year (Jul - Jun), 2020",16.733,0.000,False
India,Arunachal Pradesh,Secondary,"PLFS Year (Jul - Jun), 2021",19.833,0.000,False
India,Arunachal Pradesh,Secondary,"PLFS Year (Jul - Jun), 2022",34.400,0.000,False
India,Arunachal Pradesh,Secondary,"PLFS Year (Jul - Jun), 2023",40.900,0.000,False
India,Arunachal Pradesh,Secondary & Above,"PLFS Year (Jul - Jun), 2017",11.867,0.000,False
India,Arunachal Pradesh,Secondary & Above,"PLFS Year (Jul - Jun), 2018",12.067,0.000,False
India,Arunachal Pradesh,Secondary & Above,"PLFS Year (Jul - Jun), 2019",21.200,0.000,False
India,Arunachal Pradesh,Secondary & Above,"PLFS Year (Jul - Jun), 2020",23.900,0.000,False
India,Arunachal Pradesh,Secondary & Above,"PLFS Year (Jul - Jun), 2021",21.867,0.000,False
India,Arunachal Pradesh,Secondary & Above,"PLFS Year (Jul - Jun), 2022",38.300,0.000,False
India,Arunachal Pradesh,Secondary & Above,"PLFS Year (Jul - Jun), 2023",43.933,0.000,False
India,Assam,All,"PLFS Year (Jul - Jun), 2017",11.733,0.000,False
India,Assam,All,"PLFS Year (Jul - Jun), 2018",11.533,0.000,False
India,Assam,All,"PLFS Year (Jul - Jun), 2019",14.467,0.000,False
India,Assam,All,"PLFS Year (Jul - Jun), 2020",21.100,0.000,False
India,Assam,All,"PLFS Year (Jul - Jun), 2021",24.267,0.000,False
India,Assam,All,"PLFS Year (Jul - Jun), 2022",21.400,0.000,False
India,Assam,All,"PLFS Year (Jul - Jun), 2023",42.267,0.000,False
India,Assam,Diploma/ Certificate Course,"PLFS Year (Jul - Jun), 2017",32.167,0.000,False
India,Assam,Diploma/ Certificate Course,"PLFS Year (Jul - Jun), 2018",71.667,0.000,False
India,Assam,Diploma/ Certificate Course,"PLFS Year (Jul - Jun), 2019",53.200,0.000,False
India,Assam,Diploma/ Certificate Course,"PLFS Year (Jul - Jun), 2020",78.467,0.000,False
India,Assam,Diploma/ Certificate Course,"PLFS Year (Jul - Jun), 2021",100.000,0.000,False
India,Assam,Diploma/ Certificate Course,"PLFS Year (Jul - Jun), 2022",34.833,0.000,False
India,Assam,Diploma/ Certificate Course,"PLFS Year (Jul - Jun), 2023",77.600,0.000,False
India,Assam,Graduate,"PLFS Year (Jul - Jun), 2017",29.000,0.000,False
India,Assam,Graduate,"PLFS Year (Jul - Jun), 2018",25.100,0.000,False
India,Assam,Graduate,"PLFS Year (Jul - Jun), 2019",29.700,0.000,False
India,Assam,Graduate,"PLFS Year (Jul - Jun), 2020",29.033,0.000,False
India,Assam,Graduate,"PLFS Year (Jul - Jun), 2021",32.267,0.000,False
India,Assam,Graduate,"PLFS Year (Jul - Jun), 2022",36.967,0.000,False
India,Assam,Graduate,"PLFS Year (Jul - Jun), 2023",37.100,0.000,False
India,Assam,Higher Secondary,"PLFS Year (Jul - Jun), 2017",13.833,0.000,False
India,Assam,Higher Secondary,"PLFS Year (Jul - Jun), 2018",10.367,0.000,False
India,Assam,Higher Secondary,"PLFS Year (Jul - Jun), 2019",13.633,0.000,False
India,Assam,Higher Secondary,"PLFS Year (Jul - Jun), 2020",18.033,0.000,False
India,Assam,Higher Secondary,"PLFS Year (Jul - Jun), 2021",16.133,0.000,False
India,Assam,Higher Secondary,"PLFS Year (Jul - Jun), 2022",28.367,0.000,False
India,Assam,Higher Secondary,"PLFS Year (Jul - Jun), 2023",33.633,0.000,False
India,Assam,Literate & Upto Primary,"PLFS Year (Jul - Jun), 2017",8.533,0.000,False
India,Assam,Literate & Upto Primary,"PLFS Year (Jul - Jun), 2018",10.933,0.000,False
India,Assam,Literate & Upto Primary,"PLFS Year (Jul - Jun), 2019",12.700,0.000,False
India,Assam,Literate & Upto Primary,"PLFS Year (Jul - Jun), 2020",23.700,0.000,False
India,Assam,Literate & Upto Primary,"PLFS Year (Jul - Jun), 2021",30.600,0.000,False
India,Assam,Literate & Upto Primary,"PLFS Year (Jul - Jun), 2022",20.800,0.000,False
India,Assam,Literate & Upto Primary,"PLFS Year (Jul - Jun), 2023",52.667,0.000,False
India,Assam,Middle,"PLFS Year (Jul - Jun), 2017",8.300,0.000,False
India,Assam,Middle,"PLFS Year (Jul - Jun), 2018",8.700,0.000,False
India,Assam,Middle,"PLFS Year (Jul - Jun), 2019",9.967,0.000,False
India,Assam,Middle,"PLFS Year (Jul - Jun), 2020",16.733,0.000,False
India,Assam,Middle,"PLFS Year (Jul - Jun), 2021",16.700,0.000,False
India,Assam,Middle,"PLFS Year (Jul - Jun), 2022",29.067,0.000,False
India,Assam,Middle,"PLFS Year (Jul - Jun), 2023",37.033,0.000,False
India,Assam,Not Literate,"PLFS Year (Jul - Jun), 2017",13.733,0.000,False
India,Assam,Not Literate,"PLFS Year (Jul - Jun), 2018",9.767,0.000,False
India,Assam,Not Literate,"PLFS Year (Jul - Jun), 2019",19.767,0.000,False
India,Assam,Not Literate,"PLFS Year (Jul - Jun), 2020",23.833,0.000,False
India,Assam,Not Literate,"PLFS Year (Jul - Jun), 2021",27.700,0.000,False
India,Assam,Not Literate,"PLFS Year (Jul - Jun), 2022",15.533,0.000,False
India,Assam,Not Literate,"PLFS Year (Jul - Jun), 2023",48.033,0.000,False
India,Assam,Post Graduate & Above,"PLFS Year (Jul - Jun), 2017",27.600,0.000,False
India,Assam,Post Graduate & Above,"PLFS Year (Jul - Jun), 2018",39.767,0.000,False
India,Assam,Post Graduate & Above,"PLFS Year (Jul - Jun), 2019",49.567,0.000,False
India,Assam,Post Graduate & Above,"PLFS Year (Jul - Jun), 2020",26.633,0.000,False
India,Assam,Post Graduate & Above,"PLFS Year (Jul - Jun), 2021",56.300,0.000,False
India,Assam,Post Graduate & Above,"PLFS Year (Jul - Jun), 2022",51.100,0.000,False
India,Assam,Post Graduate & Above,"PLFS Year (Jul - Jun), 2023",54.900,0.000,False
India,Assam,Secondary,"PLFS Year (Jul - Jun), 2017",8.733,0.000,False
India,Assam,Secondary,"PLFS Year (Jul - Jun), 2018",7.200,0.000,False
India,Assam,Secondary,"PLFS Year (Jul - Jun), 2019",7.933,0.000,False
India,Assam,Secondary,"PLFS Year (Jul - Jun), 2020",18.300,0.000,False
India,Assam,Secondary,"PLFS Year (Jul - Jun), 2021",22.067,0.000,False
India,Assam,Secondary,"PLFS Year (Jul - Jun), 2022",24.000,0.000,False
India,Assam,Secondary,"PLFS Year (Jul - Jun), 2023",30.033,0.000,False
India,Assam,Secondary & Above,"PLFS Year (Jul - Jun), 2017",16.100,0.000,False
India,Assam,Secondary & Above,"PLFS Year (Jul - Jun), 2018",13.533,0.000,False
India,Assam,Secondary & Above,"PLFS Year (Jul - Jun), 2019",16.300,0.000,False
India,Assam,Secondary & Above,"PLFS Year (Jul - Jun), 2020",21.267,0.000,False
India,Assam,Secondary & Above,"PLFS Year (Jul - Jun), 2021",24.233,0.000,False
India,Assam,Secondary & Above,"PLFS Year (Jul - Jun), 2022",28.933,0.000,False
India,Assam,Secondary & Above,"PLFS Year (Jul - Jun), 2023",34.900,0.000,False
India,Bihar,All,"PLFS Year (Jul - Jun), 2017",4.600,0.000,False
India,Bihar,All,"PLFS Year (Jul - Jun), 2018",4.633,0.000,False
India,Bihar,All,"PLFS Year (Jul - Jun), 2019",8.800,0.000,False
India,Bihar,All,"PLFS Year (Jul - Jun), 2020",8.867,0.000,False
India,Bihar,All,"PLFS Year (Jul - Jun), 2021",9.667,0.000,False
India,Bihar,All,"PLFS Year (Jul - Jun), 2022",18.800,0.000,False
India,Bihar,All,"PLFS Year (Jul - Jun), 2023",25.633,0.000,False
India,Bihar,Diploma/ Certificate Course,"PLFS Year (Jul - Jun), 2017",48.133,0.000,False
India,Bihar,Diploma/ Certificate Course,"PLFS Year (Jul - Jun), 2018",42.800,0.000,False
India,Bihar,Diploma/ Certificate Course,"PLFS Year (Jul - Jun), 2019",0.000,0.000,False
India,Bihar,Diploma/ Certificate Course,"PLFS Year (Jul - Jun), 2020",41.433,0.000,False
India,Bihar,Diploma/ Certificate Course,"PLFS Year (Jul - Jun), 2021",36.133,0.000,False
India,Bihar,Diploma/ Certificate Course,"PLFS Year (Jul - Jun), 2022",21.067,0.000,False
India,Bihar,Diploma/ Certificate Course,"PLFS Year (Jul - Jun), 2023",53.900,0.000,False
India,Bihar,Graduate,"PLFS Year (Jul - Jun), 2017",12.467,0.000,False
India,Bihar,Graduate,"PLFS Year (Jul - Jun), 2018",9.200,0.000,False
India,Bihar,Graduate,"PLFS Year (Jul - Jun), 2019",11.167,0.000,False
India,Bihar,Graduate,"PLFS Year (Jul - Jun), 2020",7.167,0.000,False
India,Bihar,Graduate,"PLFS Year (Jul - Jun), 2021",10.633,0.000,False
India,Bihar,Graduate,"PLFS Year (Jul - Jun), 2022",17.500,0.000,False
India,Bihar,Graduate,"PLFS Year (Jul - Jun), 2023",17.167,0.000,False
India,Bihar,Higher Secondary,"PLFS Year (Jul - Jun), 2017",6.067,0.000,False
India,Bihar,Higher Secondary,"PLFS Year (Jul - Jun), 2018",2.800,0.000,False
India,Bihar,Higher Secondary,"PLFS Year (Jul - Jun), 2019",3.400,0.000,False
India,Bihar,Higher Secondary,"PLFS Year (Jul - Jun), 2020",4.833,0.000,False
India,Bihar,Higher Secondary,"PLFS Year (Jul - Jun), 2021",5.433,0.000,False
India,Bihar,Higher Secondary,"PLFS Year (Jul - Jun), 2022",9.833,0.000,False
India,Bihar,Higher Secondary,"PLFS Year (Jul - Jun), 2023",10.633,0.000,False
India,Bihar,Literate & Upto Primary,"PLFS Year (Jul - Jun), 2017",2.667,0.000,False
India,Bihar,Literate & Upto Primary,"PLFS Year (Jul - Jun), 2018",2.633,0.000,False
India,Bihar,Literate & Upto Primary,"PLFS Year (Jul - Jun), 2019",7.067,0.000,False
India,Bihar,Literate & Upto Primary,"PLFS Year (Jul - Jun), 2020",7.300,0.000,False
India,Bihar,Literate & Upto Primary,"PLFS Year (Jul - Jun), 2021",7.733,0.000,False
India,Bihar,Literate & Upto Primary,"PLFS Year (Jul - Jun), 2022",17.833,0.000,False
India,Bihar,Literate & Upto Primary,"PLFS Year (Jul - Jun), 2023",26.733,0.000,False
India,Bihar,Middle,"PLFS Year (Jul - Jun), 2017",1.767,0.000,False
India,Bihar,Middle,"PLFS Year (Jul - Jun), 2018",1.833,0.000,False
India,Bihar,Middle,"PLFS Year (Jul - Jun), 2019",5.200,0.000,False
India,Bihar,Middle,"PLFS Year (Jul - Jun), 2020",6.300,0.000,False
India,Bihar,Middle,"PLFS Year (Jul - Jun), 2021",4.367,0.000,False
India,Bihar,Middle,"PLFS Year (Jul - Jun), 2022",10.467,0.000,False
India,Bihar,Middle,"PLFS Year (Jul - Jun), 2023",18.000,0.000,False
India,Bihar,Not Literate,"PLFS Year (Jul - Jun), 2017",5.167,0.000,False
India,Bihar,Not Literate,"PLFS Year (Jul - Jun), 2018",5.000,0.000,False
India,Bihar,Not Literate,"PLFS Year (Jul - Jun), 2019",12.800,0.000,False
India,Bihar,Not Literate,"PLFS Year (Jul - Jun), 2020",12.333,0.000,False
India,Bihar,Not Literate,"PLFS Year (Jul - Jun), 2021",14.933,0.000,False
India,Bihar,Not Literate,"PLFS Year (Jul - Jun), 2022",26.633,0.000,False
India,Bihar,Not Literate,"PLFS Year (Jul - Jun), 2023",35.933,0.000,False
India,Bihar,Post Graduate & Above,"PLFS Year (Jul - Jun), 2017",20.767,0.000,False
India,Bihar,Post Graduate & Above,"PLFS Year (Jul - Jun), 2018",27.967,0.000,False
India,Bihar,Post Graduate & Above,"PLFS Year (Jul - Jun), 2019",32.400,0.000,False
India,Bihar,Post Graduate & Above,"PLFS Year (Jul - Jun), 2020",29.133,0.000,False
India,Bihar,Post Graduate & Above,"PLFS Year (Jul - Jun), 2021",42.133,0.000,False
India,Bihar,Post Graduate & Above,"PLFS Year (Jul - Jun), 2022",36.233,0.000,False
India,Bihar,Post Graduate & Above,"PLFS Year (Jul - Jun), 2023",35.300,0.000,False
India,Bihar,Secondary,"PLFS Year (Jul - Jun), 2017",2.467,0.000,False
India,Bihar,Secondary,"PLFS Year (Jul - Jun), 2018",3.600,0.000,False
India,Bihar,Secondary,"PLFS Year (Jul - Jun), 2019",3.067,0.000,False
India,Bihar,Secondary,"PLFS Year (Jul - Jun), 2020",4.500,0.000,False
India,Bihar,Secondary,"PLFS Year (Jul - Jun), 2021",2.933,0.000,False
India,Bihar,Secondary,"PLFS Year (Jul - Jun), 2022",10.900,0.000,False
India,Bihar,Secondary,"PLFS Year (Jul - Jun), 2023",13.867,0.000,False
India,Bihar,Secondary & Above,"PLFS Year (Jul - Jun), 2017",6.400,0.000,False
India,Bihar,Secondary & Above,"PLFS Year (Jul - Jun), 2018",5.533,0.000,False
India,Bihar,Secondary & Above,"PLFS Year (Jul - Jun), 2019",5.367,0.000,False
India,Bihar,Secondary & Above,"PLFS Year (Jul - Jun), 2020",5.667,0.000,False
India,Bihar,Secondary & Above,"PLFS Year (Jul - Jun), 2021",6.033,0.000,False
India,Bihar,Secondary & Above,"PLFS Year (Jul - Jun), 2022",12.167,0.000,False
India,Bihar,Secondary & Above,"PLFS Year (Jul - Jun), 2023",14.467,0.000,False
India,Chandigarh,All,"PLFS Year (Jul - Jun), 2017",18.167,0.000,False
India,Chandigarh,All,"PLFS Year (Jul - Jun), 2018",21.867,0.000,False
India,Chandigarh,All,"PLFS Year (Jul - Jun), 2019",19.500,0.000,False
India,Chandigarh,All,"PLFS Year (Jul - Jun), 2020",21.133,0.000,False
India,Chandigarh,All,"PLFS Year (Jul - Jun), 2021",15.500,0.000,False
India,Chandigarh,All,"PLFS Year (Jul - Jun), 2022",22.467,0.000,False
India,Chandigarh,All,"PLFS Year (Jul - Jun), 2023",26.200,1.000,False
India,Chandigarh,Diploma/ Certificate Course,"PLFS Year (Jul - Jun), 2017",32.000,0.000,False
India,Chandigarh,Diploma/ Certificate Course,"PLFS Year (Jul - Jun), 2018",60.200,0.000,False
India,Chandigarh,Diploma/ Certificate Course,"PLFS Year (Jul - Jun), 2019",66.667,0.000,False
India,Chandigarh,Diploma/ Certificate Course,"PLFS Year (Jul - Jun), 2020",38.600,0.000,False
India,Chandigarh,Diploma/ Certificate Course,"PLFS Year (Jul - Jun), 2021",14.933,0.000,False
India,Chandigarh,Diploma/ Certificate Course,"PLFS Year (Jul - Jun), 2022",66.667,0.000,False
India,Chandigarh,Diploma/ Certificate Course,"PLFS Year (Jul - Jun), 2023",59.300,1.000,False
India,Chandigarh,Graduate,"PLFS Year (Jul - Jun), 2017",19.367,0.000,False
India,Chandigarh,Graduate,"PLFS Year (Jul - Jun), 2018",28.133,0.000,False
India,Chandigarh,Graduate,"PLFS Year (Jul - Jun), 2019",20.133,0.000,False
India,Chandigarh,Graduate,"PLFS Year (Jul - Jun), 2020",28.600,0.000,False
India,Chandigarh,Graduate,"PLFS Year (Jul - Jun), 2021",19.800,0.000,False
India,Chandigarh,Graduate,"PLFS Year (Jul - Jun), 2022",37.367,0.000,False
India,Chandigarh,Graduate,"PLFS Year (Jul - Jun), 2023",39.100,1.000,False
India,Chandigarh,Higher Secondary,"PLFS Year (Jul - Jun), 2017",12.333,0.000,False
India,Chandigarh,Higher Secondary,"PLFS Year (Jul - Jun), 2018",21.433,0.000,False
India,Chandigarh,Higher Secondary,"PLFS Year (Jul - Jun), 2019",14.633,0.000,False
India,Chandigarh,Higher Secondary,"PLFS Year (Jul - Jun), 2020",11.100,0.000,False
India,Chandigarh,Higher Secondary,"PLFS Year (Jul - Jun), 2021",3.967,0.000,False
India,Chandigarh,Higher Secondary,"PLFS Year (Jul - Jun), 2022",8.533,0.000,False
India,Chandigarh,Higher Secondary,"PLFS Year (Jul - Jun), 2023",16.100,1.000,False
India,Chandigarh,Literate & Upto Primary,"PLFS Year (Jul - Jun), 2017",19.667,0.000,False
India,Chandigarh,Literate & Upto Primary,"PLFS Year (Jul - Jun), 2018",19.367,0.000,False
India,Chandigarh,Literate & Upto Primary,"PLFS Year (Jul - Jun), 2019",22.267,0.000,False
India,Chandigarh,Literate & Upto Primary,"PLFS Year (Jul - Jun), 2020",16.333,0.000,False
India,Chandigarh,Literate & Upto Primary,"PLFS Year (Jul - Jun), 2021",8.333,0.000,False
India,Chandigarh,Literate & Upto Primary,"PLFS Year (Jul - Jun), 2022",20.733,0.000,False
India,Chandigarh,Literate & Upto Primary,"PLFS Year (Jul - Jun), 2023",18.300,1.000,False
India,Chandigarh,Middle,"PLFS Year (Jul - Jun), 2017",24.333,0.000,False
India,Chandigarh,Middle,"PLFS Year (Jul - Jun), 2018",8.967,0.000,False
India,Chandigarh,Middle,"PLFS Year (Jul - Jun), 2019",5.067,0.000,False
India,Chandigarh,Middle,"PLFS Year (Jul - Jun), 2020",14.300,0.000,False
India,Chandigarh,Middle,"PLFS Year (Jul - Jun), 2021",6.333,0.000,False
India,Chandigarh,Middle,"PLFS Year (Jul - Jun), 2022",12.267,0.000,False
India,Chandigarh,Middle,"PLFS Year (Jul - Jun), 2023",19.200,1.000,False
India,Chandigarh,Not Literate,"PLFS Year (Jul - Jun), 2017",13.133,0.000,False
India,Chandigarh,Not Literate,"PLFS Year (Jul - Jun), 2018",23.133,0.000,False
India,Chandigarh,Not Literate,"PLFS Year (Jul - Jun), 2019",34.767,0.000,False
India,Chandigarh,Not Literate,"PLFS Year (Jul - Jun), 2020",22.233,0.000,False
India,Chandigarh,Not Literate,"PLFS Year (Jul - Jun), 2021",25.633,0.000,False
India,Chandigarh,Not Literate,"PLFS Year (Jul - Jun), 2022",20.800,0.000,False
India,Chandigarh,Not Literate,"PLFS Year (Jul - Jun), 2023",21.400,1.000,False
India,Chandigarh,Post Graduate & Above,"PLFS Year (Jul - Jun), 2017",31.533,0.000,False
India,Chandigarh,Post Graduate & Above,"PLFS Year (Jul - Jun), 2018",35.233,0.000,False
India,Chandigarh,Post Graduate & Above,"PLFS Year (Jul - Jun), 2019",16.767,0.000,False
India,Chandigarh,Post Graduate & Above,"PLFS Year (Jul - Jun), 2020",39.733,0.000,False
India,Chandigarh,Post Graduate & Above,"PLFS Year (Jul - Jun), 2021",20.600,0.000,False
India,Chandigarh,Post Graduate & Above,"PLFS Year (Jul - Jun), 2022",30.067,0.000,False
India,Chandigarh,Post Graduate & Above,"PLFS Year (Jul - Jun), 2023",44.300,1.000,False
India,Chandigarh,Secondary,"PLFS Year (Jul - Jun), 2017",15.467,0.000,False
India,Chandigarh,Secondary,"PLFS Year (Jul - Jun), 2018",2.533,0.000,False
India,Chandigarh,Secondary,"PLFS Year (Jul - Jun), 2019",7.300,0.000,False
India,Chandigarh,Secondary,"PLFS Year (Jul - Jun), 2020",12.067,0.000,False
India,Chandigarh,Secondary,"PLFS Year (Jul - Jun), 2021",15.633,0.000,False
India,Chandigarh,Secondary,"PLFS Year (Jul - Jun), 2022",31.067,0.000,False
India,Chandigarh,Secondary,"PLFS Year (Jul - Jun), 2023",9.000,1.000,False
India,Chandigarh,Secondary & Above,"PLFS Year (Jul - Jun), 2017",18.900,0.000,False
India,Chandigarh,Secondary & Above,"PLFS Year (Jul - Jun), 2018",20.233,0.000,False
India,Chandigarh,Secondary & Above,"PLFS Year (Jul - Jun), 2019",15.767,0.000,False
India,Chandigarh,Secondary & Above,"PLFS Year (Jul - Jun), 2020",21.900,0.000,False
India,Chandigarh,Secondary & Above,"PLFS Year (Jul - Jun), 2021",12.467,0.000,False
India,Chandigarh,Secondary & Above,"PLFS Year (Jul - Jun), 2022",28.567,0.000,False
India,Chandigarh,Secondary & Above,"PLFS Year (Jul - Jun), 2023",29.100,1.000,False
India,Chhattisgarh,All,"PLFS Year (Jul - Jun), 2017",42.467,0.000,False
India,Chhattisgarh,All,"PLFS Year (Jul - Jun), 2018",42.467,0.000,False
India,Chhattisgarh,All,"PLFS Year (Jul - Jun), 2019",44.967,0.000,False
India,Chhattisgarh,All,"PLFS Year (Jul - Jun), 2020",46.067,0.000,False
India,Chhattisgarh,All,"PLFS Year (Jul - Jun), 2021",45.433,0.000,False
India,Chhattisgarh,All,"PLFS Year (Jul - Jun), 2022",51.767,0.000,False
India,Chhattisgarh,All,"PLFS Year (Jul - Jun), 2023",51.167,0.000,False
India,Chhattisgarh,Diploma/ Certificate Course,"PLFS Year (Jul - Jun), 2017",60.233,0.000,False
India,Chhattisgarh,Diploma/ Certificate Course,"PLFS Year (Jul - Jun), 2018",20.733,0.000,False
India,Chhattisgarh,Diploma/ Certificate Course,"PLFS Year (Jul - Jun), 2019",13.333,0.000,False
India,Chhattisgarh,Diploma/ Certificate Course,"PLFS Year (Jul - Jun), 2020",48.367,0.000,False
India,Chhattisgarh,Diploma/ Certificate Course,"PLFS Year (Jul - Jun), 2021",70.300,0.000,False
India,Chhattisgarh,Diploma/ Certificate Course,"PLFS Year (Jul - Jun), 2022",55.467,0.000,False
India,Chhattisgarh,Diploma/ Certificate Course,"PLFS Year (Jul - Jun), 2023",60.933,0.000,False
India,Chhattisgarh,Graduate,"PLFS Year (Jul - Jun), 2017",26.033,0.000,False
India,Chhattisgarh,Graduate,"PLFS Year (Jul - Jun), 2018",31.367,0.000,False
India,Chhattisgarh,Graduate,"PLFS Year (Jul - Jun), 2019",31.367,0.000,False
India,Chhattisgarh,Graduate,"PLFS Year (Jul - Jun), 2020",17.733,0.000,False
India,Chhattisgarh,Graduate,"PLFS Year (Jul - Jun), 2021",29.800,0.000,False
India,Chhattisgarh,Graduate,"PLFS Year (Jul - Jun), 2022",40.133,0.000,False
India,Chhattisgarh,Graduate,"PLFS Year (Jul - Jun), 2023",38.900,0.000,False
India,Chhattisgarh,Higher Secondary,"PLFS Year (Jul - Jun), 2017",20.967,0.000,False
India,Chhattisgarh,Higher Secondary,"PLFS Year (Jul - Jun), 2018",20.567,0.000,False
India,Chhattisgarh,Higher Secondary,"PLFS Year (Jul - Jun), 2019",22.800,0.000,False
India,Chhattisgarh,Higher Secondary,"PLFS Year (Jul - Jun), 2020",26.967,0.000,False
India,Chhattisgarh,Higher Secondary,"PLFS Year (Jul - Jun), 2021",29.200,0.000,False
India,Chhattisgarh,Higher Secondary,"PLFS Year (Jul - Jun), 2022",37.067,0.000,False
India,Chhattisgarh,Higher Secondary,"PLFS Year (Jul - Jun), 2023",37.633,0.000,False
India,Chhattisgarh,Literate & Upto Primary,"PLFS Year (Jul - Jun), 2017",51.833,0.000,False
India,Chhattisgarh,Literate & Upto Primary,"PLFS Year (Jul - Jun), 2018",54.433,0.000,False
India,Chhattisgarh,Literate & Upto Primary,"PLFS Year (Jul - Jun), 2019",56.000,0.000,False
India,Chhattisgarh,Literate & Upto Primary,"PLFS Year (Jul - Jun), 2020",61.033,0.000,False
India,Chhattisgarh,Literate & Upto Primary,"PLFS Year (Jul - Jun), 2021",58.967,0.000,False
India,Chhattisgarh,Literate & Upto Primary,"PLFS Year (Jul - Jun), 2022",68.233,0.000,False
India,Chhattisgarh,Literate & Upto Primary,"PLFS Year (Jul - Jun), 2023",69.433,0.000,False
India,Chhattisgarh,Middle,"PLFS Year (Jul - Jun), 2017",35.833,0.000,False
India,Chhattisgarh,Middle,"PLFS Year (Jul - Jun), 2018",35.767,0.000,False
India,Chhattisgarh,Middle,"PLFS Year (Jul - Jun), 2019",43.000,0.000,False
India,Chhattisgarh,Middle,"PLFS Year (Jul - Jun), 2020",43.633,0.000,False
India,Chhattisgarh,Middle,"PLFS Year (Jul - Jun), 2021",41.933,0.000,False
India,Chhattisgarh,Middle,"PLFS Year (Jul - Jun), 2022",47.833,0.000,False
India,Chhattisgarh,Middle,"PLFS Year (Jul - Jun), 2023",45.100,0.000,False
India,Chhattisgarh,Not Literate,"PLFS Year (Jul - Jun), 2017",53.767,0.000,False
India,Chhattisgarh,Not Literate,"PLFS Year (Jul - Jun), 2018",54.800,0.000,False
India,Chhattisgarh,Not Literate,"PLFS Year (Jul - Jun), 2019",55.333,0.000,False
India,Chhattisgarh,Not Literate,"PLFS Year (Jul - Jun), 2020",56.100,0.000,False
India,Chhattisgarh,Not Literate,"PLFS Year (Jul - Jun), 2021",56.267,0.000,False
India,Chhattisgarh,Not Literate,"PLFS Year (Jul - Jun), 2022",57.767,0.000,False
India,Chhattisgarh,Not Literate,"PLFS Year (Jul - Jun), 2023",60.700,0.000,False
India,Chhattisgarh,Post Graduate & Above,"PLFS Year (Jul - Jun), 2017",32.067,0.000,False
India,Chhattisgarh,Post Graduate & Above,"PLFS Year (Jul - Jun), 2018",33.867,0.000,False
India,Chhattisgarh,Post Graduate & Above,"PLFS Year (Jul - Jun), 2019",45.167,0.000,False
India,Chhattisgarh,Post Graduate & Above,"PLFS Year (Jul - Jun), 2020",44.767,0.000,False
India,Chhattisgarh,Post Graduate & Above,"PLFS Year (Jul - Jun), 2021",35.733,0.000,False
India,Chhattisgarh,Post Graduate & Above,"PLFS Year (Jul - Jun), 2022",56.033,0.000,False
India,Chhattisgarh,Post Graduate & Above,"PLFS Year (Jul - Jun), 2023",46.267,0.000,False
India,Chhattisgarh,Secondary,"PLFS Year (Jul - Jun), 2017",19.800,0.000,False
India,Chhattisgarh,Secondary,"PLFS Year (Jul - Jun), 2018",23.633,0.000,False
India,Chhattisgarh,Secondary,"PLFS Year (Jul - Jun), 2019",26.500,0.000,False
India,Chhattisgarh,Secondary,"PLFS Year (Jul - Jun), 2020",25.467,0.000,False
India,Chhattisgarh,Secondary,"PLFS Year (Jul - Jun), 2021",26.333,0.000,False
India,Chhattisgarh,Secondary,"PLFS Year (Jul - Jun), 2022",32.933,0.000,False
India,Chhattisgarh,Secondary,"PLFS Year (Jul - Jun), 2023",32.833,0.000,False
India,Chhattisgarh,Secondary & Above,"PLFS Year (Jul - Jun), 2017",23.133,0.000,False
India,Chhattisgarh,Secondary & Above,"PLFS Year (Jul - Jun), 2018",25.367,0.000,False
India,Chhattisgarh,Secondary & Above,"PLFS Year (Jul - Jun), 2019",28.200,0.000,False
India,Chhattisgarh,Secondary & Above,"PLFS Year (Jul - Jun), 2020",27.400,0.000,False
India,Chhattisgarh,Secondary & Above,"PLFS Year (Jul - Jun), 2021",30.467,0.000,False
India,Chhattisgarh,Secondary & Above,"PLFS Year (Jul - Jun), 2022",38.800,0.000,False
India,Chhattisgarh,Secondary & Above,"PLFS Year (Jul - Jun), 2023",37.767,0.000,False
India,Delhi,All,"PLFS Year (Jul - Jun), 2017",9.633,0.000,False
India,Delhi,All,"PLFS Year (Jul - Jun), 2018",15.567,0.000,False
India,Delhi,All,"PLFS Year (Jul - Jun), 2019",16.600,0.000,False
India,Delhi,All,"PLFS Year (Jul - Jun), 2020",11.667,0.000,False
India,Delhi,All,"PLFS Year (Jul - Jun), 2021",10.633,0.000,False
India,Delhi,All,"PLFS Year (Jul - Jun), 2022",11.067,0.000,False
India,Delhi,All,"PLFS Year (Jul - Jun), 2023",17.033,0.000,False
India,Delhi,Diploma/ Certificate Course,"PLFS Year (Jul - Jun), 2017",66.667,0.000,False
India,Delhi,Diploma/ Certificate Course,"PLFS Year (Jul - Jun), 2018",27.867,0.000,False
India,Delhi,Diploma/ Certificate Course,"PLFS Year (Jul - Jun), 2019",15.867,0.000,False
India,Delhi,Diploma/ Certificate Course,"PLFS Year (Jul - Jun), 2020",52.800,0.000,False
India,Delhi,Diploma/ Certificate Course,"PLFS Year (Jul - Jun), 2021",0.000,0.000,False
India,Delhi,Diploma/ Certificate Course,"PLFS Year (Jul - Jun), 2022",66.667,0.000,False
India,Delhi,Diploma/ Certificate Course,"PLFS Year (Jul - Jun), 2023",30.933,0.000,False
India,Delhi,Graduate,"PLFS Year (Jul - Jun), 2017",12.933,0.000,False
India,Delhi,Graduate,"PLFS Year (Jul - Jun), 2018",36.167,0.000,False
India,Delhi,Graduate,"PLFS Year (Jul - Jun), 2019",11.500,0.000,False
India,Delhi,Graduate,"PLFS Year (Jul - Jun), 2020",28.300,0.000,False
India,Delhi,Graduate,"PLFS Year (Jul - Jun), 2021",27.200,0.000,False
India,Delhi,Graduate,"PLFS Year (Jul - Jun), 2022",13.100,0.000,False
India,Delhi,Graduate,"PLFS Year (Jul - Jun), 2023",16.500,0.000,False
India,Delhi,Higher Secondary,"PLFS Year (Jul - Jun), 2017",6.733,0.000,False
India,Delhi,Higher Secondary,"PLFS Year (Jul - Jun), 2018",4.667,0.000,False
India,Delhi,Higher Secondary,"PLFS Year (Jul - Jun), 2019",6.133,0.000,False
India,Delhi,Higher Secondary,"PLFS Year (Jul - Jun), 2020",4.233,0.000,False
India,Delhi,Higher Secondary,"PLFS Year (Jul - Jun), 2021",5.933,0.000,False
India,Delhi,Higher Secondary,"PLFS Year (Jul - Jun), 2022",3.700,0.000,False
India,Delhi,Higher Secondary,"PLFS Year (Jul - Jun), 2023",4.833,0.000,False
India,Delhi,Literate & Upto Primary,"PLFS Year (Jul - Jun), 2017",11.200,0.000,False
India,Delhi,Literate & Upto Primary,"PLFS Year (Jul - Jun), 2018",6.867,0.000,False
India,Delhi,Literate & Upto Primary,"PLFS Year (Jul - Jun), 2019",7.033,0.000,False
India,Delhi,Literate & Upto Primary,"PLFS Year (Jul - Jun), 2020",5.867,0.000,False
India,Delhi,Literate & Upto Primary,"PLFS Year (Jul - Jun), 2021",6.067,0.000,False
India,Delhi,Literate & Upto Primary,"PLFS Year (Jul - Jun), 2022",15.600,0.000,False
India,Delhi,Literate & Upto Primary,"PLFS Year (Jul - Jun), 2023",10.233,0.000,False
India,Delhi,Middle,"PLFS Year (Jul - Jun), 2017",2.533,0.000,False
India,Delhi,Middle,"PLFS Year (Jul - Jun), 2018",9.233,0.000,False
India,Delhi,Middle,"PLFS Year (Jul - Jun), 2019",4.600,0.000,False
India,Delhi,Middle,"PLFS Year (Jul - Jun), 2020",7.300,0.000,False
India,Delhi,Middle,"PLFS Year (Jul - Jun), 2021",5.200,0.000,False
India,Delhi,Middle,"PLFS Year (Jul - Jun), 2022",7.767,0.000,False
India,Delhi,Middle,"PLFS Year (Jul - Jun), 2023",21.433,0.000,False
India,Delhi,Not Literate,"PLFS Year (Jul - Jun), 2017",9.033,0.000,False
India,Delhi,Not Literate,"PLFS Year (Jul - Jun), 2018",17.533,0.000,False
India,Delhi,Not Literate,"PLFS Year (Jul - Jun), 2019",21.367,0.000,False
India,Delhi,Not Literate,"PLFS Year (Jul - Jun), 2020",20.533,0.000,False
India,Delhi,Not Literate,"PLFS Year (Jul - Jun), 2021",18.667,0.000,False
India,Delhi,Not Literate,"PLFS Year (Jul - Jun), 2022",17.400,0.000,False
India,Delhi,Not Literate,"PLFS Year (Jul - Jun), 2023",29.000,0.000,False
India,Delhi,Post Graduate & Above,"PLFS Year (Jul - Jun), 2017",22.333,0.000,False
India,Delhi,Post Graduate & Above,"PLFS Year (Jul - Jun), 2018",18.033,0.000,False
India,Delhi,Post Graduate & Above,"PLFS Year (Jul - Jun), 2019",23.567,0.000,False
India,Delhi,Post Graduate & Above,"PLFS Year (Jul - Jun), 2020",24.333,0.000,False
India,Delhi,Post Graduate & Above,"PLFS Year (Jul - Jun), 2021",27.367,0.000,False
India,Delhi,Post Graduate & Above,"PLFS Year (Jul - Jun), 2022",23.800,0.000,False
India,Delhi,Post Graduate & Above,"PLFS Year (Jul - Jun), 2023",22.567,0.000,False
India,Delhi,Secondary,"PLFS Year (Jul - Jun), 2017",6.000,0.000,False
India,Delhi,Secondary,"PLFS Year (Jul - Jun), 2018",19.967,0.000,False
India,Delhi,Secondary,"PLFS Year (Jul - Jun), 2019",30.700,0.000,False
India,Delhi,Secondary,"PLFS Year (Jul - Jun), 2020",4.200,0.000,False
India,Delhi,Secondary,"PLFS Year (Jul - Jun), 2021",3.167,0.000,False
India,Delhi,Secondary,"PLFS Year (Jul - Jun), 2022",3.067,0.000,False
India,Delhi,Secondary,"PLFS Year (Jul - Jun), 2023",4.533,0.000,False
India,Delhi,Secondary & Above,"PLFS Year (Jul - Jun), 2017",12.133,0.000,False
India,Delhi,Secondary & Above,"PLFS Year (Jul - Jun), 2018",20.367,0.000,False
India,Delhi,Secondary & Above,"PLFS Year (Jul - Jun), 2019",20.533,0.000,False
India,Delhi,Secondary & Above,"PLFS Year (Jul - Jun), 2020",11.700,0.000,False
India,Delhi,Secondary & Above,"PLFS Year (Jul - Jun), 2021",14.167,0.000,False
India,Delhi,Secondary & Above,"PLFS Year (Jul - Jun), 2022",8.233,0.000,False
India,Delhi,Secondary & Above,"PLFS Year (Jul - Jun), 2023",10.500,0.000,False
India,Goa,All,"PLFS Year (Jul - Jun), 2017",23.100,0.000,False
India,Goa,All,"PLFS Year (Jul - Jun), 2018",24.733,0.000,False
India,Goa,All,"PLFS Year (Jul - Jun), 2019",24.600,0.000,False
India,Goa,All,"PLFS Year (Jul - Jun), 2020",24.100,0.000,False
India,Goa,All,"PLFS Year (Jul - Jun), 2021",16.500,0.000,False
India,Goa,All,"PLFS Year (Jul - Jun), 2022",23.767,0.000,False
India,Goa,All,"PLFS Year (Jul - Jun), 2023",24.333,0.000,False
India,Goa,Diploma/ Certificate Course,"PLFS Year (Jul - Jun), 2017",32.600,0.000,False
India,Goa,Diploma/ Certificate Course,"PLFS Year (Jul - Jun), 2018",42.900,0.000,False
India,Goa,Diploma/ Certificate Course,"PLFS Year (Jul - Jun), 2019",51.867,0.000,False
India,Goa,Diploma/ Certificate Course,"PLFS Year (Jul - Jun), 2020",66.000,0.000,False
India,Goa,Diploma/ Certificate Course,"PLFS Year (Jul - Jun), 2021",38.667,0.000,False
India,Goa,Diploma/ Certificate Course,"PLFS Year (Jul - Jun), 2022",58.267,0.000,False
India,Goa,Diploma/ Certificate Course,"PLFS Year (Jul - Jun), 2023",83.300,0.000,False
India,Goa,Graduate,"PLFS Year (Jul - Jun), 2017",37.633,0.000,False
India,Goa,Graduate,"PLFS Year (Jul - Jun), 2018",32.767,0.000,False
India,Goa,Graduate,"PLFS Year (Jul - Jun), 2019",37.233,0.000,False
India,Goa,Graduate,"PLFS Year (Jul - Jun), 2020",45.733,0.000,False
India,Goa,Graduate,"PLFS Year (Jul - Jun), 2021",20.000,0.000,False
India,Goa,Graduate,"PLFS Year (Jul - Jun), 2022",27.900,0.000,False
India,Goa,Graduate,"PLFS Year (Jul - Jun), 2023",33.067,0.000,False
India,Goa,Higher Secondary,"PLFS Year (Jul - Jun), 2017",23.400,0.000,False
India,Goa,Higher Secondary,"PLFS Year (Jul - Jun), 2018",26.467,0.000,False
India,Goa,Higher Secondary,"PLFS Year (Jul - Jun), 2019",17.867,0.000,False
India,Goa,Higher Secondary,"PLFS Year (Jul - Jun), 2020",16.333,0.000,False
India,Goa,Higher Secondary,"PLFS Year (Jul - Jun), 2021",15.933,0.000,False
India,Goa,Higher Secondary,"PLFS Year (Jul - Jun), 2022",18.767,0.000,False
India,Goa,Higher Secondary,"PLFS Year (Jul - Jun), 2023",22.233,0.000,False
India,Goa,Literate & Upto Primary,"PLFS Year (Jul - Jun), 2017",12.700,0.000,False
India,Goa,Literate & Upto Primary,"PLFS Year (Jul - Jun), 2018",19.467,0.000,False
India,Goa,Literate & Upto Primary,"PLFS Year (Jul - Jun), 2019",23.633,0.000,False
India,Goa,Literate & Upto Primary,"PLFS Year (Jul - Jun), 2020",27.867,0.000,False
India,Goa,Literate & Upto Primary,"PLFS Year (Jul - Jun), 2021",11.133,0.000,False
India,Goa,Literate & Upto Primary,"PLFS Year (Jul - Jun), 2022",27.233,0.000,False
India,Goa,Literate & Upto Primary,"PLFS Year (Jul - Jun), 2023",21.333,0.000,False
India,Goa,Middle,"PLFS Year (Jul - Jun), 2017",21.200,0.000,False
India,Goa,Middle,"PLFS Year (Jul - Jun), 2018",17.800,0.000,False
India,Goa,Middle,"PLFS Year (Jul - Jun), 2019",24.433,0.000,False
India,Goa,Middle,"PLFS Year (Jul - Jun), 2020",12.867,0.000,False
India,Goa,Middle,"PLFS Year (Jul - Jun), 2021",16.767,0.000,False
India,Goa,Middle,"PLFS Year (Jul - Jun), 2022",18.100,0.000,False
India,Goa,Middle,"PLFS Year (Jul - Jun), 2023",23.233,0.000,False
India,Goa,Not Literate,"PLFS Year (Jul - Jun), 2017",23.367,0.000,False
India,Goa,Not Literate,"PLFS Year (Jul - Jun), 2018",29.967,0.000,False
India,Goa,Not Literate,"PLFS Year (Jul - Jun), 2019",20.667,0.000,False
India,Goa,Not Literate,"PLFS Year (Jul - Jun), 2020",16.533,0.000,False
India,Goa,Not Literate,"PLFS Year (Jul - Jun), 2021",11.233,0.000,False
India,Goa,Not Literate,"PLFS Year (Jul - Jun), 2022",24.600,0.000,False
India,Goa,Not Literate,"PLFS Year (Jul - Jun), 2023",15.833,0.000,False
India,Goa,Post Graduate & Above,"PLFS Year (Jul - Jun), 2017",43.300,0.000,False
India,Goa,Post Graduate & Above,"PLFS Year (Jul - Jun), 2018",56.233,0.000,False
India,Goa,Post Graduate & Above,"PLFS Year (Jul - Jun), 2019",58.800,0.000,False
India,Goa,Post Graduate & Above,"PLFS Year (Jul - Jun), 2020",52.300,0.000,False
India,Goa,Post Graduate & Above,"PLFS Year (Jul - Jun), 2021",63.467,0.000,False
India,Goa,Post Graduate & Above,"PLFS Year (Jul - Jun), 2022",67.633,0.000,False
India,Goa,Post Graduate & Above,"PLFS Year (Jul - Jun), 2023",36.900,0.000,False
India,Goa,Secondary,"PLFS Year (Jul - Jun), 2017",13.267,0.000,False
India,Goa,Secondary,"PLFS Year (Jul - Jun), 2018",18.667,0.000,False
India,Goa,Secondary,"PLFS Year (Jul - Jun), 2019",18.300,0.000,False
India,Goa,Secondary,"PLFS Year (Jul - Jun), 2020",11.467,0.000,False
India,Goa,Secondary,"PLFS Year (Jul - Jun), 2021",9.667,0.000,False
India,Goa,Secondary,"PLFS Year (Jul - Jun), 2022",16.333,0.000,False
India,Goa,Secondary,"PLFS Year (Jul - Jun), 2023",18.933,0.000,False
India,Goa,Secondary & Above,"PLFS Year (Jul - Jun), 2017",26.133,0.000,False
India,Goa,Secondary & Above,"PLFS Year (Jul - Jun), 2018",28.367,0.000,False
India,Goa,Secondary & Above,"PLFS Year (Jul - Jun), 2019",25.567,0.000,False
India,Goa,Secondary & Above,"PLFS Year (Jul - Jun), 2020",29.333,0.000,False
India,Goa,Secondary & Above,"PLFS Year (Jul - Jun), 2021",18.533,0.000,False
India,Goa,Secondary & Above,"PLFS Year (Jul - Jun), 2022",24.600,0.000,False
India,Goa,Secondary & Above,"PLFS Year (Jul - Jun), 2023",27.100,0.000,False
India,Gujarat,All,"PLFS Year (Jul - Jun), 2017",18.700,0.000,False
India,Gujarat,All,"PLFS Year (Jul - Jun), 2018",20.700,0.000,False
India,Gujarat,All,"PLFS Year (Jul - Jun), 2019",29.933,0.000,False
India,Gujarat,All,"PLFS Year (Jul - Jun), 2020",31.033,0.000,False
India,Gujarat,All,"PLFS Year (Jul - Jun), 2021",32.800,0.000,False
India,Gujarat,All,"PLFS Year (Jul - Jun), 2022",40.467,0.000,False
India,Gujarat,All,"PLFS Year (Jul - Jun), 2023",44.000,0.000,False
India,Gujarat,Diploma/ Certificate Course,"PLFS Year (Jul - Jun), 2017",24.400,0.000,False
India,Gujarat,Diploma/ Certificate Course,"PLFS Year (Jul - Jun), 2018",12.667,0.000,False
India,Gujarat,Diploma/ Certificate Course,"PLFS Year (Jul - Jun), 2019",43.400,0.000,False
India,Gujarat,Diploma/ Certificate Course,"PLFS Year (Jul - Jun), 2020",59.933,0.000,False
India,Gujarat,Diploma/ Certificate Course,"PLFS Year (Jul - Jun), 2021",62.167,0.000,False
India,Gujarat,Diploma/ Certificate Course,"PLFS Year (Jul - Jun), 2022",55.433,0.000,False
India,Gujarat,Diploma/ Certificate Course,"PLFS Year (Jul - Jun), 2023",61.067,0.000,False
India,Gujarat,Graduate,"PLFS Year (Jul - Jun), 2017",19.667,0.000,False
India,Gujarat,Graduate,"PLFS Year (Jul - Jun), 2018",19.667,0.000,False
India,Gujarat,Graduate,"PLFS Year (Jul - Jun), 2019",26.833,0.000,False
India,Gujarat,Graduate,"PLFS Year (Jul - Jun), 2020",29.100,0.000,False
India,Gujarat,Graduate,"PLFS Year (Jul - Jun), 2021",28.767,0.000,False
India,Gujarat,Graduate,"PLFS Year (Jul - Jun), 2022",28.033,0.000,False
India,Gujarat,Graduate,"PLFS Year (Jul - Jun), 2023",35.133,0.000,False
India,Gujarat,Higher Secondary,"PLFS Year (Jul - Jun), 2017",10.267,0.000,False
India,Gujarat,Higher Secondary,"PLFS Year (Jul - Jun), 2018",13.400,0.000,False
India,Gujarat,Higher Secondary,"PLFS Year (Jul - Jun), 2019",19.167,0.000,False
India,Gujarat,Higher Secondary,"PLFS Year (Jul - Jun), 2020",19.767,0.000,False
India,Gujarat,Higher Secondary,"PLFS Year (Jul - Jun), 2021",22.000,0.000,False
India,Gujarat,Higher Secondary,"PLFS Year (Jul - Jun), 2022",28.100,0.000,False
India,Gujarat,Higher Secondary,"PLFS Year (Jul - Jun), 2023",32.567,0.000,False
India,Gujarat,Literate & Upto Primary,"PLFS Year (Jul - Jun), 2017",21.700,0.000,False
India,Gujarat,Literate & Upto Primary,"PLFS Year (Jul - Jun), 2018",22.700,0.000,False
India,Gujarat,Literate & Upto Primary,"PLFS Year (Jul - Jun), 2019",30.667,0.000,False
India,Gujarat,Literate & Upto Primary,"PLFS Year (Jul - Jun), 2020",33.433,0.000,False
India,Gujarat,Literate & Upto Primary,"PLFS Year (Jul - Jun), 2021",36.133,0.000,False
India,Gujarat,Literate & Upto Primary,"PLFS Year (Jul - Jun), 2022",48.633,0.000,False
India,Gujarat,Literate & Upto Primary,"PLFS Year (Jul - Jun), 2023",48.333,0.000,False
India,Gujarat,Middle,"PLFS Year (Jul - Jun), 2017",14.233,0.000,False
India,Gujarat,Middle,"PLFS Year (Jul - Jun), 2018",17.433,0.000,False
India,Gujarat,Middle,"PLFS Year (Jul - Jun), 2019",26.800,0.000,False
India,Gujarat,Middle,"PLFS Year (Jul - Jun), 2020",26.867,0.000,False
India,Gujarat,Middle,"PLFS Year (Jul - Jun), 2021",29.667,0.000,False
India,Gujarat,Middle,"PLFS Year (Jul - Jun), 2022",38.433,0.000,False
India,Gujarat,Middle,"PLFS Year (Jul - Jun), 2023",44.800,0.000,False
India,Gujarat,Not Literate,"PLFS Year (Jul - Jun), 2017",20.667,0.000,False
India,Gujarat,Not Literate,"PLFS Year (Jul - Jun), 2018",22.267,0.000,False
India,Gujarat,Not Literate,"PLFS Year (Jul - Jun), 2019",39.367,0.000,False
India,Gujarat,Not Literate,"PLFS Year (Jul - Jun), 2020",37.767,0.000,False
India,Gujarat,Not Literate,"PLFS Year (Jul - Jun), 2021",39.033,0.000,False
India,Gujarat,Not Literate,"PLFS Year (Jul - Jun), 2022",46.600,0.000,False
India,Gujarat,Not Literate,"PLFS Year (Jul - Jun), 2023",48.367,0.000,False
India,Gujarat,Post Graduate & Above,"PLFS Year (Jul - Jun), 2017",31.600,0.000,False
India,Gujarat,Post Graduate & Above,"PLFS Year (Jul - Jun), 2018",30.600,0.000,False
India,Gujarat,Post Graduate & Above,"PLFS Year (Jul - Jun), 2019",32.400,0.000,False
India,Gujarat,Post Graduate & Above,"PLFS Year (Jul - Jun), 2020",37.667,0.000,False
India,Gujarat,Post Graduate & Above,"PLFS Year (Jul - Jun), 2021",36.033,0.000,False
India,Gujarat,Post Graduate & Above,"PLFS Year (Jul - Jun), 2022",43.167,0.000,False
India,Gujarat,Post Graduate & Above,"PLFS Year (Jul - Jun), 2023",40.600,0.000,False
India,Gujarat,Secondary,"PLFS Year (Jul - Jun), 2017",13.867,0.000,False
India,Gujarat,Secondary,"PLFS Year (Jul - Jun), 2018",14.367,0.000,False
India,Gujarat,Secondary,"PLFS Year (Jul - Jun), 2019",17.933,0.000,False
India,Gujarat,Secondary,"PLFS Year (Jul - Jun), 2020",18.533,0.000,False
India,Gujarat,Secondary,"PLFS Year (Jul - Jun), 2021",25.433,0.000,False
India,Gujarat,Secondary,"PLFS Year (Jul - Jun), 2022",28.867,0.000,False
India,Gujarat,Secondary,"PLFS Year (Jul - Jun), 2023",31.433,0.000,False
India,Gujarat,Secondary & Above,"PLFS Year (Jul - Jun), 2017",16.000,0.000,False
India,Gujarat,Secondary & Above,"PLFS Year (Jul - Jun), 2018",17.800,0.000,False
India,Gujarat,Secondary & Above,"PLFS Year (Jul - Jun), 2019",22.467,0.000,False
India,Gujarat,Secondary & Above,"PLFS Year (Jul - Jun), 2020",23.433,0.000,False
India,Gujarat,Secondary & Above,"PLFS Year (Jul - Jun), 2021",26.833,0.000,False
India,Gujarat,Secondary & Above,"PLFS Year (Jul - Jun), 2022",30.233,0.000,False
India,Gujarat,Secondary & Above,"PLFS Year (Jul - Jun), 2023",34.633,0.000,False
India,Haryana,All,"PLFS Year (Jul - Jun), 2017",12.700,0.000,False
India,Haryana,All,"PLFS Year (Jul - Jun), 2018",14.567,0.000,False
India,Haryana,All,"PLFS Year (Jul - Jun), 2019",15.300,0.000,False
India,Haryana,All,"PLFS Year (Jul - Jun), 2020",17.900,0.000,False
India,Haryana,All,"PLFS Year (Jul - Jun), 2021",17.467,0.000,False
India,Haryana,All,"PLFS Year (Jul - Jun), 2022",19.467,0.000,False
India,Haryana,All,"PLFS Year (Jul - Jun), 2023",23.200,0.000,False
India,Haryana,Diploma/ Certificate Course,"PLFS Year (Jul - Jun), 2017",14.100,0.000,False
India,Haryana,Diploma/ Certificate Course,"PLFS Year (Jul - Jun), 2018",32.633,0.000,False
India,Haryana,Diploma/ Certificate Course,"PLFS Year (Jul - Jun), 2019",32.000,0.000,False
India,Haryana,Diploma/ Certificate Course,"PLFS Year (Jul - Jun), 2020",29.500,0.000,False
India,Haryana,Diploma/ Certificate Course,"PLFS Year (Jul - Jun), 2021",35.300,0.000,False
India,Haryana,Diploma/ Certificate Course,"PLFS Year (Jul - Jun), 2022",26.800,0.000,False
India,Haryana,Diploma/ Certificate Course,"PLFS Year (Jul - Jun), 2023",27.033,0.000,False
India,Haryana,Graduate,"PLFS Year (Jul - Jun), 2017",13.233,0.000,False
India,Haryana,Graduate,"PLFS Year (Jul - Jun), 2018",18.667,0.000,False
India,Haryana,Graduate,"PLFS Year (Jul - Jun), 2019",18.000,0.000,False
India,Haryana,Graduate,"PLFS Year (Jul - Jun), 2020",15.700,0.000,False
India,Haryana,Graduate,"PLFS Year (Jul - Jun), 2021",14.533,0.000,False
India,Haryana,Graduate,"PLFS Year (Jul - Jun), 2022",18.900,0.000,False
India,Haryana,Graduate,"PLFS Year (Jul - Jun), 2023",22.400,0.000,False
India,Haryana,Higher Secondary,"PLFS Year (Jul - Jun), 2017",5.467,0.000,False
India,Haryana,Higher Secondary,"PLFS Year (Jul - Jun), 2018",4.600,0.000,False
India,Haryana,Higher Secondary,"PLFS Year (Jul - Jun), 2019",11.033,0.000,False
India,Haryana,Higher Secondary,"PLFS Year (Jul - Jun), 2020",10.500,0.000,False
India,Haryana,Higher Secondary,"PLFS Year (Jul - Jun), 2021",10.267,0.000,False
India,Haryana,Higher Secondary,"PLFS Year (Jul - Jun), 2022",13.367,0.000,False
India,Haryana,Higher Secondary,"PLFS Year (Jul - Jun), 2023",17.533,0.000,False
India,Haryana,Literate & Upto Primary,"PLFS Year (Jul - Jun), 2017",16.333,0.000,False
India,Haryana,Literate & Upto Primary,"PLFS Year (Jul - Jun), 2018",18.767,0.000,False
India,Haryana,Literate & Upto Primary,"PLFS Year (Jul - Jun), 2019",16.700,0.000,False
India,Haryana,Literate & Upto Primary,"PLFS Year (Jul - Jun), 2020",23.400,0.000,False
India,Haryana,Literate & Upto Primary,"PLFS Year (Jul - Jun), 2021",23.667,0.000,False
India,Haryana,Literate & Upto Primary,"PLFS Year (Jul - Jun), 2022",29.567,0.000,False
India,Haryana,Literate & Upto Primary,"PLFS Year (Jul - Jun), 2023",29.333,0.000,False
India,Haryana,Middle,"PLFS Year (Jul - Jun), 2017",10.700,0.000,False
India,Haryana,Middle,"PLFS Year (Jul - Jun), 2018",10.233,0.000,False
India,Haryana,Middle,"PLFS Year (Jul - Jun), 2019",11.833,0.000,False
India,Haryana,Middle,"PLFS Year (Jul - Jun), 2020",13.767,0.000,False
India,Haryana,Middle,"PLFS Year (Jul - Jun), 2021",12.200,0.000,False
India,Haryana,Middle,"PLFS Year (Jul - Jun), 2022",14.200,0.000,False
India,Haryana,Middle,"PLFS Year (Jul - Jun), 2023",21.500,0.000,False
India,Haryana,Not Literate,"PLFS Year (Jul - Jun), 2017",12.300,0.000,False
India,Haryana,Not Literate,"PLFS Year (Jul - Jun), 2018",14.200,0.000,False
India,Haryana,Not Literate,"PLFS Year (Jul - Jun), 2019",15.433,0.000,False
India,Haryana,Not Literate,"PLFS Year (Jul - Jun), 2020",20.967,0.000,False
India,Haryana,Not Literate,"PLFS Year (Jul - Jun), 2021",19.700,0.000,False
India,Haryana,Not Literate,"PLFS Year (Jul - Jun), 2022",21.900,0.000,False
India,Haryana,Not Literate,"PLFS Year (Jul - Jun), 2023",22.367,0.000,False
India,Haryana,Post Graduate & Above,"PLFS Year (Jul - Jun), 2017",37.633,0.000,False
India,Haryana,Post Graduate & Above,"PLFS Year (Jul - Jun), 2018",35.133,0.000,False
India,Haryana,Post Graduate & Above,"PLFS Year (Jul - Jun), 2019",33.600,0.000,False
India,Haryana,Post Graduate & Above,"PLFS Year (Jul - Jun), 2020",34.633,0.000,False
India,Haryana,Post Graduate & Above,"PLFS Year (Jul - Jun), 2021",39.167,0.000,False
India,Haryana,Post Graduate & Above,"PLFS Year (Jul - Jun), 2022",33.367,0.000,False
India,Haryana,Post Graduate & Above,"PLFS Year (Jul - Jun), 2023",30.300,0.000,False
India,Haryana,Secondary,"PLFS Year (Jul - Jun), 2017",10.533,0.000,False
India,Haryana,Secondary,"PLFS Year (Jul - Jun), 2018",8.867,0.000,False
India,Haryana,Secondary,"PLFS Year (Jul - Jun), 2019",8.267,0.000,False
India,Haryana,Secondary,"PLFS Year (Jul - Jun), 2020",9.833,0.000,False
India,Haryana,Secondary,"PLFS Year (Jul - Jun), 2021",9.900,0.000,False
India,Haryana,Secondary,"PLFS Year (Jul - Jun), 2022",7.700,0.000,False
India,Haryana,Secondary,"PLFS Year (Jul - Jun), 2023",17.933,0.000,False
India,Haryana,Secondary & Above,"PLFS Year (Jul - Jun), 2017",12.600,0.000,False
India,Haryana,Secondary & Above,"PLFS Year (Jul - Jun), 2018",13.867,0.000,False
India,Haryana,Secondary & Above,"PLFS Year (Jul - Jun), 2019",15.600,0.000,False
India,Haryana,Secondary & Above,"PLFS Year (Jul - Jun), 2020",15.133,0.000,False
India,Haryana,Secondary & Above,"PLFS Year (Jul - Jun), 2021",15.233,0.000,False
India,Haryana,Secondary & Above,"PLFS Year (Jul - Jun), 2022",15.733,0.000,False
India,Haryana,Secondary & Above,"PLFS Year (Jul - Jun), 2023",21.733,0.000,False
India,Himachal Pradesh,All,"PLFS Year (Jul - Jun), 2017",39.600,0.000,False
India,Himachal Pradesh,All,"PLFS Year (Jul - Jun), 2018",47.467,0.000,False
India,Himachal Pradesh,All,"PLFS Year (Jul - Jun), 2019",55.500,0.000,False
India,Himachal Pradesh,All,"PLFS Year (Jul - Jun), 2020",52.067,0.000,False
India,Himachal Pradesh,All,"PLFS Year (Jul - Jun), 2021",54.300,0.000,False
India,Himachal Pradesh,All,"PLFS Year (Jul - Jun), 2022",56.033,0.000,False
India,Himachal Pradesh,All,"PLFS Year (Jul - Jun), 2023",54.833,0.000,False
India,Himachal Pradesh,Diploma/ Certificate Course,"PLFS Year (Jul - Jun), 2017",62.567,0.000,False
India,Himachal Pradesh,Diploma/ Certificate Course,"PLFS Year (Jul - Jun), 2018",63.833,0.000,False
India,Himachal Pradesh,Diploma/ Certificate Course,"PLFS Year (Jul - Jun), 2019",60.967,0.000,False
India,Himachal Pradesh,Diploma/ Certificate Course,"PLFS Year (Jul - Jun), 2020",69.700,0.000,False
India,Himachal Pradesh,Diploma/ Certificate Course,"PLFS Year (Jul - Jun), 2021",69.600,0.000,False
India,Himachal Pradesh,Diploma/ Certificate Course,"PLFS Year (Jul - Jun), 2022",60.633,0.000,False
India,Himachal Pradesh,Diploma/ Certificate Course,"PLFS Year (Jul - Jun), 2023",77.200,0.000,False
India,Himachal Pradesh,Graduate,"PLFS Year (Jul - Jun), 2017",25.267,0.000,False
India,Himachal Pradesh,Graduate,"PLFS Year (Jul - Jun), 2018",25.533,0.000,False
India,Himachal Pradesh,Graduate,"PLFS Year (Jul - Jun), 2019",45.500,0.000,False
India,Himachal Pradesh,Graduate,"PLFS Year (Jul - Jun), 2020",42.400,0.000,False
India,Himachal Pradesh,Graduate,"PLFS Year (Jul - Jun), 2021",52.000,0.000,False
India,Himachal Pradesh,Graduate,"PLFS Year (Jul - Jun), 2022",48.400,0.000,False
India,Himachal Pradesh,Graduate,"PLFS Year (Jul - Jun), 2023",45.633,0.000,False
India,Himachal Pradesh,Higher Secondary,"PLFS Year (Jul - Jun), 2017",35.100,0.000,False
India,Himachal Pradesh,Higher Secondary,"PLFS Year (Jul - Jun), 2018",35.200,0.000,False
India,Himachal Pradesh,Higher Secondary,"PLFS Year (Jul - Jun), 2019",46.967,0.000,False
India,Himachal Pradesh,Higher Secondary,"PLFS Year (Jul - Jun), 2020",43.100,0.000,False
India,Himachal Pradesh,Higher Secondary,"PLFS Year (Jul - Jun), 2021",44.100,0.000,False
India,Himachal Pradesh,Higher Secondary,"PLFS Year (Jul - Jun), 2022",47.067,0.000,False
India,Himachal Pradesh,Higher Secondary,"PLFS Year (Jul - Jun), 2023",48.667,0.000,False
India,Himachal Pradesh,Literate & Upto Primary,"PLFS Year (Jul - Jun), 2017",51.267,0.000,False
India,Himachal Pradesh,Literate & Upto Primary,"PLFS Year (Jul - Jun), 2018",58.033,0.000,False
India,Himachal Pradesh,Literate & Upto Primary,"PLFS Year (Jul - Jun), 2019",67.100,0.000,False
India,Himachal Pradesh,Literate & Upto Primary,"PLFS Year (Jul - Jun), 2020",70.167,0.000,False
India,Himachal Pradesh,Literate & Upto Primary,"PLFS Year (Jul - Jun), 2021",69.833,0.000,False
India,Himachal Pradesh,Literate & Upto Primary,"PLFS Year (Jul - Jun), 2022",66.867,0.000,False
India,Himachal Pradesh,Literate & Upto Primary,"PLFS Year (Jul - Jun), 2023",66.867,0.000,False
India,Himachal Pradesh,Middle,"PLFS Year (Jul - Jun), 2017",44.567,0.000,False
India,Himachal Pradesh,Middle,"PLFS Year (Jul - Jun), 2018",56.367,0.000,False
India,Himachal Pradesh,Middle,"PLFS Year (Jul - Jun), 2019",61.600,0.000,False
India,Himachal Pradesh,Middle,"PLFS Year (Jul - Jun), 2020",53.733,0.000,False
India,Himachal Pradesh,Middle,"PLFS Year (Jul - Jun), 2021",58.567,0.000,False
India,Himachal Pradesh,Middle,"PLFS Year (Jul - Jun), 2022",61.300,0.000,False
India,Himachal Pradesh,Middle,"PLFS Year (Jul - Jun), 2023",58.100,0.000,False
India,Himachal Pradesh,Not Literate,"PLFS Year (Jul - Jun), 2017",36.067,0.000,False
India,Himachal Pradesh,Not Literate,"PLFS Year (Jul - Jun), 2018",48.767,0.000,False
India,Himachal Pradesh,Not Literate,"PLFS Year (Jul - Jun), 2019",54.133,0.000,False
India,Himachal Pradesh,Not Literate,"PLFS Year (Jul - Jun), 2020",48.233,0.000,False
India,Himachal Pradesh,Not Literate,"PLFS Year (Jul - Jun), 2021",44.367,0.000,False
India,Himachal Pradesh,Not Literate,"PLFS Year (Jul - Jun), 2022",47.400,0.000,False
India,Himachal Pradesh,Not Literate,"PLFS Year (Jul - Jun), 2023",44.333,0.000,False
India,Himachal Pradesh,Post Graduate & Above,"PLFS Year (Jul - Jun), 2017",31.367,0.000,False
India,Himachal Pradesh,Post Graduate & Above,"PLFS Year (Jul - Jun), 2018",53.633,0.000,False
India,Himachal Pradesh,Post Graduate & Above,"PLFS Year (Jul - Jun), 2019",66.600,0.000,False
India,Himachal Pradesh,Post Graduate & Above,"PLFS Year (Jul - Jun), 2020",59.300,0.000,False
India,Himachal Pradesh,Post Graduate & Above,"PLFS Year (Jul - Jun), 2021",52.867,0.000,False
India,Himachal Pradesh,Post Graduate & Above,"PLFS Year (Jul - Jun), 2022",59.500,0.000,False
India,Himachal Pradesh,Post Graduate & Above,"PLFS Year (Jul - Jun), 2023",59.433,0.000,False
India,Himachal Pradesh,Secondary,"PLFS Year (Jul - Jun), 2017",36.400,0.000,False
India,Himachal Pradesh,Secondary,"PLFS Year (Jul - Jun), 2018",45.767,0.000,False
India,Himachal Pradesh,Secondary,"PLFS Year (Jul - Jun), 2019",46.867,0.000,False
India,Himachal Pradesh,Secondary,"PLFS Year (Jul - Jun), 2020",50.267,0.000,False
India,Himachal Pradesh,Secondary,"PLFS Year (Jul - Jun), 2021",52.433,0.000,False
India,Himachal Pradesh,Secondary,"PLFS Year (Jul - Jun), 2022",58.000,0.000,False
India,Himachal Pradesh,Secondary,"PLFS Year (Jul - Jun), 2023",51.933,0.000,False
India,Himachal Pradesh,Secondary & Above,"PLFS Year (Jul - Jun), 2017",35.833,0.000,False
India,Himachal Pradesh,Secondary & Above,"PLFS Year (Jul - Jun), 2018",41.933,0.000,False
India,Himachal Pradesh,Secondary & Above,"PLFS Year (Jul - Jun), 2019",50.733,0.000,False
India,Himachal Pradesh,Secondary & Above,"PLFS Year (Jul - Jun), 2020",49.400,0.000,False
India,Himachal Pradesh,Secondary & Above,"PLFS Year (Jul - Jun), 2021",51.467,0.000,False
India,Himachal Pradesh,Secondary & Above,"PLFS Year (Jul - Jun), 2022",54.100,0.000,False
India,Himachal Pradesh,Secondary & Above,"PLFS Year (Jul - Jun), 2023",53.333,0.000,False
India,Jammu and Kashmir,All,"PLFS Year (Jul - Jun), 2017",25.267,0.000,False
India,Jammu and Kashmir,All,"PLFS Year (Jul - Jun), 2018",27.033,0.000,False
India,Jammu and Kashmir,All,"PLFS Year (Jul - Jun), 2019",29.600,0.000,False
India,Jammu and Kashmir,All,"PLFS Year (Jul - Jun), 2020",35.167,0.000,False
India,Jammu and Kashmir,All,"PLFS Year (Jul - Jun), 2021",36.433,0.000,False
India,Jammu and Kashmir,All,"PLFS Year (Jul - Jun), 2022",40.133,0.000,False
India,Jammu and Kashmir,All,"PLFS Year (Jul - Jun), 2023",41.333,0.000,False
India,Jammu and Kashmir,Diploma/ Certificate Course,"PLFS Year (Jul - Jun), 2017",58.500,0.000,False
India,Jammu and Kashmir,Diploma/ Certificate Course,"PLFS Year (Jul - Jun), 2018",34.467,0.000,False
India,Jammu and Kashmir,Diploma/ Certificate Course,"PLFS Year (Jul - Jun), 2019",19.067,0.000,False
India,Jammu and Kashmir,Diploma/ Certificate Course,"PLFS Year (Jul - Jun), 2020",42.000,0.000,False
India,Jammu and Kashmir,Diploma/ Certificate Course,"PLFS Year (Jul - Jun), 2021",40.800,0.000,False
India,Jammu and Kashmir,Diploma/ Certificate Course,"PLFS Year (Jul - Jun), 2022",12.333,0.000,False
India,Jammu and Kashmir,Diploma/ Certificate Course,"PLFS Year (Jul - Jun), 2023",69.667,0.000,False
India,Jammu and Kashmir,Graduate,"PLFS Year (Jul - Jun), 2017",22.667,0.000,False
India,Jammu and Kashmir,Graduate,"PLFS Year (Jul - Jun), 2018",25.000,0.000,False
India,Jammu and Kashmir,Graduate,"PLFS Year (Jul - Jun), 2019",25.867,0.000,False
India,Jammu and Kashmir,Graduate,"PLFS Year (Jul - Jun), 2020",22.433,0.000,False
India,Jammu and Kashmir,Graduate,"PLFS Year (Jul - Jun), 2021",25.333,0.000,False
India,Jammu and Kashmir,Graduate,"PLFS Year (Jul - Jun), 2022",31.333,0.000,False
India,Jammu and Kashmir,Graduate,"PLFS Year (Jul - Jun), 2023",30.900,0.000,False
India,Jammu and Kashmir,Higher Secondary,"PLFS Year (Jul - Jun), 2017",17.467,0.000,False
India,Jammu and Kashmir,Higher Secondary,"PLFS Year (Jul - Jun), 2018",14.867,0.000,False
India,Jammu and Kashmir,Higher Secondary,"PLFS Year (Jul - Jun), 2019",17.700,0.000,False
India,Jammu and Kashmir,Higher Secondary,"PLFS Year (Jul - Jun), 2020",20.100,0.000,False
India,Jammu and Kashmir,Higher Secondary,"PLFS Year (Jul - Jun), 2021",25.200,0.000,False
India,Jammu and Kashmir,Higher Secondary,"PLFS Year (Jul - Jun), 2022",28.967,0.000,False
India,Jammu and Kashmir,Higher Secondary,"PLFS Year (Jul - Jun), 2023",26.000,0.000,False
India,Jammu and Kashmir,Literate & Upto Primary,"PLFS Year (Jul - Jun), 2017",32.400,0.000,False
India,Jammu and Kashmir,Literate & Upto Primary,"PLFS Year (Jul - Jun), 2018",35.267,0.000,False
India,Jammu and Kashmir,Literate & Upto Primary,"PLFS Year (Jul - Jun), 2019",36.933,0.000,False
India,Jammu and Kashmir,Literate & Upto Primary,"PLFS Year (Jul - Jun), 2020",43.133,0.000,False
India,Jammu and Kashmir,Literate & Upto Primary,"PLFS Year (Jul - Jun), 2021",40.033,0.000,False
India,Jammu and Kashmir,Literate & Upto Primary,"PLFS Year (Jul - Jun), 2022",47.033,0.000,False
India,Jammu and Kashmir,Literate & Upto Primary,"PLFS Year (Jul - Jun), 2023",61.800,0.000,False
India,Jammu and Kashmir,Middle,"PLFS Year (Jul - Jun), 2017",21.600,0.000,False
India,Jammu and Kashmir,Middle,"PLFS Year (Jul - Jun), 2018",24.567,0.000,False
India,Jammu and Kashmir,Middle,"PLFS Year (Jul - Jun), 2019",28.267,0.000,False
India,Jammu and Kashmir,Middle,"PLFS Year (Jul - Jun), 2020",32.733,0.000,False
India,Jammu and Kashmir,Middle,"PLFS Year (Jul - Jun), 2021",34.500,0.000,False
India,Jammu and Kashmir,Middle,"PLFS Year (Jul - Jun), 2022",33.167,0.000,False
India,Jammu and Kashmir,Middle,"PLFS Year (Jul - Jun), 2023",38.667,0.000,False
India,Jammu and Kashmir,Not Literate,"PLFS Year (Jul - Jun), 2017",27.067,0.000,False
India,Jammu and Kashmir,Not Literate,"PLFS Year (Jul - Jun), 2018",29.933,0.000,False
India,Jammu and Kashmir,Not Literate,"PLFS Year (Jul - Jun), 2019",32.100,0.000,False
India,Jammu and Kashmir,Not Literate,"PLFS Year (Jul - Jun), 2020",42.467,0.000,False
India,Jammu and Kashmir,Not Literate,"PLFS Year (Jul - Jun), 2021",45.000,0.000,False
India,Jammu and Kashmir,Not Literate,"PLFS Year (Jul - Jun), 2022",47.567,0.000,False
India,Jammu and Kashmir,Not Literate,"PLFS Year (Jul - Jun), 2023",48.833,0.000,False
India,Jammu and Kashmir,Post Graduate & Above,"PLFS Year (Jul - Jun), 2017",45.700,0.000,False
India,Jammu and Kashmir,Post Graduate & Above,"PLFS Year (Jul - Jun), 2018",40.133,0.000,False
India,Jammu and Kashmir,Post Graduate & Above,"PLFS Year (Jul - Jun), 2019",37.200,0.000,False
India,Jammu and Kashmir,Post Graduate & Above,"PLFS Year (Jul - Jun), 2020",45.433,0.000,False
India,Jammu and Kashmir,Post Graduate & Above,"PLFS Year (Jul - Jun), 2021",33.167,0.000,False
India,Jammu and Kashmir,Post Graduate & Above,"PLFS Year (Jul - Jun), 2022",47.333,0.000,False
India,Jammu and Kashmir,Post Graduate & Above,"PLFS Year (Jul - Jun), 2023",41.500,0.000,False
India,Jammu and Kashmir,Secondary,"PLFS Year (Jul - Jun), 2017",15.167,0.000,False
India,Jammu and Kashmir,Secondary,"PLFS Year (Jul - Jun), 2018",16.300,0.000,False
India,Jammu and Kashmir,Secondary,"PLFS Year (Jul - Jun), 2019",21.300,0.000,False
India,Jammu and Kashmir,Secondary,"PLFS Year (Jul - Jun), 2020",24.400,0.000,False
India,Jammu and Kashmir,Secondary,"PLFS Year (Jul - Jun), 2021",26.867,0.000,False
India,Jammu and Kashmir,Secondary,"PLFS Year (Jul - Jun), 2022",34.533,0.000,False
India,Jammu and Kashmir,Secondary,"PLFS Year (Jul - Jun), 2023",30.667,0.000,False
India,Jammu and Kashmir,Secondary & Above,"PLFS Year (Jul - Jun), 2017",21.033,0.000,False
India,Jammu and Kashmir,Secondary & Above,"PLFS Year (Jul - Jun), 2018",21.233,0.000,False
India,Jammu and Kashmir,Secondary & Above,"PLFS Year (Jul - Jun), 2019",23.867,0.000,False
India,Jammu and Kashmir,Secondary & Above,"PLFS Year (Jul - Jun), 2020",26.033,0.000,False
India,Jammu and Kashmir,Secondary & Above,"PLFS Year (Jul - Jun), 2021",27.033,0.000,False
India,Jammu and Kashmir,Secondary & Above,"PLFS Year (Jul - Jun), 2022",34.033,0.000,False
India,Jammu and Kashmir,Secondary & Above,"PLFS Year (Jul - Jun), 2023",31.233,0.000,False
India,Jharkhand,All,"PLFS Year (Jul - Jun), 2017",14.100,0.000,False
India,Jharkhand,All,"PLFS Year (Jul - Jun), 2018",18.167,0.000,False
India,Jharkhand,All,"PLFS Year (Jul - Jun), 2019",30.100,0.000,False
India,Jharkhand,All,"PLFS Year (Jul - Jun), 2020",37.267,0.000,False
India,Jharkhand,All,"PLFS Year (Jul - Jun), 2021",38.433,0.000,False
India,Jharkhand,All,"PLFS Year (Jul - Jun), 2022",37.833,0.000,False
India,Jharkhand,All,"PLFS Year (Jul - Jun), 2023",41.700,0.000,False
India,Jharkhand,Diploma/ Certificate Course,"PLFS Year (Jul - Jun), 2017",43.333,0.000,False
India,Jharkhand,Diploma/ Certificate Course,"PLFS Year (Jul - Jun), 2018",44.400,0.000,False
India,Jharkhand,Diploma/ Certificate Course,"PLFS Year (Jul - Jun), 2019",14.333,0.000,False
India,Jharkhand,Diploma/ Certificate Course,"PLFS Year (Jul - Jun), 2020",10.933,0.000,False
India,Jharkhand,Diploma/ Certificate Course,"PLFS Year (Jul - Jun), 2021",47.700,0.000,False
India,Jharkhand,Diploma/ Certificate Course,"PLFS Year (Jul - Jun), 2022",0.000,0.000,False
India,Jharkhand,Diploma/ Certificate Course,"PLFS Year (Jul - Jun), 2023",0.000,0.000,False
India,Jharkhand,Graduate,"PLFS Year (Jul - Jun), 2017",14.233,0.000,False
India,Jharkhand,Graduate,"PLFS Year (Jul - Jun), 2018",25.500,0.000,False
India,Jharkhand,Graduate,"PLFS Year (Jul - Jun), 2019",22.133,0.000,False
India,Jharkhand,Graduate,"PLFS Year (Jul - Jun), 2020",39.167,0.000,False
India,Jharkhand,Graduate,"PLFS Year (Jul - Jun), 2021",34.200,0.000,False
India,Jharkhand,Graduate,"PLFS Year (Jul - Jun), 2022",22.667,0.000,False
India,Jharkhand,Graduate,"PLFS Year (Jul - Jun), 2023",31.600,0.000,False
India,Jharkhand,Higher Secondary,"PLFS Year (Jul - Jun), 2017",7.133,0.000,False
India,Jharkhand,Higher Secondary,"PLFS Year (Jul - Jun), 2018",9.567,0.000,False
India,Jharkhand,Higher Secondary,"PLFS Year (Jul - Jun), 2019",19.800,0.000,False
India,Jharkhand,Higher Secondary,"PLFS Year (Jul - Jun), 2020",24.333,0.000,False
India,Jharkhand,Higher Secondary,"PLFS Year (Jul - Jun), 2021",24.000,0.000,False
India,Jharkhand,Higher Secondary,"PLFS Year (Jul - Jun), 2022",23.900,0.000,False
India,Jharkhand,Higher Secondary,"PLFS Year (Jul - Jun), 2023",29.167,0.000,False
India,Jharkhand,Literate & Upto Primary,"PLFS Year (Jul - Jun), 2017",12.867,0.000,False
India,Jharkhand,Literate & Upto Primary,"PLFS Year (Jul - Jun), 2018",17.933,0.000,False
India,Jharkhand,Literate & Upto Primary,"PLFS Year (Jul - Jun), 2019",32.533,0.000,False
India,Jharkhand,Literate & Upto Primary,"PLFS Year (Jul - Jun), 2020",38.500,0.000,False
India,Jharkhand,Literate & Upto Primary,"PLFS Year (Jul - Jun), 2021",46.033,0.000,False
India,Jharkhand,Literate & Upto Primary,"PLFS Year (Jul - Jun), 2022",51.467,0.000,False
India,Jharkhand,Literate & Upto Primary,"PLFS Year (Jul - Jun), 2023",56.833,0.000,False
India,Jharkhand,Middle,"PLFS Year (Jul - Jun), 2017",11.133,0.000,False
India,Jharkhand,Middle,"PLFS Year (Jul - Jun), 2018",12.967,0.000,False
India,Jharkhand,Middle,"PLFS Year (Jul - Jun), 2019",30.667,0.000,False
India,Jharkhand,Middle,"PLFS Year (Jul - Jun), 2020",29.500,0.000,False
India,Jharkhand,Middle,"PLFS Year (Jul - Jun), 2021",32.400,0.000,False
India,Jharkhand,Middle,"PLFS Year (Jul - Jun), 2022",30.767,0.000,False
India,Jharkhand,Middle,"PLFS Year (Jul - Jun), 2023",33.967,0.000,False
India,Jharkhand,Not Literate,"PLFS Year (Jul - Jun), 2017",18.733,0.000,False
India,Jharkhand,Not Literate,"PLFS Year (Jul - Jun), 2018",24.600,0.000,False
India,Jharkhand,Not Literate,"PLFS Year (Jul - Jun), 2019",35.233,0.000,False
India,Jharkhand,Not Literate,"PLFS Year (Jul - Jun), 2020",44.967,0.000,False
India,Jharkhand,Not Literate,"PLFS Year (Jul - Jun), 2021",43.200,0.000,False
India,Jharkhand,Not Literate,"PLFS Year (Jul - Jun), 2022",45.500,0.000,False
India,Jharkhand,Not Literate,"PLFS Year (Jul - Jun), 2023",49.067,0.000,False
India,Jharkhand,Post Graduate & Above,"PLFS Year (Jul - Jun), 2017",22.200,0.000,False
India,Jharkhand,Post Graduate & Above,"PLFS Year (Jul - Jun), 2018",55.167,0.000,False
India,Jharkhand,Post Graduate & Above,"PLFS Year (Jul - Jun), 2019",38.833,0.000,False
India,Jharkhand,Post Graduate & Above,"PLFS Year (Jul - Jun), 2020",30.167,0.000,False
India,Jharkhand,Post Graduate & Above,"PLFS Year (Jul - Jun), 2021",28.433,0.000,False
India,Jharkhand,Post Graduate & Above,"PLFS Year (Jul - Jun), 2022",31.333,0.000,False
India,Jharkhand,Post Graduate & Above,"PLFS Year (Jul - Jun), 2023",35.500,0.000,False
India,Jharkhand,Secondary,"PLFS Year (Jul - Jun), 2017",7.733,0.000,False
India,Jharkhand,Secondary,"PLFS Year (Jul - Jun), 2018",11.133,0.000,False
India,Jharkhand,Secondary,"PLFS Year (Jul - Jun), 2019",16.867,0.000,False
India,Jharkhand,Secondary,"PLFS Year (Jul - Jun), 2020",28.567,0.000,False
India,Jharkhand,Secondary,"PLFS Year (Jul - Jun), 2021",27.033,0.000,False
India,Jharkhand,Secondary,"PLFS Year (Jul - Jun), 2022",28.100,0.000,False
India,Jharkhand,Secondary,"PLFS Year (Jul - Jun), 2023",28.867,0.000,False
India,Jharkhand,Secondary & Above,"PLFS Year (Jul - Jun), 2017",10.000,0.000,False
India,Jharkhand,Secondary & Above,"PLFS Year (Jul - Jun), 2018",14.567,0.000,False
India,Jharkhand,Secondary & Above,"PLFS Year (Jul - Jun), 2019",19.633,0.000,False
India,Jharkhand,Secondary & Above,"PLFS Year (Jul - Jun), 2020",29.733,0.000,False
India,Jharkhand,Secondary & Above,"PLFS Year (Jul - Jun), 2021",28.500,0.000,False
India,Jharkhand,Secondary & Above,"PLFS Year (Jul - Jun), 2022",26.300,0.000,False
India,Jharkhand,Secondary & Above,"PLFS Year (Jul - Jun), 2023",30.133,0.000,False
India,Karnataka,All,"PLFS Year (Jul - Jun), 2017",24.400,0.000,False
India,Karnataka,All,"PLFS Year (Jul - Jun), 2018",23.567,0.000,False
India,Karnataka,All,"PLFS Year (Jul - Jun), 2019",30.600,0.000,False
India,Karnataka,All,"PLFS Year (Jul - Jun), 2020",33.533,0.000,False
India,Karnataka,All,"PLFS Year (Jul - Jun), 2021",29.700,0.000,False
India,Karnataka,All,"PLFS Year (Jul - Jun), 2022",36.000,0.000,False
India,Karnataka,All,"PLFS Year (Jul - Jun), 2023",35.933,0.000,False
India,Karnataka,Diploma/ Certificate Course,"PLFS Year (Jul - Jun), 2017",29.200,0.000,False
India,Karnataka,Diploma/ Certificate Course,"PLFS Year (Jul - Jun), 2018",22.067,0.000,False
India,Karnataka,Diploma/ Certificate Course,"PLFS Year (Jul - Jun), 2019",45.000,0.000,False
India,Karnataka,Diploma/ Certificate Course,"PLFS Year (Jul - Jun), 2020",35.233,0.000,False
India,Karnataka,Diploma/ Certificate Course,"PLFS Year (Jul - Jun), 2021",40.933,0.000,False
India,Karnataka,Diploma/ Certificate Course,"PLFS Year (Jul - Jun), 2022",29.100,0.000,False
India,Karnataka,Diploma/ Certificate Course,"PLFS Year (Jul - Jun), 2023",55.867,0.000,False
India,Karnataka,Graduate,"PLFS Year (Jul - Jun), 2017",27.700,0.000,False
India,Karnataka,Graduate,"PLFS Year (Jul - Jun), 2018",23.367,0.000,False
India,Karnataka,Graduate,"PLFS Year (Jul - Jun), 2019",26.667,0.000,False
India,Karnataka,Graduate,"PLFS Year (Jul - Jun), 2020",24.633,0.000,False
India,Karnataka,Graduate,"PLFS Year (Jul - Jun), 2021",24.967,0.000,False
India,Karnataka,Graduate,"PLFS Year (Jul - Jun), 2022",32.733,0.000,False
India,Karnataka,Graduate,"PLFS Year (Jul - Jun), 2023",32.767,0.000,False
India,Karnataka,Higher Secondary,"PLFS Year (Jul - Jun), 2017",8.367,0.000,False
India,Karnataka,Higher Secondary,"PLFS Year (Jul - Jun), 2018",7.433,0.000,False
India,Karnataka,Higher Secondary,"PLFS Year (Jul - Jun), 2019",17.500,0.000,False
India,Karnataka,Higher Secondary,"PLFS Year (Jul - Jun), 2020",16.967,0.000,False
India,Karnataka,Higher Secondary,"PLFS Year (Jul - Jun), 2021",14.767,0.000,False
India,Karnataka,Higher Secondary,"PLFS Year (Jul - Jun), 2022",19.667,0.000,False
India,Karnataka,Higher Secondary,"PLFS Year (Jul - Jun), 2023",20.700,0.000,False
India,Karnataka,Literate & Upto Primary,"PLFS Year (Jul - Jun), 2017",33.600,0.000,False
India,Karnataka,Literate & Upto Primary,"PLFS Year (Jul - Jun), 2018",35.367,0.000,False
India,Karnataka,Literate & Upto Primary,"PLFS Year (Jul - Jun), 2019",31.100,0.000,False
India,Karnataka,Literate & Upto Primary,"PLFS Year (Jul - Jun), 2020",44.700,0.000,False
India,Karnataka,Literate & Upto Primary,"PLFS Year (Jul - Jun), 2021",40.400,0.000,False
India,Karnataka,Literate & Upto Primary,"PLFS Year (Jul - Jun), 2022",47.400,0.000,False
India,Karnataka,Literate & Upto Primary,"PLFS Year (Jul - Jun), 2023",45.667,0.000,False
India,Karnataka,Middle,"PLFS Year (Jul - Jun), 2017",16.967,0.000,False
India,Karnataka,Middle,"PLFS Year (Jul - Jun), 2018",19.867,0.000,False
India,Karnataka,Middle,"PLFS Year (Jul - Jun), 2019",29.467,0.000,False
India,Karnataka,Middle,"PLFS Year (Jul - Jun), 2020",32.700,0.000,False
India,Karnataka,Middle,"PLFS Year (Jul - Jun), 2021",26.533,0.000,False
India,Karnataka,Middle,"PLFS Year (Jul - Jun), 2022",31.367,0.000,False
India,Karnataka,Middle,"PLFS Year (Jul - Jun), 2023",33.633,0.000,False
India,Karnataka,Not Literate,"PLFS Year (Jul - Jun), 2017",29.933,0.000,False
India,Karnataka,Not Literate,"PLFS Year (Jul - Jun), 2018",25.700,0.000,False
India,Karnataka,Not Literate,"PLFS Year (Jul - Jun), 2019",40.967,0.000,False
India,Karnataka,Not Literate,"PLFS Year (Jul - Jun), 2020",39.200,0.000,False
India,Karnataka,Not Literate,"PLFS Year (Jul - Jun), 2021",35.000,0.000,False
India,Karnataka,Not Literate,"PLFS Year (Jul - Jun), 2022",41.400,0.000,False
India,Karnataka,Not Literate,"PLFS Year (Jul - Jun), 2023",39.933,0.000,False
India,Karnataka,Post Graduate & Above,"PLFS Year (Jul - Jun), 2017",45.533,0.000,False
India,Karnataka,Post Graduate & Above,"PLFS Year (Jul - Jun), 2018",32.333,0.000,False
India,Karnataka,Post Graduate & Above,"PLFS Year (Jul - Jun), 2019",50.600,0.000,False
India,Karnataka,Post Graduate & Above,"PLFS Year (Jul - Jun), 2020",46.200,0.000,False
India,Karnataka,Post Graduate & Above,"PLFS Year (Jul - Jun), 2021",28.433,0.000,False
India,Karnataka,Post Graduate & Above,"PLFS Year (Jul - Jun), 2022",46.800,0.000,False
India,Karnataka,Post Graduate & Above,"PLFS Year (Jul - Jun), 2023",57.300,0.000,False
India,Karnataka,Secondary,"PLFS Year (Jul - Jun), 2017",16.433,0.000,False
India,Karnataka,Secondary,"PLFS Year (Jul - Jun), 2018",15.500,0.000,False
India,Karnataka,Secondary,"PLFS Year (Jul - Jun), 2019",20.300,0.000,False
India,Karnataka,Secondary,"PLFS Year (Jul - Jun), 2020",23.700,0.000,False
India,Karnataka,Secondary,"PLFS Year (Jul - Jun), 2021",18.633,0.000,False
India,Karnataka,Secondary,"PLFS Year (Jul - Jun), 2022",25.533,0.000,False
India,Karnataka,Secondary,"PLFS Year (Jul - Jun), 2023",26.667,0.000,False
India,Karnataka,Secondary & Above,"PLFS Year (Jul - Jun), 2017",18.233,0.000,False
India,Karnataka,Secondary & Above,"PLFS Year (Jul - Jun), 2018",17.000,0.000,False
India,Karnataka,Secondary & Above,"PLFS Year (Jul - Jun), 2019",23.333,0.000,False
India,Karnataka,Secondary & Above,"PLFS Year (Jul - Jun), 2020",24.267,0.000,False
India,Karnataka,Secondary & Above,"PLFS Year (Jul - Jun), 2021",21.067,0.000,False
India,Karnataka,Secondary & Above,"PLFS Year (Jul - Jun), 2022",28.100,0.000,False
India,Karnataka,Secondary & Above,"PLFS Year (Jul - Jun), 2023",29.167,0.000,False
India,Kerala,All,"PLFS Year (Jul - Jun), 2017",20.333,0.000,False
India,Kerala,All,"PLFS Year (Jul - Jun), 2018",25.267,0.000,False
India,Kerala,All,"PLFS Year (Jul - Jun), 2019",27.067,0.000,False
India,Kerala,All,"PLFS Year (Jul - Jun), 2020",28.067,0.000,False
India,Kerala,All,"PLFS Year (Jul - Jun), 2021",31.967,0.000,False
India,Kerala,All,"PLFS Year (Jul - Jun), 2022",33.267,0.000,False
India,Kerala,All,"PLFS Year (Jul - Jun), 2023",35.933,0.000,False
India,Kerala,Diploma/ Certificate Course,"PLFS Year (Jul - Jun), 2017",37.700,0.000,False
India,Kerala,Diploma/ Certificate Course,"PLFS Year (Jul - Jun), 2018",33.833,0.000,False
India,Kerala,Diploma/ Certificate Course,"PLFS Year (Jul - Jun), 2019",46.800,0.000,False
India,Kerala,Diploma/ Certificate Course,"PLFS Year (Jul - Jun), 2020",42.433,0.000,False
India,Kerala,Diploma/ Certificate Course,"PLFS Year (Jul - Jun), 2021",44.533,0.000,False
India,Kerala,Diploma/ Certificate Course,"PLFS Year (Jul - Jun), 2022",44.767,0.000,False
India,Kerala,Diploma/ Certificate Course,"PLFS Year (Jul - Jun), 2023",48.800,0.000,False
India,Kerala,Graduate,"PLFS Year (Jul - Jun), 2017",25.633,0.000,False
India,Kerala,Graduate,"PLFS Year (Jul - Jun), 2018",29.733,0.000,False
India,Kerala,Graduate,"PLFS Year (Jul - Jun), 2019",29.333,0.000,False
India,Kerala,Graduate,"PLFS Year (Jul - Jun), 2020",32.300,0.000,False
India,Kerala,Graduate,"PLFS Year (Jul - Jun), 2021",36.700,0.000,False
India,Kerala,Graduate,"PLFS Year (Jul - Jun), 2022",38.967,0.000,False
India,Kerala,Graduate,"PLFS Year (Jul - Jun), 2023",40.533,0.000,False
India,Kerala,Higher Secondary,"PLFS Year (Jul - Jun), 2017",11.100,0.000,False
India,Kerala,Higher Secondary,"PLFS Year (Jul - Jun), 2018",14.967,0.000,False
India,Kerala,Higher Secondary,"PLFS Year (Jul - Jun), 2019",17.433,0.000,False
India,Kerala,Higher Secondary,"PLFS Year (Jul - Jun), 2020",16.767,0.000,False
India,Kerala,Higher Secondary,"PLFS Year (Jul - Jun), 2021",22.400,0.000,False
India,Kerala,Higher Secondary,"PLFS Year (Jul - Jun), 2022",17.233,0.000,False
India,Kerala,Higher Secondary,"PLFS Year (Jul - Jun), 2023",19.600,0.000,False
India,Kerala,Literate & Upto Primary,"PLFS Year (Jul - Jun), 2017",18.000,0.000,False
India,Kerala,Literate & Upto Primary,"PLFS Year (Jul - Jun), 2018",24.933,0.000,False
India,Kerala,Literate & Upto Primary,"PLFS Year (Jul - Jun), 2019",24.367,0.000,False
India,Kerala,Literate & Upto Primary,"PLFS Year (Jul - Jun), 2020",26.900,0.000,False
India,Kerala,Literate & Upto Primary,"PLFS Year (Jul - Jun), 2021",34.233,0.000,False
India,Kerala,Literate & Upto Primary,"PLFS Year (Jul - Jun), 2022",29.433,0.000,False
India,Kerala,Literate & Upto Primary,"PLFS Year (Jul - Jun), 2023",33.000,0.000,False
India,Kerala,Middle,"PLFS Year (Jul - Jun), 2017",20.400,0.000,False
India,Kerala,Middle,"PLFS Year (Jul - Jun), 2018",25.933,0.000,False
India,Kerala,Middle,"PLFS Year (Jul - Jun), 2019",29.433,0.000,False
India,Kerala,Middle,"PLFS Year (Jul - Jun), 2020",28.700,0.000,False
India,Kerala,Middle,"PLFS Year (Jul - Jun), 2021",31.667,0.000,False
India,Kerala,Middle,"PLFS Year (Jul - Jun), 2022",36.867,0.000,False
India,Kerala,Middle,"PLFS Year (Jul - Jun), 2023",38.500,0.000,False
India,Kerala,Not Literate,"PLFS Year (Jul - Jun), 2017",14.600,0.000,False
India,Kerala,Not Literate,"PLFS Year (Jul - Jun), 2018",21.700,0.000,False
India,Kerala,Not Literate,"PLFS Year (Jul - Jun), 2019",22.900,0.000,False
India,Kerala,Not Literate,"PLFS Year (Jul - Jun), 2020",23.933,0.000,False
India,Kerala,Not Literate,"PLFS Year (Jul - Jun), 2021",26.367,0.000,False
India,Kerala,Not Literate,"PLFS Year (Jul - Jun), 2022",26.900,0.000,False
India,Kerala,Not Literate,"PLFS Year (Jul - Jun), 2023",32.800,0.000,False
India,Kerala,Post Graduate & Above,"PLFS Year (Jul - Jun), 2017",52.067,0.000,False
India,Kerala,Post Graduate & Above,"PLFS Year (Jul - Jun), 2018",50.600,0.000,False
India,Kerala,Post Graduate & Above,"PLFS Year (Jul - Jun), 2019",45.233,0.000,False
India,Kerala,Post Graduate & Above,"PLFS Year (Jul - Jun), 2020",41.000,0.000,False
India,Kerala,Post Graduate & Above,"PLFS Year (Jul - Jun), 2021",48.800,0.000,False
India,Kerala,Post Graduate & Above,"PLFS Year (Jul - Jun), 2022",52.133,0.000,False
India,Kerala,Post Graduate & Above,"PLFS Year (Jul - Jun), 2023",53.767,0.000,False
India,Kerala,Secondary,"PLFS Year (Jul - Jun), 2017",15.733,0.000,False
India,Kerala,Secondary,"PLFS Year (Jul - Jun), 2018",22.000,0.000,False
India,Kerala,Secondary,"PLFS Year (Jul - Jun), 2019",23.500,0.000,False
India,Kerala,Secondary,"PLFS Year (Jul - Jun), 2020",26.933,0.000,False
India,Kerala,Secondary,"PLFS Year (Jul - Jun), 2021",26.800,0.000,False
India,Kerala,Secondary,"PLFS Year (Jul - Jun), 2022",33.000,0.000,False
India,Kerala,Secondary,"PLFS Year (Jul - Jun), 2023",33.333,0.000,False
India,Kerala,Secondary & Above,"PLFS Year (Jul - Jun), 2017",21.900,0.000,False
India,Kerala,Secondary & Above,"PLFS Year (Jul - Jun), 2018",25.433,0.000,False
India,Kerala,Secondary & Above,"PLFS Year (Jul - Jun), 2019",27.333,0.000,False
India,Kerala,Secondary & Above,"PLFS Year (Jul - Jun), 2020",28.667,0.000,False
India,Kerala,Secondary & Above,"PLFS Year (Jul - Jun), 2021",31.967,0.000,False
India,Kerala,Secondary & Above,"PLFS Year (Jul - Jun), 2022",33.500,0.000,False
India,Kerala,Secondary & Above,"PLFS Year (Jul - Jun), 2023",35.833,0.000,False
India,Ladakh,All,"PLFS Year (Jul - Jun), 2017",25.267,0.000,False
India,Ladakh,All,"PLFS Year (Jul - Jun), 2018",27.033,0.000,False
India,Ladakh,All,"PLFS Year (Jul - Jun), 2019",48.900,0.000,False
India,Ladakh,All,"PLFS Year (Jul - Jun), 2020",57.767,0.000,False
India,Ladakh,All,"PLFS Year (Jul - Jun), 2021",41.100,0.000,False
India,Ladakh,All,"PLFS Year (Jul - Jun), 2022",50.333,0.000,False
India,Ladakh,All,"PLFS Year (Jul - Jun), 2023",39.833,0.000,False
India,Ladakh,Diploma/ Certificate Course,"PLFS Year (Jul - Jun), 2017",58.500,0.000,False
India,Ladakh,Diploma/ Certificate Course,"PLFS Year (Jul - Jun), 2018",34.467,0.000,False
India,Ladakh,Diploma/ Certificate Course,"PLFS Year (Jul - Jun), 2019",66.667,0.000,False
India,Ladakh,Diploma/ Certificate Course,"PLFS Year (Jul - Jun), 2020",0.000,0.000,False
India,Ladakh,Diploma/ Certificate Course,"PLFS Year (Jul - Jun), 2021",36.967,0.000,False
India,Ladakh,Diploma/ Certificate Course,"PLFS Year (Jul - Jun), 2022",66.667,0.000,False
India,Ladakh,Diploma/ Certificate Course,"PLFS Year (Jul - Jun), 2023",0.000,0.000,False
India,Ladakh,Graduate,"PLFS Year (Jul - Jun), 2017",22.667,0.000,False
India,Ladakh,Graduate,"PLFS Year (Jul - Jun), 2018",25.000,0.000,False
India,Ladakh,Graduate,"PLFS Year (Jul - Jun), 2019",41.733,0.000,False
India,Ladakh,Graduate,"PLFS Year (Jul - Jun), 2020",69.700,0.000,False
India,Ladakh,Graduate,"PLFS Year (Jul - Jun), 2021",45.367,0.000,False
India,Ladakh,Graduate,"PLFS Year (Jul - Jun), 2022",56.667,0.000,False
India,Ladakh,Graduate,"PLFS Year (Jul - Jun), 2023",34.233,0.000,False
India,Ladakh,Higher Secondary,"PLFS Year (Jul - Jun), 2017",17.467,0.000,False
India,Ladakh,Higher Secondary,"PLFS Year (Jul - Jun), 2018",14.867,0.000,False
India,Ladakh,Higher Secondary,"PLFS Year (Jul - Jun), 2019",35.867,0.000,False
India,Ladakh,Higher Secondary,"PLFS Year (Jul - Jun), 2020",48.967,0.000,False
India,Ladakh,Higher Secondary,"PLFS Year (Jul - Jun), 2021",46.833,0.000,False
India,Ladakh,Higher Secondary,"PLFS Year (Jul - Jun), 2022",35.500,0.000,False
India,Ladakh,Higher Secondary,"PLFS Year (Jul - Jun), 2023",49.433,0.000,False
India,Ladakh,Literate & Upto Primary,"PLFS Year (Jul - Jun), 2017",32.400,0.000,False
India,Ladakh,Literate & Upto Primary,"PLFS Year (Jul - Jun), 2018",35.267,0.000,False
India,Ladakh,Literate & Upto Primary,"PLFS Year (Jul - Jun), 2019",45.267,0.000,False
India,Ladakh,Literate & Upto Primary,"PLFS Year (Jul - Jun), 2020",72.333,0.000,False
India,Ladakh,Literate & Upto Primary,"PLFS Year (Jul - Jun), 2021",46.900,0.000,False
India,Ladakh,Literate & Upto Primary,"PLFS Year (Jul - Jun), 2022",86.200,0.000,False
India,Ladakh,Literate & Upto Primary,"PLFS Year (Jul - Jun), 2023",15.900,0.000,False
India,Ladakh,Middle,"PLFS Year (Jul - Jun), 2017",21.600,0.000,False
India,Ladakh,Middle,"PLFS Year (Jul - Jun), 2018",24.567,0.000,False
India,Ladakh,Middle,"PLFS Year (Jul - Jun), 2019",30.233,0.000,False
India,Ladakh,Middle,"PLFS Year (Jul - Jun), 2020",44.533,0.000,False
India,Ladakh,Middle,"PLFS Year (Jul - Jun), 2021",26.000,0.000,False
India,Ladakh,Middle,"PLFS Year (Jul - Jun), 2022",57.367,0.000,False
India,Ladakh,Middle,"PLFS Year (Jul - Jun), 2023",40.667,0.000,False
India,Ladakh,Not Literate,"PLFS Year (Jul - Jun), 2017",27.067,0.000,False
India,Ladakh,Not Literate,"PLFS Year (Jul - Jun), 2018",29.933,0.000,False
India,Ladakh,Not Literate,"PLFS Year (Jul - Jun), 2019",55.700,0.000,False
India,Ladakh,Not Literate,"PLFS Year (Jul - Jun), 2020",63.433,0.000,False
India,Ladakh,Not Literate,"PLFS Year (Jul - Jun), 2021",42.967,0.000,False
India,Ladakh,Not Literate,"PLFS Year (Jul - Jun), 2022",51.033,0.000,False
India,Ladakh,Not Literate,"PLFS Year (Jul - Jun), 2023",43.767,0.000,False
India,Ladakh,Post Graduate & Above,"PLFS Year (Jul - Jun), 2017",45.700,0.000,False
India,Ladakh,Post Graduate & Above,"PLFS Year (Jul - Jun), 2018",40.133,0.000,False
India,Ladakh,Post Graduate & Above,"PLFS Year (Jul - Jun), 2019",100.000,0.000,False
India,Ladakh,Post Graduate & Above,"PLFS Year (Jul - Jun), 2020",66.667,0.000,False
India,Ladakh,Post Graduate & Above,"PLFS Year (Jul - Jun), 2021",40.533,0.000,False
India,Ladakh,Post Graduate & Above,"PLFS Year (Jul - Jun), 2022",26.033,0.000,False
India,Ladakh,Post Graduate & Above,"PLFS Year (Jul - Jun), 2023",86.267,0.000,False
India,Ladakh,Secondary,"PLFS Year (Jul - Jun), 2017",15.167,0.000,False
India,Ladakh,Secondary,"PLFS Year (Jul - Jun), 2018",16.300,0.000,False
India,Ladakh,Secondary,"PLFS Year (Jul - Jun), 2019",37.933,0.000,False
India,Ladakh,Secondary,"PLFS Year (Jul - Jun), 2020",52.067,0.000,False
India,Ladakh,Secondary,"PLFS Year (Jul - Jun), 2021",42.567,0.000,False
India,Ladakh,Secondary,"PLFS Year (Jul - Jun), 2022",34.133,0.000,False
India,Ladakh,Secondary,"PLFS Year (Jul - Jun), 2023",33.033,0.000,False
India,Ladakh,Secondary & Above,"PLFS Year (Jul - Jun), 2017",21.033,0.000,False
India,Ladakh,Secondary & Above,"PLFS Year (Jul - Jun), 2018",21.233,0.000,False
India,Ladakh,Secondary & Above,"PLFS Year (Jul - Jun), 2019",49.100,0.000,False
India,Ladakh,Secondary & Above,"PLFS Year (Jul - Jun), 2020",57.067,0.000,False
India,Ladakh,Secondary & Above,"PLFS Year (Jul - Jun), 2021",46.200,0.000,False
India,Ladakh,Secondary & Above,"PLFS Year (Jul - Jun), 2022",39.200,0.000,False
India,Ladakh,Secondary & Above,"PLFS Year (Jul - Jun), 2023",40.033,0.000,False
India,Lakshadweep,All,"PLFS Year (Jul - Jun), 2017",9.333,0.000,False
India,Lakshadweep,All,"PLFS Year (Jul - Jun), 2018",8.500,0.000,False
India,Lakshadweep,All,"PLFS Year (Jul - Jun), 2019",23.833,0.000,False
India,Lakshadweep,All,"PLFS Year (Jul - Jun), 2020",12.900,0.000,False
India,Lakshadweep,All,"PLFS Year (Jul - Jun), 2021",11.467,0.000,False
India,Lakshadweep,All,"PLFS Year (Jul - Jun), 2022",13.400,0.000,False
India,Lakshadweep,All,"PLFS Year (Jul - Jun), 2023",11.100,0.000,False
India,Lakshadweep,Diploma/ Certificate Course,"PLFS Year (Jul - Jun), 2017",37.067,0.000,False
India,Lakshadweep,Diploma/ Certificate Course,"PLFS Year (Jul - Jun), 2018",8.700,0.000,False
India,Lakshadweep,Diploma/ Certificate Course,"PLFS Year (Jul - Jun), 2019",73.767,0.000,False
India,Lakshadweep,Diploma/ Certificate Course,"PLFS Year (Jul - Jun), 2020",34.000,0.000,False
India,Lakshadweep,Diploma/ Certificate Course,"PLFS Year (Jul - Jun), 2021",30.533,0.000,False
India,Lakshadweep,Diploma/ Certificate Course,"PLFS Year (Jul - Jun), 2022",23.667,0.000,False
India,Lakshadweep,Diploma/ Certificate Course,"PLFS Year (Jul - Jun), 2023",39.900,0.000,False
India,Lakshadweep,Graduate,"PLFS Year (Jul - Jun), 2017",16.200,0.000,False
India,Lakshadweep,Graduate,"PLFS Year (Jul - Jun), 2018",55.700,0.000,False
India,Lakshadweep,Graduate,"PLFS Year (Jul - Jun), 2019",35.800,0.000,False
India,Lakshadweep,Graduate,"PLFS Year (Jul - Jun), 2020",30.400,0.000,False
India,Lakshadweep,Graduate,"PLFS Year (Jul - Jun), 2021",45.200,0.000,False
India,Lakshadweep,Graduate,"PLFS Year (Jul - Jun), 2022",29.733,0.000,False
India,Lakshadweep,Graduate,"PLFS Year (Jul - Jun), 2023",13.167,0.000,False
India,Lakshadweep,Higher Secondary,"PLFS Year (Jul - Jun), 2017",16.733,0.000,False
India,Lakshadweep,Higher Secondary,"PLFS Year (Jul - Jun), 2018",14.033,0.000,False
India,Lakshadweep,Higher Secondary,"PLFS Year (Jul - Jun), 2019",3.067,0.000,False
India,Lakshadweep,Higher Secondary,"PLFS Year (Jul - Jun), 2020",9.033,0.000,False
India,Lakshadweep,Higher Secondary,"PLFS Year (Jul - Jun), 2021",11.367,0.000,False
India,Lakshadweep,Higher Secondary,"PLFS Year (Jul - Jun), 2022",1.667,0.000,False
India,Lakshadweep,Higher Secondary,"PLFS Year (Jul - Jun), 2023",16.333,0.000,False
India,Lakshadweep,Literate & Upto Primary,"PLFS Year (Jul - Jun), 2017",0.000,0.000,False
India,Lakshadweep,Literate & Upto Primary,"PLFS Year (Jul - Jun), 2018",0.833,0.000,False
India,Lakshadweep,Literate & Upto Primary,"PLFS Year (Jul - Jun), 2019",16.833,0.000,False
India,Lakshadweep,Literate & Upto Primary,"PLFS Year (Jul - Jun), 2020",11.767,0.000,False
India,Lakshadweep,Literate & Upto Primary,"PLFS Year (Jul - Jun), 2021",8.467,0.000,False
India,Lakshadweep,Literate & Upto Primary,"PLFS Year (Jul - Jun), 2022",7.533,0.000,False
India,Lakshadweep,Literate & Upto Primary,"PLFS Year (Jul - Jun), 2023",11.167,0.000,False
India,Lakshadweep,Middle,"PLFS Year (Jul - Jun), 2017",2.467,0.000,False
India,Lakshadweep,Middle,"PLFS Year (Jul - Jun), 2018",4.567,0.000,False
India,Lakshadweep,Middle,"PLFS Year (Jul - Jun), 2019",31.400,0.000,False
India,Lakshadweep,Middle,"PLFS Year (Jul - Jun), 2020",3.433,0.000,False
India,Lakshadweep,Middle,"PLFS Year (Jul - Jun), 2021",4.533,0.000,False
India,Lakshadweep,Middle,"PLFS Year (Jul - Jun), 2022",13.733,0.000,False
India,Lakshadweep,Middle,"PLFS Year (Jul - Jun), 2023",2.600,0.000,False
India,Lakshadweep,Not Literate,"PLFS Year (Jul - Jun), 2017",0.000,0.000,False
India,Lakshadweep,Not Literate,"PLFS Year (Jul - Jun), 2018",0.000,0.000,False
India,Lakshadweep,Not Literate,"PLFS Year (Jul - Jun), 2019",0.000,0.000,False
India,Lakshadweep,Not Literate,"PLFS Year (Jul - Jun), 2020",8.267,0.000,False
India,Lakshadweep,Not Literate,"PLFS Year (Jul - Jun), 2021",0.000,0.000,False
India,Lakshadweep,Not Literate,"PLFS Year (Jul - Jun), 2022",0.000,0.000,False
India,Lakshadweep,Not Literate,"PLFS Year (Jul - Jun), 2023",0.000,0.000,False
India,Lakshadweep,Post Graduate & Above,"PLFS Year (Jul - Jun), 2017",74.167,0.000,False
India,Lakshadweep,Post Graduate & Above,"PLFS Year (Jul - Jun), 2018",44.800,0.000,False
India,Lakshadweep,Post Graduate & Above,"PLFS Year (Jul - Jun), 2019",22.000,0.000,False
India,Lakshadweep,Post Graduate & Above,"PLFS Year (Jul - Jun), 2020",34.067,0.000,False
India,Lakshadweep,Post Graduate & Above,"PLFS Year (Jul - Jun), 2021",33.467,0.000,False
India,Lakshadweep,Post Graduate & Above,"PLFS Year (Jul - Jun), 2022",37.733,0.000,False
India,Lakshadweep,Post Graduate & Above,"PLFS Year (Jul - Jun), 2023",43.500,0.000,False
India,Lakshadweep,Secondary,"PLFS Year (Jul - Jun), 2017",10.767,0.000,False
India,Lakshadweep,Secondary,"PLFS Year (Jul - Jun), 2018",8.033,0.000,False
India,Lakshadweep,Secondary,"PLFS Year (Jul - Jun), 2019",25.567,0.000,False
India,Lakshadweep,Secondary,"PLFS Year (Jul - Jun), 2020",7.667,0.000,False
India,Lakshadweep,Secondary,"PLFS Year (Jul - Jun), 2021",10.167,0.000,False
India,Lakshadweep,Secondary,"PLFS Year (Jul - Jun), 2022",10.033,0.000,False
India,Lakshadweep,Secondary,"PLFS Year (Jul - Jun), 2023",4.967,0.000,False
India,Lakshadweep,Secondary & Above,"PLFS Year (Jul - Jun), 2017",23.900,0.000,False
India,Lakshadweep,Secondary & Above,"PLFS Year (Jul - Jun), 2018",15.100,0.000,False
India,Lakshadweep,Secondary & Above,"PLFS Year (Jul - Jun), 2019",23.933,0.000,False
India,Lakshadweep,Secondary & Above,"PLFS Year (Jul - Jun), 2020",16.200,0.000,False
India,Lakshadweep,Secondary & Above,"PLFS Year (Jul - Jun), 2021",15.467,0.000,False
India,Lakshadweep,Secondary & Above,"PLFS Year (Jul - Jun), 2022",16.300,0.000,False
India,Lakshadweep,Secondary & Above,"PLFS Year (Jul - Jun), 2023",15.500,0.000,False
India,Madhya Pradesh,All,"PLFS Year (Jul - Jun), 2017",28.500,0.000,False
India,Madhya Pradesh,All,"PLFS Year (Jul - Jun), 2018",25.167,0.000,False
India,Madhya Pradesh,All,"PLFS Year (Jul - Jun), 2019",34.033,0.000,False
India,Madhya Pradesh,All,"PLFS Year (Jul - Jun), 2020",36.567,0.000,False
India,Madhya Pradesh,All,"PLFS Year (Jul - Jun), 2021",36.500,0.000,False
India,Madhya Pradesh,All,"PLFS Year (Jul - Jun), 2022",38.800,0.000,False
India,Madhya Pradesh,All,"PLFS Year (Jul - Jun), 2023",46.800,0.000,False
India,Madhya Pradesh,Diploma/ Certificate Course,"PLFS Year (Jul - Jun), 2017",40.400,0.000,False
India,Madhya Pradesh,Diploma/ Certificate Course,"PLFS Year (Jul - Jun), 2018",56.800,0.000,False
India,Madhya Pradesh,Diploma/ Certificate Course,"PLFS Year (Jul - Jun), 2019",51.533,0.000,False
India,Madhya Pradesh,Diploma/ Certificate Course,"PLFS Year (Jul - Jun), 2020",26.000,0.000,False
India,Madhya Pradesh,Diploma/ Certificate Course,"PLFS Year (Jul - Jun), 2021",60.233,0.000,False
India,Madhya Pradesh,Diploma/ Certificate Course,"PLFS Year (Jul - Jun), 2022",57.267,0.000,False
India,Madhya Pradesh,Diploma/ Certificate Course,"PLFS Year (Jul - Jun), 2023",74.400,0.000,False
India,Madhya Pradesh,Graduate,"PLFS Year (Jul - Jun), 2017",17.533,0.000,False
India,Madhya Pradesh,Graduate,"PLFS Year (Jul - Jun), 2018",19.400,0.000,False
India,Madhya Pradesh,Graduate,"PLFS Year (Jul - Jun), 2019",20.667,0.000,False
India,Madhya Pradesh,Graduate,"PLFS Year (Jul - Jun), 2020",25.100,0.000,False
India,Madhya Pradesh,Graduate,"PLFS Year (Jul - Jun), 2021",24.033,0.000,False
India,Madhya Pradesh,Graduate,"PLFS Year (Jul - Jun), 2022",26.367,0.000,False
India,Madhya Pradesh,Graduate,"PLFS Year (Jul - Jun), 2023",29.067,0.000,False
India,Madhya Pradesh,Higher Secondary,"PLFS Year (Jul - Jun), 2017",12.433,0.000,False
India,Madhya Pradesh,Higher Secondary,"PLFS Year (Jul - Jun), 2018",11.333,0.000,False
India,Madhya Pradesh,Higher Secondary,"PLFS Year (Jul - Jun), 2019",16.433,0.000,False
India,Madhya Pradesh,Higher Secondary,"PLFS Year (Jul - Jun), 2020",16.867,0.000,False
India,Madhya Pradesh,Higher Secondary,"PLFS Year (Jul - Jun), 2021",16.933,0.000,False
India,Madhya Pradesh,Higher Secondary,"PLFS Year (Jul - Jun), 2022",17.933,0.000,False
India,Madhya Pradesh,Higher Secondary,"PLFS Year (Jul - Jun), 2023",25.033,0.000,False
India,Madhya Pradesh,Literate & Upto Primary,"PLFS Year (Jul - Jun), 2017",29.900,0.000,False
India,Madhya Pradesh,Literate & Upto Primary,"PLFS Year (Jul - Jun), 2018",26.400,0.000,False
India,Madhya Pradesh,Literate & Upto Primary,"PLFS Year (Jul - Jun), 2019",34.733,0.000,False
India,Madhya Pradesh,Literate & Upto Primary,"PLFS Year (Jul - Jun), 2020",40.933,0.000,False
India,Madhya Pradesh,Literate & Upto Primary,"PLFS Year (Jul - Jun), 2021",44.333,0.000,False
India,Madhya Pradesh,Literate & Upto Primary,"PLFS Year (Jul - Jun), 2022",44.433,0.000,False
India,Madhya Pradesh,Literate & Upto Primary,"PLFS Year (Jul - Jun), 2023",57.333,0.000,False
India,Madhya Pradesh,Middle,"PLFS Year (Jul - Jun), 2017",16.567,0.000,False
India,Madhya Pradesh,Middle,"PLFS Year (Jul - Jun), 2018",14.633,0.000,False
India,Madhya Pradesh,Middle,"PLFS Year (Jul - Jun), 2019",25.567,0.000,False
India,Madhya Pradesh,Middle,"PLFS Year (Jul - Jun), 2020",30.600,0.000,False
India,Madhya Pradesh,Middle,"PLFS Year (Jul - Jun), 2021",27.700,0.000,False
India,Madhya Pradesh,Middle,"PLFS Year (Jul - Jun), 2022",30.500,0.000,False
India,Madhya Pradesh,Middle,"PLFS Year (Jul - Jun), 2023",40.633,0.000,False
India,Madhya Pradesh,Not Literate,"PLFS Year (Jul - Jun), 2017",40.067,0.000,False
India,Madhya Pradesh,Not Literate,"PLFS Year (Jul - Jun), 2018",35.367,0.000,False
India,Madhya Pradesh,Not Literate,"PLFS Year (Jul - Jun), 2019",45.700,0.000,False
India,Madhya Pradesh,Not Literate,"PLFS Year (Jul - Jun), 2020",46.900,0.000,False
India,Madhya Pradesh,Not Literate,"PLFS Year (Jul - Jun), 2021",47.400,0.000,False
India,Madhya Pradesh,Not Literate,"PLFS Year (Jul - Jun), 2022",51.533,0.000,False
India,Madhya Pradesh,Not Literate,"PLFS Year (Jul - Jun), 2023",57.733,0.000,False
India,Madhya Pradesh,Post Graduate & Above,"PLFS Year (Jul - Jun), 2017",27.867,0.000,False
India,Madhya Pradesh,Post Graduate & Above,"PLFS Year (Jul - Jun), 2018",30.767,0.000,False
India,Madhya Pradesh,Post Graduate & Above,"PLFS Year (Jul - Jun), 2019",30.867,0.000,False
India,Madhya Pradesh,Post Graduate & Above,"PLFS Year (Jul - Jun), 2020",31.633,0.000,False
India,Madhya Pradesh,Post Graduate & Above,"PLFS Year (Jul - Jun), 2021",26.200,0.000,False
India,Madhya Pradesh,Post Graduate & Above,"PLFS Year (Jul - Jun), 2022",26.567,0.000,False
India,Madhya Pradesh,Post Graduate & Above,"PLFS Year (Jul - Jun), 2023",29.200,0.000,False
India,Madhya Pradesh,Secondary,"PLFS Year (Jul - Jun), 2017",10.900,0.000,False
India,Madhya Pradesh,Secondary,"PLFS Year (Jul - Jun), 2018",9.500,0.000,False
India,Madhya Pradesh,Secondary,"PLFS Year (Jul - Jun), 2019",20.033,0.000,False
India,Madhya Pradesh,Secondary,"PLFS Year (Jul - Jun), 2020",17.733,0.000,False
India,Madhya Pradesh,Secondary,"PLFS Year (Jul - Jun), 2021",16.667,0.000,False
India,Madhya Pradesh,Secondary,"PLFS Year (Jul - Jun), 2022",21.233,0.000,False
India,Madhya Pradesh,Secondary,"PLFS Year (Jul - Jun), 2023",30.167,0.000,False
India,Madhya Pradesh,Secondary & Above,"PLFS Year (Jul - Jun), 2017",15.300,0.000,False
India,Madhya Pradesh,Secondary & Above,"PLFS Year (Jul - Jun), 2018",14.467,0.000,False
India,Madhya Pradesh,Secondary & Above,"PLFS Year (Jul - Jun), 2019",21.333,0.000,False
India,Madhya Pradesh,Secondary & Above,"PLFS Year (Jul - Jun), 2020",20.800,0.000,False
India,Madhya Pradesh,Secondary & Above,"PLFS Year (Jul - Jun), 2021",20.567,0.000,False
India,Madhya Pradesh,Secondary & Above,"PLFS Year (Jul - Jun), 2022",22.700,0.000,False
India,Madhya Pradesh,Secondary & Above,"PLFS Year (Jul - Jun), 2023",29.000,0.000,False
India,Maharashtra,All,"PLFS Year (Jul - Jun), 2017",28.300,0.000,False
India,Maharashtra,All,"PLFS Year (Jul - Jun), 2018",29.033,0.000,False
India,Maharashtra,All,"PLFS Year (Jul - Jun), 2019",36.600,0.000,False
India,Maharashtra,All,"PLFS Year (Jul - Jun), 2020",33.700,0.000,False
India,Maharashtra,All,"PLFS Year (Jul - Jun), 2021",36.433,0.000,False
India,Maharashtra,All,"PLFS Year (Jul - Jun), 2022",38.500,0.000,False
India,Maharashtra,All,"PLFS Year (Jul - Jun), 2023",38.033,0.000,False
India,Maharashtra,Diploma/ Certificate Course,"PLFS Year (Jul - Jun), 2017",26.200,0.000,False
India,Maharashtra,Diploma/ Certificate Course,"PLFS Year (Jul - Jun), 2018",42.433,0.000,False
India,Maharashtra,Diploma/ Certificate Course,"PLFS Year (Jul - Jun), 2019",31.833,0.000,False
India,Maharashtra,Diploma/ Certificate Course,"PLFS Year (Jul - Jun), 2020",45.833,0.000,False
India,Maharashtra,Diploma/ Certificate Course,"PLFS Year (Jul - Jun), 2021",49.167,0.000,False
India,Maharashtra,Diploma/ Certificate Course,"PLFS Year (Jul - Jun), 2022",41.567,0.000,False
India,Maharashtra,Diploma/ Certificate Course,"PLFS Year (Jul - Jun), 2023",33.933,0.000,False
India,Maharashtra,Graduate,"PLFS Year (Jul - Jun), 2017",24.800,0.000,False
India,Maharashtra,Graduate,"PLFS Year (Jul - Jun), 2018",25.367,0.000,False
India,Maharashtra,Graduate,"PLFS Year (Jul - Jun), 2019",30.967,0.000,False
India,Maharashtra,Graduate,"PLFS Year (Jul - Jun), 2020",25.233,0.000,False
India,Maharashtra,Graduate,"PLFS Year (Jul - Jun), 2021",34.433,0.000,False
India,Maharashtra,Graduate,"PLFS Year (Jul - Jun), 2022",35.367,0.000,False
India,Maharashtra,Graduate,"PLFS Year (Jul - Jun), 2023",36.000,0.000,False
India,Maharashtra,Higher Secondary,"PLFS Year (Jul - Jun), 2017",14.300,0.000,False
India,Maharashtra,Higher Secondary,"PLFS Year (Jul - Jun), 2018",15.900,0.000,False
India,Maharashtra,Higher Secondary,"PLFS Year (Jul - Jun), 2019",19.767,0.000,False
India,Maharashtra,Higher Secondary,"PLFS Year (Jul - Jun), 2020",21.900,0.000,False
India,Maharashtra,Higher Secondary,"PLFS Year (Jul - Jun), 2021",22.967,0.000,False
India,Maharashtra,Higher Secondary,"PLFS Year (Jul - Jun), 2022",25.400,0.000,False
India,Maharashtra,Higher Secondary,"PLFS Year (Jul - Jun), 2023",26.067,0.000,False
India,Maharashtra,Literate & Upto Primary,"PLFS Year (Jul - Jun), 2017",35.233,0.000,False
India,Maharashtra,Literate & Upto Primary,"PLFS Year (Jul - Jun), 2018",35.033,0.000,False
India,Maharashtra,Literate & Upto Primary,"PLFS Year (Jul - Jun), 2019",43.933,0.000,False
India,Maharashtra,Literate & Upto Primary,"PLFS Year (Jul - Jun), 2020",42.400,0.000,False
India,Maharashtra,Literate & Upto Primary,"PLFS Year (Jul - Jun), 2021",47.167,0.000,False
India,Maharashtra,Literate & Upto Primary,"PLFS Year (Jul - Jun), 2022",47.967,0.000,False
India,Maharashtra,Literate & Upto Primary,"PLFS Year (Jul - Jun), 2023",46.000,0.000,False
India,Maharashtra,Middle,"PLFS Year (Jul - Jun), 2017",27.800,0.000,False
India,Maharashtra,Middle,"PLFS Year (Jul - Jun), 2018",28.733,0.000,False
India,Maharashtra,Middle,"PLFS Year (Jul - Jun), 2019",37.233,0.000,False
India,Maharashtra,Middle,"PLFS Year (Jul - Jun), 2020",36.500,0.000,False
India,Maharashtra,Middle,"PLFS Year (Jul - Jun), 2021",35.967,0.000,False
India,Maharashtra,Middle,"PLFS Year (Jul - Jun), 2022",38.900,0.000,False
India,Maharashtra,Middle,"PLFS Year (Jul - Jun), 2023",39.033,0.000,False
India,Maharashtra,Not Literate,"PLFS Year (Jul - Jun), 2017",32.933,0.000,False
India,Maharashtra,Not Literate,"PLFS Year (Jul - Jun), 2018",34.267,0.000,False
India,Maharashtra,Not Literate,"PLFS Year (Jul - Jun), 2019",42.000,0.000,False
India,Maharashtra,Not Literate,"PLFS Year (Jul - Jun), 2020",37.367,0.000,False
India,Maharashtra,Not Literate,"PLFS Year (Jul - Jun), 2021",39.933,0.000,False
India,Maharashtra,Not Literate,"PLFS Year (Jul - Jun), 2022",40.933,0.000,False
India,Maharashtra,Not Literate,"PLFS Year (Jul - Jun), 2023",41.267,0.000,False
India,Maharashtra,Post Graduate & Above,"PLFS Year (Jul - Jun), 2017",36.733,0.000,False
India,Maharashtra,Post Graduate & Above,"PLFS Year (Jul - Jun), 2018",42.100,0.000,False
India,Maharashtra,Post Graduate & Above,"PLFS Year (Jul - Jun), 2019",54.867,0.000,False
India,Maharashtra,Post Graduate & Above,"PLFS Year (Jul - Jun), 2020",32.233,0.000,False
India,Maharashtra,Post Graduate & Above,"PLFS Year (Jul - Jun), 2021",43.800,0.000,False
India,Maharashtra,Post Graduate & Above,"PLFS Year (Jul - Jun), 2022",38.367,0.000,False
India,Maharashtra,Post Graduate & Above,"PLFS Year (Jul - Jun), 2023",43.833,0.000,False
India,Maharashtra,Secondary,"PLFS Year (Jul - Jun), 2017",21.033,0.000,False
India,Maharashtra,Secondary,"PLFS Year (Jul - Jun), 2018",19.100,0.000,False
India,Maharashtra,Secondary,"PLFS Year (Jul - Jun), 2019",24.700,0.000,False
India,Maharashtra,Secondary,"PLFS Year (Jul - Jun), 2020",22.900,0.000,False
India,Maharashtra,Secondary,"PLFS Year (Jul - Jun), 2021",24.333,0.000,False
India,Maharashtra,Secondary,"PLFS Year (Jul - Jun), 2022",30.767,0.000,False
India,Maharashtra,Secondary,"PLFS Year (Jul - Jun), 2023",29.967,0.000,False
India,Maharashtra,Secondary & Above,"PLFS Year (Jul - Jun), 2017",21.833,0.000,False
India,Maharashtra,Secondary & Above,"PLFS Year (Jul - Jun), 2018",22.067,0.000,False
India,Maharashtra,Secondary & Above,"PLFS Year (Jul - Jun), 2019",27.533,0.000,False
India,Maharashtra,Secondary & Above,"PLFS Year (Jul - Jun), 2020",25.467,0.000,False
India,Maharashtra,Secondary & Above,"PLFS Year (Jul - Jun), 2021",29.133,0.000,False
India,Maharashtra,Secondary & Above,"PLFS Year (Jul - Jun), 2022",32.167,0.000,False
India,Maharashtra,Secondary & Above,"PLFS Year (Jul - Jun), 2023",32.200,0.000,False
India,Manipur,All,"PLFS Year (Jul - Jun), 2017",20.267,0.000,False
India,Manipur,All,"PLFS Year (Jul - Jun), 2018",23.433,0.000,False
India,Manipur,All,"PLFS Year (Jul - Jun), 2019",27.800,0.000,False
India,Manipur,All,"PLFS Year (Jul - Jun), 2020",20.733,0.000,False
India,Manipur,All,"PLFS Year (Jul - Jun), 2021",20.800,0.000,False
India,Manipur,All,"PLFS Year (Jul - Jun), 2022",30.533,0.000,False
India,Manipur,All,"PLFS Year (Jul - Jun), 2023",44.367,0.000,False
India,Manipur,Diploma/ Certificate Course,"PLFS Year (Jul - Jun), 2017",50.367,0.000,False
India,Manipur,Diploma/ Certificate Course,"PLFS Year (Jul - Jun), 2018",77.000,0.000,False
India,Manipur,Diploma/ Certificate Course,"PLFS Year (Jul - Jun), 2019",71.267,0.000,False
India,Manipur,Diploma/ Certificate Course,"PLFS Year (Jul - Jun), 2020",61.733,0.000,False
India,Manipur,Diploma/ Certificate Course,"PLFS Year (Jul - Jun), 2021",15.733,0.000,False
India,Manipur,Diploma/ Certificate Course,"PLFS Year (Jul - Jun), 2022",0.000,0.000,False
India,Manipur,Diploma/ Certificate Course,"PLFS Year (Jul - Jun), 2023",100.000,0.000,False
India,Manipur,Graduate,"PLFS Year (Jul - Jun), 2017",37.300,0.000,False
India,Manipur,Graduate,"PLFS Year (Jul - Jun), 2018",34.800,0.000,False
India,Manipur,Graduate,"PLFS Year (Jul - Jun), 2019",44.300,0.000,False
India,Manipur,Graduate,"PLFS Year (Jul - Jun), 2020",35.867,0.000,False
India,Manipur,Graduate,"PLFS Year (Jul - Jun), 2021",26.933,0.000,False
India,Manipur,Graduate,"PLFS Year (Jul - Jun), 2022",43.967,0.000,False
India,Manipur,Graduate,"PLFS Year (Jul - Jun), 2023",46.900,0.000,False
India,Manipur,Higher Secondary,"PLFS Year (Jul - Jun), 2017",19.733,0.000,False
India,Manipur,Higher Secondary,"PLFS Year (Jul - Jun), 2018",18.333,0.000,False
India,Manipur,Higher Secondary,"PLFS Year (Jul - Jun), 2019",20.367,0.000,False
India,Manipur,Higher Secondary,"PLFS Year (Jul - Jun), 2020",12.567,0.000,False
India,Manipur,Higher Secondary,"PLFS Year (Jul - Jun), 2021",14.700,0.000,False
India,Manipur,Higher Secondary,"PLFS Year (Jul - Jun), 2022",21.567,0.000,False
India,Manipur,Higher Secondary,"PLFS Year (Jul - Jun), 2023",35.033,0.000,False
India,Manipur,Literate & Upto Primary,"PLFS Year (Jul - Jun), 2017",22.867,0.000,False
India,Manipur,Literate & Upto Primary,"PLFS Year (Jul - Jun), 2018",24.967,0.000,False
India,Manipur,Literate & Upto Primary,"PLFS Year (Jul - Jun), 2019",34.333,0.000,False
India,Manipur,Literate & Upto Primary,"PLFS Year (Jul - Jun), 2020",24.533,0.000,False
India,Manipur,Literate & Upto Primary,"PLFS Year (Jul - Jun), 2021",30.133,0.000,False
India,Manipur,Literate & Upto Primary,"PLFS Year (Jul - Jun), 2022",36.167,0.000,False
India,Manipur,Literate & Upto Primary,"PLFS Year (Jul - Jun), 2023",55.467,0.000,False
India,Manipur,Middle,"PLFS Year (Jul - Jun), 2017",13.833,0.000,False
India,Manipur,Middle,"PLFS Year (Jul - Jun), 2018",20.200,0.000,False
India,Manipur,Middle,"PLFS Year (Jul - Jun), 2019",26.633,0.000,False
India,Manipur,Middle,"PLFS Year (Jul - Jun), 2020",18.067,0.000,False
India,Manipur,Middle,"PLFS Year (Jul - Jun), 2021",19.100,0.000,False
India,Manipur,Middle,"PLFS Year (Jul - Jun), 2022",31.267,0.000,False
India,Manipur,Middle,"PLFS Year (Jul - Jun), 2023",48.400,0.000,False
India,Manipur,Not Literate,"PLFS Year (Jul - Jun), 2017",19.033,0.000,False
India,Manipur,Not Literate,"PLFS Year (Jul - Jun), 2018",16.567,0.000,False
India,Manipur,Not Literate,"PLFS Year (Jul - Jun), 2019",22.433,0.000,False
India,Manipur,Not Literate,"PLFS Year (Jul - Jun), 2020",16.367,0.000,False
India,Manipur,Not Literate,"PLFS Year (Jul - Jun), 2021",17.000,0.000,False
India,Manipur,Not Literate,"PLFS Year (Jul - Jun), 2022",23.400,0.000,False
India,Manipur,Not Literate,"PLFS Year (Jul - Jun), 2023",40.833,0.000,False
India,Manipur,Post Graduate & Above,"PLFS Year (Jul - Jun), 2017",65.367,0.000,False
India,Manipur,Post Graduate & Above,"PLFS Year (Jul - Jun), 2018",57.400,0.000,False
India,Manipur,Post Graduate & Above,"PLFS Year (Jul - Jun), 2019",59.733,0.000,False
India,Manipur,Post Graduate & Above,"PLFS Year (Jul - Jun), 2020",49.333,0.000,False
India,Manipur,Post Graduate & Above,"PLFS Year (Jul - Jun), 2021",49.600,0.000,False
India,Manipur,Post Graduate & Above,"PLFS Year (Jul - Jun), 2022",58.767,0.000,False
India,Manipur,Post Graduate & Above,"PLFS Year (Jul - Jun), 2023",62.100,0.000,False
India,Manipur,Secondary,"PLFS Year (Jul - Jun), 2017",16.467,0.000,False
India,Manipur,Secondary,"PLFS Year (Jul - Jun), 2018",24.000,0.000,False
India,Manipur,Secondary,"PLFS Year (Jul - Jun), 2019",19.033,0.000,False
India,Manipur,Secondary,"PLFS Year (Jul - Jun), 2020",16.433,0.000,False
India,Manipur,Secondary,"PLFS Year (Jul - Jun), 2021",18.200,0.000,False
India,Manipur,Secondary,"PLFS Year (Jul - Jun), 2022",22.533,0.000,False
India,Manipur,Secondary,"PLFS Year (Jul - Jun), 2023",35.233,0.000,False
India,Manipur,Secondary & Above,"PLFS Year (Jul - Jun), 2017",24.433,0.000,False
India,Manipur,Secondary & Above,"PLFS Year (Jul - Jun), 2018",27.067,0.000,False
India,Manipur,Secondary & Above,"PLFS Year (Jul - Jun), 2019",28.567,0.000,False
India,Manipur,Secondary & Above,"PLFS Year (Jul - Jun), 2020",22.400,0.000,False
India,Manipur,Secondary & Above,"PLFS Year (Jul - Jun), 2021",20.833,0.000,False
India,Manipur,Secondary & Above,"PLFS Year (Jul - Jun), 2022",29.233,0.000,False
India,Manipur,Secondary & Above,"PLFS Year (Jul - Jun), 2023",39.167,0.000,False
India,Meghalaya,All,"PLFS Year (Jul - Jun), 2017",44.900,0.000,False
India,Meghalaya,All,"PLFS Year (Jul - Jun), 2018",43.267,0.000,False
India,Meghalaya,All,"PLFS Year (Jul - Jun), 2019",38.967,0.000,False
India,Meghalaya,All,"PLFS Year (Jul - Jun), 2020",45.767,0.000,False
India,Meghalaya,All,"PLFS Year (Jul - Jun), 2021",44.167,0.000,False
India,Meghalaya,All,"PLFS Year (Jul - Jun), 2022",50.233,0.000,False
India,Meghalaya,All,"PLFS Year (Jul - Jun), 2023",58.567,0.000,False
India,Meghalaya,Diploma/ Certificate Course,"PLFS Year (Jul - Jun), 2017",100.000,0.000,False
India,Meghalaya,Diploma/ Certificate Course,"PLFS Year (Jul - Jun), 2018",78.167,0.000,False
India,Meghalaya,Diploma/ Certificate Course,"PLFS Year (Jul - Jun), 2019",63.600,0.000,False
India,Meghalaya,Diploma/ Certificate Course,"PLFS Year (Jul - Jun), 2020",97.433,0.000,False
India,Meghalaya,Diploma/ Certificate Course,"PLFS Year (Jul - Jun), 2021",66.667,0.000,False
India,Meghalaya,Diploma/ Certificate Course,"PLFS Year (Jul - Jun), 2022",0.000,0.000,False
India,Meghalaya,Diploma/ Certificate Course,"PLFS Year (Jul - Jun), 2023",100.000,0.000,False
India,Meghalaya,Graduate,"PLFS Year (Jul - Jun), 2017",66.167,0.000,False
India,Meghalaya,Graduate,"PLFS Year (Jul - Jun), 2018",59.467,0.000,False
India,Meghalaya,Graduate,"PLFS Year (Jul - Jun), 2019",55.633,0.000,False
India,Meghalaya,Graduate,"PLFS Year (Jul - Jun), 2020",56.067,0.000,False
India,Meghalaya,Graduate,"PLFS Year (Jul - Jun), 2021",61.833,0.000,False
India,Meghalaya,Graduate,"PLFS Year (Jul - Jun), 2022",62.500,0.000,False
India,Meghalaya,Graduate,"PLFS Year (Jul - Jun), 2023",63.200,0.000,False
India,Meghalaya,Higher Secondary,"PLFS Year (Jul - Jun), 2017",32.067,0.000,False
India,Meghalaya,Higher Secondary,"PLFS Year (Jul - Jun), 2018",34.567,0.000,False
India,Meghalaya,Higher Secondary,"PLFS Year (Jul - Jun), 2019",25.500,0.000,False
India,Meghalaya,Higher Secondary,"PLFS Year (Jul - Jun), 2020",31.300,0.000,False
India,Meghalaya,Higher Secondary,"PLFS Year (Jul - Jun), 2021",35.333,0.000,False
India,Meghalaya,Higher Secondary,"PLFS Year (Jul - Jun), 2022",32.700,0.000,False
India,Meghalaya,Higher Secondary,"PLFS Year (Jul - Jun), 2023",39.167,0.000,False
India,Meghalaya,Literate & Upto Primary,"PLFS Year (Jul - Jun), 2017",55.300,0.000,False
India,Meghalaya,Literate & Upto Primary,"PLFS Year (Jul - Jun), 2018",54.500,0.000,False
India,Meghalaya,Literate & Upto Primary,"PLFS Year (Jul - Jun), 2019",46.367,0.000,False
India,Meghalaya,Literate & Upto Primary,"PLFS Year (Jul - Jun), 2020",56.100,0.000,False
India,Meghalaya,Literate & Upto Primary,"PLFS Year (Jul - Jun), 2021",53.133,0.000,False
India,Meghalaya,Literate & Upto Primary,"PLFS Year (Jul - Jun), 2022",53.600,0.000,False
India,Meghalaya,Literate & Upto Primary,"PLFS Year (Jul - Jun), 2023",75.600,0.000,False
India,Meghalaya,Middle,"PLFS Year (Jul - Jun), 2017",35.333,0.000,False
India,Meghalaya,Middle,"PLFS Year (Jul - Jun), 2018",34.333,0.000,False
India,Meghalaya,Middle,"PLFS Year (Jul - Jun), 2019",35.700,0.000,False
India,Meghalaya,Middle,"PLFS Year (Jul - Jun), 2020",39.533,0.000,False
India,Meghalaya,Middle,"PLFS Year (Jul - Jun), 2021",33.067,0.000,False
India,Meghalaya,Middle,"PLFS Year (Jul - Jun), 2022",47.600,0.000,False
India,Meghalaya,Middle,"PLFS Year (Jul - Jun), 2023",49.567,0.000,False
India,Meghalaya,Not Literate,"PLFS Year (Jul - Jun), 2017",46.900,0.000,False
India,Meghalaya,Not Literate,"PLFS Year (Jul - Jun), 2018",39.300,0.000,False
India,Meghalaya,Not Literate,"PLFS Year (Jul - Jun), 2019",32.267,0.000,False
India,Meghalaya,Not Literate,"PLFS Year (Jul - Jun), 2020",52.700,0.000,False
India,Meghalaya,Not Literate,"PLFS Year (Jul - Jun), 2021",49.433,0.000,False
India,Meghalaya,Not Literate,"PLFS Year (Jul - Jun), 2022",56.133,0.000,False
India,Meghalaya,Not Literate,"PLFS Year (Jul - Jun), 2023",57.633,0.000,False
India,Meghalaya,Post Graduate & Above,"PLFS Year (Jul - Jun), 2017",70.867,0.000,False
India,Meghalaya,Post Graduate & Above,"PLFS Year (Jul - Jun), 2018",80.233,0.000,False
India,Meghalaya,Post Graduate & Above,"PLFS Year (Jul - Jun), 2019",75.600,0.000,False
India,Meghalaya,Post Graduate & Above,"PLFS Year (Jul - Jun), 2020",65.500,0.000,False
India,Meghalaya,Post Graduate & Above,"PLFS Year (Jul - Jun), 2021",58.300,0.000,False
India,Meghalaya,Post Graduate & Above,"PLFS Year (Jul - Jun), 2022",58.900,0.000,False
India,Meghalaya,Post Graduate & Above,"PLFS Year (Jul - Jun), 2023",76.067,0.000,False
India,Meghalaya,Secondary,"PLFS Year (Jul - Jun), 2017",21.433,0.000,False
India,Meghalaya,Secondary,"PLFS Year (Jul - Jun), 2018",23.900,0.000,False
India,Meghalaya,Secondary,"PLFS Year (Jul - Jun), 2019",23.100,0.000,False
India,Meghalaya,Secondary,"PLFS Year (Jul - Jun), 2020",28.367,0.000,False
India,Meghalaya,Secondary,"PLFS Year (Jul - Jun), 2021",27.800,0.000,False
India,Meghalaya,Secondary,"PLFS Year (Jul - Jun), 2022",38.767,0.000,False
India,Meghalaya,Secondary,"PLFS Year (Jul - Jun), 2023",41.267,0.000,False
India,Meghalaya,Secondary & Above,"PLFS Year (Jul - Jun), 2017",38.000,0.000,False
India,Meghalaya,Secondary & Above,"PLFS Year (Jul - Jun), 2018",38.100,0.000,False
India,Meghalaya,Secondary & Above,"PLFS Year (Jul - Jun), 2019",33.667,0.000,False
India,Meghalaya,Secondary & Above,"PLFS Year (Jul - Jun), 2020",39.667,0.000,False
India,Meghalaya,Secondary & Above,"PLFS Year (Jul - Jun), 2021",41.167,0.000,False
India,Meghalaya,Secondary & Above,"PLFS Year (Jul - Jun), 2022",45.967,0.000,False
India,Meghalaya,Secondary & Above,"PLFS Year (Jul - Jun), 2023",49.967,0.000,False
India,Mizoram,All,"PLFS Year (Jul - Jun), 2017",26.000,0.000,False
India,Mizoram,All,"PLFS Year (Jul - Jun), 2018",26.200,0.000,False
India,Mizoram,All,"PLFS Year (Jul - Jun), 2019",34.867,0.000,False
India,Mizoram,All,"PLFS Year (Jul - Jun), 2020",40.200,0.000,False
India,Mizoram,All,"PLFS Year (Jul - Jun), 2021",31.867,0.000,False
India,Mizoram,All,"PLFS Year (Jul - Jun), 2022",43.700,0.000,False
India,Mizoram,All,"PLFS Year (Jul - Jun), 2023",40.667,0.000,False
India,Mizoram,Diploma/ Certificate Course,"PLFS Year (Jul - Jun), 2017",66.667,0.000,False
India,Mizoram,Diploma/ Certificate Course,"PLFS Year (Jul - Jun), 2018",18.933,0.000,False
India,Mizoram,Diploma/ Certificate Course,"PLFS Year (Jul - Jun), 2019",66.667,0.000,False
India,Mizoram,Diploma/ Certificate Course,"PLFS Year (Jul - Jun), 2020",42.600,0.000,False
India,Mizoram,Diploma/ Certificate Course,"PLFS Year (Jul - Jun), 2021",0.000,0.000,False
India,Mizoram,Diploma/ Certificate Course,"PLFS Year (Jul - Jun), 2022",0.000,0.000,False
India,Mizoram,Diploma/ Certificate Course,"PLFS Year (Jul - Jun), 2023",66.667,0.000,False
India,Mizoram,Graduate,"PLFS Year (Jul - Jun), 2017",54.100,0.000,False
India,Mizoram,Graduate,"PLFS Year (Jul - Jun), 2018",41.467,0.000,False
India,Mizoram,Graduate,"PLFS Year (Jul - Jun), 2019",41.367,0.000,False
India,Mizoram,Graduate,"PLFS Year (Jul - Jun), 2020",51.500,0.000,False
India,Mizoram,Graduate,"PLFS Year (Jul - Jun), 2021",40.200,0.000,False
India,Mizoram,Graduate,"PLFS Year (Jul - Jun), 2022",55.967,0.000,False
India,Mizoram,Graduate,"PLFS Year (Jul - Jun), 2023",59.067,0.000,False
India,Mizoram,Higher Secondary,"PLFS Year (Jul - Jun), 2017",20.800,0.000,False
India,Mizoram,Higher Secondary,"PLFS Year (Jul - Jun), 2018",20.033,0.000,False
India,Mizoram,Higher Secondary,"PLFS Year (Jul - Jun), 2019",25.433,0.000,False
India,Mizoram,Higher Secondary,"PLFS Year (Jul - Jun), 2020",30.133,0.000,False
India,Mizoram,Higher Secondary,"PLFS Year (Jul - Jun), 2021",26.300,0.000,False
India,Mizoram,Higher Secondary,"PLFS Year (Jul - Jun), 2022",34.767,0.000,False
India,Mizoram,Higher Secondary,"PLFS Year (Jul - Jun), 2023",25.967,0.000,False
India,Mizoram,Literate & Upto Primary,"PLFS Year (Jul - Jun), 2017",25.533,0.000,False
India,Mizoram,Literate & Upto Primary,"PLFS Year (Jul - Jun), 2018",25.500,0.000,False
India,Mizoram,Literate & Upto Primary,"PLFS Year (Jul - Jun), 2019",37.867,0.000,False
India,Mizoram,Literate & Upto Primary,"PLFS Year (Jul - Jun), 2020",45.033,0.000,False
India,Mizoram,Literate & Upto Primary,"PLFS Year (Jul - Jun), 2021",27.700,0.000,False
India,Mizoram,Literate & Upto Primary,"PLFS Year (Jul - Jun), 2022",34.467,0.000,False
India,Mizoram,Literate & Upto Primary,"PLFS Year (Jul - Jun), 2023",34.133,0.000,False
India,Mizoram,Middle,"PLFS Year (Jul - Jun), 2017",23.433,0.000,False
India,Mizoram,Middle,"PLFS Year (Jul - Jun), 2018",28.267,0.000,False
India,Mizoram,Middle,"PLFS Year (Jul - Jun), 2019",35.867,0.000,False
India,Mizoram,Middle,"PLFS Year (Jul - Jun), 2020",42.500,0.000,False
India,Mizoram,Middle,"PLFS Year (Jul - Jun), 2021",35.100,0.000,False
India,Mizoram,Middle,"PLFS Year (Jul - Jun), 2022",52.167,0.000,False
India,Mizoram,Middle,"PLFS Year (Jul - Jun), 2023",49.733,0.000,False
India,Mizoram,Not Literate,"PLFS Year (Jul - Jun), 2017",20.800,0.000,False
India,Mizoram,Not Literate,"PLFS Year (Jul - Jun), 2018",3.667,0.000,False
India,Mizoram,Not Literate,"PLFS Year (Jul - Jun), 2019",10.633,0.000,False
India,Mizoram,Not Literate,"PLFS Year (Jul - Jun), 2020",45.433,0.000,False
India,Mizoram,Not Literate,"PLFS Year (Jul - Jun), 2021",0.000,0.000,False
India,Mizoram,Not Literate,"PLFS Year (Jul - Jun), 2022",0.000,0.000,False
India,Mizoram,Not Literate,"PLFS Year (Jul - Jun), 2023",18.700,0.000,False
India,Mizoram,Post Graduate & Above,"PLFS Year (Jul - Jun), 2017",84.167,0.000,False
India,Mizoram,Post Graduate & Above,"PLFS Year (Jul - Jun), 2018",49.267,0.000,False
India,Mizoram,Post Graduate & Above,"PLFS Year (Jul - Jun), 2019",48.233,0.000,False
India,Mizoram,Post Graduate & Above,"PLFS Year (Jul - Jun), 2020",56.267,0.000,False
India,Mizoram,Post Graduate & Above,"PLFS Year (Jul - Jun), 2021",59.567,0.000,False
India,Mizoram,Post Graduate & Above,"PLFS Year (Jul - Jun), 2022",37.733,0.000,False
India,Mizoram,Post Graduate & Above,"PLFS Year (Jul - Jun), 2023",44.200,0.000,False
India,Mizoram,Secondary,"PLFS Year (Jul - Jun), 2017",19.200,0.000,False
India,Mizoram,Secondary,"PLFS Year (Jul - Jun), 2018",16.667,0.000,False
India,Mizoram,Secondary,"PLFS Year (Jul - Jun), 2019",23.767,0.000,False
India,Mizoram,Secondary,"PLFS Year (Jul - Jun), 2020",20.733,0.000,False
India,Mizoram,Secondary,"PLFS Year (Jul - Jun), 2021",21.133,0.000,False
India,Mizoram,Secondary,"PLFS Year (Jul - Jun), 2022",30.133,0.000,False
India,Mizoram,Secondary,"PLFS Year (Jul - Jun), 2023",28.567,0.000,False
India,Mizoram,Secondary & Above,"PLFS Year (Jul - Jun), 2017",27.900,0.000,False
India,Mizoram,Secondary & Above,"PLFS Year (Jul - Jun), 2018",24.233,0.000,False
India,Mizoram,Secondary & Above,"PLFS Year (Jul - Jun), 2019",30.867,0.000,False
India,Mizoram,Secondary & Above,"PLFS Year (Jul - Jun), 2020",33.267,0.000,False
India,Mizoram,Secondary & Above,"PLFS Year (Jul - Jun), 2021",29.567,0.000,False
India,Mizoram,Secondary & Above,"PLFS Year (Jul - Jun), 2022",39.700,0.000,False
India,Mizoram,Secondary & Above,"PLFS Year (Jul - Jun), 2023",35.967,0.000,False
India,Nagaland,All,"PLFS Year (Jul - Jun), 2017",11.200,0.000,False
India,Nagaland,All,"PLFS Year (Jul - Jun), 2018",15.500,0.000,False
India,Nagaland,All,"PLFS Year (Jul - Jun), 2019",29.400,0.000,False
India,Nagaland,All,"PLFS Year (Jul - Jun), 2020",35.167,0.000,False
India,Nagaland,All,"PLFS Year (Jul - Jun), 2021",43.000,0.000,False
India,Nagaland,All,"PLFS Year (Jul - Jun), 2022",59.433,0.000,False
India,Nagaland,All,"PLFS Year (Jul - Jun), 2023",56.933,0.000,False
India,Nagaland,Diploma/ Certificate Course,"PLFS Year (Jul - Jun), 2017",0.000,0.000,False
India,Nagaland,Diploma/ Certificate Course,"PLFS Year (Jul - Jun), 2018",79.367,0.000,False
India,Nagaland,Diploma/ Certificate Course,"PLFS Year (Jul - Jun), 2019",61.000,0.000,False
India,Nagaland,Diploma/ Certificate Course,"PLFS Year (Jul - Jun), 2020",0.000,0.000,False
India,Nagaland,Diploma/ Certificate Course,"PLFS Year (Jul - Jun), 2021",66.667,0.000,False
India,Nagaland,Diploma/ Certificate Course,"PLFS Year (Jul - Jun), 2022",0.000,0.000,False
India,Nagaland,Diploma/ Certificate Course,"PLFS Year (Jul - Jun), 2023",100.000,0.000,False
India,Nagaland,Graduate,"PLFS Year (Jul - Jun), 2017",33.200,0.000,False
India,Nagaland,Graduate,"PLFS Year (Jul - Jun), 2018",19.900,0.000,False
India,Nagaland,Graduate,"PLFS Year (Jul - Jun), 2019",31.233,0.000,False
India,Nagaland,Graduate,"PLFS Year (Jul - Jun), 2020",32.100,0.000,False
India,Nagaland,Graduate,"PLFS Year (Jul - Jun), 2021",53.267,0.000,False
India,Nagaland,Graduate,"PLFS Year (Jul - Jun), 2022",57.333,0.000,False
India,Nagaland,Graduate,"PLFS Year (Jul - Jun), 2023",57.500,0.000,False
India,Nagaland,Higher Secondary,"PLFS Year (Jul - Jun), 2017",14.367,0.000,False
India,Nagaland,Higher Secondary,"PLFS Year (Jul - Jun), 2018",10.300,0.000,False
India,Nagaland,Higher Secondary,"PLFS Year (Jul - Jun), 2019",18.267,0.000,False
India,Nagaland,Higher Secondary,"PLFS Year (Jul - Jun), 2020",23.467,0.000,False
India,Nagaland,Higher Secondary,"PLFS Year (Jul - Jun), 2021",32.033,0.000,False
India,Nagaland,Higher Secondary,"PLFS Year (Jul - Jun), 2022",41.800,0.000,False
India,Nagaland,Higher Secondary,"PLFS Year (Jul - Jun), 2023",46.933,0.000,False
India,Nagaland,Literate & Upto Primary,"PLFS Year (Jul - Jun), 2017",10.333,0.000,False
India,Nagaland,Literate & Upto Primary,"PLFS Year (Jul - Jun), 2018",18.833,0.000,False
India,Nagaland,Literate & Upto Primary,"PLFS Year (Jul - Jun), 2019",44.467,0.000,False
India,Nagaland,Literate & Upto Primary,"PLFS Year (Jul - Jun), 2020",47.833,0.000,False
India,Nagaland,Literate & Upto Primary,"PLFS Year (Jul - Jun), 2021",61.900,0.000,False
India,Nagaland,Literate & Upto Primary,"PLFS Year (Jul - Jun), 2022",75.633,0.000,False
India,Nagaland,Literate & Upto Primary,"PLFS Year (Jul - Jun), 2023",72.067,0.000,False
India,Nagaland,Middle,"PLFS Year (Jul - Jun), 2017",6.067,0.000,False
India,Nagaland,Middle,"PLFS Year (Jul - Jun), 2018",11.200,0.000,False
India,Nagaland,Middle,"PLFS Year (Jul - Jun), 2019",26.133,0.000,False
India,Nagaland,Middle,"PLFS Year (Jul - Jun), 2020",34.233,0.000,False
India,Nagaland,Middle,"PLFS Year (Jul - Jun), 2021",36.000,0.000,False
India,Nagaland,Middle,"PLFS Year (Jul - Jun), 2022",61.867,0.000,False
India,Nagaland,Middle,"PLFS Year (Jul - Jun), 2023",57.000,0.000,False
India,Nagaland,Not Literate,"PLFS Year (Jul - Jun), 2017",9.567,0.000,False
India,Nagaland,Not Literate,"PLFS Year (Jul - Jun), 2018",20.300,0.000,False
India,Nagaland,Not Literate,"PLFS Year (Jul - Jun), 2019",56.933,0.000,False
India,Nagaland,Not Literate,"PLFS Year (Jul - Jun), 2020",45.567,0.000,False
India,Nagaland,Not Literate,"PLFS Year (Jul - Jun), 2021",46.567,0.000,False
India,Nagaland,Not Literate,"PLFS Year (Jul - Jun), 2022",54.267,0.000,False
India,Nagaland,Not Literate,"PLFS Year (Jul - Jun), 2023",39.400,0.000,False
India,Nagaland,Post Graduate & Above,"PLFS Year (Jul - Jun), 2017",33.900,0.000,False
India,Nagaland,Post Graduate & Above,"PLFS Year (Jul - Jun), 2018",41.633,0.000,False
India,Nagaland,Post Graduate & Above,"PLFS Year (Jul - Jun), 2019",40.433,0.000,False
India,Nagaland,Post Graduate & Above,"PLFS Year (Jul - Jun), 2020",41.667,0.000,False
India,Nagaland,Post Graduate & Above,"PLFS Year (Jul - Jun), 2021",55.333,0.000,False
India,Nagaland,Post Graduate & Above,"PLFS Year (Jul - Jun), 2022",67.000,0.000,False
India,Nagaland,Post Graduate & Above,"PLFS Year (Jul - Jun), 2023",42.767,0.000,False
India,Nagaland,Secondary,"PLFS Year (Jul - Jun), 2017",8.967,0.000,False
India,Nagaland,Secondary,"PLFS Year (Jul - Jun), 2018",12.333,0.000,False
India,Nagaland,Secondary,"PLFS Year (Jul - Jun), 2019",19.000,0.000,False
India,Nagaland,Secondary,"PLFS Year (Jul - Jun), 2020",27.900,0.000,False
India,Nagaland,Secondary,"PLFS Year (Jul - Jun), 2021",34.433,0.000,False
India,Nagaland,Secondary,"PLFS Year (Jul - Jun), 2022",48.200,0.000,False
India,Nagaland,Secondary,"PLFS Year (Jul - Jun), 2023",51.533,0.000,False
India,Nagaland,Secondary & Above,"PLFS Year (Jul - Jun), 2017",15.633,0.000,False
India,Nagaland,Secondary & Above,"PLFS Year (Jul - Jun), 2018",14.533,0.000,False
India,Nagaland,Secondary & Above,"PLFS Year (Jul - Jun), 2019",22.400,0.000,False
India,Nagaland,Secondary & Above,"PLFS Year (Jul - Jun), 2020",28.567,0.000,False
India,Nagaland,Secondary & Above,"PLFS Year (Jul - Jun), 2021",39.867,0.000,False
India,Nagaland,Secondary & Above,"PLFS Year (Jul - Jun), 2022",48.567,0.000,False
India,Nagaland,Secondary & Above,"PLFS Year (Jul - Jun), 2023",51.700,0.000,False
India,Odisha,All,"PLFS Year (Jul - Jun), 2017",17.333,0.000,False
India,Odisha,All,"PLFS Year (Jul - Jun), 2018",20.933,0.000,False
India,Odisha,All,"PLFS Year (Jul - Jun), 2019",29.000,0.000,False
India,Odisha,All,"PLFS Year (Jul - Jun), 2020",29.600,0.000,False
India,Odisha,All,"PLFS Year (Jul - Jun), 2021",27.800,0.000,False
India,Odisha,All,"PLFS Year (Jul - Jun), 2022",38.667,0.000,False
India,Odisha,All,"PLFS Year (Jul - Jun), 2023",42.433,0.000,False
India,Odisha,Diploma/ Certificate Course,"PLFS Year (Jul - Jun), 2017",36.600,0.000,False
India,Odisha,Diploma/ Certificate Course,"PLFS Year (Jul - Jun), 2018",52.500,0.000,False
India,Odisha,Diploma/ Certificate Course,"PLFS Year (Jul - Jun), 2019",43.400,0.000,False
India,Odisha,Diploma/ Certificate Course,"PLFS Year (Jul - Jun), 2020",50.233,0.000,False
India,Odisha,Diploma/ Certificate Course,"PLFS Year (Jul - Jun), 2021",63.033,0.000,False
India,Odisha,Diploma/ Certificate Course,"PLFS Year (Jul - Jun), 2022",71.367,0.000,False
India,Odisha,Diploma/ Certificate Course,"PLFS Year (Jul - Jun), 2023",54.400,0.000,False
India,Odisha,Graduate,"PLFS Year (Jul - Jun), 2017",16.000,0.000,False
India,Odisha,Graduate,"PLFS Year (Jul - Jun), 2018",19.333,0.000,False
India,Odisha,Graduate,"PLFS Year (Jul - Jun), 2019",23.967,0.000,False
India,Odisha,Graduate,"PLFS Year (Jul - Jun), 2020",20.367,0.000,False
India,Odisha,Graduate,"PLFS Year (Jul - Jun), 2021",25.400,0.000,False
India,Odisha,Graduate,"PLFS Year (Jul - Jun), 2022",26.933,0.000,False
India,Odisha,Graduate,"PLFS Year (Jul - Jun), 2023",34.267,0.000,False
India,Odisha,Higher Secondary,"PLFS Year (Jul - Jun), 2017",9.400,0.000,False
India,Odisha,Higher Secondary,"PLFS Year (Jul - Jun), 2018",10.200,0.000,False
India,Odisha,Higher Secondary,"PLFS Year (Jul - Jun), 2019",14.167,0.000,False
India,Odisha,Higher Secondary,"PLFS Year (Jul - Jun), 2020",13.167,0.000,False
India,Odisha,Higher Secondary,"PLFS Year (Jul - Jun), 2021",12.800,0.000,False
India,Odisha,Higher Secondary,"PLFS Year (Jul - Jun), 2022",24.267,0.000,False
India,Odisha,Higher Secondary,"PLFS Year (Jul - Jun), 2023",20.200,0.000,False
India,Odisha,Literate & Upto Primary,"PLFS Year (Jul - Jun), 2017",20.433,0.000,False
India,Odisha,Literate & Upto Primary,"PLFS Year (Jul - Jun), 2018",23.233,0.000,False
India,Odisha,Literate & Upto Primary,"PLFS Year (Jul - Jun), 2019",31.200,0.000,False
India,Odisha,Literate & Upto Primary,"PLFS Year (Jul - Jun), 2020",29.700,0.000,False
India,Odisha,Literate & Upto Primary,"PLFS Year (Jul - Jun), 2021",27.533,0.000,False
India,Odisha,Literate & Upto Primary,"PLFS Year (Jul - Jun), 2022",45.600,0.000,False
India,Odisha,Literate & Upto Primary,"PLFS Year (Jul - Jun), 2023",51.900,0.000,False
India,Odisha,Middle,"PLFS Year (Jul - Jun), 2017",9.600,0.000,False
India,Odisha,Middle,"PLFS Year (Jul - Jun), 2018",16.500,0.000,False
India,Odisha,Middle,"PLFS Year (Jul - Jun), 2019",21.333,0.000,False
India,Odisha,Middle,"PLFS Year (Jul - Jun), 2020",21.100,0.000,False
India,Odisha,Middle,"PLFS Year (Jul - Jun), 2021",20.900,0.000,False
India,Odisha,Middle,"PLFS Year (Jul - Jun), 2022",34.500,0.000,False
India,Odisha,Middle,"PLFS Year (Jul - Jun), 2023",38.467,0.000,False
India,Odisha,Not Literate,"PLFS Year (Jul - Jun), 2017",24.867,0.000,False
India,Odisha,Not Literate,"PLFS Year (Jul - Jun), 2018",30.000,0.000,False
India,Odisha,Not Literate,"PLFS Year (Jul - Jun), 2019",40.133,0.000,False
India,Odisha,Not Literate,"PLFS Year (Jul - Jun), 2020",44.600,0.000,False
India,Odisha,Not Literate,"PLFS Year (Jul - Jun), 2021",42.067,0.000,False
India,Odisha,Not Literate,"PLFS Year (Jul - Jun), 2022",47.367,0.000,False
India,Odisha,Not Literate,"PLFS Year (Jul - Jun), 2023",54.333,0.000,False
India,Odisha,Post Graduate & Above,"PLFS Year (Jul - Jun), 2017",36.033,0.000,False
India,Odisha,Post Graduate & Above,"PLFS Year (Jul - Jun), 2018",49.900,0.000,False
India,Odisha,Post Graduate & Above,"PLFS Year (Jul - Jun), 2019",57.867,0.000,False
India,Odisha,Post Graduate & Above,"PLFS Year (Jul - Jun), 2020",39.267,0.000,False
India,Odisha,Post Graduate & Above,"PLFS Year (Jul - Jun), 2021",27.700,0.000,False
India,Odisha,Post Graduate & Above,"PLFS Year (Jul - Jun), 2022",54.500,0.000,False
India,Odisha,Post Graduate & Above,"PLFS Year (Jul - Jun), 2023",43.000,0.000,False
India,Odisha,Secondary,"PLFS Year (Jul - Jun), 2017",8.000,0.000,False
India,Odisha,Secondary,"PLFS Year (Jul - Jun), 2018",9.367,0.000,False
India,Odisha,Secondary,"PLFS Year (Jul - Jun), 2019",15.200,0.000,False
India,Odisha,Secondary,"PLFS Year (Jul - Jun), 2020",17.600,0.000,False
India,Odisha,Secondary,"PLFS Year (Jul - Jun), 2021",15.500,0.000,False
India,Odisha,Secondary,"PLFS Year (Jul - Jun), 2022",26.033,0.000,False
India,Odisha,Secondary,"PLFS Year (Jul - Jun), 2023",26.967,0.000,False
India,Odisha,Secondary & Above,"PLFS Year (Jul - Jun), 2017",11.700,0.000,False
India,Odisha,Secondary & Above,"PLFS Year (Jul - Jun), 2018",13.600,0.000,False
India,Odisha,Secondary & Above,"PLFS Year (Jul - Jun), 2019",19.400,0.000,False
India,Odisha,Secondary & Above,"PLFS Year (Jul - Jun), 2020",19.067,0.000,False
India,Odisha,Secondary & Above,"PLFS Year (Jul - Jun), 2021",17.733,0.000,False
India,Odisha,Secondary & Above,"PLFS Year (Jul - Jun), 2022",27.700,0.000,False
India,Odisha,Secondary & Above,"PLFS Year (Jul - Jun), 2023",28.500,0.000,False
India,Puducherry,All,"PLFS Year (Jul - Jun), 2017",12.267,0.000,False
India,Puducherry,All,"PLFS Year (Jul - Jun), 2018",30.033,0.000,False
India,Puducherry,All,"PLFS Year (Jul - Jun), 2019",29.567,0.000,False
India,Puducherry,All,"PLFS Year (Jul - Jun), 2020",27.133,0.000,False
India,Puducherry,All,"PLFS Year (Jul - Jun), 2021",36.800,0.000,False
India,Puducherry,All,"PLFS Year (Jul - Jun), 2022",35.050,0.000,False
India,Puducherry,All,"PLFS Year (Jul - Jun), 2023",33.367,0.000,False
India,Puducherry,Diploma/ Certificate Course,"PLFS Year (Jul - Jun), 2017",14.700,0.000,False
India,Puducherry,Diploma/ Certificate Course,"PLFS Year (Jul - Jun), 2018",60.633,0.000,False
India,Puducherry,Diploma/ Certificate Course,"PLFS Year (Jul - Jun), 2019",42.800,0.000,False
India,Puducherry,Diploma/ Certificate Course,"PLFS Year (Jul - Jun), 2020",9.400,0.000,False
India,Puducherry,Diploma/ Certificate Course,"PLFS Year (Jul - Jun), 2021",72.167,0.000,False
India,Puducherry,Diploma/ Certificate Course,"PLFS Year (Jul - Jun), 2022",42.350,0.000,False
India,Puducherry,Diploma/ Certificate Course,"PLFS Year (Jul - Jun), 2023",44.900,0.000,False
India,Puducherry,Graduate,"PLFS Year (Jul - Jun), 2017",23.300,0.000,False
India,Puducherry,Graduate,"PLFS Year (Jul - Jun), 2018",23.333,0.000,False
India,Puducherry,Graduate,"PLFS Year (Jul - Jun), 2019",28.200,0.000,False
India,Puducherry,Graduate,"PLFS Year (Jul - Jun), 2020",22.000,0.000,False
India,Puducherry,Graduate,"PLFS Year (Jul - Jun), 2021",41.600,0.000,False
India,Puducherry,Graduate,"PLFS Year (Jul - Jun), 2022",29.000,0.000,False
India,Puducherry,Graduate,"PLFS Year (Jul - Jun), 2023",38.167,0.000,False
India,Puducherry,Higher Secondary,"PLFS Year (Jul - Jun), 2017",5.133,0.000,False
India,Puducherry,Higher Secondary,"PLFS Year (Jul - Jun), 2018",11.967,0.000,False
India,Puducherry,Higher Secondary,"PLFS Year (Jul - Jun), 2019",14.667,0.000,False
India,Puducherry,Higher Secondary,"PLFS Year (Jul - Jun), 2020",16.800,0.000,False
India,Puducherry,Higher Secondary,"PLFS Year (Jul - Jun), 2021",15.067,0.000,False
India,Puducherry,Higher Secondary,"PLFS Year (Jul - Jun), 2022",16.900,0.000,False
India,Puducherry,Higher Secondary,"PLFS Year (Jul - Jun), 2023",18.333,0.000,False
India,Puducherry,Literate & Upto Primary,"PLFS Year (Jul - Jun), 2017",5.800,0.000,False
India,Puducherry,Literate & Upto Primary,"PLFS Year (Jul - Jun), 2018",43.300,0.000,False
India,Puducherry,Literate & Upto Primary,"PLFS Year (Jul - Jun), 2019",29.700,0.000,False
India,Puducherry,Literate & Upto Primary,"PLFS Year (Jul - Jun), 2020",34.467,0.000,False
India,Puducherry,Literate & Upto Primary,"PLFS Year (Jul - Jun), 2021",31.667,0.000,False
India,Puducherry,Literate & Upto Primary,"PLFS Year (Jul - Jun), 2022",36.900,0.000,False
India,Puducherry,Literate & Upto Primary,"PLFS Year (Jul - Jun), 2023",40.933,0.000,False
India,Puducherry,Middle,"PLFS Year (Jul - Jun), 2017",11.267,0.000,False
India,Puducherry,Middle,"PLFS Year (Jul - Jun), 2018",30.467,0.000,False
India,Puducherry,Middle,"PLFS Year (Jul - Jun), 2019",33.200,0.000,False
India,Puducherry,Middle,"PLFS Year (Jul - Jun), 2020",30.933,0.000,False
India,Puducherry,Middle,"PLFS Year (Jul - Jun), 2021",43.067,0.000,False
India,Puducherry,Middle,"PLFS Year (Jul - Jun), 2022",40.850,0.000,False
India,Puducherry,Middle,"PLFS Year (Jul - Jun), 2023",34.733,0.000,False
India,Puducherry,Not Literate,"PLFS Year (Jul - Jun), 2017",10.567,0.000,False
India,Puducherry,Not Literate,"PLFS Year (Jul - Jun), 2018",24.433,0.000,False
India,Puducherry,Not Literate,"PLFS Year (Jul - Jun), 2019",25.267,0.000,False
India,Puducherry,Not Literate,"PLFS Year (Jul - Jun), 2020",28.767,0.000,False
India,Puducherry,Not Literate,"PLFS Year (Jul - Jun), 2021",47.767,0.000,False
India,Puducherry,Not Literate,"PLFS Year (Jul - Jun), 2022",37.050,0.000,False
India,Puducherry,Not Literate,"PLFS Year (Jul - Jun), 2023",26.200,0.000,False
India,Puducherry,Post Graduate & Above,"PLFS Year (Jul - Jun), 2017",31.833,0.000,False
India,Puducherry,Post Graduate & Above,"PLFS Year (Jul - Jun), 2018",46.033,0.000,False
India,Puducherry,Post Graduate & Above,"PLFS Year (Jul - Jun), 2019",25.533,0.000,False
India,Puducherry,Post Graduate & Above,"PLFS Year (Jul - Jun), 2020",39.533,0.000,False
India,Puducherry,Post Graduate & Above,"PLFS Year (Jul - Jun), 2021",35.533,0.000,False
India,Puducherry,Post Graduate & Above,"PLFS Year (Jul - Jun), 2022",77.400,0.000,False
India,Puducherry,Post Graduate & Above,"PLFS Year (Jul - Jun), 2023",68.367,0.000,False
India,Puducherry,Secondary,"PLFS Year (Jul - Jun), 2017",10.333,0.000,False
India,Puducherry,Secondary,"PLFS Year (Jul - Jun), 2018",24.567,0.000,False
India,Puducherry,Secondary,"PLFS Year (Jul - Jun), 2019",40.100,0.000,False
India,Puducherry,Secondary,"PLFS Year (Jul - Jun), 2020",18.900,0.000,False
India,Puducherry,Secondary,"PLFS Year (Jul - Jun), 2021",29.967,0.000,False
India,Puducherry,Secondary,"PLFS Year (Jul - Jun), 2022",22.500,0.000,False
India,Puducherry,Secondary,"PLFS Year (Jul - Jun), 2023",13.633,0.000,False
India,Puducherry,Secondary & Above,"PLFS Year (Jul - Jun), 2017",14.800,0.000,False
India,Puducherry,Secondary & Above,"PLFS Year (Jul - Jun), 2018",27.300,0.000,False
India,Puducherry,Secondary & Above,"PLFS Year (Jul - Jun), 2019",29.933,0.000,False
India,Puducherry,Secondary & Above,"PLFS Year (Jul - Jun), 2020",22.133,0.000,False
India,Puducherry,Secondary & Above,"PLFS Year (Jul - Jun), 2021",32.600,0.000,False
India,Puducherry,Secondary & Above,"PLFS Year (Jul - Jun), 2022",28.400,0.000,False
India,Puducherry,Secondary & Above,"PLFS Year (Jul - Jun), 2023",31.400,0.000,False
India,Punjab,All,"PLFS Year (Jul - Jun), 2017",13.967,0.000,False
India,Punjab,All,"PLFS Year (Jul - Jun), 2018",17.233,0.000,False
India,Punjab,All,"PLFS Year (Jul - Jun), 2019",21.500,0.000,False
India,Punjab,All,"PLFS Year (Jul - Jun), 2020",20.867,0.000,False
India,Punjab,All,"PLFS Year (Jul - Jun), 2021",21.667,0.000,False
India,Punjab,All,"PLFS Year (Jul - Jun), 2022",24.900,0.000,False
India,Punjab,All,"PLFS Year (Jul - Jun), 2023",28.000,0.000,False
India,Punjab,Diploma/ Certificate Course,"PLFS Year (Jul - Jun), 2017",25.933,0.000,False
India,Punjab,Diploma/ Certificate Course,"PLFS Year (Jul - Jun), 2018",31.633,0.000,False
India,Punjab,Diploma/ Certificate Course,"PLFS Year (Jul - Jun), 2019",14.633,0.000,False
India,Punjab,Diploma/ Certificate Course,"PLFS Year (Jul - Jun), 2020",33.567,0.000,False
India,Punjab,Diploma/ Certificate Course,"PLFS Year (Jul - Jun), 2021",42.267,0.000,False
India,Punjab,Diploma/ Certificate Course,"PLFS Year (Jul - Jun), 2022",30.300,0.000,False
India,Punjab,Diploma/ Certificate Course,"PLFS Year (Jul - Jun), 2023",42.200,0.000,False
India,Punjab,Graduate,"PLFS Year (Jul - Jun), 2017",17.400,0.000,False
India,Punjab,Graduate,"PLFS Year (Jul - Jun), 2018",21.700,0.000,False
India,Punjab,Graduate,"PLFS Year (Jul - Jun), 2019",24.267,0.000,False
India,Punjab,Graduate,"PLFS Year (Jul - Jun), 2020",16.900,0.000,False
India,Punjab,Graduate,"PLFS Year (Jul - Jun), 2021",21.733,0.000,False
India,Punjab,Graduate,"PLFS Year (Jul - Jun), 2022",18.900,0.000,False
India,Punjab,Graduate,"PLFS Year (Jul - Jun), 2023",29.000,0.000,False
India,Punjab,Higher Secondary,"PLFS Year (Jul - Jun), 2017",11.033,0.000,False
India,Punjab,Higher Secondary,"PLFS Year (Jul - Jun), 2018",10.700,0.000,False
India,Punjab,Higher Secondary,"PLFS Year (Jul - Jun), 2019",11.733,0.000,False
India,Punjab,Higher Secondary,"PLFS Year (Jul - Jun), 2020",14.800,0.000,False
India,Punjab,Higher Secondary,"PLFS Year (Jul - Jun), 2021",16.267,0.000,False
India,Punjab,Higher Secondary,"PLFS Year (Jul - Jun), 2022",20.800,0.000,False
India,Punjab,Higher Secondary,"PLFS Year (Jul - Jun), 2023",20.667,0.000,False
India,Punjab,Literate & Upto Primary,"PLFS Year (Jul - Jun), 2017",11.733,0.000,False
India,Punjab,Literate & Upto Primary,"PLFS Year (Jul - Jun), 2018",20.067,0.000,False
India,Punjab,Literate & Upto Primary,"PLFS Year (Jul - Jun), 2019",21.033,0.000,False
India,Punjab,Literate & Upto Primary,"PLFS Year (Jul - Jun), 2020",25.500,0.000,False
India,Punjab,Literate & Upto Primary,"PLFS Year (Jul - Jun), 2021",23.300,0.000,False
India,Punjab,Literate & Upto Primary,"PLFS Year (Jul - Jun), 2022",30.133,0.000,False
India,Punjab,Literate & Upto Primary,"PLFS Year (Jul - Jun), 2023",30.367,0.000,False
India,Punjab,Middle,"PLFS Year (Jul - Jun), 2017",9.867,0.000,False
India,Punjab,Middle,"PLFS Year (Jul - Jun), 2018",13.267,0.000,False
India,Punjab,Middle,"PLFS Year (Jul - Jun), 2019",17.233,0.000,False
India,Punjab,Middle,"PLFS Year (Jul - Jun), 2020",16.333,0.000,False
India,Punjab,Middle,"PLFS Year (Jul - Jun), 2021",17.033,0.000,False
India,Punjab,Middle,"PLFS Year (Jul - Jun), 2022",21.233,0.000,False
India,Punjab,Middle,"PLFS Year (Jul - Jun), 2023",25.467,0.000,False
India,Punjab,Not Literate,"PLFS Year (Jul - Jun), 2017",16.533,0.000,False
India,Punjab,Not Literate,"PLFS Year (Jul - Jun), 2018",19.900,0.000,False
India,Punjab,Not Literate,"PLFS Year (Jul - Jun), 2019",25.000,0.000,False
India,Punjab,Not Literate,"PLFS Year (Jul - Jun), 2020",26.633,0.000,False
India,Punjab,Not Literate,"PLFS Year (Jul - Jun), 2021",26.467,0.000,False
India,Punjab,Not Literate,"PLFS Year (Jul - Jun), 2022",28.267,0.000,False
India,Punjab,Not Literate,"PLFS Year (Jul - Jun), 2023",31.900,0.000,False
India,Punjab,Post Graduate & Above,"PLFS Year (Jul - Jun), 2017",39.300,0.000,False
India,Punjab,Post Graduate & Above,"PLFS Year (Jul - Jun), 2018",39.467,0.000,False
India,Punjab,Post Graduate & Above,"PLFS Year (Jul - Jun), 2019",56.900,0.000,False
India,Punjab,Post Graduate & Above,"PLFS Year (Jul - Jun), 2020",35.300,0.000,False
India,Punjab,Post Graduate & Above,"PLFS Year (Jul - Jun), 2021",41.600,0.000,False
India,Punjab,Post Graduate & Above,"PLFS Year (Jul - Jun), 2022",49.700,0.000,False
India,Punjab,Post Graduate & Above,"PLFS Year (Jul - Jun), 2023",41.900,0.000,False
India,Punjab,Secondary,"PLFS Year (Jul - Jun), 2017",6.600,0.000,False
India,Punjab,Secondary,"PLFS Year (Jul - Jun), 2018",11.033,0.000,False
India,Punjab,Secondary,"PLFS Year (Jul - Jun), 2019",12.700,0.000,False
India,Punjab,Secondary,"PLFS Year (Jul - Jun), 2020",12.067,0.000,False
India,Punjab,Secondary,"PLFS Year (Jul - Jun), 2021",13.433,0.000,False
India,Punjab,Secondary,"PLFS Year (Jul - Jun), 2022",16.767,0.000,False
India,Punjab,Secondary,"PLFS Year (Jul - Jun), 2023",25.500,0.000,False
India,Punjab,Secondary & Above,"PLFS Year (Jul - Jun), 2017",14.400,0.000,False
India,Punjab,Secondary & Above,"PLFS Year (Jul - Jun), 2018",15.933,0.000,False
India,Punjab,Secondary & Above,"PLFS Year (Jul - Jun), 2019",20.867,0.000,False
India,Punjab,Secondary & Above,"PLFS Year (Jul - Jun), 2020",17.467,0.000,False
India,Punjab,Secondary & Above,"PLFS Year (Jul - Jun), 2021",19.733,0.000,False
India,Punjab,Secondary & Above,"PLFS Year (Jul - Jun), 2022",22.600,0.000,False
India,Punjab,Secondary & Above,"PLFS Year (Jul - Jun), 2023",26.467,0.000,False
India,Rajasthan,All,"PLFS Year (Jul - Jun), 2017",23.267,0.000,False
India,Rajasthan,All,"PLFS Year (Jul - Jun), 2018",26.667,0.000,False
India,Rajasthan,All,"PLFS Year (Jul - Jun), 2019",33.200,0.000,False
India,Rajasthan,All,"PLFS Year (Jul - Jun), 2020",33.467,0.000,False
India,Rajasthan,All,"PLFS Year (Jul - Jun), 2021",34.267,0.000,False
India,Rajasthan,All,"PLFS Year (Jul - Jun), 2022",40.733,0.000,False
India,Rajasthan,All,"PLFS Year (Jul - Jun), 2023",44.233,0.000,False
India,Rajasthan,Diploma/ Certificate Course,"PLFS Year (Jul - Jun), 2017",20.700,0.000,False
India,Rajasthan,Diploma/ Certificate Course,"PLFS Year (Jul - Jun), 2018",76.100,0.000,False
India,Rajasthan,Diploma/ Certificate Course,"PLFS Year (Jul - Jun), 2019",41.033,0.000,False
India,Rajasthan,Diploma/ Certificate Course,"PLFS Year (Jul - Jun), 2020",52.767,0.000,False
India,Rajasthan,Diploma/ Certificate Course,"PLFS Year (Jul - Jun), 2021",54.033,0.000,False
India,Rajasthan,Diploma/ Certificate Course,"PLFS Year (Jul - Jun), 2022",44.533,0.000,False
India,Rajasthan,Diploma/ Certificate Course,"PLFS Year (Jul - Jun), 2023",53.433,0.000,False
India,Rajasthan,Graduate,"PLFS Year (Jul - Jun), 2017",13.200,0.000,False
India,Rajasthan,Graduate,"PLFS Year (Jul - Jun), 2018",19.267,0.000,False
India,Rajasthan,Graduate,"PLFS Year (Jul - Jun), 2019",22.400,0.000,False
India,Rajasthan,Graduate,"PLFS Year (Jul - Jun), 2020",17.167,0.000,False
India,Rajasthan,Graduate,"PLFS Year (Jul - Jun), 2021",21.033,0.000,False
India,Rajasthan,Graduate,"PLFS Year (Jul - Jun), 2022",29.300,0.000,False
India,Rajasthan,Graduate,"PLFS Year (Jul - Jun), 2023",32.367,0.000,False
India,Rajasthan,Higher Secondary,"PLFS Year (Jul - Jun), 2017",9.567,0.000,False
India,Rajasthan,Higher Secondary,"PLFS Year (Jul - Jun), 2018",10.433,0.000,False
India,Rajasthan,Higher Secondary,"PLFS Year (Jul - Jun), 2019",12.767,0.000,False
India,Rajasthan,Higher Secondary,"PLFS Year (Jul - Jun), 2020",11.567,0.000,False
India,Rajasthan,Higher Secondary,"PLFS Year (Jul - Jun), 2021",13.767,0.000,False
India,Rajasthan,Higher Secondary,"PLFS Year (Jul - Jun), 2022",20.233,0.000,False
India,Rajasthan,Higher Secondary,"PLFS Year (Jul - Jun), 2023",19.900,0.000,False
India,Rajasthan,Literate & Upto Primary,"PLFS Year (Jul - Jun), 2017",19.967,0.000,False
India,Rajasthan,Literate & Upto Primary,"PLFS Year (Jul - Jun), 2018",26.933,0.000,False
India,Rajasthan,Literate & Upto Primary,"PLFS Year (Jul - Jun), 2019",34.300,0.000,False
India,Rajasthan,Literate & Upto Primary,"PLFS Year (Jul - Jun), 2020",34.267,0.000,False
India,Rajasthan,Literate & Upto Primary,"PLFS Year (Jul - Jun), 2021",35.267,0.000,False
India,Rajasthan,Literate & Upto Primary,"PLFS Year (Jul - Jun), 2022",46.900,0.000,False
India,Rajasthan,Literate & Upto Primary,"PLFS Year (Jul - Jun), 2023",58.333,0.000,False
India,Rajasthan,Middle,"PLFS Year (Jul - Jun), 2017",14.067,0.000,False
India,Rajasthan,Middle,"PLFS Year (Jul - Jun), 2018",17.900,0.000,False
India,Rajasthan,Middle,"PLFS Year (Jul - Jun), 2019",19.700,0.000,False
India,Rajasthan,Middle,"PLFS Year (Jul - Jun), 2020",26.133,0.000,False
India,Rajasthan,Middle,"PLFS Year (Jul - Jun), 2021",27.800,0.000,False
India,Rajasthan,Middle,"PLFS Year (Jul - Jun), 2022",33.667,0.000,False
India,Rajasthan,Middle,"PLFS Year (Jul - Jun), 2023",35.267,0.000,False
India,Rajasthan,Not Literate,"PLFS Year (Jul - Jun), 2017",30.867,0.000,False
India,Rajasthan,Not Literate,"PLFS Year (Jul - Jun), 2018",34.333,0.000,False
India,Rajasthan,Not Literate,"PLFS Year (Jul - Jun), 2019",44.600,0.000,False
India,Rajasthan,Not Literate,"PLFS Year (Jul - Jun), 2020",46.200,0.000,False
India,Rajasthan,Not Literate,"PLFS Year (Jul - Jun), 2021",45.433,0.000,False
India,Rajasthan,Not Literate,"PLFS Year (Jul - Jun), 2022",51.000,0.000,False
India,Rajasthan,Not Literate,"PLFS Year (Jul - Jun), 2023",55.667,0.000,False
India,Rajasthan,Post Graduate & Above,"PLFS Year (Jul - Jun), 2017",24.433,0.000,False
India,Rajasthan,Post Graduate & Above,"PLFS Year (Jul - Jun), 2018",26.600,0.000,False
India,Rajasthan,Post Graduate & Above,"PLFS Year (Jul - Jun), 2019",26.233,0.000,False
India,Rajasthan,Post Graduate & Above,"PLFS Year (Jul - Jun), 2020",21.700,0.000,False
India,Rajasthan,Post Graduate & Above,"PLFS Year (Jul - Jun), 2021",26.467,0.000,False
India,Rajasthan,Post Graduate & Above,"PLFS Year (Jul - Jun), 2022",27.100,0.000,False
India,Rajasthan,Post Graduate & Above,"PLFS Year (Jul - Jun), 2023",31.333,0.000,False
India,Rajasthan,Secondary,"PLFS Year (Jul - Jun), 2017",7.600,0.000,False
India,Rajasthan,Secondary,"PLFS Year (Jul - Jun), 2018",11.933,0.000,False
India,Rajasthan,Secondary,"PLFS Year (Jul - Jun), 2019",15.367,0.000,False
India,Rajasthan,Secondary,"PLFS Year (Jul - Jun), 2020",14.800,0.000,False
India,Rajasthan,Secondary,"PLFS Year (Jul - Jun), 2021",15.933,0.000,False
India,Rajasthan,Secondary,"PLFS Year (Jul - Jun), 2022",19.833,0.000,False
India,Rajasthan,Secondary,"PLFS Year (Jul - Jun), 2023",25.633,0.000,False
India,Rajasthan,Secondary & Above,"PLFS Year (Jul - Jun), 2017",11.900,0.000,False
India,Rajasthan,Secondary & Above,"PLFS Year (Jul - Jun), 2018",15.733,0.000,False
India,Rajasthan,Secondary & Above,"PLFS Year (Jul - Jun), 2019",17.867,0.000,False
India,Rajasthan,Secondary & Above,"PLFS Year (Jul - Jun), 2020",15.767,0.000,False
India,Rajasthan,Secondary & Above,"PLFS Year (Jul - Jun), 2021",18.233,0.000,False
India,Rajasthan,Secondary & Above,"PLFS Year (Jul - Jun), 2022",23.600,0.000,False
India,Rajasthan,Secondary & Above,"PLFS Year (Jul - Jun), 2023",26.967,0.000,False
India,Sikkim,All,"PLFS Year (Jul - Jun), 2017",39.333,0.000,False
India,Sikkim,All,"PLFS Year (Jul - Jun), 2018",45.600,0.000,False
India,Sikkim,All,"PLFS Year (Jul - Jun), 2019",54.467,0.000,False
India,Sikkim,All,"PLFS Year (Jul - Jun), 2020",55.400,0.000,False
India,Sikkim,All,"PLFS Year (Jul - Jun), 2021",50.467,0.000,False
India,Sikkim,All,"PLFS Year (Jul - Jun), 2022",57.833,0.000,False
India,Sikkim,All,"PLFS Year (Jul - Jun), 2023",57.833,0.000,False
India,Sikkim,Diploma/ Certificate Course,"PLFS Year (Jul - Jun), 2017",36.667,0.000,False
India,Sikkim,Diploma/ Certificate Course,"PLFS Year (Jul - Jun), 2018",100.000,0.000,False
India,Sikkim,Diploma/ Certificate Course,"PLFS Year (Jul - Jun), 2019",38.000,0.000,False
India,Sikkim,Diploma/ Certificate Course,"PLFS Year (Jul - Jun), 2020",79.367,0.000,False
India,Sikkim,Diploma/ Certificate Course,"PLFS Year (Jul - Jun), 2021",0.000,0.000,False
India,Sikkim,Diploma/ Certificate Course,"PLFS Year (Jul - Jun), 2022",47.433,0.000,False
India,Sikkim,Diploma/ Certificate Course,"PLFS Year (Jul - Jun), 2023",73.300,0.000,False
India,Sikkim,Graduate,"PLFS Year (Jul - Jun), 2017",56.033,0.000,False
India,Sikkim,Graduate,"PLFS Year (Jul - Jun), 2018",72.967,0.000,False
India,Sikkim,Graduate,"PLFS Year (Jul - Jun), 2019",68.733,0.000,False
India,Sikkim,Graduate,"PLFS Year (Jul - Jun), 2020",65.500,0.000,False
India,Sikkim,Graduate,"PLFS Year (Jul - Jun), 2021",57.867,0.000,False
India,Sikkim,Graduate,"PLFS Year (Jul - Jun), 2022",69.167,0.000,False
India,Sikkim,Graduate,"PLFS Year (Jul - Jun), 2023",65.600,0.000,False
India,Sikkim,Higher Secondary,"PLFS Year (Jul - Jun), 2017",39.400,0.000,False
India,Sikkim,Higher Secondary,"PLFS Year (Jul - Jun), 2018",40.033,0.000,False
India,Sikkim,Higher Secondary,"PLFS Year (Jul - Jun), 2019",47.100,0.000,False
India,Sikkim,Higher Secondary,"PLFS Year (Jul - Jun), 2020",34.700,0.000,False
India,Sikkim,Higher Secondary,"PLFS Year (Jul - Jun), 2021",37.067,0.000,False
India,Sikkim,Higher Secondary,"PLFS Year (Jul - Jun), 2022",41.167,0.000,False
India,Sikkim,Higher Secondary,"PLFS Year (Jul - Jun), 2023",52.067,0.000,False
India,Sikkim,Literate & Upto Primary,"PLFS Year (Jul - Jun), 2017",34.100,0.000,False
India,Sikkim,Literate & Upto Primary,"PLFS Year (Jul - Jun), 2018",54.267,0.000,False
India,Sikkim,Literate & Upto Primary,"PLFS Year (Jul - Jun), 2019",56.733,0.000,False
India,Sikkim,Literate & Upto Primary,"PLFS Year (Jul - Jun), 2020",70.000,0.000,False
India,Sikkim,Literate & Upto Primary,"PLFS Year (Jul - Jun), 2021",59.033,0.000,False
India,Sikkim,Literate & Upto Primary,"PLFS Year (Jul - Jun), 2022",71.867,0.000,False
India,Sikkim,Literate & Upto Primary,"PLFS Year (Jul - Jun), 2023",62.333,0.000,False
India,Sikkim,Middle,"PLFS Year (Jul - Jun), 2017",41.867,0.000,False
India,Sikkim,Middle,"PLFS Year (Jul - Jun), 2018",41.200,0.000,False
India,Sikkim,Middle,"PLFS Year (Jul - Jun), 2019",56.567,0.000,False
India,Sikkim,Middle,"PLFS Year (Jul - Jun), 2020",48.000,0.000,False
India,Sikkim,Middle,"PLFS Year (Jul - Jun), 2021",49.367,0.000,False
India,Sikkim,Middle,"PLFS Year (Jul - Jun), 2022",55.400,0.000,False
India,Sikkim,Middle,"PLFS Year (Jul - Jun), 2023",55.833,0.000,False
India,Sikkim,Not Literate,"PLFS Year (Jul - Jun), 2017",26.300,0.000,False
India,Sikkim,Not Literate,"PLFS Year (Jul - Jun), 2018",41.633,0.000,False
India,Sikkim,Not Literate,"PLFS Year (Jul - Jun), 2019",45.467,0.000,False
India,Sikkim,Not Literate,"PLFS Year (Jul - Jun), 2020",56.100,0.000,False
India,Sikkim,Not Literate,"PLFS Year (Jul - Jun), 2021",48.400,0.000,False
India,Sikkim,Not Literate,"PLFS Year (Jul - Jun), 2022",49.633,0.000,False
India,Sikkim,Not Literate,"PLFS Year (Jul - Jun), 2023",55.067,0.000,False
India,Sikkim,Post Graduate & Above,"PLFS Year (Jul - Jun), 2017",60.700,0.000,False
India,Sikkim,Post Graduate & Above,"PLFS Year (Jul - Jun), 2018",71.733,0.000,False
India,Sikkim,Post Graduate & Above,"PLFS Year (Jul - Jun), 2019",75.800,0.000,False
India,Sikkim,Post Graduate & Above,"PLFS Year (Jul - Jun), 2020",70.200,0.000,False
India,Sikkim,Post Graduate & Above,"PLFS Year (Jul - Jun), 2021",57.800,0.000,False
India,Sikkim,Post Graduate & Above,"PLFS Year (Jul - Jun), 2022",56.467,0.000,False
India,Sikkim,Post Graduate & Above,"PLFS Year (Jul - Jun), 2023",88.433,0.000,False
India,Sikkim,Secondary,"PLFS Year (Jul - Jun), 2017",37.567,0.000,False
India,Sikkim,Secondary,"PLFS Year (Jul - Jun), 2018",21.500,0.000,False
India,Sikkim,Secondary,"PLFS Year (Jul - Jun), 2019",44.667,0.000,False
India,Sikkim,Secondary,"PLFS Year (Jul - Jun), 2020",37.667,0.000,False
India,Sikkim,Secondary,"PLFS Year (Jul - Jun), 2021",42.667,0.000,False
India,Sikkim,Secondary,"PLFS Year (Jul - Jun), 2022",38.667,0.000,False
India,Sikkim,Secondary,"PLFS Year (Jul - Jun), 2023",40.800,0.000,False
India,Sikkim,Secondary & Above,"PLFS Year (Jul - Jun), 2017",43.200,0.000,False
India,Sikkim,Secondary & Above,"PLFS Year (Jul - Jun), 2018",41.500,0.000,False
India,Sikkim,Secondary & Above,"PLFS Year (Jul - Jun), 2019",53.933,0.000,False
India,Sikkim,Secondary & Above,"PLFS Year (Jul - Jun), 2020",47.767,0.000,False
India,Sikkim,Secondary & Above,"PLFS Year (Jul - Jun), 2021",45.133,0.000,False
India,Sikkim,Secondary & Above,"PLFS Year (Jul - Jun), 2022",48.467,0.000,False
India,Sikkim,Secondary & Above,"PLFS Year (Jul - Jun), 2023",54.433,0.000,False
India,Tamil Nadu,All,"PLFS Year (Jul - Jun), 2017",31.067,0.000,False
India,Tamil Nadu,All,"PLFS Year (Jul - Jun), 2018",34.167,0.000,False
India,Tamil Nadu,All,"PLFS Year (Jul - Jun), 2019",38.033,0.000,False
India,Tamil Nadu,All,"PLFS Year (Jul - Jun), 2020",40.133,0.000,False
India,Tamil Nadu,All,"PLFS Year (Jul - Jun), 2021",38.267,0.000,False
India,Tamil Nadu,All,"PLFS Year (Jul - Jun), 2022",37.633,0.000,False
India,Tamil Nadu,All,"PLFS Year (Jul - Jun), 2023",40.867,0.000,False
India,Tamil Nadu,Diploma/ Certificate Course,"PLFS Year (Jul - Jun), 2017",35.433,0.000,False
India,Tamil Nadu,Diploma/ Certificate Course,"PLFS Year (Jul - Jun), 2018",33.133,0.000,False
India,Tamil Nadu,Diploma/ Certificate Course,"PLFS Year (Jul - Jun), 2019",38.967,0.000,False
India,Tamil Nadu,Diploma/ Certificate Course,"PLFS Year (Jul - Jun), 2020",24.500,0.000,False
India,Tamil Nadu,Diploma/ Certificate Course,"PLFS Year (Jul - Jun), 2021",39.400,0.000,False
India,Tamil Nadu,Diploma/ Certificate Course,"PLFS Year (Jul - Jun), 2022",39.267,0.000,False
India,Tamil Nadu,Diploma/ Certificate Course,"PLFS Year (Jul - Jun), 2023",42.433,0.000,False
India,Tamil Nadu,Graduate,"PLFS Year (Jul - Jun), 2017",26.633,0.000,False
India,Tamil Nadu,Graduate,"PLFS Year (Jul - Jun), 2018",27.200,0.000,False
India,Tamil Nadu,Graduate,"PLFS Year (Jul - Jun), 2019",31.567,0.000,False
India,Tamil Nadu,Graduate,"PLFS Year (Jul - Jun), 2020",29.967,0.000,False
India,Tamil Nadu,Graduate,"PLFS Year (Jul - Jun), 2021",27.433,0.000,False
India,Tamil Nadu,Graduate,"PLFS Year (Jul - Jun), 2022",26.000,0.000,False
India,Tamil Nadu,Graduate,"PLFS Year (Jul - Jun), 2023",27.533,0.000,False
India,Tamil Nadu,Higher Secondary,"PLFS Year (Jul - Jun), 2017",16.100,0.000,False
India,Tamil Nadu,Higher Secondary,"PLFS Year (Jul - Jun), 2018",17.633,0.000,False
India,Tamil Nadu,Higher Secondary,"PLFS Year (Jul - Jun), 2019",17.500,0.000,False
India,Tamil Nadu,Higher Secondary,"PLFS Year (Jul - Jun), 2020",20.667,0.000,False
India,Tamil Nadu,Higher Secondary,"PLFS Year (Jul - Jun), 2021",22.667,0.000,False
India,Tamil Nadu,Higher Secondary,"PLFS Year (Jul - Jun), 2022",18.733,0.000,False
India,Tamil Nadu,Higher Secondary,"PLFS Year (Jul - Jun), 2023",24.400,0.000,False
India,Tamil Nadu,Literate & Upto Primary,"PLFS Year (Jul - Jun), 2017",40.233,0.000,False
India,Tamil Nadu,Literate & Upto Primary,"PLFS Year (Jul - Jun), 2018",42.933,0.000,False
India,Tamil Nadu,Literate & Upto Primary,"PLFS Year (Jul - Jun), 2019",51.533,0.000,False
India,Tamil Nadu,Literate & Upto Primary,"PLFS Year (Jul - Jun), 2020",54.267,0.000,False
India,Tamil Nadu,Literate & Upto Primary,"PLFS Year (Jul - Jun), 2021",50.300,0.000,False
India,Tamil Nadu,Literate & Upto Primary,"PLFS Year (Jul - Jun), 2022",49.600,0.000,False
India,Tamil Nadu,Literate & Upto Primary,"PLFS Year (Jul - Jun), 2023",55.600,0.000,False
India,Tamil Nadu,Middle,"PLFS Year (Jul - Jun), 2017",26.867,0.000,False
India,Tamil Nadu,Middle,"PLFS Year (Jul - Jun), 2018",37.467,0.000,False
India,Tamil Nadu,Middle,"PLFS Year (Jul - Jun), 2019",36.133,0.000,False
India,Tamil Nadu,Middle,"PLFS Year (Jul - Jun), 2020",42.067,0.000,False
India,Tamil Nadu,Middle,"PLFS Year (Jul - Jun), 2021",41.000,0.000,False
India,Tamil Nadu,Middle,"PLFS Year (Jul - Jun), 2022",41.733,0.000,False
India,Tamil Nadu,Middle,"PLFS Year (Jul - Jun), 2023",41.700,0.000,False
India,Tamil Nadu,Not Literate,"PLFS Year (Jul - Jun), 2017",37.867,0.000,False
India,Tamil Nadu,Not Literate,"PLFS Year (Jul - Jun), 2018",42.233,0.000,False
India,Tamil Nadu,Not Literate,"PLFS Year (Jul - Jun), 2019",46.300,0.000,False
India,Tamil Nadu,Not Literate,"PLFS Year (Jul - Jun), 2020",48.933,0.000,False
India,Tamil Nadu,Not Literate,"PLFS Year (Jul - Jun), 2021",44.400,0.000,False
India,Tamil Nadu,Not Literate,"PLFS Year (Jul - Jun), 2022",44.400,0.000,False
India,Tamil Nadu,Not Literate,"PLFS Year (Jul - Jun), 2023",47.633,0.000,False
India,Tamil Nadu,Post Graduate & Above,"PLFS Year (Jul - Jun), 2017",44.067,0.000,False
India,Tamil Nadu,Post Graduate & Above,"PLFS Year (Jul - Jun), 2018",35.800,0.000,False
India,Tamil Nadu,Post Graduate & Above,"PLFS Year (Jul - Jun), 2019",42.300,0.000,False
India,Tamil Nadu,Post Graduate & Above,"PLFS Year (Jul - Jun), 2020",42.600,0.000,False
India,Tamil Nadu,Post Graduate & Above,"PLFS Year (Jul - Jun), 2021",42.567,0.000,False
India,Tamil Nadu,Post Graduate & Above,"PLFS Year (Jul - Jun), 2022",41.267,0.000,False
India,Tamil Nadu,Post Graduate & Above,"PLFS Year (Jul - Jun), 2023",42.933,0.000,False
India,Tamil Nadu,Secondary,"PLFS Year (Jul - Jun), 2017",17.167,0.000,False
India,Tamil Nadu,Secondary,"PLFS Year (Jul - Jun), 2018",20.967,0.000,False
India,Tamil Nadu,Secondary,"PLFS Year (Jul - Jun), 2019",23.667,0.000,False
India,Tamil Nadu,Secondary,"PLFS Year (Jul - Jun), 2020",25.533,0.000,False
India,Tamil Nadu,Secondary,"PLFS Year (Jul - Jun), 2021",27.133,0.000,False
India,Tamil Nadu,Secondary,"PLFS Year (Jul - Jun), 2022",27.633,0.000,False
India,Tamil Nadu,Secondary,"PLFS Year (Jul - Jun), 2023",31.867,0.000,False
India,Tamil Nadu,Secondary & Above,"PLFS Year (Jul - Jun), 2017",22.767,0.000,False
India,Tamil Nadu,Secondary & Above,"PLFS Year (Jul - Jun), 2018",23.800,0.000,False
India,Tamil Nadu,Secondary & Above,"PLFS Year (Jul - Jun), 2019",26.733,0.000,False
India,Tamil Nadu,Secondary & Above,"PLFS Year (Jul - Jun), 2020",27.233,0.000,False
India,Tamil Nadu,Secondary & Above,"PLFS Year (Jul - Jun), 2021",28.133,0.000,False
India,Tamil Nadu,Secondary & Above,"PLFS Year (Jul - Jun), 2022",26.767,0.000,False
India,Tamil Nadu,Secondary & Above,"PLFS Year (Jul - Jun), 2023",30.567,0.000,False
India,Telangana,All,"PLFS Year (Jul - Jun), 2017",29.200,0.000,False
India,Telangana,All,"PLFS Year (Jul - Jun), 2018",33.667,0.000,False
India,Telangana,All,"PLFS Year (Jul - Jun), 2019",39.700,0.000,False
India,Telangana,All,"PLFS Year (Jul - Jun), 2020",41.333,0.000,False
India,Telangana,All,"PLFS Year (Jul - Jun), 2021",39.800,0.000,False
India,Telangana,All,"PLFS Year (Jul - Jun), 2022",40.567,0.000,False
India,Telangana,All,"PLFS Year (Jul - Jun), 2023",42.267,0.000,False
India,Telangana,Diploma/ Certificate Course,"PLFS Year (Jul - Jun), 2017",0.000,0.000,False
India,Telangana,Diploma/ Certificate Course,"PLFS Year (Jul - Jun), 2018",14.867,0.000,False
India,Telangana,Diploma/ Certificate Course,"PLFS Year (Jul - Jun), 2019",15.867,0.000,False
India,Telangana,Diploma/ Certificate Course,"PLFS Year (Jul - Jun), 2020",32.933,0.000,False
India,Telangana,Diploma/ Certificate Course,"PLFS Year (Jul - Jun), 2021",39.700,0.000,False
India,Telangana,Diploma/ Certificate Course,"PLFS Year (Jul - Jun), 2022",15.600,0.000,False
India,Telangana,Diploma/ Certificate Course,"PLFS Year (Jul - Jun), 2023",57.933,0.000,False
India,Telangana,Graduate,"PLFS Year (Jul - Jun), 2017",18.033,0.000,False
India,Telangana,Graduate,"PLFS Year (Jul - Jun), 2018",21.567,0.000,False
India,Telangana,Graduate,"PLFS Year (Jul - Jun), 2019",19.433,0.000,False
India,Telangana,Graduate,"PLFS Year (Jul - Jun), 2020",26.700,0.000,False
India,Telangana,Graduate,"PLFS Year (Jul - Jun), 2021",22.133,0.000,False
India,Telangana,Graduate,"PLFS Year (Jul - Jun), 2022",28.633,0.000,False
India,Telangana,Graduate,"PLFS Year (Jul - Jun), 2023",34.700,0.000,False
India,Telangana,Higher Secondary,"PLFS Year (Jul - Jun), 2017",11.667,0.000,False
India,Telangana,Higher Secondary,"PLFS Year (Jul - Jun), 2018",10.467,0.000,False
India,Telangana,Higher Secondary,"PLFS Year (Jul - Jun), 2019",26.933,0.000,False
India,Telangana,Higher Secondary,"PLFS Year (Jul - Jun), 2020",20.733,0.000,False
India,Telangana,Higher Secondary,"PLFS Year (Jul - Jun), 2021",22.700,0.000,False
India,Telangana,Higher Secondary,"PLFS Year (Jul - Jun), 2022",23.267,0.000,False
India,Telangana,Higher Secondary,"PLFS Year (Jul - Jun), 2023",25.067,0.000,False
India,Telangana,Literate & Upto Primary,"PLFS Year (Jul - Jun), 2017",35.800,0.000,False
India,Telangana,Literate & Upto Primary,"PLFS Year (Jul - Jun), 2018",46.800,0.000,False
India,Telangana,Literate & Upto Primary,"PLFS Year (Jul - Jun), 2019",52.533,0.000,False
India,Telangana,Literate & Upto Primary,"PLFS Year (Jul - Jun), 2020",62.400,0.000,False
India,Telangana,Literate & Upto Primary,"PLFS Year (Jul - Jun), 2021",55.400,0.000,False
India,Telangana,Literate & Upto Primary,"PLFS Year (Jul - Jun), 2022",55.500,0.000,False
India,Telangana,Literate & Upto Primary,"PLFS Year (Jul - Jun), 2023",54.733,0.000,False
India,Telangana,Middle,"PLFS Year (Jul - Jun), 2017",20.833,0.000,False
India,Telangana,Middle,"PLFS Year (Jul - Jun), 2018",25.033,0.000,False
India,Telangana,Middle,"PLFS Year (Jul - Jun), 2019",35.000,0.000,False
India,Telangana,Middle,"PLFS Year (Jul - Jun), 2020",37.033,0.000,False
India,Telangana,Middle,"PLFS Year (Jul - Jun), 2021",41.033,0.000,False
India,Telangana,Middle,"PLFS Year (Jul - Jun), 2022",39.100,0.000,False
India,Telangana,Middle,"PLFS Year (Jul - Jun), 2023",40.900,0.000,False
India,Telangana,Not Literate,"PLFS Year (Jul - Jun), 2017",39.200,0.000,False
India,Telangana,Not Literate,"PLFS Year (Jul - Jun), 2018",45.667,0.000,False
India,Telangana,Not Literate,"PLFS Year (Jul - Jun), 2019",49.900,0.000,False
India,Telangana,Not Literate,"PLFS Year (Jul - Jun), 2020",51.933,0.000,False
India,Telangana,Not Literate,"PLFS Year (Jul - Jun), 2021",48.033,0.000,False
India,Telangana,Not Literate,"PLFS Year (Jul - Jun), 2022",46.833,0.000,False
India,Telangana,Not Literate,"PLFS Year (Jul - Jun), 2023",49.167,0.000,False
India,Telangana,Post Graduate & Above,"PLFS Year (Jul - Jun), 2017",18.567,0.000,False
India,Telangana,Post Graduate & Above,"PLFS Year (Jul - Jun), 2018",24.733,0.000,False
India,Telangana,Post Graduate & Above,"PLFS Year (Jul - Jun), 2019",18.800,0.000,False
India,Telangana,Post Graduate & Above,"PLFS Year (Jul - Jun), 2020",34.467,0.000,False
India,Telangana,Post Graduate & Above,"PLFS Year (Jul - Jun), 2021",23.900,0.000,False
India,Telangana,Post Graduate & Above,"PLFS Year (Jul - Jun), 2022",28.967,0.000,False
India,Telangana,Post Graduate & Above,"PLFS Year (Jul - Jun), 2023",28.533,0.000,False
India,Telangana,Secondary,"PLFS Year (Jul - Jun), 2017",18.233,0.000,False
India,Telangana,Secondary,"PLFS Year (Jul - Jun), 2018",22.467,0.000,False
India,Telangana,Secondary,"PLFS Year (Jul - Jun), 2019",34.033,0.000,False
India,Telangana,Secondary,"PLFS Year (Jul - Jun), 2020",27.767,0.000,False
India,Telangana,Secondary,"PLFS Year (Jul - Jun), 2021",28.433,0.000,False
India,Telangana,Secondary,"PLFS Year (Jul - Jun), 2022",31.867,0.000,False
India,Telangana,Secondary,"PLFS Year (Jul - Jun), 2023",33.933,0.000,False
India,Telangana,Secondary & Above,"PLFS Year (Jul - Jun), 2017",17.267,0.000,False
India,Telangana,Secondary & Above,"PLFS Year (Jul - Jun), 2018",19.733,0.000,False
India,Telangana,Secondary & Above,"PLFS Year (Jul - Jun), 2019",27.600,0.000,False
India,Telangana,Secondary & Above,"PLFS Year (Jul - Jun), 2020",26.400,0.000,False
India,Telangana,Secondary & Above,"PLFS Year (Jul - Jun), 2021",26.133,0.000,False
India,Telangana,Secondary & Above,"PLFS Year (Jul - Jun), 2022",29.867,0.000,False
India,Telangana,Secondary & Above,"PLFS Year (Jul - Jun), 2023",32.467,0.000,False
India,The Dadra and Nagar Haveli and Daman and Diu,All,"PLFS Year (Jul - Jun), 2017",31.950,0.000,False
India,The Dadra and Nagar Haveli and Daman and Diu,All,"PLFS Year (Jul - Jun), 2018",29.117,0.000,False
India,The Dadra and Nagar Haveli and Daman and Diu,All,"PLFS Year (Jul - Jun), 2019",42.933,0.000,False
India,The Dadra and Nagar Haveli and Daman and Diu,All,"PLFS Year (Jul - Jun), 2020",31.267,0.000,False
India,The Dadra and Nagar Haveli and Daman and Diu,All,"PLFS Year (Jul - Jun), 2021",40.300,0.000,False
India,The Dadra and Nagar Haveli and Daman and Diu,All,"PLFS Year (Jul - Jun), 2022",37.400,0.000,False
India,The Dadra and Nagar Haveli and Daman and Diu,All,"PLFS Year (Jul - Jun), 2023",47.400,0.000,False
India,The Dadra and Nagar Haveli and Daman and Diu,Diploma/ Certificate Course,"PLFS Year (Jul - Jun), 2017",64.167,0.000,False
India,The Dadra and Nagar Haveli and Daman and Diu,Diploma/ Certificate Course,"PLFS Year (Jul - Jun), 2018",27.683,0.000,False
India,The Dadra and Nagar Haveli and Daman and Diu,Diploma/ Certificate Course,"PLFS Year (Jul - Jun), 2019",0.000,0.000,False
India,The Dadra and Nagar Haveli and Daman and Diu,Diploma/ Certificate Course,"PLFS Year (Jul - Jun), 2020",82.900,0.000,False
India,The Dadra and Nagar Haveli and Daman and Diu,Diploma/ Certificate Course,"PLFS Year (Jul - Jun), 2021",22.267,0.000,False
India,The Dadra and Nagar Haveli and Daman and Diu,Diploma/ Certificate Course,"PLFS Year (Jul - Jun), 2022",100.000,0.000,False
India,The Dadra and Nagar Haveli and Daman and Diu,Diploma/ Certificate Course,"PLFS Year (Jul - Jun), 2023",88.800,0.000,False
India,The Dadra and Nagar Haveli and Daman and Diu,Graduate,"PLFS Year (Jul - Jun), 2017",17.750,0.000,False
India,The Dadra and Nagar Haveli and Daman and Diu,Graduate,"PLFS Year (Jul - Jun), 2018",28.717,0.000,False
India,The Dadra and Nagar Haveli and Daman and Diu,Graduate,"PLFS Year (Jul - Jun), 2019",34.983,0.000,False
India,The Dadra and Nagar Haveli and Daman and Diu,Graduate,"PLFS Year (Jul - Jun), 2020",58.500,0.000,False
India,The Dadra and Nagar Haveli and Daman and Diu,Graduate,"PLFS Year (Jul - Jun), 2021",52.767,0.000,False
India,The Dadra and Nagar Haveli and Daman and Diu,Graduate,"PLFS Year (Jul - Jun), 2022",24.467,0.000,False
India,The Dadra and Nagar Haveli and Daman and Diu,Graduate,"PLFS Year (Jul - Jun), 2023",31.367,0.000,False
India,The Dadra and Nagar Haveli and Daman and Diu,Higher Secondary,"PLFS Year (Jul - Jun), 2017",20.800,0.000,False
India,The Dadra and Nagar Haveli and Daman and Diu,Higher Secondary,"PLFS Year (Jul - Jun), 2018",29.283,0.000,False
India,The Dadra and Nagar Haveli and Daman and Diu,Higher Secondary,"PLFS Year (Jul - Jun), 2019",27.850,0.000,False
India,The Dadra and Nagar Haveli and Daman and Diu,Higher Secondary,"PLFS Year (Jul - Jun), 2020",15.433,0.000,False
India,The Dadra and Nagar Haveli and Daman and Diu,Higher Secondary,"PLFS Year (Jul - Jun), 2021",27.700,0.000,False
India,The Dadra and Nagar Haveli and Daman and Diu,Higher Secondary,"PLFS Year (Jul - Jun), 2022",41.567,0.000,False
India,The Dadra and Nagar Haveli and Daman and Diu,Higher Secondary,"PLFS Year (Jul - Jun), 2023",31.300,0.000,False
India,The Dadra and Nagar Haveli and Daman and Diu,Literate & Upto Primary,"PLFS Year (Jul - Jun), 2017",27.383,0.000,False
India,The Dadra and Nagar Haveli and Daman and Diu,Literate & Upto Primary,"PLFS Year (Jul - Jun), 2018",26.667,0.000,False
India,The Dadra and Nagar Haveli and Daman and Diu,Literate & Upto Primary,"PLFS Year (Jul - Jun), 2019",47.950,0.000,False
India,The Dadra and Nagar Haveli and Daman and Diu,Literate & Upto Primary,"PLFS Year (Jul - Jun), 2020",33.233,0.000,False
India,The Dadra and Nagar Haveli and Daman and Diu,Literate & Upto Primary,"PLFS Year (Jul - Jun), 2021",33.867,0.000,False
India,The Dadra and Nagar Haveli and Daman and Diu,Literate & Upto Primary,"PLFS Year (Jul - Jun), 2022",38.267,0.000,False
India,The Dadra and Nagar Haveli and Daman and Diu,Literate & Upto Primary,"PLFS Year (Jul - Jun), 2023",49.300,0.000,False
India,The Dadra and Nagar Haveli and Daman and Diu,Middle,"PLFS Year (Jul - Jun), 2017",22.017,0.000,False
India,The Dadra and Nagar Haveli and Daman and Diu,Middle,"PLFS Year (Jul - Jun), 2018",30.333,0.000,False
India,The Dadra and Nagar Haveli and Daman and Diu,Middle,"PLFS Year (Jul - Jun), 2019",48.667,0.000,False
India,The Dadra and Nagar Haveli and Daman and Diu,Middle,"PLFS Year (Jul - Jun), 2020",19.633,0.000,False
India,The Dadra and Nagar Haveli and Daman and Diu,Middle,"PLFS Year (Jul - Jun), 2021",40.700,0.000,False
India,The Dadra and Nagar Haveli and Daman and Diu,Middle,"PLFS Year (Jul - Jun), 2022",28.600,0.000,False
India,The Dadra and Nagar Haveli and Daman and Diu,Middle,"PLFS Year (Jul - Jun), 2023",52.433,0.000,False
India,The Dadra and Nagar Haveli and Daman and Diu,Not Literate,"PLFS Year (Jul - Jun), 2017",47.200,0.000,False
India,The Dadra and Nagar Haveli and Daman and Diu,Not Literate,"PLFS Year (Jul - Jun), 2018",36.183,0.000,False
India,The Dadra and Nagar Haveli and Daman and Diu,Not Literate,"PLFS Year (Jul - Jun), 2019",38.567,0.000,False
India,The Dadra and Nagar Haveli and Daman and Diu,Not Literate,"PLFS Year (Jul - Jun), 2020",39.400,0.000,False
India,The Dadra and Nagar Haveli and Daman and Diu,Not Literate,"PLFS Year (Jul - Jun), 2021",54.633,0.000,False
India,The Dadra and Nagar Haveli and Daman and Diu,Not Literate,"PLFS Year (Jul - Jun), 2022",52.033,0.000,False
India,The Dadra and Nagar Haveli and Daman and Diu,Not Literate,"PLFS Year (Jul - Jun), 2023",63.667,0.000,False
India,The Dadra and Nagar Haveli and Daman and Diu,Post Graduate & Above,"PLFS Year (Jul - Jun), 2017",35.233,0.000,False
India,The Dadra and Nagar Haveli and Daman and Diu,Post Graduate & Above,"PLFS Year (Jul - Jun), 2018",33.333,0.000,False
India,The Dadra and Nagar Haveli and Daman and Diu,Post Graduate & Above,"PLFS Year (Jul - Jun), 2019",61.933,0.000,False
India,The Dadra and Nagar Haveli and Daman and Diu,Post Graduate & Above,"PLFS Year (Jul - Jun), 2020",42.100,0.000,False
India,The Dadra and Nagar Haveli and Daman and Diu,Post Graduate & Above,"PLFS Year (Jul - Jun), 2021",87.300,0.000,False
India,The Dadra and Nagar Haveli and Daman and Diu,Post Graduate & Above,"PLFS Year (Jul - Jun), 2022",28.233,0.000,False
India,The Dadra and Nagar Haveli and Daman and Diu,Post Graduate & Above,"PLFS Year (Jul - Jun), 2023",56.833,0.000,False
India,The Dadra and Nagar Haveli and Daman and Diu,Secondary,"PLFS Year (Jul - Jun), 2017",30.133,0.000,False
India,The Dadra and Nagar Haveli and Daman and Diu,Secondary,"PLFS Year (Jul - Jun), 2018",10.750,0.000,False
India,The Dadra and Nagar Haveli and Daman and Diu,Secondary,"PLFS Year (Jul - Jun), 2019",31.967,0.000,False
India,The Dadra and Nagar Haveli and Daman and Diu,Secondary,"PLFS Year (Jul - Jun), 2020",21.267,0.000,False
India,The Dadra and Nagar Haveli and Daman and Diu,Secondary,"PLFS Year (Jul - Jun), 2021",21.667,0.000,False
India,The Dadra and Nagar Haveli and Daman and Diu,Secondary,"PLFS Year (Jul - Jun), 2022",42.167,0.000,False
India,The Dadra and Nagar Haveli and Daman and Diu,Secondary,"PLFS Year (Jul - Jun), 2023",27.767,0.000,False
India,The Dadra and Nagar Haveli and Daman and Diu,Secondary & Above,"PLFS Year (Jul - Jun), 2017",30.250,0.000,False
India,The Dadra and Nagar Haveli and Daman and Diu,Secondary & Above,"PLFS Year (Jul - Jun), 2018",24.267,0.000,False
India,The Dadra and Nagar Haveli and Daman and Diu,Secondary & Above,"PLFS Year (Jul - Jun), 2019",34.917,0.000,False
India,The Dadra and Nagar Haveli and Daman and Diu,Secondary & Above,"PLFS Year (Jul - Jun), 2020",33.933,0.000,False
India,The Dadra and Nagar Haveli and Daman and Diu,Secondary & Above,"PLFS Year (Jul - Jun), 2021",33.000,0.000,False
India,The Dadra and Nagar Haveli and Daman and Diu,Secondary & Above,"PLFS Year (Jul - Jun), 2022",34.833,0.000,False
India,The Dadra and Nagar Haveli and Daman and Diu,Secondary & Above,"PLFS Year (Jul - Jun), 2023",33.200,0.000,False
India,Tripura,All,"PLFS Year (Jul - Jun), 2017",11.700,0.000,False
India,Tripura,All,"PLFS Year (Jul - Jun), 2018",12.433,0.000,False
India,Tripura,All,"PLFS Year (Jul - Jun), 2019",22.467,0.000,False
India,Tripura,All,"PLFS Year (Jul - Jun), 2020",27.967,0.000,False
India,Tripura,All,"PLFS Year (Jul - Jun), 2021",23.533,0.000,False
India,Tripura,All,"PLFS Year (Jul - Jun), 2022",32.733,0.000,False
India,Tripura,All,"PLFS Year (Jul - Jun), 2023",42.133,0.000,False
India,Tripura,Diploma/ Certificate Course,"PLFS Year (Jul - Jun), 2017",4.200,0.000,False
India,Tripura,Diploma/ Certificate Course,"PLFS Year (Jul - Jun), 2018",0.000,0.000,False
India,Tripura,Diploma/ Certificate Course,"PLFS Year (Jul - Jun), 2019",19.667,0.000,False
India,Tripura,Diploma/ Certificate Course,"PLFS Year (Jul - Jun), 2020",12.767,0.000,False
India,Tripura,Diploma/ Certificate Course,"PLFS Year (Jul - Jun), 2021",25.567,0.000,False
India,Tripura,Diploma/ Certificate Course,"PLFS Year (Jul - Jun), 2022",86.700,0.000,False
India,Tripura,Diploma/ Certificate Course,"PLFS Year (Jul - Jun), 2023",51.167,0.000,False
India,Tripura,Graduate,"PLFS Year (Jul - Jun), 2017",19.333,0.000,False
India,Tripura,Graduate,"PLFS Year (Jul - Jun), 2018",28.300,0.000,False
India,Tripura,Graduate,"PLFS Year (Jul - Jun), 2019",29.567,0.000,False
India,Tripura,Graduate,"PLFS Year (Jul - Jun), 2020",25.367,0.000,False
India,Tripura,Graduate,"PLFS Year (Jul - Jun), 2021",27.300,0.000,False
India,Tripura,Graduate,"PLFS Year (Jul - Jun), 2022",45.233,0.000,False
India,Tripura,Graduate,"PLFS Year (Jul - Jun), 2023",32.267,0.000,False
India,Tripura,Higher Secondary,"PLFS Year (Jul - Jun), 2017",3.233,0.000,False
India,Tripura,Higher Secondary,"PLFS Year (Jul - Jun), 2018",5.733,0.000,False
India,Tripura,Higher Secondary,"PLFS Year (Jul - Jun), 2019",13.333,0.000,False
India,Tripura,Higher Secondary,"PLFS Year (Jul - Jun), 2020",27.767,0.000,False
India,Tripura,Higher Secondary,"PLFS Year (Jul - Jun), 2021",13.333,0.000,False
India,Tripura,Higher Secondary,"PLFS Year (Jul - Jun), 2022",16.467,0.000,False
India,Tripura,Higher Secondary,"PLFS Year (Jul - Jun), 2023",20.633,0.000,False
India,Tripura,Literate & Upto Primary,"PLFS Year (Jul - Jun), 2017",14.533,0.000,False
India,Tripura,Literate & Upto Primary,"PLFS Year (Jul - Jun), 2018",12.800,0.000,False
India,Tripura,Literate & Upto Primary,"PLFS Year (Jul - Jun), 2019",26.000,0.000,False
India,Tripura,Literate & Upto Primary,"PLFS Year (Jul - Jun), 2020",35.667,0.000,False
India,Tripura,Literate & Upto Primary,"PLFS Year (Jul - Jun), 2021",30.367,0.000,False
India,Tripura,Literate & Upto Primary,"PLFS Year (Jul - Jun), 2022",45.133,0.000,False
India,Tripura,Literate & Upto Primary,"PLFS Year (Jul - Jun), 2023",54.000,0.000,False
India,Tripura,Middle,"PLFS Year (Jul - Jun), 2017",10.200,0.000,False
India,Tripura,Middle,"PLFS Year (Jul - Jun), 2018",8.267,0.000,False
India,Tripura,Middle,"PLFS Year (Jul - Jun), 2019",20.400,0.000,False
India,Tripura,Middle,"PLFS Year (Jul - Jun), 2020",21.767,0.000,False
India,Tripura,Middle,"PLFS Year (Jul - Jun), 2021",20.000,0.000,False
India,Tripura,Middle,"PLFS Year (Jul - Jun), 2022",28.167,0.000,False
India,Tripura,Middle,"PLFS Year (Jul - Jun), 2023",42.400,0.000,False
India,Tripura,Not Literate,"PLFS Year (Jul - Jun), 2017",8.633,0.000,False
India,Tripura,Not Literate,"PLFS Year (Jul - Jun), 2018",12.767,0.000,False
India,Tripura,Not Literate,"PLFS Year (Jul - Jun), 2019",27.100,0.000,False
India,Tripura,Not Literate,"PLFS Year (Jul - Jun), 2020",32.367,0.000,False
India,Tripura,Not Literate,"PLFS Year (Jul - Jun), 2021",24.867,0.000,False
India,Tripura,Not Literate,"PLFS Year (Jul - Jun), 2022",15.033,0.000,False
India,Tripura,Not Literate,"PLFS Year (Jul - Jun), 2023",34.167,0.000,False
India,Tripura,Post Graduate & Above,"PLFS Year (Jul - Jun), 2017",47.767,0.000,False
India,Tripura,Post Graduate & Above,"PLFS Year (Jul - Jun), 2018",62.667,0.000,False
India,Tripura,Post Graduate & Above,"PLFS Year (Jul - Jun), 2019",50.667,0.000,False
India,Tripura,Post Graduate & Above,"PLFS Year (Jul - Jun), 2020",43.967,0.000,False
India,Tripura,Post Graduate & Above,"PLFS Year (Jul - Jun), 2021",25.167,0.000,False
India,Tripura,Post Graduate & Above,"PLFS Year (Jul - Jun), 2022",65.467,0.000,False
India,Tripura,Post Graduate & Above,"PLFS Year (Jul - Jun), 2023",53.167,0.000,False
India,Tripura,Secondary,"PLFS Year (Jul - Jun), 2017",10.733,0.000,False
India,Tripura,Secondary,"PLFS Year (Jul - Jun), 2018",9.833,0.000,False
India,Tripura,Secondary,"PLFS Year (Jul - Jun), 2019",13.867,0.000,False
India,Tripura,Secondary,"PLFS Year (Jul - Jun), 2020",17.867,0.000,False
India,Tripura,Secondary,"PLFS Year (Jul - Jun), 2021",16.833,0.000,False
India,Tripura,Secondary,"PLFS Year (Jul - Jun), 2022",22.467,0.000,False
India,Tripura,Secondary,"PLFS Year (Jul - Jun), 2023",26.167,0.000,False
India,Tripura,Secondary & Above,"PLFS Year (Jul - Jun), 2017",11.033,0.000,False
India,Tripura,Secondary & Above,"PLFS Year (Jul - Jun), 2018",15.367,0.000,False
India,Tripura,Secondary & Above,"PLFS Year (Jul - Jun), 2019",18.067,0.000,False
India,Tripura,Secondary & Above,"PLFS Year (Jul - Jun), 2020",23.967,0.000,False
India,Tripura,Secondary & Above,"PLFS Year (Jul - Jun), 2021",19.400,0.000,False
India,Tripura,Secondary & Above,"PLFS Year (Jul - Jun), 2022",29.633,0.000,False
India,Tripura,Secondary & Above,"PLFS Year (Jul - Jun), 2023",27.533,0.000,False
India,Uttar Pradesh,All,"PLFS Year (Jul - Jun), 2017",12.333,0.000,False
India,Uttar Pradesh,All,"PLFS Year (Jul - Jun), 2018",12.367,0.000,False
India,Uttar Pradesh,All,"PLFS Year (Jul - Jun), 2019",15.967,0.000,False
India,Uttar Pradesh,All,"PLFS Year (Jul - Jun), 2020",19.367,0.000,False
India,Uttar Pradesh,All,"PLFS Year (Jul - Jun), 2021",22.433,0.000,False
India,Uttar Pradesh,All,"PLFS Year (Jul - Jun), 2022",26.133,0.000,False
India,Uttar Pradesh,All,"PLFS Year (Jul - Jun), 2023",29.233,0.000,False
India,Uttar Pradesh,Diploma/ Certificate Course,"PLFS Year (Jul - Jun), 2017",54.467,0.000,False
India,Uttar Pradesh,Diploma/ Certificate Course,"PLFS Year (Jul - Jun), 2018",8.700,0.000,False
India,Uttar Pradesh,Diploma/ Certificate Course,"PLFS Year (Jul - Jun), 2019",17.733,0.000,False
India,Uttar Pradesh,Diploma/ Certificate Course,"PLFS Year (Jul - Jun), 2020",7.067,0.000,False
India,Uttar Pradesh,Diploma/ Certificate Course,"PLFS Year (Jul - Jun), 2021",28.400,0.000,False
India,Uttar Pradesh,Diploma/ Certificate Course,"PLFS Year (Jul - Jun), 2022",92.733,0.000,False
India,Uttar Pradesh,Diploma/ Certificate Course,"PLFS Year (Jul - Jun), 2023",38.900,0.000,False
India,Uttar Pradesh,Graduate,"PLFS Year (Jul - Jun), 2017",15.567,0.000,False
India,Uttar Pradesh,Graduate,"PLFS Year (Jul - Jun), 2018",9.600,0.000,False
India,Uttar Pradesh,Graduate,"PLFS Year (Jul - Jun), 2019",10.800,0.000,False
India,Uttar Pradesh,Graduate,"PLFS Year (Jul - Jun), 2020",14.033,0.000,False
India,Uttar Pradesh,Graduate,"PLFS Year (Jul - Jun), 2021",15.633,0.000,False
India,Uttar Pradesh,Graduate,"PLFS Year (Jul - Jun), 2022",14.833,0.000,False
India,Uttar Pradesh,Graduate,"PLFS Year (Jul - Jun), 2023",18.067,0.000,False
India,Uttar Pradesh,Higher Secondary,"PLFS Year (Jul - Jun), 2017",6.833,0.000,False
India,Uttar Pradesh,Higher Secondary,"PLFS Year (Jul - Jun), 2018",6.067,0.000,False
India,Uttar Pradesh,Higher Secondary,"PLFS Year (Jul - Jun), 2019",8.833,0.000,False
India,Uttar Pradesh,Higher Secondary,"PLFS Year (Jul - Jun), 2020",10.100,0.000,False
India,Uttar Pradesh,Higher Secondary,"PLFS Year (Jul - Jun), 2021",13.100,0.000,False
India,Uttar Pradesh,Higher Secondary,"PLFS Year (Jul - Jun), 2022",14.600,0.000,False
India,Uttar Pradesh,Higher Secondary,"PLFS Year (Jul - Jun), 2023",18.000,0.000,False
India,Uttar Pradesh,Literate & Upto Primary,"PLFS Year (Jul - Jun), 2017",9.167,0.000,False
India,Uttar Pradesh,Literate & Upto Primary,"PLFS Year (Jul - Jun), 2018",11.833,0.000,False
India,Uttar Pradesh,Literate & Upto Primary,"PLFS Year (Jul - Jun), 2019",15.067,0.000,False
India,Uttar Pradesh,Literate & Upto Primary,"PLFS Year (Jul - Jun), 2020",17.333,0.000,False
India,Uttar Pradesh,Literate & Upto Primary,"PLFS Year (Jul - Jun), 2021",24.233,0.000,False
India,Uttar Pradesh,Literate & Upto Primary,"PLFS Year (Jul - Jun), 2022",25.767,0.000,False
India,Uttar Pradesh,Literate & Upto Primary,"PLFS Year (Jul - Jun), 2023",33.267,0.000,False
India,Uttar Pradesh,Middle,"PLFS Year (Jul - Jun), 2017",8.367,0.000,False
India,Uttar Pradesh,Middle,"PLFS Year (Jul - Jun), 2018",8.000,0.000,False
India,Uttar Pradesh,Middle,"PLFS Year (Jul - Jun), 2019",11.133,0.000,False
India,Uttar Pradesh,Middle,"PLFS Year (Jul - Jun), 2020",15.067,0.000,False
India,Uttar Pradesh,Middle,"PLFS Year (Jul - Jun), 2021",17.333,0.000,False
India,Uttar Pradesh,Middle,"PLFS Year (Jul - Jun), 2022",23.200,0.000,False
India,Uttar Pradesh,Middle,"PLFS Year (Jul - Jun), 2023",25.333,0.000,False
India,Uttar Pradesh,Not Literate,"PLFS Year (Jul - Jun), 2017",15.633,0.000,False
India,Uttar Pradesh,Not Literate,"PLFS Year (Jul - Jun), 2018",17.067,0.000,False
India,Uttar Pradesh,Not Literate,"PLFS Year (Jul - Jun), 2019",21.367,0.000,False
India,Uttar Pradesh,Not Literate,"PLFS Year (Jul - Jun), 2020",26.367,0.000,False
India,Uttar Pradesh,Not Literate,"PLFS Year (Jul - Jun), 2021",30.500,0.000,False
India,Uttar Pradesh,Not Literate,"PLFS Year (Jul - Jun), 2022",35.667,0.000,False
India,Uttar Pradesh,Not Literate,"PLFS Year (Jul - Jun), 2023",39.667,0.000,False
India,Uttar Pradesh,Post Graduate & Above,"PLFS Year (Jul - Jun), 2017",21.100,0.000,False
India,Uttar Pradesh,Post Graduate & Above,"PLFS Year (Jul - Jun), 2018",21.667,0.000,False
India,Uttar Pradesh,Post Graduate & Above,"PLFS Year (Jul - Jun), 2019",23.767,0.000,False
India,Uttar Pradesh,Post Graduate & Above,"PLFS Year (Jul - Jun), 2020",29.367,0.000,False
India,Uttar Pradesh,Post Graduate & Above,"PLFS Year (Jul - Jun), 2021",23.733,0.000,False
India,Uttar Pradesh,Post Graduate & Above,"PLFS Year (Jul - Jun), 2022",33.667,0.000,False
India,Uttar Pradesh,Post Graduate & Above,"PLFS Year (Jul - Jun), 2023",24.833,0.000,False
India,Uttar Pradesh,Secondary,"PLFS Year (Jul - Jun), 2017",5.733,0.000,False
India,Uttar Pradesh,Secondary,"PLFS Year (Jul - Jun), 2018",5.600,0.000,False
India,Uttar Pradesh,Secondary,"PLFS Year (Jul - Jun), 2019",8.200,0.000,False
India,Uttar Pradesh,Secondary,"PLFS Year (Jul - Jun), 2020",11.433,0.000,False
India,Uttar Pradesh,Secondary,"PLFS Year (Jul - Jun), 2021",11.300,0.000,False
India,Uttar Pradesh,Secondary,"PLFS Year (Jul - Jun), 2022",15.867,0.000,False
India,Uttar Pradesh,Secondary,"PLFS Year (Jul - Jun), 2023",18.967,0.000,False
India,Uttar Pradesh,Secondary & Above,"PLFS Year (Jul - Jun), 2017",10.267,0.000,False
India,Uttar Pradesh,Secondary & Above,"PLFS Year (Jul - Jun), 2018",8.433,0.000,False
India,Uttar Pradesh,Secondary & Above,"PLFS Year (Jul - Jun), 2019",11.033,0.000,False
India,Uttar Pradesh,Secondary & Above,"PLFS Year (Jul - Jun), 2020",13.133,0.000,False
India,Uttar Pradesh,Secondary & Above,"PLFS Year (Jul - Jun), 2021",14.333,0.000,False
India,Uttar Pradesh,Secondary & Above,"PLFS Year (Jul - Jun), 2022",16.800,0.000,False
India,Uttar Pradesh,Secondary & Above,"PLFS Year (Jul - Jun), 2023",19.433,0.000,False
India,Uttarakhand,All,"PLFS Year (Jul - Jun), 2017",14.767,0.000,False
India,Uttarakhand,All,"PLFS Year (Jul - Jun), 2018",15.033,0.000,False
India,Uttarakhand,All,"PLFS Year (Jul - Jun), 2019",26.900,0.000,False
India,Uttarakhand,All,"PLFS Year (Jul - Jun), 2020",27.367,0.000,False
India,Uttarakhand,All,"PLFS Year (Jul - Jun), 2021",28.100,0.000,False
India,Uttarakhand,All,"PLFS Year (Jul - Jun), 2022",32.067,0.000,False
India,Uttarakhand,All,"PLFS Year (Jul - Jun), 2023",38.700,0.000,False
India,Uttarakhand,Diploma/ Certificate Course,"PLFS Year (Jul - Jun), 2017",48.733,0.000,False
India,Uttarakhand,Diploma/ Certificate Course,"PLFS Year (Jul - Jun), 2018",3.200,0.000,False
India,Uttarakhand,Diploma/ Certificate Course,"PLFS Year (Jul - Jun), 2019",0.000,0.000,False
India,Uttarakhand,Diploma/ Certificate Course,"PLFS Year (Jul - Jun), 2020",39.300,0.000,False
India,Uttarakhand,Diploma/ Certificate Course,"PLFS Year (Jul - Jun), 2021",25.067,0.000,False
India,Uttarakhand,Diploma/ Certificate Course,"PLFS Year (Jul - Jun), 2022",0.000,0.000,False
India,Uttarakhand,Diploma/ Certificate Course,"PLFS Year (Jul - Jun), 2023",56.133,0.000,False
India,Uttarakhand,Graduate,"PLFS Year (Jul - Jun), 2017",16.700,0.000,False
India,Uttarakhand,Graduate,"PLFS Year (Jul - Jun), 2018",20.700,0.000,False
India,Uttarakhand,Graduate,"PLFS Year (Jul - Jun), 2019",26.600,0.000,False
India,Uttarakhand,Graduate,"PLFS Year (Jul - Jun), 2020",25.933,0.000,False
India,Uttarakhand,Graduate,"PLFS Year (Jul - Jun), 2021",25.767,0.000,False
India,Uttarakhand,Graduate,"PLFS Year (Jul - Jun), 2022",32.733,0.000,False
India,Uttarakhand,Graduate,"PLFS Year (Jul - Jun), 2023",33.867,0.000,False
India,Uttarakhand,Higher Secondary,"PLFS Year (Jul - Jun), 2017",9.933,0.000,False
India,Uttarakhand,Higher Secondary,"PLFS Year (Jul - Jun), 2018",9.767,0.000,False
India,Uttarakhand,Higher Secondary,"PLFS Year (Jul - Jun), 2019",21.267,0.000,False
India,Uttarakhand,Higher Secondary,"PLFS Year (Jul - Jun), 2020",18.033,0.000,False
India,Uttarakhand,Higher Secondary,"PLFS Year (Jul - Jun), 2021",16.300,0.000,False
India,Uttarakhand,Higher Secondary,"PLFS Year (Jul - Jun), 2022",33.400,0.000,False
India,Uttarakhand,Higher Secondary,"PLFS Year (Jul - Jun), 2023",33.100,0.000,False
India,Uttarakhand,Literate & Upto Primary,"PLFS Year (Jul - Jun), 2017",17.400,0.000,False
India,Uttarakhand,Literate & Upto Primary,"PLFS Year (Jul - Jun), 2018",15.100,0.000,False
India,Uttarakhand,Literate & Upto Primary,"PLFS Year (Jul - Jun), 2019",33.333,0.000,False
India,Uttarakhand,Literate & Upto Primary,"PLFS Year (Jul - Jun), 2020",33.367,0.000,False
India,Uttarakhand,Literate & Upto Primary,"PLFS Year (Jul - Jun), 2021",32.900,0.000,False
India,Uttarakhand,Literate & Upto Primary,"PLFS Year (Jul - Jun), 2022",39.133,0.000,False
India,Uttarakhand,Literate & Upto Primary,"PLFS Year (Jul - Jun), 2023",40.200,0.000,False
India,Uttarakhand,Middle,"PLFS Year (Jul - Jun), 2017",14.667,0.000,False
India,Uttarakhand,Middle,"PLFS Year (Jul - Jun), 2018",10.467,0.000,False
India,Uttarakhand,Middle,"PLFS Year (Jul - Jun), 2019",25.667,0.000,False
India,Uttarakhand,Middle,"PLFS Year (Jul - Jun), 2020",27.300,0.000,False
India,Uttarakhand,Middle,"PLFS Year (Jul - Jun), 2021",28.600,0.000,False
India,Uttarakhand,Middle,"PLFS Year (Jul - Jun), 2022",29.533,0.000,False
India,Uttarakhand,Middle,"PLFS Year (Jul - Jun), 2023",37.000,0.000,False
India,Uttarakhand,Not Literate,"PLFS Year (Jul - Jun), 2017",12.900,0.000,False
India,Uttarakhand,Not Literate,"PLFS Year (Jul - Jun), 2018",14.867,0.000,False
India,Uttarakhand,Not Literate,"PLFS Year (Jul - Jun), 2019",26.067,0.000,False
India,Uttarakhand,Not Literate,"PLFS Year (Jul - Jun), 2020",33.733,0.000,False
India,Uttarakhand,Not Literate,"PLFS Year (Jul - Jun), 2021",30.133,0.000,False
India,Uttarakhand,Not Literate,"PLFS Year (Jul - Jun), 2022",27.467,0.000,False
India,Uttarakhand,Not Literate,"PLFS Year (Jul - Jun), 2023",40.267,0.000,False
India,Uttarakhand,Post Graduate & Above,"PLFS Year (Jul - Jun), 2017",22.767,0.000,False
India,Uttarakhand,Post Graduate & Above,"PLFS Year (Jul - Jun), 2018",33.900,0.000,False
India,Uttarakhand,Post Graduate & Above,"PLFS Year (Jul - Jun), 2019",29.533,0.000,False
India,Uttarakhand,Post Graduate & Above,"PLFS Year (Jul - Jun), 2020",26.267,0.000,False
India,Uttarakhand,Post Graduate & Above,"PLFS Year (Jul - Jun), 2021",40.000,0.000,False
India,Uttarakhand,Post Graduate & Above,"PLFS Year (Jul - Jun), 2022",46.900,0.000,False
India,Uttarakhand,Post Graduate & Above,"PLFS Year (Jul - Jun), 2023",63.400,0.000,False
India,Uttarakhand,Secondary,"PLFS Year (Jul - Jun), 2017",11.633,0.000,False
India,Uttarakhand,Secondary,"PLFS Year (Jul - Jun), 2018",12.400,0.000,False
India,Uttarakhand,Secondary,"PLFS Year (Jul - Jun), 2019",23.000,0.000,False
India,Uttarakhand,Secondary,"PLFS Year (Jul - Jun), 2020",14.867,0.000,False
India,Uttarakhand,Secondary,"PLFS Year (Jul - Jun), 2021",21.233,0.000,False
India,Uttarakhand,Secondary,"PLFS Year (Jul - Jun), 2022",25.667,0.000,False
India,Uttarakhand,Secondary,"PLFS Year (Jul - Jun), 2023",31.067,0.000,False
India,Uttarakhand,Secondary & Above,"PLFS Year (Jul - Jun), 2017",13.900,0.000,False
India,Uttarakhand,Secondary & Above,"PLFS Year (Jul - Jun), 2018",16.000,0.000,False
India,Uttarakhand,Secondary & Above,"PLFS Year (Jul - Jun), 2019",24.600,0.000,False
India,Uttarakhand,Secondary & Above,"PLFS Year (Jul - Jun), 2020",20.867,0.000,False
India,Uttarakhand,Secondary & Above,"PLFS Year (Jul - Jun), 2021",24.400,0.000,False
India,Uttarakhand,Secondary & Above,"PLFS Year (Jul - Jun), 2022",33.100,0.000,False
India,Uttarakhand,Secondary & Above,"PLFS Year (Jul - Jun), 2023",37.567,0.000,False
India,West Bengal,All,"PLFS Year (Jul - Jun), 2017",20.400,0.000,False
India,West Bengal,All,"PLFS Year (Jul - Jun), 2018",22.033,0.000,False
India,West Bengal,All,"PLFS Year (Jul - Jun), 2019",23.533,0.000,False
India,West Bengal,All,"PLFS Year (Jul - Jun), 2020",27.433,0.000,False
India,West Bengal,All,"PLFS Year (Jul - Jun), 2021",26.800,0.000,False
India,West Bengal,All,"PLFS Year (Jul - Jun), 2022",31.800,0.000,False
India,West Bengal,All,"PLFS Year (Jul - Jun), 2023",37.633,0.000,False
India,West Bengal,Diploma/ Certificate Course,"PLFS Year (Jul - Jun), 2017",27.067,0.000,False
India,West Bengal,Diploma/ Certificate Course,"PLFS Year (Jul - Jun), 2018",23.100,0.000,False
India,West Bengal,Diploma/ Certificate Course,"PLFS Year (Jul - Jun), 2019",21.667,0.000,False
India,West Bengal,Diploma/ Certificate Course,"PLFS Year (Jul - Jun), 2020",28.633,0.000,False
India,West Bengal,Diploma/ Certificate Course,"PLFS Year (Jul - Jun), 2021",51.067,0.000,False
India,West Bengal,Diploma/ Certificate Course,"PLFS Year (Jul - Jun), 2022",51.867,0.000,False
India,West Bengal,Diploma/ Certificate Course,"PLFS Year (Jul - Jun), 2023",59.567,0.000,False
India,West Bengal,Graduate,"PLFS Year (Jul - Jun), 2017",23.900,0.000,False
India,West Bengal,Graduate,"PLFS Year (Jul - Jun), 2018",22.100,0.000,False
India,West Bengal,Graduate,"PLFS Year (Jul - Jun), 2019",29.667,0.000,False
India,West Bengal,Graduate,"PLFS Year (Jul - Jun), 2020",27.267,0.000,False
India,West Bengal,Graduate,"PLFS Year (Jul - Jun), 2021",27.200,0.000,False
India,West Bengal,Graduate,"PLFS Year (Jul - Jun), 2022",35.633,0.000,False
India,West Bengal,Graduate,"PLFS Year (Jul - Jun), 2023",39.033,0.000,False
India,West Bengal,Higher Secondary,"PLFS Year (Jul - Jun), 2017",11.767,0.000,False
India,West Bengal,Higher Secondary,"PLFS Year (Jul - Jun), 2018",14.833,0.000,False
India,West Bengal,Higher Secondary,"PLFS Year (Jul - Jun), 2019",14.533,0.000,False
India,West Bengal,Higher Secondary,"PLFS Year (Jul - Jun), 2020",16.667,0.000,False
India,West Bengal,Higher Secondary,"PLFS Year (Jul - Jun), 2021",17.467,0.000,False
India,West Bengal,Higher Secondary,"PLFS Year (Jul - Jun), 2022",19.233,0.000,False
India,West Bengal,Higher Secondary,"PLFS Year (Jul - Jun), 2023",21.100,0.000,False
India,West Bengal,Literate & Upto Primary,"PLFS Year (Jul - Jun), 2017",27.000,0.000,False
India,West Bengal,Literate & Upto Primary,"PLFS Year (Jul - Jun), 2018",26.900,0.000,False
India,West Bengal,Literate & Upto Primary,"PLFS Year (Jul - Jun), 2019",30.933,0.000,False
India,West Bengal,Literate & Upto Primary,"PLFS Year (Jul - Jun), 2020",36.533,0.000,False
India,West Bengal,Literate & Upto Primary,"PLFS Year (Jul - Jun), 2021",33.733,0.000,False
India,West Bengal,Literate & Upto Primary,"PLFS Year (Jul - Jun), 2022",37.800,0.000,False
India,West Bengal,Literate & Upto Primary,"PLFS Year (Jul - Jun), 2023",45.167,0.000,False
India,West Bengal,Middle,"PLFS Year (Jul - Jun), 2017",13.400,0.000,False
India,West Bengal,Middle,"PLFS Year (Jul - Jun), 2018",17.033,0.000,False
India,West Bengal,Middle,"PLFS Year (Jul - Jun), 2019",15.700,0.000,False
India,West Bengal,Middle,"PLFS Year (Jul - Jun), 2020",21.000,0.000,False
India,West Bengal,Middle,"PLFS Year (Jul - Jun), 2021",19.600,0.000,False
India,West Bengal,Middle,"PLFS Year (Jul - Jun), 2022",25.567,0.000,False
India,West Bengal,Middle,"PLFS Year (Jul - Jun), 2023",35.733,0.000,False
India,West Bengal,Not Literate,"PLFS Year (Jul - Jun), 2017",24.900,0.000,False
India,West Bengal,Not Literate,"PLFS Year (Jul - Jun), 2018",26.700,0.000,False
India,West Bengal,Not Literate,"PLFS Year (Jul - Jun), 2019",28.567,0.000,False
India,West Bengal,Not Literate,"PLFS Year (Jul - Jun), 2020",32.633,0.000,False
India,West Bengal,Not Literate,"PLFS Year (Jul - Jun), 2021",33.833,0.000,False
India,West Bengal,Not Literate,"PLFS Year (Jul - Jun), 2022",38.933,0.000,False
India,West Bengal,Not Literate,"PLFS Year (Jul - Jun), 2023",43.167,0.000,False
India,West Bengal,Post Graduate & Above,"PLFS Year (Jul - Jun), 2017",30.867,0.000,False
India,West Bengal,Post Graduate & Above,"PLFS Year (Jul - Jun), 2018",44.833,0.000,False
India,West Bengal,Post Graduate & Above,"PLFS Year (Jul - Jun), 2019",43.833,0.000,False
India,West Bengal,Post Graduate & Above,"PLFS Year (Jul - Jun), 2020",46.300,0.000,False
India,West Bengal,Post Graduate & Above,"PLFS Year (Jul - Jun), 2021",41.133,0.000,False
India,West Bengal,Post Graduate & Above,"PLFS Year (Jul - Jun), 2022",42.933,0.000,False
India,West Bengal,Post Graduate & Above,"PLFS Year (Jul - Jun), 2023",46.333,0.000,False
India,West Bengal,Secondary,"PLFS Year (Jul - Jun), 2017",11.733,0.000,False
India,West Bengal,Secondary,"PLFS Year (Jul - Jun), 2018",12.067,0.000,False
India,West Bengal,Secondary,"PLFS Year (Jul - Jun), 2019",13.067,0.000,False
India,West Bengal,Secondary,"PLFS Year (Jul - Jun), 2020",15.600,0.000,False
India,West Bengal,Secondary,"PLFS Year (Jul - Jun), 2021",15.900,0.000,False
India,West Bengal,Secondary,"PLFS Year (Jul - Jun), 2022",21.867,0.000,False
India,West Bengal,Secondary,"PLFS Year (Jul - Jun), 2023",28.233,0.000,False
India,West Bengal,Secondary & Above,"PLFS Year (Jul - Jun), 2017",15.633,0.000,False
India,West Bengal,Secondary & Above,"PLFS Year (Jul - Jun), 2018",17.200,0.000,False
India,West Bengal,Secondary & Above,"PLFS Year (Jul - Jun), 2019",19.167,0.000,False
India,West Bengal,Secondary & Above,"PLFS Year (Jul - Jun), 2020",20.100,0.000,False
India,West Bengal,Secondary & Above,"PLFS Year (Jul - Jun), 2021",20.800,0.000,False
India,West Bengal,Secondary & Above,"PLFS Year (Jul - Jun), 2022",25.567,0.000,False
India,West Bengal,Secondary & Above,"PLFS Year (Jul - Jun), 2023",29.567,0.000,False
India,Andaman and Nicobar Islands,All,All_Years,30.914,0.000,True
India,Andaman and Nicobar Islands,Diploma/ Certificate Course,All_Years,46.048,0.000,True
India,Andaman and Nicobar Islands,Graduate,All_Years,34.724,0.000,True
India,Andaman and Nicobar Islands,Higher Secondary,All_Years,25.238,0.000,True
India,Andaman and Nicobar Islands,Literate & Upto Primary,All_Years,36.390,0.000,True
India,Andaman and Nicobar Islands,Middle,All_Years,28.867,0.000,True
India,Andaman and Nicobar Islands,Not Literate,All_Years,22.400,0.000,True
India,Andaman and Nicobar Islands,Post Graduate & Above,All_Years,52.990,0.000,True
India,Andaman and Nicobar Islands,Secondary,All_Years,18.938,0.000,True
India,Andaman and Nicobar Islands,Secondary & Above,All_Years,31.838,0.000,True
India,Andhra Pradesh,All,All_Years,38.910,0.000,True
India,Andhra Pradesh,Diploma/ Certificate Course,All_Years,39.210,0.000,True
India,Andhra Pradesh,Graduate,All_Years,27.562,0.000,True
India,Andhra Pradesh,Higher Secondary,All_Years,17.481,0.000,True
India,Andhra Pradesh,Literate & Upto Primary,All_Years,45.110,0.000,True
India,Andhra Pradesh,Middle,All_Years,34.071,0.000,True
India,Andhra Pradesh,Not Literate,All_Years,47.524,0.000,True
India,Andhra Pradesh,Post Graduate & Above,All_Years,45.271,0.000,True
India,Andhra Pradesh,Secondary,All_Years,26.686,0.000,True
India,Andhra Pradesh,Secondary & Above,All_Years,26.205,0.000,True
India,Arunachal Pradesh,All,All_Years,28.590,0.000,True
India,Arunachal Pradesh,Diploma/ Certificate Course,All_Years,61.181,0.000,True
India,Arunachal Pradesh,Graduate,All_Years,34.076,0.000,True
India,Arunachal Pradesh,Higher Secondary,All_Years,23.390,0.000,True
India,Arunachal Pradesh,Literate & Upto Primary,All_Years,33.990,0.000,True
India,Arunachal Pradesh,Middle,All_Years,22.681,0.000,True
India,Arunachal Pradesh,Not Literate,All_Years,31.971,0.000,True
India,Arunachal Pradesh,Post Graduate & Above,All_Years,45.733,0.000,True
India,Arunachal Pradesh,Secondary,All_Years,19.957,0.000,True
India,Arunachal Pradesh,Secondary & Above,All_Years,24.733,0.000,True
India,Assam,All,All_Years,20.967,0.000,True
India,Assam,Diploma/ Certificate Course,All_Years,63.990,0.000,True
India,Assam,Graduate,All_Years,31.310,0.000,True
India,Assam,Higher Secondary,All_Years,19.143,0.000,True
India,Assam,Literate & Upto Primary,All_Years,22.848,0.000,True
India,Assam,Middle,All_Years,18.071,0.000,True
India,Assam,Not Literate,All_Years,22.624,0.000,True
India,Assam,Post Graduate & Above,All_Years,43.695,0.000,True
India,Assam,Secondary,All_Years,16.895,0.000,True
India,Assam,Secondary & Above,All_Years,22.181,0.000,True
India,Bihar,All,All_Years,11.571,0.000,True
India,Bihar,Diploma/ Certificate Course,All_Years,34.781,0.000,True
India,Bihar,Graduate,All_Years,12.186,0.000,True
India,Bihar,Higher Secondary,All_Years,6.143,0.000,True
India,Bihar,Literate & Upto Primary,All_Years,10.281,0.000,True
India,Bihar,Middle,All_Years,6.848,0.000,True
India,Bihar,Not Literate,All_Years,16.114,0.000,True
India,Bihar,Post Graduate & Above,All_Years,31.990,0.000,True
India,Bihar,Secondary,All_Years,5.905,0.000,True
India,Bihar,Secondary & Above,All_Years,7.948,0.000,True
India,Chandigarh,All,All_Years,20.415,1.000,True
India,Chandigarh,Diploma/ Certificate Course,All_Years,47.790,1.000,True
India,Chandigarh,Graduate,All_Years,26.920,1.000,True
India,Chandigarh,Higher Secondary,All_Years,12.410,1.000,True
India,Chandigarh,Literate & Upto Primary,All_Years,17.835,1.000,True
India,Chandigarh,Middle,All_Years,12.610,1.000,True
India,Chandigarh,Not Literate,All_Years,23.095,1.000,True
India,Chandigarh,Post Graduate & Above,All_Years,30.520,1.000,True
India,Chandigarh,Secondary,All_Years,13.510,1.000,True
India,Chandigarh,Secondary & Above,All_Years,20.585,1.000,True
India,Chhattisgarh,All,All_Years,46.333,0.000,True
India,Chhattisgarh,Diploma/ Certificate Course,All_Years,47.052,0.000,True
India,Chhattisgarh,Graduate,All_Years,30.762,0.000,True
India,Chhattisgarh,Higher Secondary,All_Years,27.886,0.000,True
India,Chhattisgarh,Literate & Upto Primary,All_Years,59.990,0.000,True
India,Chhattisgarh,Middle,All_Years,41.871,0.000,True
India,Chhattisgarh,Not Literate,All_Years,56.390,0.000,True
India,Chhattisgarh,Post Graduate & Above,All_Years,41.986,0.000,True
India,Chhattisgarh,Secondary,All_Years,26.786,0.000,True
India,Chhattisgarh,Secondary & Above,All_Years,30.162,0.000,True
India,Delhi,All,All_Years,13.171,0.000,True
India,Delhi,Diploma/ Certificate Course,All_Years,37.257,0.000,True
India,Delhi,Graduate,All_Years,20.814,0.000,True
India,Delhi,Higher Secondary,All_Years,5.176,0.000,True
India,Delhi,Literate & Upto Primary,All_Years,8.981,0.000,True
India,Delhi,Middle,All_Years,8.295,0.000,True
India,Delhi,Not Literate,All_Years,19.076,0.000,True
India,Delhi,Post Graduate & Above,All_Years,23.143,0.000,True
India,Delhi,Secondary,All_Years,10.233,0.000,True
India,Delhi,Secondary & Above,All_Years,13.948,0.000,True
India,Goa,All,All_Years,23.019,0.000,True
India,Goa,Diploma/ Certificate Course,All_Years,53.371,0.000,True
India,Goa,Graduate,All_Years,33.476,0.000,True
India,Goa,Higher Secondary,All_Years,20.143,0.000,True
India,Goa,Literate & Upto Primary,All_Years,20.481,0.000,True
India,Goa,Middle,All_Years,19.200,0.000,True
India,Goa,Not Literate,All_Years,20.314,0.000,True
India,Goa,Post Graduate & Above,All_Years,54.090,0.000,True
India,Goa,Secondary,All_Years,15.233,0.000,True
India,Goa,Secondary & Above,All_Years,25.662,0.000,True
India,Gujarat,All,All_Years,31.090,0.000,True
India,Gujarat,Diploma/ Certificate Course,All_Years,45.581,0.000,True
India,Gujarat,Graduate,All_Years,26.743,0.000,True
India,Gujarat,Higher Secondary,All_Years,20.752,0.000,True
India,Gujarat,Literate & Upto Primary,All_Years,34.514,0.000,True
India,Gujarat,Middle,All_Years,28.319,0.000,True
India,Gujarat,Not Literate,All_Years,36.295,0.000,True
India,Gujarat,Post Graduate & Above,All_Years,36.010,0.000,True
India,Gujarat,Secondary,All_Years,21.490,0.000,True
India,Gujarat,Secondary & Above,All_Years,24.486,0.000,True
India,Haryana,All,All_Years,17.229,0.000,True
India,Haryana,Diploma/ Certificate Course,All_Years,28.195,0.000,True
India,Haryana,Graduate,All_Years,17.348,0.000,True
India,Haryana,Higher Secondary,All_Years,10.395,0.000,True
India,Haryana,Literate & Upto Primary,All_Years,22.538,0.000,True
India,Haryana,Middle,All_Years,13.490,0.000,True
India,Haryana,Not Literate,All_Years,18.124,0.000,True
India,Haryana,Post Graduate & Above,All_Years,34.833,0.000,True
India,Haryana,Secondary,All_Years,10.433,0.000,True
India,Haryana,Secondary & Above,All_Years,15.700,0.000,True
India,Himachal Pradesh,All,All_Years,51.400,0.000,True
India,Himachal Pradesh,Diploma/ Certificate Course,All_Years,66.357,0.000,True
India,Himachal Pradesh,Graduate,All_Years,40.676,0.000,True
India,Himachal Pradesh,Higher Secondary,All_Years,42.886,0.000,True
India,Himachal Pradesh,Literate & Upto Primary,All_Years,64.305,0.000,True
India,Himachal Pradesh,Middle,All_Years,56.319,0.000,True
India,Himachal Pradesh,Not Literate,All_Years,46.186,0.000,True
India,Himachal Pradesh,Post Graduate & Above,All_Years,54.671,0.000,True
India,Himachal Pradesh,Secondary,All_Years,48.810,0.000,True
India,Himachal Pradesh,Secondary & Above,All_Years,48.114,0.000,True
India,Jammu and Kashmir,All,All_Years,33.567,0.000,True
India,Jammu and Kashmir,Diploma/ Certificate Course,All_Years,39.548,0.000,True
India,Jammu and Kashmir,Graduate,All_Years,26.219,0.000,True
India,Jammu and Kashmir,Higher Secondary,All_Years,21.471,0.000,True
India,Jammu and Kashmir,Literate & Upto Primary,All_Years,42.371,0.000,True
India,Jammu and Kashmir,Middle,All_Years,30.500,0.000,True
India,Jammu and Kashmir,Not Literate,All_Years,38.995,0.000,True
India,Jammu and Kashmir,Post Graduate & Above,All_Years,41.495,0.000,True
India,Jammu and Kashmir,Secondary,All_Years,24.176,0.000,True
India,Jammu and Kashmir,Secondary & Above,All_Years,26.352,0.000,True
India,Jharkhand,All,All_Years,31.086,0.000,True
India,Jharkhand,Diploma/ Certificate Course,All_Years,22.957,0.000,True
India,Jharkhand,Graduate,All_Years,27.071,0.000,True
India,Jharkhand,Higher Secondary,All_Years,19.700,0.000,True
India,Jharkhand,Literate & Upto Primary,All_Years,36.595,0.000,True
India,Jharkhand,Middle,All_Years,25.914,0.000,True
India,Jharkhand,Not Literate,All_Years,37.329,0.000,True
India,Jharkhand,Post Graduate & Above,All_Years,34.519,0.000,True
India,Jharkhand,Secondary,All_Years,21.186,0.000,True
India,Jharkhand,Secondary & Above,All_Years,22.695,0.000,True
India,Karnataka,All,All_Years,30.533,0.000,True
India,Karnataka,Diploma/ Certificate Course,All_Years,36.771,0.000,True
India,Karnataka,Graduate,All_Years,27.548,0.000,True
India,Karnataka,Higher Secondary,All_Years,15.057,0.000,True
India,Karnataka,Literate & Upto Primary,All_Years,39.748,0.000,True
India,Karnataka,Middle,All_Years,27.219,0.000,True
India,Karnataka,Not Literate,All_Years,36.019,0.000,True
India,Karnataka,Post Graduate & Above,All_Years,43.886,0.000,True
India,Karnataka,Secondary,All_Years,20.967,0.000,True
India,Karnataka,Secondary & Above,All_Years,23.024,0.000,True
India,Kerala,All,All_Years,28.843,0.000,True
India,Kerala,Diploma/ Certificate Course,All_Years,42.695,0.000,True
India,Kerala,Graduate,All_Years,33.314,0.000,True
India,Kerala,Higher Secondary,All_Years,17.071,0.000,True
India,Kerala,Literate & Upto Primary,All_Years,27.267,0.000,True
India,Kerala,Middle,All_Years,30.214,0.000,True
India,Kerala,Not Literate,All_Years,24.171,0.000,True
India,Kerala,Post Graduate & Above,All_Years,49.086,0.000,True
India,Kerala,Secondary,All_Years,25.900,0.000,True
India,Kerala,Secondary & Above,All_Years,29.233,0.000,True
India,Ladakh,All,All_Years,41.462,0.000,True
India,Ladakh,Diploma/ Certificate Course,All_Years,37.610,0.000,True
India,Ladakh,Graduate,All_Years,42.195,0.000,True
India,Ladakh,Higher Secondary,All_Years,35.562,0.000,True
India,Ladakh,Literate & Upto Primary,All_Years,47.752,0.000,True
India,Ladakh,Middle,All_Years,34.995,0.000,True
India,Ladakh,Not Literate,All_Years,44.843,0.000,True
India,Ladakh,Post Graduate & Above,All_Years,57.905,0.000,True
India,Ladakh,Secondary,All_Years,33.029,0.000,True
India,Ladakh,Secondary & Above,All_Years,39.124,0.000,True
India,Lakshadweep,All,All_Years,12.933,0.000,True
India,Lakshadweep,Diploma/ Certificate Course,All_Years,35.376,0.000,True
India,Lakshadweep,Graduate,All_Years,32.314,0.000,True
India,Lakshadweep,Higher Secondary,All_Years,10.319,0.000,True
India,Lakshadweep,Literate & Upto Primary,All_Years,8.086,0.000,True
India,Lakshadweep,Middle,All_Years,8.962,0.000,True
India,Lakshadweep,Not Literate,All_Years,1.181,0.000,True
India,Lakshadweep,Post Graduate & Above,All_Years,41.390,0.000,True
India,Lakshadweep,Secondary,All_Years,11.029,0.000,True
India,Lakshadweep,Secondary & Above,All_Years,18.057,0.000,True
India,Madhya Pradesh,All,All_Years,35.195,0.000,True
India,Madhya Pradesh,Diploma/ Certificate Course,All_Years,52.376,0.000,True
India,Madhya Pradesh,Graduate,All_Years,23.167,0.000,True
India,Madhya Pradesh,Higher Secondary,All_Years,16.710,0.000,True
India,Madhya Pradesh,Literate & Upto Primary,All_Years,39.724,0.000,True
India,Madhya Pradesh,Middle,All_Years,26.600,0.000,True
India,Madhya Pradesh,Not Literate,All_Years,46.386,0.000,True
India,Madhya Pradesh,Post Graduate & Above,All_Years,29.014,0.000,True
India,Madhya Pradesh,Secondary,All_Years,18.033,0.000,True
India,Madhya Pradesh,Secondary & Above,All_Years,20.595,0.000,True
India,Maharashtra,All,All_Years,34.371,0.000,True
India,Maharashtra,Diploma/ Certificate Course,All_Years,38.710,0.000,True
India,Maharashtra,Graduate,All_Years,30.310,0.000,True
India,Maharashtra,Higher Secondary,All_Years,20.900,0.000,True
India,Maharashtra,Literate & Upto Primary,All_Years,42.533,0.000,True
India,Maharashtra,Middle,All_Years,34.881,0.000,True
India,Maharashtra,Not Literate,All_Years,38.386,0.000,True
India,Maharashtra,Post Graduate & Above,All_Years,41.705,0.000,True
India,Maharashtra,Secondary,All_Years,24.686,0.000,True
India,Maharashtra,Secondary & Above,All_Years,27.200,0.000,True
India,Manipur,All,All_Years,26.848,0.000,True
India,Manipur,Diploma/ Certificate Course,All_Years,53.729,0.000,True
India,Manipur,Graduate,All_Years,38.581,0.000,True
India,Manipur,Higher Secondary,All_Years,20.329,0.000,True
India,Manipur,Literate & Upto Primary,All_Years,32.638,0.000,True
India,Manipur,Middle,All_Years,25.357,0.000,True
India,Manipur,Not Literate,All_Years,22.233,0.000,True
India,Manipur,Post Graduate & Above,All_Years,57.471,0.000,True
India,Manipur,Secondary,All_Years,21.700,0.000,True
India,Manipur,Secondary & Above,All_Years,27.386,0.000,True
India,Meghalaya,All,All_Years,46.552,0.000,True
India,Meghalaya,Diploma/ Certificate Course,All_Years,72.267,0.000,True
India,Meghalaya,Graduate,All_Years,60.695,0.000,True
India,Meghalaya,Higher Secondary,All_Years,32.948,0.000,True
India,Meghalaya,Literate & Upto Primary,All_Years,56.371,0.000,True
India,Meghalaya,Middle,All_Years,39.305,0.000,True
India,Meghalaya,Not Literate,All_Years,47.767,0.000,True
India,Meghalaya,Post Graduate & Above,All_Years,69.352,0.000,True
India,Meghalaya,Secondary,All_Years,29.233,0.000,True
India,Meghalaya,Secondary & Above,All_Years,40.933,0.000,True
India,Mizoram,All,All_Years,34.786,0.000,True
India,Mizoram,Diploma/ Certificate Course,All_Years,37.362,0.000,True
India,Mizoram,Graduate,All_Years,49.095,0.000,True
India,Mizoram,Higher Secondary,All_Years,26.205,0.000,True
India,Mizoram,Literate & Upto Primary,All_Years,32.890,0.000,True
India,Mizoram,Middle,All_Years,38.152,0.000,True
India,Mizoram,Not Literate,All_Years,14.176,0.000,True
India,Mizoram,Post Graduate & Above,All_Years,54.205,0.000,True
India,Mizoram,Secondary,All_Years,22.886,0.000,True
India,Mizoram,Secondary & Above,All_Years,31.643,0.000,True
India,Nagaland,All,All_Years,35.805,0.000,True
India,Nagaland,Diploma/ Certificate Course,All_Years,43.862,0.000,True
India,Nagaland,Graduate,All_Years,40.648,0.000,True
India,Nagaland,Higher Secondary,All_Years,26.738,0.000,True
India,Nagaland,Literate & Upto Primary,All_Years,47.295,0.000,True
India,Nagaland,Middle,All_Years,33.214,0.000,True
India,Nagaland,Not Literate,All_Years,38.943,0.000,True
India,Nagaland,Post Graduate & Above,All_Years,46.105,0.000,True
India,Nagaland,Secondary,All_Years,28.910,0.000,True
India,Nagaland,Secondary & Above,All_Years,31.610,0.000,True
India,Odisha,All,All_Years,29.395,0.000,True
India,Odisha,Diploma/ Certificate Course,All_Years,53.076,0.000,True
India,Odisha,Graduate,All_Years,23.752,0.000,True
India,Odisha,Higher Secondary,All_Years,14.886,0.000,True
India,Odisha,Literate & Upto Primary,All_Years,32.800,0.000,True
India,Odisha,Middle,All_Years,23.200,0.000,True
India,Odisha,Not Literate,All_Years,40.481,0.000,True
India,Odisha,Post Graduate & Above,All_Years,44.038,0.000,True
India,Odisha,Secondary,All_Years,16.952,0.000,True
India,Odisha,Secondary & Above,All_Years,19.671,0.000,True
India,Puducherry,All,All_Years,28.880,0.000,True
India,Puducherry,Diploma/ Certificate Course,All_Years,40.925,0.000,True
India,Puducherry,Graduate,All_Years,29.390,0.000,True
India,Puducherry,Higher Secondary,All_Years,13.985,0.000,True
India,Puducherry,Literate & Upto Primary,All_Years,31.570,0.000,True
India,Puducherry,Middle,All_Years,31.635,0.000,True
India,Puducherry,Not Literate,All_Years,28.155,0.000,True
India,Puducherry,Post Graduate & Above,All_Years,44.765,0.000,True
India,Puducherry,Secondary,All_Years,22.875,0.000,True
India,Puducherry,Secondary & Above,All_Years,26.565,0.000,True
India,Punjab,All,All_Years,21.162,0.000,True
India,Punjab,Diploma/ Certificate Course,All_Years,31.505,0.000,True
India,Punjab,Graduate,All_Years,21.414,0.000,True
India,Punjab,Higher Secondary,All_Years,15.143,0.000,True
India,Punjab,Literate & Upto Primary,All_Years,23.162,0.000,True
India,Punjab,Middle,All_Years,17.205,0.000,True
India,Punjab,Not Literate,All_Years,24.957,0.000,True
India,Punjab,Post Graduate & Above,All_Years,43.452,0.000,True
India,Punjab,Secondary,All_Years,14.014,0.000,True
India,Punjab,Secondary & Above,All_Years,19.638,0.000,True
India,Rajasthan,All,All_Years,33.690,0.000,True
India,Rajasthan,Diploma/ Certificate Course,All_Years,48.943,0.000,True
India,Rajasthan,Graduate,All_Years,22.105,0.000,True
India,Rajasthan,Higher Secondary,All_Years,14.033,0.000,True
India,Rajasthan,Literate & Upto Primary,All_Years,36.567,0.000,True
India,Rajasthan,Middle,All_Years,24.933,0.000,True
India,Rajasthan,Not Literate,All_Years,44.014,0.000,True
India,Rajasthan,Post Graduate & Above,All_Years,26.267,0.000,True
India,Rajasthan,Secondary,All_Years,15.871,0.000,True
India,Rajasthan,Secondary & Above,All_Years,18.581,0.000,True
India,Sikkim,All,All_Years,51.562,0.000,True
India,Sikkim,Diploma/ Certificate Course,All_Years,53.538,0.000,True
India,Sikkim,Graduate,All_Years,65.124,0.000,True
India,Sikkim,Higher Secondary,All_Years,41.648,0.000,True
India,Sikkim,Literate & Upto Primary,All_Years,58.333,0.000,True
India,Sikkim,Middle,All_Years,49.748,0.000,True
India,Sikkim,Not Literate,All_Years,46.086,0.000,True
India,Sikkim,Post Graduate & Above,All_Years,68.733,0.000,True
India,Sikkim,Secondary,All_Years,37.648,0.000,True
India,Sikkim,Secondary & Above,All_Years,47.776,0.000,True
India,Tamil Nadu,All,All_Years,37.167,0.000,True
India,Tamil Nadu,Diploma/ Certificate Course,All_Years,36.162,0.000,True
India,Tamil Nadu,Graduate,All_Years,28.048,0.000,True
India,Tamil Nadu,Higher Secondary,All_Years,19.671,0.000,True
India,Tamil Nadu,Literate & Upto Primary,All_Years,49.210,0.000,True
India,Tamil Nadu,Middle,All_Years,38.138,0.000,True
India,Tamil Nadu,Not Literate,All_Years,44.538,0.000,True
India,Tamil Nadu,Post Graduate & Above,All_Years,41.648,0.000,True
India,Tamil Nadu,Secondary,All_Years,24.852,0.000,True
India,Tamil Nadu,Secondary & Above,All_Years,26.571,0.000,True
India,Telangana,All,All_Years,38.076,0.000,True
India,Telangana,Diploma/ Certificate Course,All_Years,25.271,0.000,True
India,Telangana,Graduate,All_Years,24.457,0.000,True
India,Telangana,Higher Secondary,All_Years,20.119,0.000,True
India,Telangana,Literate & Upto Primary,All_Years,51.881,0.000,True
India,Telangana,Middle,All_Years,34.133,0.000,True
India,Telangana,Not Literate,All_Years,47.248,0.000,True
India,Telangana,Post Graduate & Above,All_Years,25.424,0.000,True
India,Telangana,Secondary,All_Years,28.105,0.000,True
India,Telangana,Secondary & Above,All_Years,25.638,0.000,True
India,The Dadra and Nagar Haveli and Daman and Diu,All,All_Years,37.195,0.000,True
India,The Dadra and Nagar Haveli and Daman and Diu,Diploma/ Certificate Course,All_Years,55.117,0.000,True
India,The Dadra and Nagar Haveli and Daman and Diu,Graduate,All_Years,35.507,0.000,True
India,The Dadra and Nagar Haveli and Daman and Diu,Higher Secondary,All_Years,27.705,0.000,True
India,The Dadra and Nagar Haveli and Daman and Diu,Literate & Upto Primary,All_Years,36.667,0.000,True
India,The Dadra and Nagar Haveli and Daman and Diu,Middle,All_Years,34.626,0.000,True
India,The Dadra and Nagar Haveli and Daman and Diu,Not Literate,All_Years,47.383,0.000,True
India,The Dadra and Nagar Haveli and Daman and Diu,Post Graduate & Above,All_Years,49.281,0.000,True
India,The Dadra and Nagar Haveli and Daman and Diu,Secondary,All_Years,26.531,0.000,True
India,The Dadra and Nagar Haveli and Daman and Diu,Secondary & Above,All_Years,32.057,0.000,True
India,Tripura,All,All_Years,24.710,0.000,True
India,Tripura,Diploma/ Certificate Course,All_Years,28.581,0.000,True
India,Tripura,Graduate,All_Years,29.624,0.000,True
India,Tripura,Higher Secondary,All_Years,14.357,0.000,True
India,Tripura,Literate & Upto Primary,All_Years,31.214,0.000,True
India,Tripura,Middle,All_Years,21.600,0.000,True
India,Tripura,Not Literate,All_Years,22.133,0.000,True
India,Tripura,Post Graduate & Above,All_Years,49.838,0.000,True
India,Tripura,Secondary,All_Years,16.824,0.000,True
India,Tripura,Secondary & Above,All_Years,20.714,0.000,True
India,Uttar Pradesh,All,All_Years,19.690,0.000,True
India,Uttar Pradesh,Diploma/ Certificate Course,All_Years,35.429,0.000,True
India,Uttar Pradesh,Graduate,All_Years,14.076,0.000,True
India,Uttar Pradesh,Higher Secondary,All_Years,11.076,0.000,True
India,Uttar Pradesh,Literate & Upto Primary,All_Years,19.524,0.000,True
India,Uttar Pradesh,Middle,All_Years,15.490,0.000,True
India,Uttar Pradesh,Not Literate,All_Years,26.610,0.000,True
India,Uttar Pradesh,Post Graduate & Above,All_Years,25.448,0.000,True
India,Uttar Pradesh,Secondary,All_Years,11.014,0.000,True
India,Uttar Pradesh,Secondary & Above,All_Years,13.348,0.000,True
India,Uttarakhand,All,All_Years,26.133,0.000,True
India,Uttarakhand,Diploma/ Certificate Course,All_Years,24.633,0.000,True
India,Uttarakhand,Graduate,All_Years,26.043,0.000,True
India,Uttarakhand,Higher Secondary,All_Years,20.257,0.000,True
India,Uttarakhand,Literate & Upto Primary,All_Years,30.205,0.000,True
India,Uttarakhand,Middle,All_Years,24.748,0.000,True
India,Uttarakhand,Not Literate,All_Years,26.490,0.000,True
India,Uttarakhand,Post Graduate & Above,All_Years,37.538,0.000,True
India,Uttarakhand,Secondary,All_Years,19.981,0.000,True
India,Uttarakhand,Secondary & Above,All_Years,24.348,0.000,True
India,West Bengal,All,All_Years,27.090,0.000,True
India,West Bengal,Diploma/ Certificate Course,All_Years,37.567,0.000,True
India,West Bengal,Graduate,All_Years,29.257,0.000,True
India,West Bengal,Higher Secondary,All_Years,16.514,0.000,True
India,West Bengal,Literate & Upto Primary,All_Years,34.010,0.000,True
India,West Bengal,Middle,All_Years,21.148,0.000,True
India,West Bengal,Not Literate,All_Years,32.676,0.000,True
India,West Bengal,Post Graduate & Above,All_Years,42.319,0.000,True
India,West Bengal,Secondary,All_Years,16.924,0.000,True
India,West Bengal,Secondary & Above,All_Years,21.148,0.000,True
