Country,State,Education,Year,Unemployment_Rate,Missing_Count,All_Years
India,Andaman and Nicobar Islands,All,"PLFS Year (Jul - Jun), 2017",42.967,0.000,False
India,Andaman and Nicobar Islands,All,"PLFS Year (Jul - Jun), 2018",36.033,0.000,False
India,Andaman and Nicobar Islands,All,"PLFS Year (Jul - Jun), 2019",27.800,0.000,False
India,Andaman and Nicobar Islands,All,"PLFS Year (Jul - Jun), 2020",19.600,0.000,False
India,Andaman and Nicobar Islands,All,"PLFS Year (Jul - Jun), 2021",14.533,0.000,False
India,Andaman and Nicobar Islands,All,"PLFS Year (Jul - Jun), 2022",20.600,0.000,False
India,Andaman and Nicobar Islands,All,"PLFS Year (Jul - Jun), 2023",22.033,0.000,False
India,Andaman and Nicobar Islands,Diploma/ Certificate Course,"PLFS Year (Jul - Jun), 2017",45.533,0.000,False
India,Andaman and Nicobar Islands,Diploma/ Certificate Course,"PLFS Year (Jul - Jun), 2018",54.700,0.000,False
India,Andaman and Nicobar Islands,Diploma/ Certificate Course,"PLFS Year (Jul - Jun), 2019",32.733,0.000,False
India,Andaman and Nicobar Islands,Diploma/ Certificate Course,"PLFS Year (Jul - Jun), 2020",27.033,0.000,False
India,Andaman and Nicobar Islands,Diploma/ Certificate Course,"PLFS Year (Jul - Jun), 2021",20.700,0.000,False
India,Andaman and Nicobar Islands,Diploma/ Certificate Course,"PLFS Year (Jul - Jun), 2022",11.100,0.000,False
India,Andaman and Nicobar Islands,Diploma/ Certificate Course,"PLFS Year (Jul - Jun), 2023",13.800,0.000,False
India,Andaman and Nicobar Islands,Graduate,"PLFS Year (Jul - Jun), 2017",63.567,0.000,False
India,Andaman and Nicobar Islands,Graduate,"PLFS Year (Jul - Jun), 2018",34.933,0.000,False
India,Andaman and Nicobar Islands,Graduate,"PLFS Year (Jul - Jun), 2019",46.200,0.000,False
India,Andaman and Nicobar Islands,Graduate,"PLFS Year (Jul - Jun), 2020",50.967,0.000,False
India,Andaman and Nicobar Islands,Graduate,"PLFS Year (Jul - Jun), 2021",46.567,0.000,False
India,Andaman and Nicobar Islands,Graduate,"PLFS Year (Jul - Jun), 2022",61.467,0.000,False
India,Andaman and Nicobar Islands,Graduate,"PLFS Year (Jul - Jun), 2023",51.067,0.000,False
India,Andaman and Nicobar Islands,Higher Secondary,"PLFS Year (Jul - Jun), 2017",75.533,0.000,False
India,Andaman and Nicobar Islands,Higher Secondary,"PLFS Year (Jul - Jun), 2018",50.467,0.000,False
India,Andaman and Nicobar Islands,Higher Secondary,"PLFS Year (Jul - Jun), 2019",43.400,0.000,False
India,Andaman and Nicobar Islands,Higher Secondary,"PLFS Year (Jul - Jun), 2020",19.167,0.000,False
India,Andaman and Nicobar Islands,Higher Secondary,"PLFS Year (Jul - Jun), 2021",23.733,0.000,False
India,Andaman and Nicobar Islands,Higher Secondary,"PLFS Year (Jul - Jun), 2022",22.667,0.000,False
India,Andaman and Nicobar Islands,Higher Secondary,"PLFS Year (Jul - Jun), 2023",41.733,0.000,False
India,Andaman and Nicobar Islands,Literate & Upto Primary,"PLFS Year (Jul - Jun), 2017",20.867,0.000,False
India,Andaman and Nicobar Islands,Literate & Upto Primary,"PLFS Year (Jul - Jun), 2018",0.000,0.000,False
India,Andaman and Nicobar Islands,Literate & Upto Primary,"PLFS Year (Jul - Jun), 2019",0.000,0.000,False
India,Andaman and Nicobar Islands,Literate & Upto Primary,"PLFS Year (Jul - Jun), 2020",0.000,0.000,False
India,Andaman and Nicobar Islands,Literate & Upto Primary,"PLFS Year (Jul - Jun), 2021",0.000,0.000,False
India,Andaman and Nicobar Islands,Literate & Upto Primary,"PLFS Year (Jul - Jun), 2022",7.100,0.000,False
India,Andaman and Nicobar Islands,Literate & Upto Primary,"PLFS Year (Jul - Jun), 2023",4.300,0.000,False
India,Andaman and Nicobar Islands,Middle,"PLFS Year (Jul - Jun), 2017",32.333,0.000,False
India,Andaman and Nicobar Islands,Middle,"PLFS Year (Jul - Jun), 2018",2.500,0.000,False
India,Andaman and Nicobar Islands,Middle,"PLFS Year (Jul - Jun), 2019",4.333,0.000,False
India,Andaman and Nicobar Islands,Middle,"PLFS Year (Jul - Jun), 2020",5.033,0.000,False
India,Andaman and Nicobar Islands,Middle,"PLFS Year (Jul - Jun), 2021",3.933,0.000,False
India,Andaman and Nicobar Islands,Middle,"PLFS Year (Jul - Jun), 2022",9.133,0.000,False
India,Andaman and Nicobar Islands,Middle,"PLFS Year (Jul - Jun), 2023",5.833,0.000,False
India,Andaman and Nicobar Islands,Not Literate,"PLFS Year (Jul - Jun), 2017",0.000,0.000,False
India,Andaman and Nicobar Islands,Not Literate,"PLFS Year (Jul - Jun), 2018",0.000,0.000,False
India,Andaman and Nicobar Islands,Not Literate,"PLFS Year (Jul - Jun), 2019",0.000,0.000,False
India,Andaman and Nicobar Islands,Not Literate,"PLFS Year (Jul - Jun), 2020",0.000,0.000,False
India,Andaman and Nicobar Islands,Not Literate,"PLFS Year (Jul - Jun), 2021",0.000,0.000,False
India,Andaman and Nicobar Islands,Not Literate,"PLFS Year (Jul - Jun), 2022",0.000,0.000,False
India,Andaman and Nicobar Islands,Not Literate,"PLFS Year (Jul - Jun), 2023",7.133,0.000,False
India,Andaman and Nicobar Islands,Post Graduate & Above,"PLFS Year (Jul - Jun), 2017",39.267,0.000,False
India,Andaman and Nicobar Islands,Post Graduate & Above,"PLFS Year (Jul - Jun), 2018",64.733,0.000,False
India,Andaman and Nicobar Islands,Post Graduate & Above,"PLFS Year (Jul - Jun), 2019",31.700,0.000,False
India,Andaman and Nicobar Islands,Post Graduate & Above,"PLFS Year (Jul - Jun), 2020",32.833,0.000,False
India,Andaman and Nicobar Islands,Post Graduate & Above,"PLFS Year (Jul - Jun), 2021",52.267,0.000,False
India,Andaman and Nicobar Islands,Post Graduate & Above,"PLFS Year (Jul - Jun), 2022",19.100,0.000,False
India,Andaman and Nicobar Islands,Post Graduate & Above,"PLFS Year (Jul - Jun), 2023",22.067,0.000,False
India,Andaman and Nicobar Islands,Secondary,"PLFS Year (Jul - Jun), 2017",37.633,0.000,False
India,Andaman and Nicobar Islands,Secondary,"PLFS Year (Jul - Jun), 2018",9.800,0.000,False
India,Andaman and Nicobar Islands,Secondary,"PLFS Year (Jul - Jun), 2019",61.567,0.000,False
India,Andaman and Nicobar Islands,Secondary,"PLFS Year (Jul - Jun), 2020",31.000,0.000,False
India,Andaman and Nicobar Islands,Secondary,"PLFS Year (Jul - Jun), 2021",0.000,0.000,False
India,Andaman and Nicobar Islands,Secondary,"PLFS Year (Jul - Jun), 2022",22.900,0.000,False
India,Andaman and Nicobar Islands,Secondary,"PLFS Year (Jul - Jun), 2023",31.700,0.000,False
India,Andaman and Nicobar Islands,Secondary & Above,"PLFS Year (Jul - Jun), 2017",53.733,0.000,False
India,Andaman and Nicobar Islands,Secondary & Above,"PLFS Year (Jul - Jun), 2018",48.067,0.000,False
India,Andaman and Nicobar Islands,Secondary & Above,"PLFS Year (Jul - Jun), 2019",41.533,0.000,False
India,Andaman and Nicobar Islands,Secondary & Above,"PLFS Year (Jul - Jun), 2020",33.733,0.000,False
India,Andaman and Nicobar Islands,Secondary & Above,"PLFS Year (Jul - Jun), 2021",29.267,0.000,False
India,Andaman and Nicobar Islands,Secondary & Above,"PLFS Year (Jul - Jun), 2022",31.300,0.000,False
India,Andaman and Nicobar Islands,Secondary & Above,"PLFS Year (Jul - Jun), 2023",37.500,0.000,False
India,Andhra Pradesh,All,"PLFS Year (Jul - Jun), 2017",5.067,0.000,False
India,Andhra Pradesh,All,"PLFS Year (Jul - Jun), 2018",6.500,0.000,False
India,Andhra Pradesh,All,"PLFS Year (Jul - Jun), 2019",4.967,0.000,False
India,Andhra Pradesh,All,"PLFS Year (Jul - Jun), 2020",3.767,0.000,False
India,Andhra Pradesh,All,"PLFS Year (Jul - Jun), 2021",4.400,0.000,False
India,Andhra Pradesh,All,"PLFS Year (Jul - Jun), 2022",4.833,0.000,False
India,Andhra Pradesh,All,"PLFS Year (Jul - Jun), 2023",4.500,0.000,False
India,Andhra Pradesh,Diploma/ Certificate Course,"PLFS Year (Jul - Jun), 2017",43.467,0.000,False
India,Andhra Pradesh,Diploma/ Certificate Course,"PLFS Year (Jul - Jun), 2018",55.533,0.000,False
India,Andhra Pradesh,Diploma/ Certificate Course,"PLFS Year (Jul - Jun), 2019",11.600,0.000,False
India,Andhra Pradesh,Diploma/ Certificate Course,"PLFS Year (Jul - Jun), 2020",26.167,0.000,False
India,Andhra Pradesh,Diploma/ Certificate Course,"PLFS Year (Jul - Jun), 2021",23.567,0.000,False
India,Andhra Pradesh,Diploma/ Certificate Course,"PLFS Year (Jul - Jun), 2022",5.400,0.000,False
India,Andhra Pradesh,Diploma/ Certificate Course,"PLFS Year (Jul - Jun), 2023",16.267,0.000,False
India,Andhra Pradesh,Graduate,"PLFS Year (Jul - Jun), 2017",40.500,0.000,False
India,Andhra Pradesh,Graduate,"PLFS Year (Jul - Jun), 2018",46.433,0.000,False
India,Andhra Pradesh,Graduate,"PLFS Year (Jul - Jun), 2019",37.733,0.000,False
India,Andhra Pradesh,Graduate,"PLFS Year (Jul - Jun), 2020",28.067,0.000,False
India,Andhra Pradesh,Graduate,"PLFS Year (Jul - Jun), 2021",30.133,0.000,False
India,Andhra Pradesh,Graduate,"PLFS Year (Jul - Jun), 2022",34.367,0.000,False
India,Andhra Pradesh,Graduate,"PLFS Year (Jul - Jun), 2023",30.667,0.000,False
India,Andhra Pradesh,Higher Secondary,"PLFS Year (Jul - Jun), 2017",11.167,0.000,False
India,Andhra Pradesh,Higher Secondary,"PLFS Year (Jul - Jun), 2018",17.433,0.000,False
India,Andhra Pradesh,Higher Secondary,"PLFS Year (Jul - Jun), 2019",10.100,0.000,False
India,Andhra Pradesh,Higher Secondary,"PLFS Year (Jul - Jun), 2020",4.300,0.000,False
India,Andhra Pradesh,Higher Secondary,"PLFS Year (Jul - Jun), 2021",6.633,0.000,False
India,Andhra Pradesh,Higher Secondary,"PLFS Year (Jul - Jun), 2022",7.600,0.000,False
India,Andhra Pradesh,Higher Secondary,"PLFS Year (Jul - Jun), 2023",7.467,0.000,False
India,Andhra Pradesh,Literate & Upto Primary,"PLFS Year (Jul - Jun), 2017",0.600,0.000,False
India,Andhra Pradesh,Literate & Upto Primary,"PLFS Year (Jul - Jun), 2018",0.433,0.000,False
India,Andhra Pradesh,Literate & Upto Primary,"PLFS Year (Jul - Jun), 2019",0.000,0.000,False
India,Andhra Pradesh,Literate & Upto Primary,"PLFS Year (Jul - Jun), 2020",0.000,0.000,False
India,Andhra Pradesh,Literate & Upto Primary,"PLFS Year (Jul - Jun), 2021",0.000,0.000,False
India,Andhra Pradesh,Literate & Upto Primary,"PLFS Year (Jul - Jun), 2022",0.000,0.000,False
India,Andhra Pradesh,Literate & Upto Primary,"PLFS Year (Jul - Jun), 2023",0.000,0.000,False
India,Andhra Pradesh,Middle,"PLFS Year (Jul - Jun), 2017",0.000,0.000,False
India,Andhra Pradesh,Middle,"PLFS Year (Jul - Jun), 2018",0.400,0.000,False
India,Andhra Pradesh,Middle,"PLFS Year (Jul - Jun), 2019",0.933,0.000,False
India,Andhra Pradesh,Middle,"PLFS Year (Jul - Jun), 2020",1.333,0.000,False
India,Andhra Pradesh,Middle,"PLFS Year (Jul - Jun), 2021",0.000,0.000,False
India,Andhra Pradesh,Middle,"PLFS Year (Jul - Jun), 2022",0.000,0.000,False
India,Andhra Pradesh,Middle,"PLFS Year (Jul - Jun), 2023",0.000,0.000,False
India,Andhra Pradesh,Not Literate,"PLFS Year (Jul - Jun), 2017",0.167,0.000,False
India,Andhra Pradesh,Not Literate,"PLFS Year (Jul - Jun), 2018",0.000,0.000,False
India,Andhra Pradesh,Not Literate,"PLFS Year (Jul - Jun), 2019",0.000,0.000,False
India,Andhra Pradesh,Not Literate,"PLFS Year (Jul - Jun), 2020",0.233,0.000,False
India,Andhra Pradesh,Not Literate,"PLFS Year (Jul - Jun), 2021",0.000,0.000,False
India,Andhra Pradesh,Not Literate,"PLFS Year (Jul - Jun), 2022",0.000,0.000,False
India,Andhra Pradesh,Not Literate,"PLFS Year (Jul - Jun), 2023",0.000,0.000,False
India,Andhra Pradesh,Post Graduate & Above,"PLFS Year (Jul - Jun), 2017",33.767,0.000,False
India,Andhra Pradesh,Post Graduate & Above,"PLFS Year (Jul - Jun), 2018",33.667,0.000,False
India,Andhra Pradesh,Post Graduate & Above,"PLFS Year (Jul - Jun), 2019",40.567,0.000,False
India,Andhra Pradesh,Post Graduate & Above,"PLFS Year (Jul - Jun), 2020",9.300,0.000,False
India,Andhra Pradesh,Post Graduate & Above,"PLFS Year (Jul - Jun), 2021",20.100,0.000,False
India,Andhra Pradesh,Post Graduate & Above,"PLFS Year (Jul - Jun), 2022",27.267,0.000,False
India,Andhra Pradesh,Post Graduate & Above,"PLFS Year (Jul - Jun), 2023",31.367,0.000,False
India,Andhra Pradesh,Secondary,"PLFS Year (Jul - Jun), 2017",2.500,0.000,False
India,Andhra Pradesh,Secondary,"PLFS Year (Jul - Jun), 2018",3.167,0.000,False
India,Andhra Pradesh,Secondary,"PLFS Year (Jul - Jun), 2019",3.333,0.000,False
India,Andhra Pradesh,Secondary,"PLFS Year (Jul - Jun), 2020",0.100,0.000,False
India,Andhra Pradesh,Secondary,"PLFS Year (Jul - Jun), 2021",0.533,0.000,False
India,Andhra Pradesh,Secondary,"PLFS Year (Jul - Jun), 2022",1.900,0.000,False
India,Andhra Pradesh,Secondary,"PLFS Year (Jul - Jun), 2023",1.433,0.000,False
India,Andhra Pradesh,Secondary & Above,"PLFS Year (Jul - Jun), 2017",19.467,0.000,False
India,Andhra Pradesh,Secondary & Above,"PLFS Year (Jul - Jun), 2018",23.900,0.000,False
India,Andhra Pradesh,Secondary & Above,"PLFS Year (Jul - Jun), 2019",18.933,0.000,False
India,Andhra Pradesh,Secondary & Above,"PLFS Year (Jul - Jun), 2020",11.333,0.000,False
India,Andhra Pradesh,Secondary & Above,"PLFS Year (Jul - Jun), 2021",14.067,0.000,False
India,Andhra Pradesh,Secondary & Above,"PLFS Year (Jul - Jun), 2022",16.533,0.000,False
India,Andhra Pradesh,Secondary & Above,"PLFS Year (Jul - Jun), 2023",14.633,0.000,False
India,Arunachal Pradesh,All,"PLFS Year (Jul - Jun), 2017",14.100,0.000,False
India,Arunachal Pradesh,All,"PLFS Year (Jul - Jun), 2018",18.467,0.000,False
India,Arunachal Pradesh,All,"PLFS Year (Jul - Jun), 2019",10.033,0.000,False
India,Arunachal Pradesh,All,"PLFS Year (Jul - Jun), 2020",10.533,0.000,False
India,Arunachal Pradesh,All,"PLFS Year (Jul - Jun), 2021",12.300,0.000,False
India,Arunachal Pradesh,All,"PLFS Year (Jul - Jun), 2022",8.167,0.000,False
India,Arunachal Pradesh,All,"PLFS Year (Jul - Jun), 2023",9.633,0.000,False
India,Arunachal Pradesh,Diploma/ Certificate Course,"PLFS Year (Jul - Jun), 2017",0.000,0.000,False
India,Arunachal Pradesh,Diploma/ Certificate Course,"PLFS Year (Jul - Jun), 2018",0.000,0.000,False
India,Arunachal Pradesh,Diploma/ Certificate Course,"PLFS Year (Jul - Jun), 2019",0.000,0.000,False
India,Arunachal Pradesh,Diploma/ Certificate Course,"PLFS Year (Jul - Jun), 2020",22.000,0.000,False
India,Arunachal Pradesh,Diploma/ Certificate Course,"PLFS Year (Jul - Jun), 2021",0.000,0.000,False
India,Arunachal Pradesh,Diploma/ Certificate Course,"PLFS Year (Jul - Jun), 2022",0.000,0.000,False
India,Arunachal Pradesh,Diploma/ Certificate Course,"PLFS Year (Jul - Jun), 2023",0.000,0.000,False
India,Arunachal Pradesh,Graduate,"PLFS Year (Jul - Jun), 2017",57.167,0.000,False
India,Arunachal Pradesh,Graduate,"PLFS Year (Jul - Jun), 2018",53.533,0.000,False
India,Arunachal Pradesh,Graduate,"PLFS Year (Jul - Jun), 2019",36.400,0.000,False
India,Arunachal Pradesh,Graduate,"PLFS Year (Jul - Jun), 2020",45.467,0.000,False
India,Arunachal Pradesh,Graduate,"PLFS Year (Jul - Jun), 2021",54.600,0.000,False
India,Arunachal Pradesh,Graduate,"PLFS Year (Jul - Jun), 2022",36.700,0.000,False
India,Arunachal Pradesh,Graduate,"PLFS Year (Jul - Jun), 2023",45.433,0.000,False
India,Arunachal Pradesh,Higher Secondary,"PLFS Year (Jul - Jun), 2017",25.867,0.000,False
India,Arunachal Pradesh,Higher Secondary,"PLFS Year (Jul - Jun), 2018",32.233,0.000,False
India,Arunachal Pradesh,Higher Secondary,"PLFS Year (Jul - Jun), 2019",16.900,0.000,False
India,Arunachal Pradesh,Higher Secondary,"PLFS Year (Jul - Jun), 2020",11.933,0.000,False
India,Arunachal Pradesh,Higher Secondary,"PLFS Year (Jul - Jun), 2021",17.400,0.000,False
India,Arunachal Pradesh,Higher Secondary,"PLFS Year (Jul - Jun), 2022",12.500,0.000,False
India,Arunachal Pradesh,Higher Secondary,"PLFS Year (Jul - Jun), 2023",7.400,0.000,False
India,Arunachal Pradesh,Literate & Upto Primary,"PLFS Year (Jul - Jun), 2017",6.267,0.000,False
India,Arunachal Pradesh,Literate & Upto Primary,"PLFS Year (Jul - Jun), 2018",3.767,0.000,False
India,Arunachal Pradesh,Literate & Upto Primary,"PLFS Year (Jul - Jun), 2019",1.500,0.000,False
India,Arunachal Pradesh,Literate & Upto Primary,"PLFS Year (Jul - Jun), 2020",0.567,0.000,False
India,Arunachal Pradesh,Literate & Upto Primary,"PLFS Year (Jul - Jun), 2021",0.000,0.000,False
India,Arunachal Pradesh,Literate & Upto Primary,"PLFS Year (Jul - Jun), 2022",0.000,0.000,False
India,Arunachal Pradesh,Literate & Upto Primary,"PLFS Year (Jul - Jun), 2023",0.000,0.000,False
India,Arunachal Pradesh,Middle,"PLFS Year (Jul - Jun), 2017",7.933,0.000,False
India,Arunachal Pradesh,Middle,"PLFS Year (Jul - Jun), 2018",7.400,0.000,False
India,Arunachal Pradesh,Middle,"PLFS Year (Jul - Jun), 2019",5.500,0.000,False
India,Arunachal Pradesh,Middle,"PLFS Year (Jul - Jun), 2020",0.933,0.000,False
India,Arunachal Pradesh,Middle,"PLFS Year (Jul - Jun), 2021",4.800,0.000,False
India,Arunachal Pradesh,Middle,"PLFS Year (Jul - Jun), 2022",3.600,0.000,False
India,Arunachal Pradesh,Middle,"PLFS Year (Jul - Jun), 2023",3.800,0.000,False
India,Arunachal Pradesh,Not Literate,"PLFS Year (Jul - Jun), 2017",2.900,0.000,False
India,Arunachal Pradesh,Not Literate,"PLFS Year (Jul - Jun), 2018",7.100,0.000,False
India,Arunachal Pradesh,Not Literate,"PLFS Year (Jul - Jun), 2019",0.933,0.000,False
India,Arunachal Pradesh,Not Literate,"PLFS Year (Jul - Jun), 2020",0.433,0.000,False
India,Arunachal Pradesh,Not Literate,"PLFS Year (Jul - Jun), 2021",0.367,0.000,False
India,Arunachal Pradesh,Not Literate,"PLFS Year (Jul - Jun), 2022",1.300,0.000,False
India,Arunachal Pradesh,Not Literate,"PLFS Year (Jul - Jun), 2023",0.000,0.000,False
India,Arunachal Pradesh,Post Graduate & Above,"PLFS Year (Jul - Jun), 2017",38.600,0.000,False
India,Arunachal Pradesh,Post Graduate & Above,"PLFS Year (Jul - Jun), 2018",61.900,0.000,False
India,Arunachal Pradesh,Post Graduate & Above,"PLFS Year (Jul - Jun), 2019",21.300,0.000,False
India,Arunachal Pradesh,Post Graduate & Above,"PLFS Year (Jul - Jun), 2020",29.633,0.000,False
India,Arunachal Pradesh,Post Graduate & Above,"PLFS Year (Jul - Jun), 2021",81.800,0.000,False
India,Arunachal Pradesh,Post Graduate & Above,"PLFS Year (Jul - Jun), 2022",28.233,0.000,False
India,Arunachal Pradesh,Post Graduate & Above,"PLFS Year (Jul - Jun), 2023",56.767,0.000,False
India,Arunachal Pradesh,Secondary,"PLFS Year (Jul - Jun), 2017",16.600,0.000,False
India,Arunachal Pradesh,Secondary,"PLFS Year (Jul - Jun), 2018",14.433,0.000,False
India,Arunachal Pradesh,Secondary,"PLFS Year (Jul - Jun), 2019",11.167,0.000,False
India,Arunachal Pradesh,Secondary,"PLFS Year (Jul - Jun), 2020",5.867,0.000,False
India,Arunachal Pradesh,Secondary,"PLFS Year (Jul - Jun), 2021",2.800,0.000,False
India,Arunachal Pradesh,Secondary,"PLFS Year (Jul - Jun), 2022",14.733,0.000,False
India,Arunachal Pradesh,Secondary,"PLFS Year (Jul - Jun), 2023",7.633,0.000,False
India,Arunachal Pradesh,Secondary & Above,"PLFS Year (Jul - Jun), 2017",32.533,0.000,False
India,Arunachal Pradesh,Secondary & Above,"PLFS Year (Jul - Jun), 2018",40.833,0.000,False
India,Arunachal Pradesh,Secondary & Above,"PLFS Year (Jul - Jun), 2019",22.900,0.000,False
India,Arunachal Pradesh,Secondary & Above,"PLFS Year (Jul - Jun), 2020",25.567,0.000,False
India,Arunachal Pradesh,Secondary & Above,"PLFS Year (Jul - Jun), 2021",32.800,0.000,False
India,Arunachal Pradesh,Secondary & Above,"PLFS Year (Jul - Jun), 2022",21.600,0.000,False
India,Arunachal Pradesh,Secondary & Above,"PLFS Year (Jul - Jun), 2023",24.767,0.000,False
India,Assam,All,"PLFS Year (Jul - Jun), 2017",13.000,0.000,False
India,Assam,All,"PLFS Year (Jul - Jun), 2018",10.033,0.000,False
India,Assam,All,"PLFS Year (Jul - Jun), 2019",14.900,0.000,False
India,Assam,All,"PLFS Year (Jul - Jun), 2020",9.800,0.000,False
India,Assam,All,"PLFS Year (Jul - Jun), 2021",9.367,0.000,False
India,Assam,All,"PLFS Year (Jul - Jun), 2022",6.267,0.000,False
India,Assam,All,"PLFS Year (Jul - Jun), 2023",6.467,0.000,False
India,Assam,Diploma/ Certificate Course,"PLFS Year (Jul - Jun), 2017",66.100,0.000,False
India,Assam,Diploma/ Certificate Course,"PLFS Year (Jul - Jun), 2018",0.000,0.000,False
India,Assam,Diploma/ Certificate Course,"PLFS Year (Jul - Jun), 2019",0.000,0.000,False
India,Assam,Diploma/ Certificate Course,"PLFS Year (Jul - Jun), 2020",0.000,0.000,False
India,Assam,Diploma/ Certificate Course,"PLFS Year (Jul - Jun), 2021",0.000,0.000,False
India,Assam,Diploma/ Certificate Course,"PLFS Year (Jul - Jun), 2022",0.000,0.000,False
India,Assam,Diploma/ Certificate Course,"PLFS Year (Jul - Jun), 2023",22.400,0.000,False
India,Assam,Graduate,"PLFS Year (Jul - Jun), 2017",20.367,0.000,False
India,Assam,Graduate,"PLFS Year (Jul - Jun), 2018",24.567,0.000,False
India,Assam,Graduate,"PLFS Year (Jul - Jun), 2019",31.333,0.000,False
India,Assam,Graduate,"PLFS Year (Jul - Jun), 2020",32.967,0.000,False
India,Assam,Graduate,"PLFS Year (Jul - Jun), 2021",24.500,0.000,False
India,Assam,Graduate,"PLFS Year (Jul - Jun), 2022",23.267,0.000,False
India,Assam,Graduate,"PLFS Year (Jul - Jun), 2023",25.933,0.000,False
India,Assam,Higher Secondary,"PLFS Year (Jul - Jun), 2017",22.900,0.000,False
India,Assam,Higher Secondary,"PLFS Year (Jul - Jun), 2018",20.900,0.000,False
India,Assam,Higher Secondary,"PLFS Year (Jul - Jun), 2019",28.767,0.000,False
India,Assam,Higher Secondary,"PLFS Year (Jul - Jun), 2020",12.600,0.000,False
India,Assam,Higher Secondary,"PLFS Year (Jul - Jun), 2021",21.600,0.000,False
India,Assam,Higher Secondary,"PLFS Year (Jul - Jun), 2022",14.100,0.000,False
India,Assam,Higher Secondary,"PLFS Year (Jul - Jun), 2023",9.200,0.000,False
India,Assam,Literate & Upto Primary,"PLFS Year (Jul - Jun), 2017",1.167,0.000,False
India,Assam,Literate & Upto Primary,"PLFS Year (Jul - Jun), 2018",2.533,0.000,False
India,Assam,Literate & Upto Primary,"PLFS Year (Jul - Jun), 2019",4.700,0.000,False
India,Assam,Literate & Upto Primary,"PLFS Year (Jul - Jun), 2020",1.600,0.000,False
India,Assam,Literate & Upto Primary,"PLFS Year (Jul - Jun), 2021",0.000,0.000,False
India,Assam,Literate & Upto Primary,"PLFS Year (Jul - Jun), 2022",1.367,0.000,False
India,Assam,Literate & Upto Primary,"PLFS Year (Jul - Jun), 2023",1.333,0.000,False
India,Assam,Middle,"PLFS Year (Jul - Jun), 2017",15.367,0.000,False
India,Assam,Middle,"PLFS Year (Jul - Jun), 2018",5.733,0.000,False
India,Assam,Middle,"PLFS Year (Jul - Jun), 2019",13.800,0.000,False
India,Assam,Middle,"PLFS Year (Jul - Jun), 2020",7.067,0.000,False
India,Assam,Middle,"PLFS Year (Jul - Jun), 2021",14.933,0.000,False
India,Assam,Middle,"PLFS Year (Jul - Jun), 2022",4.467,0.000,False
India,Assam,Middle,"PLFS Year (Jul - Jun), 2023",5.533,0.000,False
India,Assam,Not Literate,"PLFS Year (Jul - Jun), 2017",0.000,0.000,False
India,Assam,Not Literate,"PLFS Year (Jul - Jun), 2018",15.733,0.000,False
India,Assam,Not Literate,"PLFS Year (Jul - Jun), 2019",0.000,0.000,False
India,Assam,Not Literate,"PLFS Year (Jul - Jun), 2020",0.000,0.000,False
India,Assam,Not Literate,"PLFS Year (Jul - Jun), 2021",3.367,0.000,False
India,Assam,Not Literate,"PLFS Year (Jul - Jun), 2022",0.000,0.000,False
India,Assam,Not Literate,"PLFS Year (Jul - Jun), 2023",0.000,0.000,False
India,Assam,Post Graduate & Above,"PLFS Year (Jul - Jun), 2017",45.133,0.000,False
India,Assam,Post Graduate & Above,"PLFS Year (Jul - Jun), 2018",17.167,0.000,False
India,Assam,Post Graduate & Above,"PLFS Year (Jul - Jun), 2019",6.333,0.000,False
India,Assam,Post Graduate & Above,"PLFS Year (Jul - Jun), 2020",33.800,0.000,False
India,Assam,Post Graduate & Above,"PLFS Year (Jul - Jun), 2021",19.367,0.000,False
India,Assam,Post Graduate & Above,"PLFS Year (Jul - Jun), 2022",22.133,0.000,False
India,Assam,Post Graduate & Above,"PLFS Year (Jul - Jun), 2023",28.167,0.000,False
India,Assam,Secondary,"PLFS Year (Jul - Jun), 2017",15.133,0.000,False
India,Assam,Secondary,"PLFS Year (Jul - Jun), 2018",13.067,0.000,False
India,Assam,Secondary,"PLFS Year (Jul - Jun), 2019",24.767,0.000,False
India,Assam,Secondary,"PLFS Year (Jul - Jun), 2020",9.267,0.000,False
India,Assam,Secondary,"PLFS Year (Jul - Jun), 2021",7.700,0.000,False
India,Assam,Secondary,"PLFS Year (Jul - Jun), 2022",2.033,0.000,False
India,Assam,Secondary,"PLFS Year (Jul - Jun), 2023",9.433,0.000,False
India,Assam,Secondary & Above,"PLFS Year (Jul - Jun), 2017",22.300,0.000,False
India,Assam,Secondary & Above,"PLFS Year (Jul - Jun), 2018",19.433,0.000,False
India,Assam,Secondary & Above,"PLFS Year (Jul - Jun), 2019",26.200,0.000,False
India,Assam,Secondary & Above,"PLFS Year (Jul - Jun), 2020",18.633,0.000,False
India,Assam,Secondary & Above,"PLFS Year (Jul - Jun), 2021",17.000,0.000,False
India,Assam,Secondary & Above,"PLFS Year (Jul - Jun), 2022",12.900,0.000,False
India,Assam,Secondary & Above,"PLFS Year (Jul - Jun), 2023",14.400,0.000,False
India,Bihar,All,"PLFS Year (Jul - Jun), 2017",3.767,0.000,False
India,Bihar,All,"PLFS Year (Jul - Jun), 2018",5.433,0.000,False
India,Bihar,All,"PLFS Year (Jul - Jun), 2019",4.700,0.000,False
India,Bihar,All,"PLFS Year (Jul - Jun), 2020",7.233,0.000,False
India,Bihar,All,"PLFS Year (Jul - Jun), 2021",5.800,0.000,False
India,Bihar,All,"PLFS Year (Jul - Jun), 2022",4.167,0.000,False
India,Bihar,All,"PLFS Year (Jul - Jun), 2023",3.867,0.000,False
India,Bihar,Diploma/ Certificate Course,"PLFS Year (Jul - Jun), 2017",0.000,0.000,False
India,Bihar,Diploma/ Certificate Course,"PLFS Year (Jul - Jun), 2018",0.000,0.000,False
India,Bihar,Diploma/ Certificate Course,"PLFS Year (Jul - Jun), 2019",66.667,0.000,False
India,Bihar,Diploma/ Certificate Course,"PLFS Year (Jul - Jun), 2020",0.000,0.000,False
India,Bihar,Diploma/ Certificate Course,"PLFS Year (Jul - Jun), 2021",0.000,0.000,False
India,Bihar,Diploma/ Certificate Course,"PLFS Year (Jul - Jun), 2022",35.600,0.000,False
India,Bihar,Diploma/ Certificate Course,"PLFS Year (Jul - Jun), 2023",41.733,0.000,False
India,Bihar,Graduate,"PLFS Year (Jul - Jun), 2017",11.033,0.000,False
India,Bihar,Graduate,"PLFS Year (Jul - Jun), 2018",29.167,0.000,False
India,Bihar,Graduate,"PLFS Year (Jul - Jun), 2019",19.400,0.000,False
India,Bihar,Graduate,"PLFS Year (Jul - Jun), 2020",22.467,0.000,False
India,Bihar,Graduate,"PLFS Year (Jul - Jun), 2021",36.433,0.000,False
India,Bihar,Graduate,"PLFS Year (Jul - Jun), 2022",24.733,0.000,False
India,Bihar,Graduate,"PLFS Year (Jul - Jun), 2023",31.867,0.000,False
India,Bihar,Higher Secondary,"PLFS Year (Jul - Jun), 2017",9.167,0.000,False
India,Bihar,Higher Secondary,"PLFS Year (Jul - Jun), 2018",4.567,0.000,False
India,Bihar,Higher Secondary,"PLFS Year (Jul - Jun), 2019",1.233,0.000,False
India,Bihar,Higher Secondary,"PLFS Year (Jul - Jun), 2020",5.467,0.000,False
India,Bihar,Higher Secondary,"PLFS Year (Jul - Jun), 2021",5.433,0.000,False
India,Bihar,Higher Secondary,"PLFS Year (Jul - Jun), 2022",1.900,0.000,False
India,Bihar,Higher Secondary,"PLFS Year (Jul - Jun), 2023",0.000,0.000,False
India,Bihar,Literate & Upto Primary,"PLFS Year (Jul - Jun), 2017",0.200,0.000,False
India,Bihar,Literate & Upto Primary,"PLFS Year (Jul - Jun), 2018",0.000,0.000,False
India,Bihar,Literate & Upto Primary,"PLFS Year (Jul - Jun), 2019",7.167,0.000,False
India,Bihar,Literate & Upto Primary,"PLFS Year (Jul - Jun), 2020",0.000,0.000,False
India,Bihar,Literate & Upto Primary,"PLFS Year (Jul - Jun), 2021",1.700,0.000,False
India,Bihar,Literate & Upto Primary,"PLFS Year (Jul - Jun), 2022",0.000,0.000,False
India,Bihar,Literate & Upto Primary,"PLFS Year (Jul - Jun), 2023",0.833,0.000,False
India,Bihar,Middle,"PLFS Year (Jul - Jun), 2017",7.200,0.000,False
India,Bihar,Middle,"PLFS Year (Jul - Jun), 2018",6.000,0.000,False
India,Bihar,Middle,"PLFS Year (Jul - Jun), 2019",2.767,0.000,False
India,Bihar,Middle,"PLFS Year (Jul - Jun), 2020",2.133,0.000,False
India,Bihar,Middle,"PLFS Year (Jul - Jun), 2021",2.500,0.000,False
India,Bihar,Middle,"PLFS Year (Jul - Jun), 2022",1.267,0.000,False
India,Bihar,Middle,"PLFS Year (Jul - Jun), 2023",1.467,0.000,False
India,Bihar,Not Literate,"PLFS Year (Jul - Jun), 2017",0.400,0.000,False
India,Bihar,Not Literate,"PLFS Year (Jul - Jun), 2018",0.000,0.000,False
India,Bihar,Not Literate,"PLFS Year (Jul - Jun), 2019",0.000,0.000,False
India,Bihar,Not Literate,"PLFS Year (Jul - Jun), 2020",0.800,0.000,False
India,Bihar,Not Literate,"PLFS Year (Jul - Jun), 2021",0.000,0.000,False
India,Bihar,Not Literate,"PLFS Year (Jul - Jun), 2022",0.433,0.000,False
India,Bihar,Not Literate,"PLFS Year (Jul - Jun), 2023",0.133,0.000,False
India,Bihar,Post Graduate & Above,"PLFS Year (Jul - Jun), 2017",6.433,0.000,False
India,Bihar,Post Graduate & Above,"PLFS Year (Jul - Jun), 2018",0.733,0.000,False
India,Bihar,Post Graduate & Above,"PLFS Year (Jul - Jun), 2019",17.633,0.000,False
India,Bihar,Post Graduate & Above,"PLFS Year (Jul - Jun), 2020",24.767,0.000,False
India,Bihar,Post Graduate & Above,"PLFS Year (Jul - Jun), 2021",16.233,0.000,False
India,Bihar,Post Graduate & Above,"PLFS Year (Jul - Jun), 2022",13.100,0.000,False
India,Bihar,Post Graduate & Above,"PLFS Year (Jul - Jun), 2023",9.867,0.000,False
India,Bihar,Secondary,"PLFS Year (Jul - Jun), 2017",0.000,0.000,False
India,Bihar,Secondary,"PLFS Year (Jul - Jun), 2018",0.433,0.000,False
India,Bihar,Secondary,"PLFS Year (Jul - Jun), 2019",0.000,0.000,False
India,Bihar,Secondary,"PLFS Year (Jul - Jun), 2020",7.067,0.000,False
India,Bihar,Secondary,"PLFS Year (Jul - Jun), 2021",0.133,0.000,False
India,Bihar,Secondary,"PLFS Year (Jul - Jun), 2022",2.133,0.000,False
India,Bihar,Secondary,"PLFS Year (Jul - Jun), 2023",0.067,0.000,False
India,Bihar,Secondary & Above,"PLFS Year (Jul - Jun), 2017",7.033,0.000,False
India,Bihar,Secondary & Above,"PLFS Year (Jul - Jun), 2018",11.133,0.000,False
India,Bihar,Secondary & Above,"PLFS Year (Jul - Jun), 2019",12.233,0.000,False
India,Bihar,Secondary & Above,"PLFS Year (Jul - Jun), 2020",17.200,0.000,False
India,Bihar,Secondary & Above,"PLFS Year (Jul - Jun), 2021",18.633,0.000,False
India,Bihar,Secondary & Above,"PLFS Year (Jul - Jun), 2022",11.367,0.000,False
India,Bihar,Secondary & Above,"PLFS Year (Jul - Jun), 2023",11.167,0.000,False
India,Chandigarh,All,"PLFS Year (Jul - Jun), 2017",14.433,0.000,False
India,Chandigarh,All,"PLFS Year (Jul - Jun), 2018",9.600,0.000,False
India,Chandigarh,All,"PLFS Year (Jul - Jun), 2019",17.000,0.000,False
India,Chandigarh,All,"PLFS Year (Jul - Jun), 2020",4.267,0.000,False
India,Chandigarh,All,"PLFS Year (Jul - Jun), 2021",5.767,0.000,False
India,Chandigarh,All,"PLFS Year (Jul - Jun), 2022",5.333,0.000,False
India,Chandigarh,All,"PLFS Year (Jul - Jun), 2023",15.300,1.000,False
India,Chandigarh,Diploma/ Certificate Course,"PLFS Year (Jul - Jun), 2017",0.000,0.000,False
India,Chandigarh,Diploma/ Certificate Course,"PLFS Year (Jul - Jun), 2018",0.000,0.000,False
India,Chandigarh,Diploma/ Certificate Course,"PLFS Year (Jul - Jun), 2019",0.000,0.000,False
India,Chandigarh,Diploma/ Certificate Course,"PLFS Year (Jul - Jun), 2020",0.000,0.000,False
India,Chandigarh,Diploma/ Certificate Course,"PLFS Year (Jul - Jun), 2021",0.000,0.000,False
India,Chandigarh,Diploma/ Certificate Course,"PLFS Year (Jul - Jun), 2022",0.000,0.000,False
India,Chandigarh,Diploma/ Certificate Course,"PLFS Year (Jul - Jun), 2023",0.000,1.000,False
India,Chandigarh,Graduate,"PLFS Year (Jul - Jun), 2017",26.567,0.000,False
India,Chandigarh,Graduate,"PLFS Year (Jul - Jun), 2018",8.700,0.000,False
India,Chandigarh,Graduate,"PLFS Year (Jul - Jun), 2019",0.000,0.000,False
India,Chandigarh,Graduate,"PLFS Year (Jul - Jun), 2020",11.800,0.000,False
India,Chandigarh,Graduate,"PLFS Year (Jul - Jun), 2021",18.867,0.000,False
India,Chandigarh,Graduate,"PLFS Year (Jul - Jun), 2022",1.233,0.000,False
India,Chandigarh,Graduate,"PLFS Year (Jul - Jun), 2023",11.000,1.000,False
India,Chandigarh,Higher Secondary,"PLFS Year (Jul - Jun), 2017",9.700,0.000,False
India,Chandigarh,Higher Secondary,"PLFS Year (Jul - Jun), 2018",0.000,0.000,False
India,Chandigarh,Higher Secondary,"PLFS Year (Jul - Jun), 2019",11.500,0.000,False
India,Chandigarh,Higher Secondary,"PLFS Year (Jul - Jun), 2020",0.000,0.000,False
India,Chandigarh,Higher Secondary,"PLFS Year (Jul - Jun), 2021",19.367,0.000,False
India,Chandigarh,Higher Secondary,"PLFS Year (Jul - Jun), 2022",27.600,0.000,False
India,Chandigarh,Higher Secondary,"PLFS Year (Jul - Jun), 2023",23.000,1.000,False
India,Chandigarh,Literate & Upto Primary,"PLFS Year (Jul - Jun), 2017",0.000,0.000,False
India,Chandigarh,Literate & Upto Primary,"PLFS Year (Jul - Jun), 2018",12.800,0.000,False
India,Chandigarh,Literate & Upto Primary,"PLFS Year (Jul - Jun), 2019",25.700,0.000,False
India,Chandigarh,Literate & Upto Primary,"PLFS Year (Jul - Jun), 2020",0.000,0.000,False
India,Chandigarh,Literate & Upto Primary,"PLFS Year (Jul - Jun), 2021",0.000,0.000,False
India,Chandigarh,Literate & Upto Primary,"PLFS Year (Jul - Jun), 2022",0.000,0.000,False
India,Chandigarh,Literate & Upto Primary,"PLFS Year (Jul - Jun), 2023",10.700,1.000,False
India,Chandigarh,Middle,"PLFS Year (Jul - Jun), 2017",7.500,0.000,False
India,Chandigarh,Middle,"PLFS Year (Jul - Jun), 2018",17.233,0.000,False
India,Chandigarh,Middle,"PLFS Year (Jul - Jun), 2019",35.133,0.000,False
India,Chandigarh,Middle,"PLFS Year (Jul - Jun), 2020",0.000,0.000,False
India,Chandigarh,Middle,"PLFS Year (Jul - Jun), 2021",6.767,0.000,False
India,Chandigarh,Middle,"PLFS Year (Jul - Jun), 2022",0.000,0.000,False
India,Chandigarh,Middle,"PLFS Year (Jul - Jun), 2023",34.500,1.000,False
India,Chandigarh,Not Literate,"PLFS Year (Jul - Jun), 2017",0.000,0.000,False
India,Chandigarh,Not Literate,"PLFS Year (Jul - Jun), 2018",3.133,0.000,False
India,Chandigarh,Not Literate,"PLFS Year (Jul - Jun), 2019",0.000,0.000,False
India,Chandigarh,Not Literate,"PLFS Year (Jul - Jun), 2020",0.000,0.000,False
India,Chandigarh,Not Literate,"PLFS Year (Jul - Jun), 2021",0.000,0.000,False
India,Chandigarh,Not Literate,"PLFS Year (Jul - Jun), 2022",0.000,0.000,False
India,Chandigarh,Not Literate,"PLFS Year (Jul - Jun), 2023",0.000,1.000,False
India,Chandigarh,Post Graduate & Above,"PLFS Year (Jul - Jun), 2017",19.633,0.000,False
India,Chandigarh,Post Graduate & Above,"PLFS Year (Jul - Jun), 2018",36.900,0.000,False
India,Chandigarh,Post Graduate & Above,"PLFS Year (Jul - Jun), 2019",10.167,0.000,False
India,Chandigarh,Post Graduate & Above,"PLFS Year (Jul - Jun), 2020",0.000,0.000,False
India,Chandigarh,Post Graduate & Above,"PLFS Year (Jul - Jun), 2021",6.933,0.000,False
India,Chandigarh,Post Graduate & Above,"PLFS Year (Jul - Jun), 2022",4.667,0.000,False
India,Chandigarh,Post Graduate & Above,"PLFS Year (Jul - Jun), 2023",21.100,1.000,False
India,Chandigarh,Secondary,"PLFS Year (Jul - Jun), 2017",8.400,0.000,False
India,Chandigarh,Secondary,"PLFS Year (Jul - Jun), 2018",35.133,0.000,False
India,Chandigarh,Secondary,"PLFS Year (Jul - Jun), 2019",10.167,0.000,False
India,Chandigarh,Secondary,"PLFS Year (Jul - Jun), 2020",0.000,0.000,False
India,Chandigarh,Secondary,"PLFS Year (Jul - Jun), 2021",4.433,0.000,False
India,Chandigarh,Secondary,"PLFS Year (Jul - Jun), 2022",0.000,0.000,False
India,Chandigarh,Secondary,"PLFS Year (Jul - Jun), 2023",0.000,1.000,False
India,Chandigarh,Secondary & Above,"PLFS Year (Jul - Jun), 2017",19.633,0.000,False
India,Chandigarh,Secondary & Above,"PLFS Year (Jul - Jun), 2018",8.700,0.000,False
India,Chandigarh,Secondary & Above,"PLFS Year (Jul - Jun), 2019",6.033,0.000,False
India,Chandigarh,Secondary & Above,"PLFS Year (Jul - Jun), 2020",7.133,0.000,False
India,Chandigarh,Secondary & Above,"PLFS Year (Jul - Jun), 2021",10.367,0.000,False
India,Chandigarh,Secondary & Above,"PLFS Year (Jul - Jun), 2022",7.767,0.000,False
India,Chandigarh,Secondary & Above,"PLFS Year (Jul - Jun), 2023",15.100,1.000,False
India,Chhattisgarh,All,"PLFS Year (Jul - Jun), 2017",5.600,0.000,False
India,Chhattisgarh,All,"PLFS Year (Jul - Jun), 2018",3.200,0.000,False
India,Chhattisgarh,All,"PLFS Year (Jul - Jun), 2019",4.133,0.000,False
India,Chhattisgarh,All,"PLFS Year (Jul - Jun), 2020",3.033,0.000,False
India,Chhattisgarh,All,"PLFS Year (Jul - Jun), 2021",3.800,0.000,False
India,Chhattisgarh,All,"PLFS Year (Jul - Jun), 2022",4.367,0.000,False
India,Chhattisgarh,All,"PLFS Year (Jul - Jun), 2023",4.767,0.000,False
India,Chhattisgarh,Diploma/ Certificate Course,"PLFS Year (Jul - Jun), 2017",2.633,0.000,False
India,Chhattisgarh,Diploma/ Certificate Course,"PLFS Year (Jul - Jun), 2018",52.600,0.000,False
India,Chhattisgarh,Diploma/ Certificate Course,"PLFS Year (Jul - Jun), 2019",0.000,0.000,False
India,Chhattisgarh,Diploma/ Certificate Course,"PLFS Year (Jul - Jun), 2020",0.000,0.000,False
India,Chhattisgarh,Diploma/ Certificate Course,"PLFS Year (Jul - Jun), 2021",1.600,0.000,False
India,Chhattisgarh,Diploma/ Certificate Course,"PLFS Year (Jul - Jun), 2022",0.000,0.000,False
India,Chhattisgarh,Diploma/ Certificate Course,"PLFS Year (Jul - Jun), 2023",0.000,0.000,False
India,Chhattisgarh,Graduate,"PLFS Year (Jul - Jun), 2017",45.833,0.000,False
India,Chhattisgarh,Graduate,"PLFS Year (Jul - Jun), 2018",14.500,0.000,False
India,Chhattisgarh,Graduate,"PLFS Year (Jul - Jun), 2019",26.100,0.000,False
India,Chhattisgarh,Graduate,"PLFS Year (Jul - Jun), 2020",25.200,0.000,False
India,Chhattisgarh,Graduate,"PLFS Year (Jul - Jun), 2021",21.400,0.000,False
India,Chhattisgarh,Graduate,"PLFS Year (Jul - Jun), 2022",18.833,0.000,False
India,Chhattisgarh,Graduate,"PLFS Year (Jul - Jun), 2023",17.333,0.000,False
India,Chhattisgarh,Higher Secondary,"PLFS Year (Jul - Jun), 2017",12.500,0.000,False
India,Chhattisgarh,Higher Secondary,"PLFS Year (Jul - Jun), 2018",8.167,0.000,False
India,Chhattisgarh,Higher Secondary,"PLFS Year (Jul - Jun), 2019",8.733,0.000,False
India,Chhattisgarh,Higher Secondary,"PLFS Year (Jul - Jun), 2020",3.867,0.000,False
India,Chhattisgarh,Higher Secondary,"PLFS Year (Jul - Jun), 2021",1.200,0.000,False
India,Chhattisgarh,Higher Secondary,"PLFS Year (Jul - Jun), 2022",6.800,0.000,False
India,Chhattisgarh,Higher Secondary,"PLFS Year (Jul - Jun), 2023",3.267,0.000,False
India,Chhattisgarh,Literate & Upto Primary,"PLFS Year (Jul - Jun), 2017",0.067,0.000,False
India,Chhattisgarh,Literate & Upto Primary,"PLFS Year (Jul - Jun), 2018",0.000,0.000,False
India,Chhattisgarh,Literate & Upto Primary,"PLFS Year (Jul - Jun), 2019",0.000,0.000,False
India,Chhattisgarh,Literate & Upto Primary,"PLFS Year (Jul - Jun), 2020",0.000,0.000,False
India,Chhattisgarh,Literate & Upto Primary,"PLFS Year (Jul - Jun), 2021",0.067,0.000,False
India,Chhattisgarh,Literate & Upto Primary,"PLFS Year (Jul - Jun), 2022",0.000,0.000,False
India,Chhattisgarh,Literate & Upto Primary,"PLFS Year (Jul - Jun), 2023",2.633,0.000,False
India,Chhattisgarh,Middle,"PLFS Year (Jul - Jun), 2017",2.367,0.000,False
India,Chhattisgarh,Middle,"PLFS Year (Jul - Jun), 2018",3.967,0.000,False
India,Chhattisgarh,Middle,"PLFS Year (Jul - Jun), 2019",2.967,0.000,False
India,Chhattisgarh,Middle,"PLFS Year (Jul - Jun), 2020",0.833,0.000,False
India,Chhattisgarh,Middle,"PLFS Year (Jul - Jun), 2021",0.000,0.000,False
India,Chhattisgarh,Middle,"PLFS Year (Jul - Jun), 2022",0.000,0.000,False
India,Chhattisgarh,Middle,"PLFS Year (Jul - Jun), 2023",1.900,0.000,False
India,Chhattisgarh,Not Literate,"PLFS Year (Jul - Jun), 2017",0.900,0.000,False
India,Chhattisgarh,Not Literate,"PLFS Year (Jul - Jun), 2018",0.000,0.000,False
India,Chhattisgarh,Not Literate,"PLFS Year (Jul - Jun), 2019",0.000,0.000,False
India,Chhattisgarh,Not Literate,"PLFS Year (Jul - Jun), 2020",0.633,0.000,False
India,Chhattisgarh,Not Literate,"PLFS Year (Jul - Jun), 2021",0.900,0.000,False
India,Chhattisgarh,Not Literate,"PLFS Year (Jul - Jun), 2022",0.000,0.000,False
India,Chhattisgarh,Not Literate,"PLFS Year (Jul - Jun), 2023",0.000,0.000,False
India,Chhattisgarh,Post Graduate & Above,"PLFS Year (Jul - Jun), 2017",45.567,0.000,False
India,Chhattisgarh,Post Graduate & Above,"PLFS Year (Jul - Jun), 2018",20.233,0.000,False
India,Chhattisgarh,Post Graduate & Above,"PLFS Year (Jul - Jun), 2019",14.833,0.000,False
India,Chhattisgarh,Post Graduate & Above,"PLFS Year (Jul - Jun), 2020",20.300,0.000,False
India,Chhattisgarh,Post Graduate & Above,"PLFS Year (Jul - Jun), 2021",25.167,0.000,False
India,Chhattisgarh,Post Graduate & Above,"PLFS Year (Jul - Jun), 2022",24.433,0.000,False
India,Chhattisgarh,Post Graduate & Above,"PLFS Year (Jul - Jun), 2023",33.100,0.000,False
India,Chhattisgarh,Secondary,"PLFS Year (Jul - Jun), 2017",0.000,0.000,False
India,Chhattisgarh,Secondary,"PLFS Year (Jul - Jun), 2018",2.567,0.000,False
India,Chhattisgarh,Secondary,"PLFS Year (Jul - Jun), 2019",0.567,0.000,False
India,Chhattisgarh,Secondary,"PLFS Year (Jul - Jun), 2020",1.467,0.000,False
India,Chhattisgarh,Secondary,"PLFS Year (Jul - Jun), 2021",0.733,0.000,False
India,Chhattisgarh,Secondary,"PLFS Year (Jul - Jun), 2022",0.100,0.000,False
India,Chhattisgarh,Secondary,"PLFS Year (Jul - Jun), 2023",3.000,0.000,False
India,Chhattisgarh,Secondary & Above,"PLFS Year (Jul - Jun), 2017",21.333,0.000,False
India,Chhattisgarh,Secondary & Above,"PLFS Year (Jul - Jun), 2018",9.267,0.000,False
India,Chhattisgarh,Secondary & Above,"PLFS Year (Jul - Jun), 2019",11.467,0.000,False
India,Chhattisgarh,Secondary & Above,"PLFS Year (Jul - Jun), 2020",9.467,0.000,False
India,Chhattisgarh,Secondary & Above,"PLFS Year (Jul - Jun), 2021",10.067,0.000,False
India,Chhattisgarh,Secondary & Above,"PLFS Year (Jul - Jun), 2022",11.567,0.000,False
India,Chhattisgarh,Secondary & Above,"PLFS Year (Jul - Jun), 2023",11.500,0.000,False
India,Delhi,All,"PLFS Year (Jul - Jun), 2017",7.133,0.000,False
India,Delhi,All,"PLFS Year (Jul - Jun), 2018",6.500,0.000,False
India,Delhi,All,"PLFS Year (Jul - Jun), 2019",6.667,0.000,False
India,Delhi,All,"PLFS Year (Jul - Jun), 2020",4.667,0.000,False
India,Delhi,All,"PLFS Year (Jul - Jun), 2021",4.067,0.000,False
India,Delhi,All,"PLFS Year (Jul - Jun), 2022",1.467,0.000,False
India,Delhi,All,"PLFS Year (Jul - Jun), 2023",7.367,0.000,False
India,Delhi,Diploma/ Certificate Course,"PLFS Year (Jul - Jun), 2017",0.000,0.000,False
India,Delhi,Diploma/ Certificate Course,"PLFS Year (Jul - Jun), 2018",0.000,0.000,False
India,Delhi,Diploma/ Certificate Course,"PLFS Year (Jul - Jun), 2019",0.000,0.000,False
India,Delhi,Diploma/ Certificate Course,"PLFS Year (Jul - Jun), 2020",0.000,0.000,False
India,Delhi,Diploma/ Certificate Course,"PLFS Year (Jul - Jun), 2021",66.667,0.000,False
India,Delhi,Diploma/ Certificate Course,"PLFS Year (Jul - Jun), 2022",0.000,0.000,False
India,Delhi,Diploma/ Certificate Course,"PLFS Year (Jul - Jun), 2023",0.000,0.000,False
India,Delhi,Graduate,"PLFS Year (Jul - Jun), 2017",13.867,0.000,False
India,Delhi,Graduate,"PLFS Year (Jul - Jun), 2018",14.300,0.000,False
India,Delhi,Graduate,"PLFS Year (Jul - Jun), 2019",7.800,0.000,False
India,Delhi,Graduate,"PLFS Year (Jul - Jun), 2020",11.600,0.000,False
India,Delhi,Graduate,"PLFS Year (Jul - Jun), 2021",6.267,0.000,False
India,Delhi,Graduate,"PLFS Year (Jul - Jun), 2022",4.467,0.000,False
India,Delhi,Graduate,"PLFS Year (Jul - Jun), 2023",33.867,0.000,False
India,Delhi,Higher Secondary,"PLFS Year (Jul - Jun), 2017",11.267,0.000,False
India,Delhi,Higher Secondary,"PLFS Year (Jul - Jun), 2018",7.567,0.000,False
India,Delhi,Higher Secondary,"PLFS Year (Jul - Jun), 2019",11.633,0.000,False
India,Delhi,Higher Secondary,"PLFS Year (Jul - Jun), 2020",7.667,0.000,False
India,Delhi,Higher Secondary,"PLFS Year (Jul - Jun), 2021",0.000,0.000,False
India,Delhi,Higher Secondary,"PLFS Year (Jul - Jun), 2022",0.000,0.000,False
India,Delhi,Higher Secondary,"PLFS Year (Jul - Jun), 2023",0.000,0.000,False
India,Delhi,Literate & Upto Primary,"PLFS Year (Jul - Jun), 2017",0.000,0.000,False
India,Delhi,Literate & Upto Primary,"PLFS Year (Jul - Jun), 2018",0.000,0.000,False
India,Delhi,Literate & Upto Primary,"PLFS Year (Jul - Jun), 2019",0.000,0.000,False
India,Delhi,Literate & Upto Primary,"PLFS Year (Jul - Jun), 2020",0.000,0.000,False
India,Delhi,Literate & Upto Primary,"PLFS Year (Jul - Jun), 2021",0.000,0.000,False
India,Delhi,Literate & Upto Primary,"PLFS Year (Jul - Jun), 2022",0.000,0.000,False
India,Delhi,Literate & Upto Primary,"PLFS Year (Jul - Jun), 2023",0.000,0.000,False
India,Delhi,Middle,"PLFS Year (Jul - Jun), 2017",0.000,0.000,False
India,Delhi,Middle,"PLFS Year (Jul - Jun), 2018",0.000,0.000,False
India,Delhi,Middle,"PLFS Year (Jul - Jun), 2019",18.600,0.000,False
India,Delhi,Middle,"PLFS Year (Jul - Jun), 2020",0.000,0.000,False
India,Delhi,Middle,"PLFS Year (Jul - Jun), 2021",5.567,0.000,False
India,Delhi,Middle,"PLFS Year (Jul - Jun), 2022",0.000,0.000,False
India,Delhi,Middle,"PLFS Year (Jul - Jun), 2023",0.000,0.000,False
India,Delhi,Not Literate,"PLFS Year (Jul - Jun), 2017",5.333,0.000,False
India,Delhi,Not Literate,"PLFS Year (Jul - Jun), 2018",0.000,0.000,False
India,Delhi,Not Literate,"PLFS Year (Jul - Jun), 2019",2.167,0.000,False
India,Delhi,Not Literate,"PLFS Year (Jul - Jun), 2020",0.000,0.000,False
India,Delhi,Not Literate,"PLFS Year (Jul - Jun), 2021",0.000,0.000,False
India,Delhi,Not Literate,"PLFS Year (Jul - Jun), 2022",0.000,0.000,False
India,Delhi,Not Literate,"PLFS Year (Jul - Jun), 2023",0.000,0.000,False
India,Delhi,Post Graduate & Above,"PLFS Year (Jul - Jun), 2017",6.600,0.000,False
India,Delhi,Post Graduate & Above,"PLFS Year (Jul - Jun), 2018",13.667,0.000,False
India,Delhi,Post Graduate & Above,"PLFS Year (Jul - Jun), 2019",9.067,0.000,False
India,Delhi,Post Graduate & Above,"PLFS Year (Jul - Jun), 2020",1.533,0.000,False
India,Delhi,Post Graduate & Above,"PLFS Year (Jul - Jun), 2021",6.600,0.000,False
India,Delhi,Post Graduate & Above,"PLFS Year (Jul - Jun), 2022",4.733,0.000,False
India,Delhi,Post Graduate & Above,"PLFS Year (Jul - Jun), 2023",2.867,0.000,False
India,Delhi,Secondary,"PLFS Year (Jul - Jun), 2017",0.000,0.000,False
India,Delhi,Secondary,"PLFS Year (Jul - Jun), 2018",3.833,0.000,False
India,Delhi,Secondary,"PLFS Year (Jul - Jun), 2019",0.000,0.000,False
India,Delhi,Secondary,"PLFS Year (Jul - Jun), 2020",43.600,0.000,False
India,Delhi,Secondary,"PLFS Year (Jul - Jun), 2021",3.000,0.000,False
India,Delhi,Secondary,"PLFS Year (Jul - Jun), 2022",0.000,0.000,False
India,Delhi,Secondary,"PLFS Year (Jul - Jun), 2023",0.000,0.000,False
India,Delhi,Secondary & Above,"PLFS Year (Jul - Jun), 2017",10.433,0.000,False
India,Delhi,Secondary & Above,"PLFS Year (Jul - Jun), 2018",11.600,0.000,False
India,Delhi,Secondary & Above,"PLFS Year (Jul - Jun), 2019",7.967,0.000,False
India,Delhi,Secondary & Above,"PLFS Year (Jul - Jun), 2020",8.700,0.000,False
India,Delhi,Secondary & Above,"PLFS Year (Jul - Jun), 2021",5.267,0.000,False
India,Delhi,Secondary & Above,"PLFS Year (Jul - Jun), 2022",3.400,0.000,False
India,Delhi,Secondary & Above,"PLFS Year (Jul - Jun), 2023",33.033,0.000,False
India,Goa,All,"PLFS Year (Jul - Jun), 2017",25.600,0.000,False
India,Goa,All,"PLFS Year (Jul - Jun), 2018",16.833,0.000,False
India,Goa,All,"PLFS Year (Jul - Jun), 2019",12.000,0.000,False
India,Goa,All,"PLFS Year (Jul - Jun), 2020",14.167,0.000,False
India,Goa,All,"PLFS Year (Jul - Jun), 2021",19.600,0.000,False
India,Goa,All,"PLFS Year (Jul - Jun), 2022",15.033,0.000,False
India,Goa,All,"PLFS Year (Jul - Jun), 2023",16.367,0.000,False
India,Goa,Diploma/ Certificate Course,"PLFS Year (Jul - Jun), 2017",15.367,0.000,False
India,Goa,Diploma/ Certificate Course,"PLFS Year (Jul - Jun), 2018",17.567,0.000,False
India,Goa,Diploma/ Certificate Course,"PLFS Year (Jul - Jun), 2019",3.933,0.000,False
India,Goa,Diploma/ Certificate Course,"PLFS Year (Jul - Jun), 2020",18.800,0.000,False
India,Goa,Diploma/ Certificate Course,"PLFS Year (Jul - Jun), 2021",46.967,0.000,False
India,Goa,Diploma/ Certificate Course,"PLFS Year (Jul - Jun), 2022",0.000,0.000,False
India,Goa,Diploma/ Certificate Course,"PLFS Year (Jul - Jun), 2023",0.000,0.000,False
India,Goa,Graduate,"PLFS Year (Jul - Jun), 2017",27.033,0.000,False
India,Goa,Graduate,"PLFS Year (Jul - Jun), 2018",26.933,0.000,False
India,Goa,Graduate,"PLFS Year (Jul - Jun), 2019",26.533,0.000,False
India,Goa,Graduate,"PLFS Year (Jul - Jun), 2020",19.700,0.000,False
India,Goa,Graduate,"PLFS Year (Jul - Jun), 2021",46.400,0.000,False
India,Goa,Graduate,"PLFS Year (Jul - Jun), 2022",41.900,0.000,False
India,Goa,Graduate,"PLFS Year (Jul - Jun), 2023",28.933,0.000,False
India,Goa,Higher Secondary,"PLFS Year (Jul - Jun), 2017",31.300,0.000,False
India,Goa,Higher Secondary,"PLFS Year (Jul - Jun), 2018",25.600,0.000,False
India,Goa,Higher Secondary,"PLFS Year (Jul - Jun), 2019",29.533,0.000,False
India,Goa,Higher Secondary,"PLFS Year (Jul - Jun), 2020",28.100,0.000,False
India,Goa,Higher Secondary,"PLFS Year (Jul - Jun), 2021",16.967,0.000,False
India,Goa,Higher Secondary,"PLFS Year (Jul - Jun), 2022",20.733,0.000,False
India,Goa,Higher Secondary,"PLFS Year (Jul - Jun), 2023",20.700,0.000,False
India,Goa,Literate & Upto Primary,"PLFS Year (Jul - Jun), 2017",17.833,0.000,False
India,Goa,Literate & Upto Primary,"PLFS Year (Jul - Jun), 2018",0.000,0.000,False
India,Goa,Literate & Upto Primary,"PLFS Year (Jul - Jun), 2019",0.000,0.000,False
India,Goa,Literate & Upto Primary,"PLFS Year (Jul - Jun), 2020",0.433,0.000,False
India,Goa,Literate & Upto Primary,"PLFS Year (Jul - Jun), 2021",0.000,0.000,False
India,Goa,Literate & Upto Primary,"PLFS Year (Jul - Jun), 2022",0.000,0.000,False
India,Goa,Literate & Upto Primary,"PLFS Year (Jul - Jun), 2023",0.000,0.000,False
India,Goa,Middle,"PLFS Year (Jul - Jun), 2017",23.000,0.000,False
India,Goa,Middle,"PLFS Year (Jul - Jun), 2018",8.833,0.000,False
India,Goa,Middle,"PLFS Year (Jul - Jun), 2019",6.100,0.000,False
India,Goa,Middle,"PLFS Year (Jul - Jun), 2020",0.300,0.000,False
India,Goa,Middle,"PLFS Year (Jul - Jun), 2021",9.300,0.000,False
India,Goa,Middle,"PLFS Year (Jul - Jun), 2022",3.000,0.000,False
India,Goa,Middle,"PLFS Year (Jul - Jun), 2023",12.033,0.000,False
India,Goa,Not Literate,"PLFS Year (Jul - Jun), 2017",4.367,0.000,False
India,Goa,Not Literate,"PLFS Year (Jul - Jun), 2018",0.000,0.000,False
India,Goa,Not Literate,"PLFS Year (Jul - Jun), 2019",0.000,0.000,False
India,Goa,Not Literate,"PLFS Year (Jul - Jun), 2020",0.000,0.000,False
India,Goa,Not Literate,"PLFS Year (Jul - Jun), 2021",0.000,0.000,False
India,Goa,Not Literate,"PLFS Year (Jul - Jun), 2022",0.000,0.000,False
India,Goa,Not Literate,"PLFS Year (Jul - Jun), 2023",4.933,0.000,False
India,Goa,Post Graduate & Above,"PLFS Year (Jul - Jun), 2017",48.467,0.000,False
India,Goa,Post Graduate & Above,"PLFS Year (Jul - Jun), 2018",42.433,0.000,False
India,Goa,Post Graduate & Above,"PLFS Year (Jul - Jun), 2019",22.133,0.000,False
India,Goa,Post Graduate & Above,"PLFS Year (Jul - Jun), 2020",38.433,0.000,False
India,Goa,Post Graduate & Above,"PLFS Year (Jul - Jun), 2021",8.867,0.000,False
India,Goa,Post Graduate & Above,"PLFS Year (Jul - Jun), 2022",16.767,0.000,False
India,Goa,Post Graduate & Above,"PLFS Year (Jul - Jun), 2023",9.800,0.000,False
India,Goa,Secondary,"PLFS Year (Jul - Jun), 2017",18.700,0.000,False
India,Goa,Secondary,"PLFS Year (Jul - Jun), 2018",24.600,0.000,False
India,Goa,Secondary,"PLFS Year (Jul - Jun), 2019",19.567,0.000,False
India,Goa,Secondary,"PLFS Year (Jul - Jun), 2020",11.267,0.000,False
India,Goa,Secondary,"PLFS Year (Jul - Jun), 2021",15.333,0.000,False
India,Goa,Secondary,"PLFS Year (Jul - Jun), 2022",7.467,0.000,False
India,Goa,Secondary,"PLFS Year (Jul - Jun), 2023",21.133,0.000,False
India,Goa,Secondary & Above,"PLFS Year (Jul - Jun), 2017",30.900,0.000,False
India,Goa,Secondary & Above,"PLFS Year (Jul - Jun), 2018",26.367,0.000,False
India,Goa,Secondary & Above,"PLFS Year (Jul - Jun), 2019",22.333,0.000,False
India,Goa,Secondary & Above,"PLFS Year (Jul - Jun), 2020",23.433,0.000,False
India,Goa,Secondary & Above,"PLFS Year (Jul - Jun), 2021",29.133,0.000,False
India,Goa,Secondary & Above,"PLFS Year (Jul - Jun), 2022",25.367,0.000,False
India,Goa,Secondary & Above,"PLFS Year (Jul - Jun), 2023",22.400,0.000,False
India,Gujarat,All,"PLFS Year (Jul - Jun), 2017",4.167,0.000,False
India,Gujarat,All,"PLFS Year (Jul - Jun), 2018",2.100,0.000,False
India,Gujarat,All,"PLFS Year (Jul - Jun), 2019",1.533,0.000,False
India,Gujarat,All,"PLFS Year (Jul - Jun), 2020",3.133,0.000,False
India,Gujarat,All,"PLFS Year (Jul - Jun), 2021",1.633,0.000,False
India,Gujarat,All,"PLFS Year (Jul - Jun), 2022",1.767,0.000,False
India,Gujarat,All,"PLFS Year (Jul - Jun), 2023",1.500,0.000,False
India,Gujarat,Diploma/ Certificate Course,"PLFS Year (Jul - Jun), 2017",0.000,0.000,False
India,Gujarat,Diploma/ Certificate Course,"PLFS Year (Jul - Jun), 2018",0.000,0.000,False
India,Gujarat,Diploma/ Certificate Course,"PLFS Year (Jul - Jun), 2019",2.400,0.000,False
India,Gujarat,Diploma/ Certificate Course,"PLFS Year (Jul - Jun), 2020",14.367,0.000,False
India,Gujarat,Diploma/ Certificate Course,"PLFS Year (Jul - Jun), 2021",10.200,0.000,False
India,Gujarat,Diploma/ Certificate Course,"PLFS Year (Jul - Jun), 2022",23.233,0.000,False
India,Gujarat,Diploma/ Certificate Course,"PLFS Year (Jul - Jun), 2023",3.800,0.000,False
India,Gujarat,Graduate,"PLFS Year (Jul - Jun), 2017",21.533,0.000,False
India,Gujarat,Graduate,"PLFS Year (Jul - Jun), 2018",18.800,0.000,False
India,Gujarat,Graduate,"PLFS Year (Jul - Jun), 2019",4.567,0.000,False
India,Gujarat,Graduate,"PLFS Year (Jul - Jun), 2020",9.633,0.000,False
India,Gujarat,Graduate,"PLFS Year (Jul - Jun), 2021",9.133,0.000,False
India,Gujarat,Graduate,"PLFS Year (Jul - Jun), 2022",10.067,0.000,False
India,Gujarat,Graduate,"PLFS Year (Jul - Jun), 2023",8.767,0.000,False
India,Gujarat,Higher Secondary,"PLFS Year (Jul - Jun), 2017",6.600,0.000,False
India,Gujarat,Higher Secondary,"PLFS Year (Jul - Jun), 2018",3.000,0.000,False
India,Gujarat,Higher Secondary,"PLFS Year (Jul - Jun), 2019",2.433,0.000,False
India,Gujarat,Higher Secondary,"PLFS Year (Jul - Jun), 2020",0.000,0.000,False
India,Gujarat,Higher Secondary,"PLFS Year (Jul - Jun), 2021",3.033,0.000,False
India,Gujarat,Higher Secondary,"PLFS Year (Jul - Jun), 2022",1.600,0.000,False
India,Gujarat,Higher Secondary,"PLFS Year (Jul - Jun), 2023",1.000,0.000,False
India,Gujarat,Literate & Upto Primary,"PLFS Year (Jul - Jun), 2017",1.967,0.000,False
India,Gujarat,Literate & Upto Primary,"PLFS Year (Jul - Jun), 2018",0.000,0.000,False
India,Gujarat,Literate & Upto Primary,"PLFS Year (Jul - Jun), 2019",0.000,0.000,False
India,Gujarat,Literate & Upto Primary,"PLFS Year (Jul - Jun), 2020",0.833,0.000,False
India,Gujarat,Literate & Upto Primary,"PLFS Year (Jul - Jun), 2021",0.500,0.000,False
India,Gujarat,Literate & Upto Primary,"PLFS Year (Jul - Jun), 2022",0.200,0.000,False
India,Gujarat,Literate & Upto Primary,"PLFS Year (Jul - Jun), 2023",0.300,0.000,False
India,Gujarat,Middle,"PLFS Year (Jul - Jun), 2017",3.400,0.000,False
India,Gujarat,Middle,"PLFS Year (Jul - Jun), 2018",0.067,0.000,False
India,Gujarat,Middle,"PLFS Year (Jul - Jun), 2019",0.800,0.000,False
India,Gujarat,Middle,"PLFS Year (Jul - Jun), 2020",2.833,0.000,False
India,Gujarat,Middle,"PLFS Year (Jul - Jun), 2021",0.200,0.000,False
India,Gujarat,Middle,"PLFS Year (Jul - Jun), 2022",0.933,0.000,False
India,Gujarat,Middle,"PLFS Year (Jul - Jun), 2023",0.567,0.000,False
India,Gujarat,Not Literate,"PLFS Year (Jul - Jun), 2017",0.233,0.000,False
India,Gujarat,Not Literate,"PLFS Year (Jul - Jun), 2018",0.000,0.000,False
India,Gujarat,Not Literate,"PLFS Year (Jul - Jun), 2019",0.000,0.000,False
India,Gujarat,Not Literate,"PLFS Year (Jul - Jun), 2020",0.800,0.000,False
India,Gujarat,Not Literate,"PLFS Year (Jul - Jun), 2021",0.367,0.000,False
India,Gujarat,Not Literate,"PLFS Year (Jul - Jun), 2022",0.500,0.000,False
India,Gujarat,Not Literate,"PLFS Year (Jul - Jun), 2023",0.000,0.000,False
India,Gujarat,Post Graduate & Above,"PLFS Year (Jul - Jun), 2017",31.267,0.000,False
India,Gujarat,Post Graduate & Above,"PLFS Year (Jul - Jun), 2018",25.133,0.000,False
India,Gujarat,Post Graduate & Above,"PLFS Year (Jul - Jun), 2019",12.267,0.000,False
India,Gujarat,Post Graduate & Above,"PLFS Year (Jul - Jun), 2020",15.433,0.000,False
India,Gujarat,Post Graduate & Above,"PLFS Year (Jul - Jun), 2021",7.067,0.000,False
India,Gujarat,Post Graduate & Above,"PLFS Year (Jul - Jun), 2022",6.367,0.000,False
India,Gujarat,Post Graduate & Above,"PLFS Year (Jul - Jun), 2023",7.200,0.000,False
India,Gujarat,Secondary,"PLFS Year (Jul - Jun), 2017",1.900,0.000,False
India,Gujarat,Secondary,"PLFS Year (Jul - Jun), 2018",1.933,0.000,False
India,Gujarat,Secondary,"PLFS Year (Jul - Jun), 2019",0.233,0.000,False
India,Gujarat,Secondary,"PLFS Year (Jul - Jun), 2020",0.700,0.000,False
India,Gujarat,Secondary,"PLFS Year (Jul - Jun), 2021",0.033,0.000,False
India,Gujarat,Secondary,"PLFS Year (Jul - Jun), 2022",0.200,0.000,False
India,Gujarat,Secondary,"PLFS Year (Jul - Jun), 2023",0.200,0.000,False
India,Gujarat,Secondary & Above,"PLFS Year (Jul - Jun), 2017",11.267,0.000,False
India,Gujarat,Secondary & Above,"PLFS Year (Jul - Jun), 2018",8.000,0.000,False
India,Gujarat,Secondary & Above,"PLFS Year (Jul - Jun), 2019",4.167,0.000,False
India,Gujarat,Secondary & Above,"PLFS Year (Jul - Jun), 2020",6.800,0.000,False
India,Gujarat,Secondary & Above,"PLFS Year (Jul - Jun), 2021",4.667,0.000,False
India,Gujarat,Secondary & Above,"PLFS Year (Jul - Jun), 2022",4.867,0.000,False
India,Gujarat,Secondary & Above,"PLFS Year (Jul - Jun), 2023",3.933,0.000,False
India,Haryana,All,"PLFS Year (Jul - Jun), 2017",10.833,0.000,False
India,Haryana,All,"PLFS Year (Jul - Jun), 2018",7.733,0.000,False
India,Haryana,All,"PLFS Year (Jul - Jun), 2019",6.600,0.000,False
India,Haryana,All,"PLFS Year (Jul - Jun), 2020",6.000,0.000,False
India,Haryana,All,"PLFS Year (Jul - Jun), 2021",9.133,0.000,False
India,Haryana,All,"PLFS Year (Jul - Jun), 2022",5.333,0.000,False
India,Haryana,All,"PLFS Year (Jul - Jun), 2023",2.400,0.000,False
India,Haryana,Diploma/ Certificate Course,"PLFS Year (Jul - Jun), 2017",0.000,0.000,False
India,Haryana,Diploma/ Certificate Course,"PLFS Year (Jul - Jun), 2018",20.467,0.000,False
India,Haryana,Diploma/ Certificate Course,"PLFS Year (Jul - Jun), 2019",4.500,0.000,False
India,Haryana,Diploma/ Certificate Course,"PLFS Year (Jul - Jun), 2020",9.800,0.000,False
India,Haryana,Diploma/ Certificate Course,"PLFS Year (Jul - Jun), 2021",29.833,0.000,False
India,Haryana,Diploma/ Certificate Course,"PLFS Year (Jul - Jun), 2022",19.300,0.000,False
India,Haryana,Diploma/ Certificate Course,"PLFS Year (Jul - Jun), 2023",6.167,0.000,False
India,Haryana,Graduate,"PLFS Year (Jul - Jun), 2017",40.167,0.000,False
India,Haryana,Graduate,"PLFS Year (Jul - Jun), 2018",23.333,0.000,False
India,Haryana,Graduate,"PLFS Year (Jul - Jun), 2019",26.267,0.000,False
India,Haryana,Graduate,"PLFS Year (Jul - Jun), 2020",26.967,0.000,False
India,Haryana,Graduate,"PLFS Year (Jul - Jun), 2021",34.933,0.000,False
India,Haryana,Graduate,"PLFS Year (Jul - Jun), 2022",13.533,0.000,False
India,Haryana,Graduate,"PLFS Year (Jul - Jun), 2023",8.833,0.000,False
India,Haryana,Higher Secondary,"PLFS Year (Jul - Jun), 2017",40.133,0.000,False
India,Haryana,Higher Secondary,"PLFS Year (Jul - Jun), 2018",18.433,0.000,False
India,Haryana,Higher Secondary,"PLFS Year (Jul - Jun), 2019",12.533,0.000,False
India,Haryana,Higher Secondary,"PLFS Year (Jul - Jun), 2020",7.100,0.000,False
India,Haryana,Higher Secondary,"PLFS Year (Jul - Jun), 2021",25.733,0.000,False
India,Haryana,Higher Secondary,"PLFS Year (Jul - Jun), 2022",11.200,0.000,False
India,Haryana,Higher Secondary,"PLFS Year (Jul - Jun), 2023",0.000,0.000,False
India,Haryana,Literate & Upto Primary,"PLFS Year (Jul - Jun), 2017",2.667,0.000,False
India,Haryana,Literate & Upto Primary,"PLFS Year (Jul - Jun), 2018",0.533,0.000,False
India,Haryana,Literate & Upto Primary,"PLFS Year (Jul - Jun), 2019",0.000,0.000,False
India,Haryana,Literate & Upto Primary,"PLFS Year (Jul - Jun), 2020",0.567,0.000,False
India,Haryana,Literate & Upto Primary,"PLFS Year (Jul - Jun), 2021",0.233,0.000,False
India,Haryana,Literate & Upto Primary,"PLFS Year (Jul - Jun), 2022",0.833,0.000,False
India,Haryana,Literate & Upto Primary,"PLFS Year (Jul - Jun), 2023",0.000,0.000,False
India,Haryana,Middle,"PLFS Year (Jul - Jun), 2017",5.500,0.000,False
India,Haryana,Middle,"PLFS Year (Jul - Jun), 2018",1.500,0.000,False
India,Haryana,Middle,"PLFS Year (Jul - Jun), 2019",1.767,0.000,False
India,Haryana,Middle,"PLFS Year (Jul - Jun), 2020",0.000,0.000,False
India,Haryana,Middle,"PLFS Year (Jul - Jun), 2021",11.367,0.000,False
India,Haryana,Middle,"PLFS Year (Jul - Jun), 2022",1.667,0.000,False
India,Haryana,Middle,"PLFS Year (Jul - Jun), 2023",0.767,0.000,False
India,Haryana,Not Literate,"PLFS Year (Jul - Jun), 2017",0.167,0.000,False
India,Haryana,Not Literate,"PLFS Year (Jul - Jun), 2018",0.000,0.000,False
India,Haryana,Not Literate,"PLFS Year (Jul - Jun), 2019",0.733,0.000,False
India,Haryana,Not Literate,"PLFS Year (Jul - Jun), 2020",0.067,0.000,False
India,Haryana,Not Literate,"PLFS Year (Jul - Jun), 2021",0.833,0.000,False
India,Haryana,Not Literate,"PLFS Year (Jul - Jun), 2022",0.067,0.000,False
India,Haryana,Not Literate,"PLFS Year (Jul - Jun), 2023",0.000,0.000,False
India,Haryana,Post Graduate & Above,"PLFS Year (Jul - Jun), 2017",14.333,0.000,False
India,Haryana,Post Graduate & Above,"PLFS Year (Jul - Jun), 2018",28.967,0.000,False
India,Haryana,Post Graduate & Above,"PLFS Year (Jul - Jun), 2019",8.033,0.000,False
India,Haryana,Post Graduate & Above,"PLFS Year (Jul - Jun), 2020",15.900,0.000,False
India,Haryana,Post Graduate & Above,"PLFS Year (Jul - Jun), 2021",11.167,0.000,False
India,Haryana,Post Graduate & Above,"PLFS Year (Jul - Jun), 2022",14.400,0.000,False
India,Haryana,Post Graduate & Above,"PLFS Year (Jul - Jun), 2023",12.467,0.000,False
India,Haryana,Secondary,"PLFS Year (Jul - Jun), 2017",0.267,0.000,False
India,Haryana,Secondary,"PLFS Year (Jul - Jun), 2018",1.267,0.000,False
India,Haryana,Secondary,"PLFS Year (Jul - Jun), 2019",1.767,0.000,False
India,Haryana,Secondary,"PLFS Year (Jul - Jun), 2020",0.167,0.000,False
India,Haryana,Secondary,"PLFS Year (Jul - Jun), 2021",0.000,0.000,False
India,Haryana,Secondary,"PLFS Year (Jul - Jun), 2022",8.133,0.000,False
India,Haryana,Secondary,"PLFS Year (Jul - Jun), 2023",2.000,0.000,False
India,Haryana,Secondary & Above,"PLFS Year (Jul - Jun), 2017",23.300,0.000,False
India,Haryana,Secondary & Above,"PLFS Year (Jul - Jun), 2018",19.267,0.000,False
India,Haryana,Secondary & Above,"PLFS Year (Jul - Jun), 2019",13.400,0.000,False
India,Haryana,Secondary & Above,"PLFS Year (Jul - Jun), 2020",14.000,0.000,False
India,Haryana,Secondary & Above,"PLFS Year (Jul - Jun), 2021",19.700,0.000,False
India,Haryana,Secondary & Above,"PLFS Year (Jul - Jun), 2022",12.900,0.000,False
India,Haryana,Secondary & Above,"PLFS Year (Jul - Jun), 2023",4.933,0.000,False
India,Himachal Pradesh,All,"PLFS Year (Jul - Jun), 2017",7.300,0.000,False
India,Himachal Pradesh,All,"PLFS Year (Jul - Jun), 2018",8.000,0.000,False
India,Himachal Pradesh,All,"PLFS Year (Jul - Jun), 2019",4.933,0.000,False
India,Himachal Pradesh,All,"PLFS Year (Jul - Jun), 2020",4.333,0.000,False
India,Himachal Pradesh,All,"PLFS Year (Jul - Jun), 2021",7.767,0.000,False
India,Himachal Pradesh,All,"PLFS Year (Jul - Jun), 2022",13.000,0.000,False
India,Himachal Pradesh,All,"PLFS Year (Jul - Jun), 2023",11.000,0.000,False
India,Himachal Pradesh,Diploma/ Certificate Course,"PLFS Year (Jul - Jun), 2017",1.833,0.000,False
India,Himachal Pradesh,Diploma/ Certificate Course,"PLFS Year (Jul - Jun), 2018",18.000,0.000,False
India,Himachal Pradesh,Diploma/ Certificate Course,"PLFS Year (Jul - Jun), 2019",6.100,0.000,False
India,Himachal Pradesh,Diploma/ Certificate Course,"PLFS Year (Jul - Jun), 2020",2.867,0.000,False
India,Himachal Pradesh,Diploma/ Certificate Course,"PLFS Year (Jul - Jun), 2021",8.733,0.000,False
India,Himachal Pradesh,Diploma/ Certificate Course,"PLFS Year (Jul - Jun), 2022",15.300,0.000,False
India,Himachal Pradesh,Diploma/ Certificate Course,"PLFS Year (Jul - Jun), 2023",4.100,0.000,False
India,Himachal Pradesh,Graduate,"PLFS Year (Jul - Jun), 2017",31.600,0.000,False
India,Himachal Pradesh,Graduate,"PLFS Year (Jul - Jun), 2018",31.933,0.000,False
India,Himachal Pradesh,Graduate,"PLFS Year (Jul - Jun), 2019",22.433,0.000,False
India,Himachal Pradesh,Graduate,"PLFS Year (Jul - Jun), 2020",19.633,0.000,False
India,Himachal Pradesh,Graduate,"PLFS Year (Jul - Jun), 2021",15.133,0.000,False
India,Himachal Pradesh,Graduate,"PLFS Year (Jul - Jun), 2022",23.467,0.000,False
India,Himachal Pradesh,Graduate,"PLFS Year (Jul - Jun), 2023",29.133,0.000,False
India,Himachal Pradesh,Higher Secondary,"PLFS Year (Jul - Jun), 2017",12.900,0.000,False
India,Himachal Pradesh,Higher Secondary,"PLFS Year (Jul - Jun), 2018",11.167,0.000,False
India,Himachal Pradesh,Higher Secondary,"PLFS Year (Jul - Jun), 2019",4.100,0.000,False
India,Himachal Pradesh,Higher Secondary,"PLFS Year (Jul - Jun), 2020",1.500,0.000,False
India,Himachal Pradesh,Higher Secondary,"PLFS Year (Jul - Jun), 2021",7.033,0.000,False
India,Himachal Pradesh,Higher Secondary,"PLFS Year (Jul - Jun), 2022",6.667,0.000,False
India,Himachal Pradesh,Higher Secondary,"PLFS Year (Jul - Jun), 2023",13.233,0.000,False
India,Himachal Pradesh,Literate & Upto Primary,"PLFS Year (Jul - Jun), 2017",0.000,0.000,False
India,Himachal Pradesh,Literate & Upto Primary,"PLFS Year (Jul - Jun), 2018",0.267,0.000,False
India,Himachal Pradesh,Literate & Upto Primary,"PLFS Year (Jul - Jun), 2019",1.467,0.000,False
India,Himachal Pradesh,Literate & Upto Primary,"PLFS Year (Jul - Jun), 2020",2.800,0.000,False
India,Himachal Pradesh,Literate & Upto Primary,"PLFS Year (Jul - Jun), 2021",5.100,0.000,False
India,Himachal Pradesh,Literate & Upto Primary,"PLFS Year (Jul - Jun), 2022",11.867,0.000,False
India,Himachal Pradesh,Literate & Upto Primary,"PLFS Year (Jul - Jun), 2023",0.700,0.000,False
India,Himachal Pradesh,Middle,"PLFS Year (Jul - Jun), 2017",0.400,0.000,False
India,Himachal Pradesh,Middle,"PLFS Year (Jul - Jun), 2018",0.767,0.000,False
India,Himachal Pradesh,Middle,"PLFS Year (Jul - Jun), 2019",0.600,0.000,False
India,Himachal Pradesh,Middle,"PLFS Year (Jul - Jun), 2020",0.433,0.000,False
India,Himachal Pradesh,Middle,"PLFS Year (Jul - Jun), 2021",3.267,0.000,False
India,Himachal Pradesh,Middle,"PLFS Year (Jul - Jun), 2022",0.200,0.000,False
India,Himachal Pradesh,Middle,"PLFS Year (Jul - Jun), 2023",2.633,0.000,False
India,Himachal Pradesh,Not Literate,"PLFS Year (Jul - Jun), 2017",0.000,0.000,False
India,Himachal Pradesh,Not Literate,"PLFS Year (Jul - Jun), 2018",0.000,0.000,False
India,Himachal Pradesh,Not Literate,"PLFS Year (Jul - Jun), 2019",0.000,0.000,False
India,Himachal Pradesh,Not Literate,"PLFS Year (Jul - Jun), 2020",0.000,0.000,False
India,Himachal Pradesh,Not Literate,"PLFS Year (Jul - Jun), 2021",0.000,0.000,False
India,Himachal Pradesh,Not Literate,"PLFS Year (Jul - Jun), 2022",7.133,0.000,False
India,Himachal Pradesh,Not Literate,"PLFS Year (Jul - Jun), 2023",0.200,0.000,False
India,Himachal Pradesh,Post Graduate & Above,"PLFS Year (Jul - Jun), 2017",39.433,0.000,False
India,Himachal Pradesh,Post Graduate & Above,"PLFS Year (Jul - Jun), 2018",27.233,0.000,False
India,Himachal Pradesh,Post Graduate & Above,"PLFS Year (Jul - Jun), 2019",14.767,0.000,False
India,Himachal Pradesh,Post Graduate & Above,"PLFS Year (Jul - Jun), 2020",13.500,0.000,False
India,Himachal Pradesh,Post Graduate & Above,"PLFS Year (Jul - Jun), 2021",27.033,0.000,False
India,Himachal Pradesh,Post Graduate & Above,"PLFS Year (Jul - Jun), 2022",29.833,0.000,False
India,Himachal Pradesh,Post Graduate & Above,"PLFS Year (Jul - Jun), 2023",30.333,0.000,False
India,Himachal Pradesh,Secondary,"PLFS Year (Jul - Jun), 2017",0.733,0.000,False
India,Himachal Pradesh,Secondary,"PLFS Year (Jul - Jun), 2018",2.067,0.000,False
India,Himachal Pradesh,Secondary,"PLFS Year (Jul - Jun), 2019",0.067,0.000,False
India,Himachal Pradesh,Secondary,"PLFS Year (Jul - Jun), 2020",0.000,0.000,False
India,Himachal Pradesh,Secondary,"PLFS Year (Jul - Jun), 2021",2.433,0.000,False
India,Himachal Pradesh,Secondary,"PLFS Year (Jul - Jun), 2022",3.800,0.000,False
India,Himachal Pradesh,Secondary,"PLFS Year (Jul - Jun), 2023",2.400,0.000,False
India,Himachal Pradesh,Secondary & Above,"PLFS Year (Jul - Jun), 2017",13.367,0.000,False
India,Himachal Pradesh,Secondary & Above,"PLFS Year (Jul - Jun), 2018",14.767,0.000,False
India,Himachal Pradesh,Secondary & Above,"PLFS Year (Jul - Jun), 2019",9.567,0.000,False
India,Himachal Pradesh,Secondary & Above,"PLFS Year (Jul - Jun), 2020",6.600,0.000,False
India,Himachal Pradesh,Secondary & Above,"PLFS Year (Jul - Jun), 2021",10.700,0.000,False
India,Himachal Pradesh,Secondary & Above,"PLFS Year (Jul - Jun), 2022",16.600,0.000,False
India,Himachal Pradesh,Secondary & Above,"PLFS Year (Jul - Jun), 2023",17.500,0.000,False
India,Jammu and Kashmir,All,"PLFS Year (Jul - Jun), 2017",12.300,0.000,False
India,Jammu and Kashmir,All,"PLFS Year (Jul - Jun), 2018",14.033,0.000,False
India,Jammu and Kashmir,All,"PLFS Year (Jul - Jun), 2019",16.633,0.000,False
India,Jammu and Kashmir,All,"PLFS Year (Jul - Jun), 2020",12.667,0.000,False
India,Jammu and Kashmir,All,"PLFS Year (Jul - Jun), 2021",13.367,0.000,False
India,Jammu and Kashmir,All,"PLFS Year (Jul - Jun), 2022",11.567,0.000,False
India,Jammu and Kashmir,All,"PLFS Year (Jul - Jun), 2023",14.667,0.000,False
India,Jammu and Kashmir,Diploma/ Certificate Course,"PLFS Year (Jul - Jun), 2017",19.767,0.000,False
India,Jammu and Kashmir,Diploma/ Certificate Course,"PLFS Year (Jul - Jun), 2018",50.600,0.000,False
India,Jammu and Kashmir,Diploma/ Certificate Course,"PLFS Year (Jul - Jun), 2019",63.100,0.000,False
India,Jammu and Kashmir,Diploma/ Certificate Course,"PLFS Year (Jul - Jun), 2020",24.133,0.000,False
India,Jammu and Kashmir,Diploma/ Certificate Course,"PLFS Year (Jul - Jun), 2021",53.167,0.000,False
India,Jammu and Kashmir,Diploma/ Certificate Course,"PLFS Year (Jul - Jun), 2022",0.000,0.000,False
India,Jammu and Kashmir,Diploma/ Certificate Course,"PLFS Year (Jul - Jun), 2023",23.367,0.000,False
India,Jammu and Kashmir,Graduate,"PLFS Year (Jul - Jun), 2017",45.333,0.000,False
India,Jammu and Kashmir,Graduate,"PLFS Year (Jul - Jun), 2018",37.100,0.000,False
India,Jammu and Kashmir,Graduate,"PLFS Year (Jul - Jun), 2019",40.833,0.000,False
India,Jammu and Kashmir,Graduate,"PLFS Year (Jul - Jun), 2020",49.500,0.000,False
India,Jammu and Kashmir,Graduate,"PLFS Year (Jul - Jun), 2021",49.533,0.000,False
India,Jammu and Kashmir,Graduate,"PLFS Year (Jul - Jun), 2022",40.700,0.000,False
India,Jammu and Kashmir,Graduate,"PLFS Year (Jul - Jun), 2023",46.100,0.000,False
India,Jammu and Kashmir,Higher Secondary,"PLFS Year (Jul - Jun), 2017",15.633,0.000,False
India,Jammu and Kashmir,Higher Secondary,"PLFS Year (Jul - Jun), 2018",11.633,0.000,False
India,Jammu and Kashmir,Higher Secondary,"PLFS Year (Jul - Jun), 2019",30.967,0.000,False
India,Jammu and Kashmir,Higher Secondary,"PLFS Year (Jul - Jun), 2020",14.233,0.000,False
India,Jammu and Kashmir,Higher Secondary,"PLFS Year (Jul - Jun), 2021",20.833,0.000,False
India,Jammu and Kashmir,Higher Secondary,"PLFS Year (Jul - Jun), 2022",17.033,0.000,False
India,Jammu and Kashmir,Higher Secondary,"PLFS Year (Jul - Jun), 2023",24.033,0.000,False
India,Jammu and Kashmir,Literate & Upto Primary,"PLFS Year (Jul - Jun), 2017",4.167,0.000,False
India,Jammu and Kashmir,Literate & Upto Primary,"PLFS Year (Jul - Jun), 2018",1.033,0.000,False
India,Jammu and Kashmir,Literate & Upto Primary,"PLFS Year (Jul - Jun), 2019",1.233,0.000,False
India,Jammu and Kashmir,Literate & Upto Primary,"PLFS Year (Jul - Jun), 2020",0.067,0.000,False
India,Jammu and Kashmir,Literate & Upto Primary,"PLFS Year (Jul - Jun), 2021",0.367,0.000,False
India,Jammu and Kashmir,Literate & Upto Primary,"PLFS Year (Jul - Jun), 2022",1.000,0.000,False
India,Jammu and Kashmir,Literate & Upto Primary,"PLFS Year (Jul - Jun), 2023",2.000,0.000,False
India,Jammu and Kashmir,Middle,"PLFS Year (Jul - Jun), 2017",8.133,0.000,False
India,Jammu and Kashmir,Middle,"PLFS Year (Jul - Jun), 2018",1.200,0.000,False
India,Jammu and Kashmir,Middle,"PLFS Year (Jul - Jun), 2019",8.600,0.000,False
India,Jammu and Kashmir,Middle,"PLFS Year (Jul - Jun), 2020",2.100,0.000,False
India,Jammu and Kashmir,Middle,"PLFS Year (Jul - Jun), 2021",4.533,0.000,False
India,Jammu and Kashmir,Middle,"PLFS Year (Jul - Jun), 2022",5.267,0.000,False
India,Jammu and Kashmir,Middle,"PLFS Year (Jul - Jun), 2023",5.167,0.000,False
India,Jammu and Kashmir,Not Literate,"PLFS Year (Jul - Jun), 2017",0.633,0.000,False
India,Jammu and Kashmir,Not Literate,"PLFS Year (Jul - Jun), 2018",0.000,0.000,False
India,Jammu and Kashmir,Not Literate,"PLFS Year (Jul - Jun), 2019",0.833,0.000,False
India,Jammu and Kashmir,Not Literate,"PLFS Year (Jul - Jun), 2020",1.500,0.000,False
India,Jammu and Kashmir,Not Literate,"PLFS Year (Jul - Jun), 2021",0.000,0.000,False
India,Jammu and Kashmir,Not Literate,"PLFS Year (Jul - Jun), 2022",0.000,0.000,False
India,Jammu and Kashmir,Not Literate,"PLFS Year (Jul - Jun), 2023",1.567,0.000,False
India,Jammu and Kashmir,Post Graduate & Above,"PLFS Year (Jul - Jun), 2017",35.867,0.000,False
India,Jammu and Kashmir,Post Graduate & Above,"PLFS Year (Jul - Jun), 2018",49.000,0.000,False
India,Jammu and Kashmir,Post Graduate & Above,"PLFS Year (Jul - Jun), 2019",43.133,0.000,False
India,Jammu and Kashmir,Post Graduate & Above,"PLFS Year (Jul - Jun), 2020",38.833,0.000,False
India,Jammu and Kashmir,Post Graduate & Above,"PLFS Year (Jul - Jun), 2021",51.633,0.000,False
India,Jammu and Kashmir,Post Graduate & Above,"PLFS Year (Jul - Jun), 2022",40.000,0.000,False
India,Jammu and Kashmir,Post Graduate & Above,"PLFS Year (Jul - Jun), 2023",45.633,0.000,False
India,Jammu and Kashmir,Secondary,"PLFS Year (Jul - Jun), 2017",7.767,0.000,False
India,Jammu and Kashmir,Secondary,"PLFS Year (Jul - Jun), 2018",5.133,0.000,False
India,Jammu and Kashmir,Secondary,"PLFS Year (Jul - Jun), 2019",21.733,0.000,False
India,Jammu and Kashmir,Secondary,"PLFS Year (Jul - Jun), 2020",7.400,0.000,False
India,Jammu and Kashmir,Secondary,"PLFS Year (Jul - Jun), 2021",5.667,0.000,False
India,Jammu and Kashmir,Secondary,"PLFS Year (Jul - Jun), 2022",4.667,0.000,False
India,Jammu and Kashmir,Secondary,"PLFS Year (Jul - Jun), 2023",8.800,0.000,False
India,Jammu and Kashmir,Secondary & Above,"PLFS Year (Jul - Jun), 2017",25.867,0.000,False
India,Jammu and Kashmir,Secondary & Above,"PLFS Year (Jul - Jun), 2018",30.300,0.000,False
India,Jammu and Kashmir,Secondary & Above,"PLFS Year (Jul - Jun), 2019",34.500,0.000,False
India,Jammu and Kashmir,Secondary & Above,"PLFS Year (Jul - Jun), 2020",29.100,0.000,False
India,Jammu and Kashmir,Secondary & Above,"PLFS Year (Jul - Jun), 2021",30.633,0.000,False
India,Jammu and Kashmir,Secondary & Above,"PLFS Year (Jul - Jun), 2022",24.067,0.000,False
India,Jammu and Kashmir,Secondary & Above,"PLFS Year (Jul - Jun), 2023",30.200,0.000,False
India,Jharkhand,All,"PLFS Year (Jul - Jun), 2017",6.800,0.000,False
India,Jharkhand,All,"PLFS Year (Jul - Jun), 2018",3.533,0.000,False
India,Jharkhand,All,"PLFS Year (Jul - Jun), 2019",3.833,0.000,False
India,Jharkhand,All,"PLFS Year (Jul - Jun), 2020",2.533,0.000,False
India,Jharkhand,All,"PLFS Year (Jul - Jun), 2021",2.967,0.000,False
India,Jharkhand,All,"PLFS Year (Jul - Jun), 2022",2.433,0.000,False
India,Jharkhand,All,"PLFS Year (Jul - Jun), 2023",2.133,0.000,False
India,Jharkhand,Diploma/ Certificate Course,"PLFS Year (Jul - Jun), 2017",0.000,0.000,False
India,Jharkhand,Diploma/ Certificate Course,"PLFS Year (Jul - Jun), 2018",0.000,0.000,False
India,Jharkhand,Diploma/ Certificate Course,"PLFS Year (Jul - Jun), 2019",0.000,0.000,False
India,Jharkhand,Diploma/ Certificate Course,"PLFS Year (Jul - Jun), 2020",0.000,0.000,False
India,Jharkhand,Diploma/ Certificate Course,"PLFS Year (Jul - Jun), 2021",45.767,0.000,False
India,Jharkhand,Diploma/ Certificate Course,"PLFS Year (Jul - Jun), 2022",0.000,0.000,False
India,Jharkhand,Diploma/ Certificate Course,"PLFS Year (Jul - Jun), 2023",0.000,0.000,False
India,Jharkhand,Graduate,"PLFS Year (Jul - Jun), 2017",28.033,0.000,False
India,Jharkhand,Graduate,"PLFS Year (Jul - Jun), 2018",14.567,0.000,False
India,Jharkhand,Graduate,"PLFS Year (Jul - Jun), 2019",18.167,0.000,False
India,Jharkhand,Graduate,"PLFS Year (Jul - Jun), 2020",11.100,0.000,False
India,Jharkhand,Graduate,"PLFS Year (Jul - Jun), 2021",8.100,0.000,False
India,Jharkhand,Graduate,"PLFS Year (Jul - Jun), 2022",15.633,0.000,False
India,Jharkhand,Graduate,"PLFS Year (Jul - Jun), 2023",10.300,0.000,False
India,Jharkhand,Higher Secondary,"PLFS Year (Jul - Jun), 2017",18.600,0.000,False
India,Jharkhand,Higher Secondary,"PLFS Year (Jul - Jun), 2018",6.433,0.000,False
India,Jharkhand,Higher Secondary,"PLFS Year (Jul - Jun), 2019",5.800,0.000,False
India,Jharkhand,Higher Secondary,"PLFS Year (Jul - Jun), 2020",5.300,0.000,False
India,Jharkhand,Higher Secondary,"PLFS Year (Jul - Jun), 2021",0.800,0.000,False
India,Jharkhand,Higher Secondary,"PLFS Year (Jul - Jun), 2022",0.000,0.000,False
India,Jharkhand,Higher Secondary,"PLFS Year (Jul - Jun), 2023",0.000,0.000,False
India,Jharkhand,Literate & Upto Primary,"PLFS Year (Jul - Jun), 2017",0.967,0.000,False
India,Jharkhand,Literate & Upto Primary,"PLFS Year (Jul - Jun), 2018",0.000,0.000,False
India,Jharkhand,Literate & Upto Primary,"PLFS Year (Jul - Jun), 2019",0.367,0.000,False
India,Jharkhand,Literate & Upto Primary,"PLFS Year (Jul - Jun), 2020",0.000,0.000,False
India,Jharkhand,Literate & Upto Primary,"PLFS Year (Jul - Jun), 2021",0.000,0.000,False
India,Jharkhand,Literate & Upto Primary,"PLFS Year (Jul - Jun), 2022",0.000,0.000,False
India,Jharkhand,Literate & Upto Primary,"PLFS Year (Jul - Jun), 2023",0.000,0.000,False
India,Jharkhand,Middle,"PLFS Year (Jul - Jun), 2017",5.367,0.000,False
India,Jharkhand,Middle,"PLFS Year (Jul - Jun), 2018",0.000,0.000,False
India,Jharkhand,Middle,"PLFS Year (Jul - Jun), 2019",0.133,0.000,False
India,Jharkhand,Middle,"PLFS Year (Jul - Jun), 2020",0.000,0.000,False
India,Jharkhand,Middle,"PLFS Year (Jul - Jun), 2021",0.000,0.000,False
India,Jharkhand,Middle,"PLFS Year (Jul - Jun), 2022",0.000,0.000,False
India,Jharkhand,Middle,"PLFS Year (Jul - Jun), 2023",0.000,0.000,False
India,Jharkhand,Not Literate,"PLFS Year (Jul - Jun), 2017",0.000,0.000,False
India,Jharkhand,Not Literate,"PLFS Year (Jul - Jun), 2018",0.000,0.000,False
India,Jharkhand,Not Literate,"PLFS Year (Jul - Jun), 2019",0.000,0.000,False
India,Jharkhand,Not Literate,"PLFS Year (Jul - Jun), 2020",0.000,0.000,False
India,Jharkhand,Not Literate,"PLFS Year (Jul - Jun), 2021",0.000,0.000,False
India,Jharkhand,Not Literate,"PLFS Year (Jul - Jun), 2022",0.000,0.000,False
India,Jharkhand,Not Literate,"PLFS Year (Jul - Jun), 2023",0.000,0.000,False
India,Jharkhand,Post Graduate & Above,"PLFS Year (Jul - Jun), 2017",36.500,0.000,False
India,Jharkhand,Post Graduate & Above,"PLFS Year (Jul - Jun), 2018",6.867,0.000,False
India,Jharkhand,Post Graduate & Above,"PLFS Year (Jul - Jun), 2019",10.300,0.000,False
India,Jharkhand,Post Graduate & Above,"PLFS Year (Jul - Jun), 2020",11.933,0.000,False
India,Jharkhand,Post Graduate & Above,"PLFS Year (Jul - Jun), 2021",25.967,0.000,False
India,Jharkhand,Post Graduate & Above,"PLFS Year (Jul - Jun), 2022",10.733,0.000,False
India,Jharkhand,Post Graduate & Above,"PLFS Year (Jul - Jun), 2023",16.467,0.000,False
India,Jharkhand,Secondary,"PLFS Year (Jul - Jun), 2017",12.133,0.000,False
India,Jharkhand,Secondary,"PLFS Year (Jul - Jun), 2018",5.267,0.000,False
India,Jharkhand,Secondary,"PLFS Year (Jul - Jun), 2019",4.767,0.000,False
India,Jharkhand,Secondary,"PLFS Year (Jul - Jun), 2020",0.000,0.000,False
India,Jharkhand,Secondary,"PLFS Year (Jul - Jun), 2021",0.000,0.000,False
India,Jharkhand,Secondary,"PLFS Year (Jul - Jun), 2022",0.000,0.000,False
India,Jharkhand,Secondary,"PLFS Year (Jul - Jun), 2023",0.000,0.000,False
India,Jharkhand,Secondary & Above,"PLFS Year (Jul - Jun), 2017",20.767,0.000,False
India,Jharkhand,Secondary & Above,"PLFS Year (Jul - Jun), 2018",10.033,0.000,False
India,Jharkhand,Secondary & Above,"PLFS Year (Jul - Jun), 2019",10.233,0.000,False
India,Jharkhand,Secondary & Above,"PLFS Year (Jul - Jun), 2020",6.300,0.000,False
India,Jharkhand,Secondary & Above,"PLFS Year (Jul - Jun), 2021",6.367,0.000,False
India,Jharkhand,Secondary & Above,"PLFS Year (Jul - Jun), 2022",5.700,0.000,False
India,Jharkhand,Secondary & Above,"PLFS Year (Jul - Jun), 2023",4.933,0.000,False
India,Karnataka,All,"PLFS Year (Jul - Jun), 2017",5.100,0.000,False
India,Karnataka,All,"PLFS Year (Jul - Jun), 2018",3.433,0.000,False
India,Karnataka,All,"PLFS Year (Jul - Jun), 2019",7.933,0.000,False
India,Karnataka,All,"PLFS Year (Jul - Jun), 2020",3.267,0.000,False
India,Karnataka,All,"PLFS Year (Jul - Jun), 2021",3.300,0.000,False
India,Karnataka,All,"PLFS Year (Jul - Jun), 2022",2.933,0.000,False
India,Karnataka,All,"PLFS Year (Jul - Jun), 2023",2.400,0.000,False
India,Karnataka,Diploma/ Certificate Course,"PLFS Year (Jul - Jun), 2017",36.000,0.000,False
India,Karnataka,Diploma/ Certificate Course,"PLFS Year (Jul - Jun), 2018",32.967,0.000,False
India,Karnataka,Diploma/ Certificate Course,"PLFS Year (Jul - Jun), 2019",14.533,0.000,False
India,Karnataka,Diploma/ Certificate Course,"PLFS Year (Jul - Jun), 2020",37.567,0.000,False
India,Karnataka,Diploma/ Certificate Course,"PLFS Year (Jul - Jun), 2021",10.533,0.000,False
India,Karnataka,Diploma/ Certificate Course,"PLFS Year (Jul - Jun), 2022",30.733,0.000,False
India,Karnataka,Diploma/ Certificate Course,"PLFS Year (Jul - Jun), 2023",6.100,0.000,False
India,Karnataka,Graduate,"PLFS Year (Jul - Jun), 2017",25.567,0.000,False
India,Karnataka,Graduate,"PLFS Year (Jul - Jun), 2018",15.800,0.000,False
India,Karnataka,Graduate,"PLFS Year (Jul - Jun), 2019",37.300,0.000,False
India,Karnataka,Graduate,"PLFS Year (Jul - Jun), 2020",17.067,0.000,False
India,Karnataka,Graduate,"PLFS Year (Jul - Jun), 2021",13.133,0.000,False
India,Karnataka,Graduate,"PLFS Year (Jul - Jun), 2022",15.500,0.000,False
India,Karnataka,Graduate,"PLFS Year (Jul - Jun), 2023",12.900,0.000,False
India,Karnataka,Higher Secondary,"PLFS Year (Jul - Jun), 2017",8.900,0.000,False
India,Karnataka,Higher Secondary,"PLFS Year (Jul - Jun), 2018",6.800,0.000,False
India,Karnataka,Higher Secondary,"PLFS Year (Jul - Jun), 2019",2.400,0.000,False
India,Karnataka,Higher Secondary,"PLFS Year (Jul - Jun), 2020",1.633,0.000,False
India,Karnataka,Higher Secondary,"PLFS Year (Jul - Jun), 2021",1.600,0.000,False
India,Karnataka,Higher Secondary,"PLFS Year (Jul - Jun), 2022",4.767,0.000,False
India,Karnataka,Higher Secondary,"PLFS Year (Jul - Jun), 2023",3.633,0.000,False
India,Karnataka,Literate & Upto Primary,"PLFS Year (Jul - Jun), 2017",0.467,0.000,False
India,Karnataka,Literate & Upto Primary,"PLFS Year (Jul - Jun), 2018",0.900,0.000,False
India,Karnataka,Literate & Upto Primary,"PLFS Year (Jul - Jun), 2019",0.000,0.000,False
India,Karnataka,Literate & Upto Primary,"PLFS Year (Jul - Jun), 2020",0.000,0.000,False
India,Karnataka,Literate & Upto Primary,"PLFS Year (Jul - Jun), 2021",0.400,0.000,False
India,Karnataka,Literate & Upto Primary,"PLFS Year (Jul - Jun), 2022",0.000,0.000,False
India,Karnataka,Literate & Upto Primary,"PLFS Year (Jul - Jun), 2023",0.000,0.000,False
India,Karnataka,Middle,"PLFS Year (Jul - Jun), 2017",4.667,0.000,False
India,Karnataka,Middle,"PLFS Year (Jul - Jun), 2018",1.400,0.000,False
India,Karnataka,Middle,"PLFS Year (Jul - Jun), 2019",0.167,0.000,False
India,Karnataka,Middle,"PLFS Year (Jul - Jun), 2020",0.167,0.000,False
India,Karnataka,Middle,"PLFS Year (Jul - Jun), 2021",0.600,0.000,False
India,Karnataka,Middle,"PLFS Year (Jul - Jun), 2022",0.000,0.000,False
India,Karnataka,Middle,"PLFS Year (Jul - Jun), 2023",0.900,0.000,False
India,Karnataka,Not Literate,"PLFS Year (Jul - Jun), 2017",0.233,0.000,False
India,Karnataka,Not Literate,"PLFS Year (Jul - Jun), 2018",0.400,0.000,False
India,Karnataka,Not Literate,"PLFS Year (Jul - Jun), 2019",0.000,0.000,False
India,Karnataka,Not Literate,"PLFS Year (Jul - Jun), 2020",0.000,0.000,False
India,Karnataka,Not Literate,"PLFS Year (Jul - Jun), 2021",0.667,0.000,False
India,Karnataka,Not Literate,"PLFS Year (Jul - Jun), 2022",0.000,0.000,False
India,Karnataka,Not Literate,"PLFS Year (Jul - Jun), 2023",0.000,0.000,False
India,Karnataka,Post Graduate & Above,"PLFS Year (Jul - Jun), 2017",23.967,0.000,False
India,Karnataka,Post Graduate & Above,"PLFS Year (Jul - Jun), 2018",33.833,0.000,False
India,Karnataka,Post Graduate & Above,"PLFS Year (Jul - Jun), 2019",13.233,0.000,False
India,Karnataka,Post Graduate & Above,"PLFS Year (Jul - Jun), 2020",19.600,0.000,False
India,Karnataka,Post Graduate & Above,"PLFS Year (Jul - Jun), 2021",38.733,0.000,False
India,Karnataka,Post Graduate & Above,"PLFS Year (Jul - Jun), 2022",15.033,0.000,False
India,Karnataka,Post Graduate & Above,"PLFS Year (Jul - Jun), 2023",3.733,0.000,False
India,Karnataka,Secondary,"PLFS Year (Jul - Jun), 2017",2.467,0.000,False
India,Karnataka,Secondary,"PLFS Year (Jul - Jun), 2018",3.033,0.000,False
India,Karnataka,Secondary,"PLFS Year (Jul - Jun), 2019",1.500,0.000,False
India,Karnataka,Secondary,"PLFS Year (Jul - Jun), 2020",1.933,0.000,False
India,Karnataka,Secondary,"PLFS Year (Jul - Jun), 2021",0.167,0.000,False
India,Karnataka,Secondary,"PLFS Year (Jul - Jun), 2022",0.967,0.000,False
India,Karnataka,Secondary,"PLFS Year (Jul - Jun), 2023",1.100,0.000,False
India,Karnataka,Secondary & Above,"PLFS Year (Jul - Jun), 2017",14.467,0.000,False
India,Karnataka,Secondary & Above,"PLFS Year (Jul - Jun), 2018",9.233,0.000,False
India,Karnataka,Secondary & Above,"PLFS Year (Jul - Jun), 2019",18.133,0.000,False
India,Karnataka,Secondary & Above,"PLFS Year (Jul - Jun), 2020",9.367,0.000,False
India,Karnataka,Secondary & Above,"PLFS Year (Jul - Jun), 2021",7.900,0.000,False
India,Karnataka,Secondary & Above,"PLFS Year (Jul - Jun), 2022",7.100,0.000,False
India,Karnataka,Secondary & Above,"PLFS Year (Jul - Jun), 2023",5.367,0.000,False
India,Kerala,All,"PLFS Year (Jul - Jun), 2017",23.400,0.000,False
India,Kerala,All,"PLFS Year (Jul - Jun), 2018",17.133,0.000,False
India,Kerala,All,"PLFS Year (Jul - Jun), 2019",15.200,0.000,False
India,Kerala,All,"PLFS Year (Jul - Jun), 2020",15.300,0.000,False
India,Kerala,All,"PLFS Year (Jul - Jun), 2021",13.633,0.000,False
India,Kerala,All,"PLFS Year (Jul - Jun), 2022",10.933,0.000,False
India,Kerala,All,"PLFS Year (Jul - Jun), 2023",11.533,0.000,False
India,Kerala,Diploma/ Certificate Course,"PLFS Year (Jul - Jun), 2017",28.433,0.000,False
India,Kerala,Diploma/ Certificate Course,"PLFS Year (Jul - Jun), 2018",35.067,0.000,False
India,Kerala,Diploma/ Certificate Course,"PLFS Year (Jul - Jun), 2019",16.967,0.000,False
India,Kerala,Diploma/ Certificate Course,"PLFS Year (Jul - Jun), 2020",20.133,0.000,False
India,Kerala,Diploma/ Certificate Course,"PLFS Year (Jul - Jun), 2021",19.300,0.000,False
India,Kerala,Diploma/ Certificate Course,"PLFS Year (Jul - Jun), 2022",16.367,0.000,False
India,Kerala,Diploma/ Certificate Course,"PLFS Year (Jul - Jun), 2023",18.100,0.000,False
India,Kerala,Graduate,"PLFS Year (Jul - Jun), 2017",46.833,0.000,False
India,Kerala,Graduate,"PLFS Year (Jul - Jun), 2018",36.433,0.000,False
India,Kerala,Graduate,"PLFS Year (Jul - Jun), 2019",38.167,0.000,False
India,Kerala,Graduate,"PLFS Year (Jul - Jun), 2020",36.333,0.000,False
India,Kerala,Graduate,"PLFS Year (Jul - Jun), 2021",33.767,0.000,False
India,Kerala,Graduate,"PLFS Year (Jul - Jun), 2022",24.967,0.000,False
India,Kerala,Graduate,"PLFS Year (Jul - Jun), 2023",27.033,0.000,False
India,Kerala,Higher Secondary,"PLFS Year (Jul - Jun), 2017",46.700,0.000,False
India,Kerala,Higher Secondary,"PLFS Year (Jul - Jun), 2018",28.233,0.000,False
India,Kerala,Higher Secondary,"PLFS Year (Jul - Jun), 2019",21.367,0.000,False
India,Kerala,Higher Secondary,"PLFS Year (Jul - Jun), 2020",20.967,0.000,False
India,Kerala,Higher Secondary,"PLFS Year (Jul - Jun), 2021",14.200,0.000,False
India,Kerala,Higher Secondary,"PLFS Year (Jul - Jun), 2022",18.833,0.000,False
India,Kerala,Higher Secondary,"PLFS Year (Jul - Jun), 2023",20.467,0.000,False
India,Kerala,Literate & Upto Primary,"PLFS Year (Jul - Jun), 2017",1.433,0.000,False
India,Kerala,Literate & Upto Primary,"PLFS Year (Jul - Jun), 2018",0.100,0.000,False
India,Kerala,Literate & Upto Primary,"PLFS Year (Jul - Jun), 2019",1.500,0.000,False
India,Kerala,Literate & Upto Primary,"PLFS Year (Jul - Jun), 2020",0.833,0.000,False
India,Kerala,Literate & Upto Primary,"PLFS Year (Jul - Jun), 2021",0.000,0.000,False
India,Kerala,Literate & Upto Primary,"PLFS Year (Jul - Jun), 2022",0.000,0.000,False
India,Kerala,Literate & Upto Primary,"PLFS Year (Jul - Jun), 2023",0.000,0.000,False
India,Kerala,Middle,"PLFS Year (Jul - Jun), 2017",5.200,0.000,False
India,Kerala,Middle,"PLFS Year (Jul - Jun), 2018",2.367,0.000,False
India,Kerala,Middle,"PLFS Year (Jul - Jun), 2019",3.600,0.000,False
India,Kerala,Middle,"PLFS Year (Jul - Jun), 2020",2.933,0.000,False
India,Kerala,Middle,"PLFS Year (Jul - Jun), 2021",3.533,0.000,False
India,Kerala,Middle,"PLFS Year (Jul - Jun), 2022",0.533,0.000,False
India,Kerala,Middle,"PLFS Year (Jul - Jun), 2023",0.200,0.000,False
India,Kerala,Not Literate,"PLFS Year (Jul - Jun), 2017",0.000,0.000,False
India,Kerala,Not Literate,"PLFS Year (Jul - Jun), 2018",0.000,0.000,False
India,Kerala,Not Literate,"PLFS Year (Jul - Jun), 2019",0.000,0.000,False
India,Kerala,Not Literate,"PLFS Year (Jul - Jun), 2020",0.867,0.000,False
India,Kerala,Not Literate,"PLFS Year (Jul - Jun), 2021",0.567,0.000,False
India,Kerala,Not Literate,"PLFS Year (Jul - Jun), 2022",0.000,0.000,False
India,Kerala,Not Literate,"PLFS Year (Jul - Jun), 2023",2.033,0.000,False
India,Kerala,Post Graduate & Above,"PLFS Year (Jul - Jun), 2017",29.733,0.000,False
India,Kerala,Post Graduate & Above,"PLFS Year (Jul - Jun), 2018",35.100,0.000,False
India,Kerala,Post Graduate & Above,"PLFS Year (Jul - Jun), 2019",36.500,0.000,False
India,Kerala,Post Graduate & Above,"PLFS Year (Jul - Jun), 2020",34.300,0.000,False
India,Kerala,Post Graduate & Above,"PLFS Year (Jul - Jun), 2021",29.400,0.000,False
India,Kerala,Post Graduate & Above,"PLFS Year (Jul - Jun), 2022",30.000,0.000,False
India,Kerala,Post Graduate & Above,"PLFS Year (Jul - Jun), 2023",24.033,0.000,False
India,Kerala,Secondary,"PLFS Year (Jul - Jun), 2017",20.567,0.000,False
India,Kerala,Secondary,"PLFS Year (Jul - Jun), 2018",10.767,0.000,False
India,Kerala,Secondary,"PLFS Year (Jul - Jun), 2019",7.133,0.000,False
India,Kerala,Secondary,"PLFS Year (Jul - Jun), 2020",4.033,0.000,False
India,Kerala,Secondary,"PLFS Year (Jul - Jun), 2021",5.900,0.000,False
India,Kerala,Secondary,"PLFS Year (Jul - Jun), 2022",3.300,0.000,False
India,Kerala,Secondary,"PLFS Year (Jul - Jun), 2023",4.300,0.000,False
India,Kerala,Secondary & Above,"PLFS Year (Jul - Jun), 2017",35.333,0.000,False
India,Kerala,Secondary & Above,"PLFS Year (Jul - Jun), 2018",28.300,0.000,False
India,Kerala,Secondary & Above,"PLFS Year (Jul - Jun), 2019",24.633,0.000,False
India,Kerala,Secondary & Above,"PLFS Year (Jul - Jun), 2020",23.933,0.000,False
India,Kerala,Secondary & Above,"PLFS Year (Jul - Jun), 2021",21.700,0.000,False
India,Kerala,Secondary & Above,"PLFS Year (Jul - Jun), 2022",18.333,0.000,False
India,Kerala,Secondary & Above,"PLFS Year (Jul - Jun), 2023",18.833,0.000,False
India,Ladakh,All,"PLFS Year (Jul - Jun), 2017",12.300,0.000,False
India,Ladakh,All,"PLFS Year (Jul - Jun), 2018",14.033,0.000,False
India,Ladakh,All,"PLFS Year (Jul - Jun), 2019",0.000,0.000,False
India,Ladakh,All,"PLFS Year (Jul - Jun), 2020",6.867,0.000,False
India,Ladakh,All,"PLFS Year (Jul - Jun), 2021",5.300,0.000,False
India,Ladakh,All,"PLFS Year (Jul - Jun), 2022",8.700,0.000,False
India,Ladakh,All,"PLFS Year (Jul - Jun), 2023",16.600,0.000,False
India,Ladakh,Diploma/ Certificate Course,"PLFS Year (Jul - Jun), 2017",19.767,0.000,False
India,Ladakh,Diploma/ Certificate Course,"PLFS Year (Jul - Jun), 2018",50.600,0.000,False
India,Ladakh,Diploma/ Certificate Course,"PLFS Year (Jul - Jun), 2019",0.000,0.000,False
India,Ladakh,Diploma/ Certificate Course,"PLFS Year (Jul - Jun), 2020",0.000,0.000,False
India,Ladakh,Diploma/ Certificate Course,"PLFS Year (Jul - Jun), 2021",63.033,0.000,False
India,Ladakh,Diploma/ Certificate Course,"PLFS Year (Jul - Jun), 2022",0.000,0.000,False
India,Ladakh,Diploma/ Certificate Course,"PLFS Year (Jul - Jun), 2023",0.000,0.000,False
India,Ladakh,Graduate,"PLFS Year (Jul - Jun), 2017",45.333,0.000,False
India,Ladakh,Graduate,"PLFS Year (Jul - Jun), 2018",37.100,0.000,False
India,Ladakh,Graduate,"PLFS Year (Jul - Jun), 2019",0.000,0.000,False
India,Ladakh,Graduate,"PLFS Year (Jul - Jun), 2020",30.300,0.000,False
India,Ladakh,Graduate,"PLFS Year (Jul - Jun), 2021",16.433,0.000,False
India,Ladakh,Graduate,"PLFS Year (Jul - Jun), 2022",27.067,0.000,False
India,Ladakh,Graduate,"PLFS Year (Jul - Jun), 2023",60.467,0.000,False
India,Ladakh,Higher Secondary,"PLFS Year (Jul - Jun), 2017",15.633,0.000,False
India,Ladakh,Higher Secondary,"PLFS Year (Jul - Jun), 2018",11.633,0.000,False
India,Ladakh,Higher Secondary,"PLFS Year (Jul - Jun), 2019",0.000,0.000,False
India,Ladakh,Higher Secondary,"PLFS Year (Jul - Jun), 2020",2.267,0.000,False
India,Ladakh,Higher Secondary,"PLFS Year (Jul - Jun), 2021",0.000,0.000,False
India,Ladakh,Higher Secondary,"PLFS Year (Jul - Jun), 2022",0.000,0.000,False
India,Ladakh,Higher Secondary,"PLFS Year (Jul - Jun), 2023",12.300,0.000,False
India,Ladakh,Literate & Upto Primary,"PLFS Year (Jul - Jun), 2017",4.167,0.000,False
India,Ladakh,Literate & Upto Primary,"PLFS Year (Jul - Jun), 2018",1.033,0.000,False
India,Ladakh,Literate & Upto Primary,"PLFS Year (Jul - Jun), 2019",0.000,0.000,False
India,Ladakh,Literate & Upto Primary,"PLFS Year (Jul - Jun), 2020",0.000,0.000,False
India,Ladakh,Literate & Upto Primary,"PLFS Year (Jul - Jun), 2021",0.000,0.000,False
India,Ladakh,Literate & Upto Primary,"PLFS Year (Jul - Jun), 2022",0.000,0.000,False
India,Ladakh,Literate & Upto Primary,"PLFS Year (Jul - Jun), 2023",0.000,0.000,False
India,Ladakh,Middle,"PLFS Year (Jul - Jun), 2017",8.133,0.000,False
India,Ladakh,Middle,"PLFS Year (Jul - Jun), 2018",1.200,0.000,False
India,Ladakh,Middle,"PLFS Year (Jul - Jun), 2019",0.000,0.000,False
India,Ladakh,Middle,"PLFS Year (Jul - Jun), 2020",0.000,0.000,False
India,Ladakh,Middle,"PLFS Year (Jul - Jun), 2021",0.567,0.000,False
India,Ladakh,Middle,"PLFS Year (Jul - Jun), 2022",0.000,0.000,False
India,Ladakh,Middle,"PLFS Year (Jul - Jun), 2023",1.167,0.000,False
India,Ladakh,Not Literate,"PLFS Year (Jul - Jun), 2017",0.633,0.000,False
India,Ladakh,Not Literate,"PLFS Year (Jul - Jun), 2018",0.000,0.000,False
India,Ladakh,Not Literate,"PLFS Year (Jul - Jun), 2019",0.000,0.000,False
India,Ladakh,Not Literate,"PLFS Year (Jul - Jun), 2020",0.000,0.000,False
India,Ladakh,Not Literate,"PLFS Year (Jul - Jun), 2021",0.000,0.000,False
India,Ladakh,Not Literate,"PLFS Year (Jul - Jun), 2022",0.000,0.000,False
India,Ladakh,Not Literate,"PLFS Year (Jul - Jun), 2023",0.000,0.000,False
India,Ladakh,Post Graduate & Above,"PLFS Year (Jul - Jun), 2017",35.867,0.000,False
India,Ladakh,Post Graduate & Above,"PLFS Year (Jul - Jun), 2018",49.000,0.000,False
India,Ladakh,Post Graduate & Above,"PLFS Year (Jul - Jun), 2019",0.000,0.000,False
India,Ladakh,Post Graduate & Above,"PLFS Year (Jul - Jun), 2020",0.000,0.000,False
India,Ladakh,Post Graduate & Above,"PLFS Year (Jul - Jun), 2021",26.133,0.000,False
India,Ladakh,Post Graduate & Above,"PLFS Year (Jul - Jun), 2022",24.200,0.000,False
India,Ladakh,Post Graduate & Above,"PLFS Year (Jul - Jun), 2023",13.733,0.000,False
India,Ladakh,Secondary,"PLFS Year (Jul - Jun), 2017",7.767,0.000,False
India,Ladakh,Secondary,"PLFS Year (Jul - Jun), 2018",5.133,0.000,False
India,Ladakh,Secondary,"PLFS Year (Jul - Jun), 2019",0.000,0.000,False
India,Ladakh,Secondary,"PLFS Year (Jul - Jun), 2020",0.000,0.000,False
India,Ladakh,Secondary,"PLFS Year (Jul - Jun), 2021",3.400,0.000,False
India,Ladakh,Secondary,"PLFS Year (Jul - Jun), 2022",29.833,0.000,False
India,Ladakh,Secondary,"PLFS Year (Jul - Jun), 2023",0.000,0.000,False
India,Ladakh,Secondary & Above,"PLFS Year (Jul - Jun), 2017",25.867,0.000,False
India,Ladakh,Secondary & Above,"PLFS Year (Jul - Jun), 2018",30.300,0.000,False
India,Ladakh,Secondary & Above,"PLFS Year (Jul - Jun), 2019",0.000,0.000,False
India,Ladakh,Secondary & Above,"PLFS Year (Jul - Jun), 2020",12.433,0.000,False
India,Ladakh,Secondary & Above,"PLFS Year (Jul - Jun), 2021",8.667,0.000,False
India,Ladakh,Secondary & Above,"PLFS Year (Jul - Jun), 2022",21.700,0.000,False
India,Ladakh,Secondary & Above,"PLFS Year (Jul - Jun), 2023",29.633,0.000,False
India,Lakshadweep,All,"PLFS Year (Jul - Jun), 2017",44.533,0.000,False
India,Lakshadweep,All,"PLFS Year (Jul - Jun), 2018",47.533,0.000,False
India,Lakshadweep,All,"PLFS Year (Jul - Jun), 2019",25.300,0.000,False
India,Lakshadweep,All,"PLFS Year (Jul - Jun), 2020",30.500,0.000,False
India,Lakshadweep,All,"PLFS Year (Jul - Jun), 2021",30.100,0.000,False
India,Lakshadweep,All,"PLFS Year (Jul - Jun), 2022",16.200,0.000,False
India,Lakshadweep,All,"PLFS Year (Jul - Jun), 2023",36.800,0.000,False
India,Lakshadweep,Diploma/ Certificate Course,"PLFS Year (Jul - Jun), 2017",49.900,0.000,False
India,Lakshadweep,Diploma/ Certificate Course,"PLFS Year (Jul - Jun), 2018",65.667,0.000,False
India,Lakshadweep,Diploma/ Certificate Course,"PLFS Year (Jul - Jun), 2019",15.500,0.000,False
India,Lakshadweep,Diploma/ Certificate Course,"PLFS Year (Jul - Jun), 2020",63.333,0.000,False
India,Lakshadweep,Diploma/ Certificate Course,"PLFS Year (Jul - Jun), 2021",15.867,0.000,False
India,Lakshadweep,Diploma/ Certificate Course,"PLFS Year (Jul - Jun), 2022",18.333,0.000,False
India,Lakshadweep,Diploma/ Certificate Course,"PLFS Year (Jul - Jun), 2023",7.767,0.000,False
India,Lakshadweep,Graduate,"PLFS Year (Jul - Jun), 2017",74.733,0.000,False
India,Lakshadweep,Graduate,"PLFS Year (Jul - Jun), 2018",34.033,0.000,False
India,Lakshadweep,Graduate,"PLFS Year (Jul - Jun), 2019",54.900,0.000,False
India,Lakshadweep,Graduate,"PLFS Year (Jul - Jun), 2020",47.833,0.000,False
India,Lakshadweep,Graduate,"PLFS Year (Jul - Jun), 2021",48.300,0.000,False
India,Lakshadweep,Graduate,"PLFS Year (Jul - Jun), 2022",7.033,0.000,False
India,Lakshadweep,Graduate,"PLFS Year (Jul - Jun), 2023",70.167,0.000,False
India,Lakshadweep,Higher Secondary,"PLFS Year (Jul - Jun), 2017",36.433,0.000,False
India,Lakshadweep,Higher Secondary,"PLFS Year (Jul - Jun), 2018",70.100,0.000,False
India,Lakshadweep,Higher Secondary,"PLFS Year (Jul - Jun), 2019",44.467,0.000,False
India,Lakshadweep,Higher Secondary,"PLFS Year (Jul - Jun), 2020",22.533,0.000,False
India,Lakshadweep,Higher Secondary,"PLFS Year (Jul - Jun), 2021",35.833,0.000,False
India,Lakshadweep,Higher Secondary,"PLFS Year (Jul - Jun), 2022",73.000,0.000,False
India,Lakshadweep,Higher Secondary,"PLFS Year (Jul - Jun), 2023",0.000,0.000,False
India,Lakshadweep,Literate & Upto Primary,"PLFS Year (Jul - Jun), 2017",66.667,0.000,False
India,Lakshadweep,Literate & Upto Primary,"PLFS Year (Jul - Jun), 2018",41.600,0.000,False
India,Lakshadweep,Literate & Upto Primary,"PLFS Year (Jul - Jun), 2019",0.000,0.000,False
India,Lakshadweep,Literate & Upto Primary,"PLFS Year (Jul - Jun), 2020",0.000,0.000,False
India,Lakshadweep,Literate & Upto Primary,"PLFS Year (Jul - Jun), 2021",0.000,0.000,False
India,Lakshadweep,Literate & Upto Primary,"PLFS Year (Jul - Jun), 2022",0.000,0.000,False
India,Lakshadweep,Literate & Upto Primary,"PLFS Year (Jul - Jun), 2023",0.000,0.000,False
India,Lakshadweep,Middle,"PLFS Year (Jul - Jun), 2017",0.000,0.000,False
India,Lakshadweep,Middle,"PLFS Year (Jul - Jun), 2018",0.000,0.000,False
India,Lakshadweep,Middle,"PLFS Year (Jul - Jun), 2019",0.000,0.000,False
India,Lakshadweep,Middle,"PLFS Year (Jul - Jun), 2020",0.000,0.000,False
India,Lakshadweep,Middle,"PLFS Year (Jul - Jun), 2021",0.000,0.000,False
India,Lakshadweep,Middle,"PLFS Year (Jul - Jun), 2022",16.267,0.000,False
India,Lakshadweep,Middle,"PLFS Year (Jul - Jun), 2023",0.000,0.000,False
India,Lakshadweep,Not Literate,"PLFS Year (Jul - Jun), 2017",0.000,0.000,False
India,Lakshadweep,Not Literate,"PLFS Year (Jul - Jun), 2018",0.000,0.000,False
India,Lakshadweep,Not Literate,"PLFS Year (Jul - Jun), 2019",0.000,0.000,False
India,Lakshadweep,Not Literate,"PLFS Year (Jul - Jun), 2020",0.000,0.000,False
India,Lakshadweep,Not Literate,"PLFS Year (Jul - Jun), 2021",0.000,0.000,False
India,Lakshadweep,Not Literate,"PLFS Year (Jul - Jun), 2022",0.000,0.000,False
India,Lakshadweep,Not Literate,"PLFS Year (Jul - Jun), 2023",0.000,0.000,False
India,Lakshadweep,Post Graduate & Above,"PLFS Year (Jul - Jun), 2017",25.833,0.000,False
India,Lakshadweep,Post Graduate & Above,"PLFS Year (Jul - Jun), 2018",9.367,0.000,False
India,Lakshadweep,Post Graduate & Above,"PLFS Year (Jul - Jun), 2019",0.000,0.000,False
India,Lakshadweep,Post Graduate & Above,"PLFS Year (Jul - Jun), 2020",32.600,0.000,False
India,Lakshadweep,Post Graduate & Above,"PLFS Year (Jul - Jun), 2021",42.133,0.000,False
India,Lakshadweep,Post Graduate & Above,"PLFS Year (Jul - Jun), 2022",19.000,0.000,False
India,Lakshadweep,Post Graduate & Above,"PLFS Year (Jul - Jun), 2023",56.500,0.000,False
India,Lakshadweep,Secondary,"PLFS Year (Jul - Jun), 2017",56.633,0.000,False
India,Lakshadweep,Secondary,"PLFS Year (Jul - Jun), 2018",10.200,0.000,False
India,Lakshadweep,Secondary,"PLFS Year (Jul - Jun), 2019",25.067,0.000,False
India,Lakshadweep,Secondary,"PLFS Year (Jul - Jun), 2020",0.000,0.000,False
India,Lakshadweep,Secondary,"PLFS Year (Jul - Jun), 2021",0.000,0.000,False
India,Lakshadweep,Secondary,"PLFS Year (Jul - Jun), 2022",0.000,0.000,False
India,Lakshadweep,Secondary,"PLFS Year (Jul - Jun), 2023",8.033,0.000,False
India,Lakshadweep,Secondary & Above,"PLFS Year (Jul - Jun), 2017",45.300,0.000,False
India,Lakshadweep,Secondary & Above,"PLFS Year (Jul - Jun), 2018",49.467,0.000,False
India,Lakshadweep,Secondary & Above,"PLFS Year (Jul - Jun), 2019",42.333,0.000,False
India,Lakshadweep,Secondary & Above,"PLFS Year (Jul - Jun), 2020",37.533,0.000,False
India,Lakshadweep,Secondary & Above,"PLFS Year (Jul - Jun), 2021",35.067,0.000,False
India,Lakshadweep,Secondary & Above,"PLFS Year (Jul - Jun), 2022",19.033,0.000,False
India,Lakshadweep,Secondary & Above,"PLFS Year (Jul - Jun), 2023",44.000,0.000,False
India,Madhya Pradesh,All,"PLFS Year (Jul - Jun), 2017",3.400,0.000,False
India,Madhya Pradesh,All,"PLFS Year (Jul - Jun), 2018",2.700,0.000,False
India,Madhya Pradesh,All,"PLFS Year (Jul - Jun), 2019",2.400,0.000,False
India,Madhya Pradesh,All,"PLFS Year (Jul - Jun), 2020",1.767,0.000,False
India,Madhya Pradesh,All,"PLFS Year (Jul - Jun), 2021",2.000,0.000,False
India,Madhya Pradesh,All,"PLFS Year (Jul - Jun), 2022",2.500,0.000,False
India,Madhya Pradesh,All,"PLFS Year (Jul - Jun), 2023",1.200,0.000,False
India,Madhya Pradesh,Diploma/ Certificate Course,"PLFS Year (Jul - Jun), 2017",39.600,0.000,False
India,Madhya Pradesh,Diploma/ Certificate Course,"PLFS Year (Jul - Jun), 2018",0.000,0.000,False
India,Madhya Pradesh,Diploma/ Certificate Course,"PLFS Year (Jul - Jun), 2019",26.100,0.000,False
India,Madhya Pradesh,Diploma/ Certificate Course,"PLFS Year (Jul - Jun), 2020",12.433,0.000,False
India,Madhya Pradesh,Diploma/ Certificate Course,"PLFS Year (Jul - Jun), 2021",3.500,0.000,False
India,Madhya Pradesh,Diploma/ Certificate Course,"PLFS Year (Jul - Jun), 2022",0.000,0.000,False
India,Madhya Pradesh,Diploma/ Certificate Course,"PLFS Year (Jul - Jun), 2023",0.000,0.000,False
India,Madhya Pradesh,Graduate,"PLFS Year (Jul - Jun), 2017",21.133,0.000,False
India,Madhya Pradesh,Graduate,"PLFS Year (Jul - Jun), 2018",11.133,0.000,False
India,Madhya Pradesh,Graduate,"PLFS Year (Jul - Jun), 2019",18.033,0.000,False
India,Madhya Pradesh,Graduate,"PLFS Year (Jul - Jun), 2020",7.067,0.000,False
India,Madhya Pradesh,Graduate,"PLFS Year (Jul - Jun), 2021",10.667,0.000,False
India,Madhya Pradesh,Graduate,"PLFS Year (Jul - Jun), 2022",14.633,0.000,False
India,Madhya Pradesh,Graduate,"PLFS Year (Jul - Jun), 2023",10.033,0.000,False
India,Madhya Pradesh,Higher Secondary,"PLFS Year (Jul - Jun), 2017",8.400,0.000,False
India,Madhya Pradesh,Higher Secondary,"PLFS Year (Jul - Jun), 2018",5.333,0.000,False
India,Madhya Pradesh,Higher Secondary,"PLFS Year (Jul - Jun), 2019",3.300,0.000,False
India,Madhya Pradesh,Higher Secondary,"PLFS Year (Jul - Jun), 2020",1.300,0.000,False
India,Madhya Pradesh,Higher Secondary,"PLFS Year (Jul - Jun), 2021",0.000,0.000,False
India,Madhya Pradesh,Higher Secondary,"PLFS Year (Jul - Jun), 2022",0.667,0.000,False
India,Madhya Pradesh,Higher Secondary,"PLFS Year (Jul - Jun), 2023",0.000,0.000,False
India,Madhya Pradesh,Literate & Upto Primary,"PLFS Year (Jul - Jun), 2017",0.900,0.000,False
India,Madhya Pradesh,Literate & Upto Primary,"PLFS Year (Jul - Jun), 2018",0.833,0.000,False
India,Madhya Pradesh,Literate & Upto Primary,"PLFS Year (Jul - Jun), 2019",0.767,0.000,False
India,Madhya Pradesh,Literate & Upto Primary,"PLFS Year (Jul - Jun), 2020",0.000,0.000,False
India,Madhya Pradesh,Literate & Upto Primary,"PLFS Year (Jul - Jun), 2021",0.100,0.000,False
India,Madhya Pradesh,Literate & Upto Primary,"PLFS Year (Jul - Jun), 2022",0.000,0.000,False
India,Madhya Pradesh,Literate & Upto Primary,"PLFS Year (Jul - Jun), 2023",0.000,0.000,False
India,Madhya Pradesh,Middle,"PLFS Year (Jul - Jun), 2017",4.000,0.000,False
India,Madhya Pradesh,Middle,"PLFS Year (Jul - Jun), 2018",2.300,0.000,False
India,Madhya Pradesh,Middle,"PLFS Year (Jul - Jun), 2019",0.300,0.000,False
India,Madhya Pradesh,Middle,"PLFS Year (Jul - Jun), 2020",0.300,0.000,False
India,Madhya Pradesh,Middle,"PLFS Year (Jul - Jun), 2021",0.133,0.000,False
India,Madhya Pradesh,Middle,"PLFS Year (Jul - Jun), 2022",1.100,0.000,False
India,Madhya Pradesh,Middle,"PLFS Year (Jul - Jun), 2023",0.000,0.000,False
India,Madhya Pradesh,Not Literate,"PLFS Year (Jul - Jun), 2017",0.000,0.000,False
India,Madhya Pradesh,Not Literate,"PLFS Year (Jul - Jun), 2018",0.767,0.000,False
India,Madhya Pradesh,Not Literate,"PLFS Year (Jul - Jun), 2019",0.000,0.000,False
India,Madhya Pradesh,Not Literate,"PLFS Year (Jul - Jun), 2020",0.000,0.000,False
India,Madhya Pradesh,Not Literate,"PLFS Year (Jul - Jun), 2021",0.000,0.000,False
India,Madhya Pradesh,Not Literate,"PLFS Year (Jul - Jun), 2022",0.000,0.000,False
India,Madhya Pradesh,Not Literate,"PLFS Year (Jul - Jun), 2023",0.000,0.000,False
India,Madhya Pradesh,Post Graduate & Above,"PLFS Year (Jul - Jun), 2017",26.533,0.000,False
India,Madhya Pradesh,Post Graduate & Above,"PLFS Year (Jul - Jun), 2018",12.067,0.000,False
India,Madhya Pradesh,Post Graduate & Above,"PLFS Year (Jul - Jun), 2019",9.800,0.000,False
India,Madhya Pradesh,Post Graduate & Above,"PLFS Year (Jul - Jun), 2020",22.000,0.000,False
India,Madhya Pradesh,Post Graduate & Above,"PLFS Year (Jul - Jun), 2021",25.567,0.000,False
India,Madhya Pradesh,Post Graduate & Above,"PLFS Year (Jul - Jun), 2022",22.933,0.000,False
India,Madhya Pradesh,Post Graduate & Above,"PLFS Year (Jul - Jun), 2023",22.300,0.000,False
India,Madhya Pradesh,Secondary,"PLFS Year (Jul - Jun), 2017",6.033,0.000,False
India,Madhya Pradesh,Secondary,"PLFS Year (Jul - Jun), 2018",1.167,0.000,False
India,Madhya Pradesh,Secondary,"PLFS Year (Jul - Jun), 2019",1.600,0.000,False
India,Madhya Pradesh,Secondary,"PLFS Year (Jul - Jun), 2020",0.000,0.000,False
India,Madhya Pradesh,Secondary,"PLFS Year (Jul - Jun), 2021",0.000,0.000,False
India,Madhya Pradesh,Secondary,"PLFS Year (Jul - Jun), 2022",2.600,0.000,False
India,Madhya Pradesh,Secondary,"PLFS Year (Jul - Jun), 2023",0.000,0.000,False
India,Madhya Pradesh,Secondary & Above,"PLFS Year (Jul - Jun), 2017",14.400,0.000,False
India,Madhya Pradesh,Secondary & Above,"PLFS Year (Jul - Jun), 2018",7.567,0.000,False
India,Madhya Pradesh,Secondary & Above,"PLFS Year (Jul - Jun), 2019",8.300,0.000,False
India,Madhya Pradesh,Secondary & Above,"PLFS Year (Jul - Jun), 2020",6.467,0.000,False
India,Madhya Pradesh,Secondary & Above,"PLFS Year (Jul - Jun), 2021",6.767,0.000,False
India,Madhya Pradesh,Secondary & Above,"PLFS Year (Jul - Jun), 2022",8.733,0.000,False
India,Madhya Pradesh,Secondary & Above,"PLFS Year (Jul - Jun), 2023",5.000,0.000,False
India,Maharashtra,All,"PLFS Year (Jul - Jun), 2017",6.533,0.000,False
India,Maharashtra,All,"PLFS Year (Jul - Jun), 2018",6.300,0.000,False
India,Maharashtra,All,"PLFS Year (Jul - Jun), 2019",3.033,0.000,False
India,Maharashtra,All,"PLFS Year (Jul - Jun), 2020",3.667,0.000,False
India,Maharashtra,All,"PLFS Year (Jul - Jun), 2021",3.367,0.000,False
India,Maharashtra,All,"PLFS Year (Jul - Jun), 2022",3.067,0.000,False
India,Maharashtra,All,"PLFS Year (Jul - Jun), 2023",3.267,0.000,False
India,Maharashtra,Diploma/ Certificate Course,"PLFS Year (Jul - Jun), 2017",23.167,0.000,False
India,Maharashtra,Diploma/ Certificate Course,"PLFS Year (Jul - Jun), 2018",16.633,0.000,False
India,Maharashtra,Diploma/ Certificate Course,"PLFS Year (Jul - Jun), 2019",23.467,0.000,False
India,Maharashtra,Diploma/ Certificate Course,"PLFS Year (Jul - Jun), 2020",8.033,0.000,False
India,Maharashtra,Diploma/ Certificate Course,"PLFS Year (Jul - Jun), 2021",7.733,0.000,False
India,Maharashtra,Diploma/ Certificate Course,"PLFS Year (Jul - Jun), 2022",21.367,0.000,False
India,Maharashtra,Diploma/ Certificate Course,"PLFS Year (Jul - Jun), 2023",18.300,0.000,False
India,Maharashtra,Graduate,"PLFS Year (Jul - Jun), 2017",17.133,0.000,False
India,Maharashtra,Graduate,"PLFS Year (Jul - Jun), 2018",25.900,0.000,False
India,Maharashtra,Graduate,"PLFS Year (Jul - Jun), 2019",12.500,0.000,False
India,Maharashtra,Graduate,"PLFS Year (Jul - Jun), 2020",19.133,0.000,False
India,Maharashtra,Graduate,"PLFS Year (Jul - Jun), 2021",13.600,0.000,False
India,Maharashtra,Graduate,"PLFS Year (Jul - Jun), 2022",12.567,0.000,False
India,Maharashtra,Graduate,"PLFS Year (Jul - Jun), 2023",15.200,0.000,False
India,Maharashtra,Higher Secondary,"PLFS Year (Jul - Jun), 2017",17.933,0.000,False
India,Maharashtra,Higher Secondary,"PLFS Year (Jul - Jun), 2018",14.400,0.000,False
India,Maharashtra,Higher Secondary,"PLFS Year (Jul - Jun), 2019",7.467,0.000,False
India,Maharashtra,Higher Secondary,"PLFS Year (Jul - Jun), 2020",4.167,0.000,False
India,Maharashtra,Higher Secondary,"PLFS Year (Jul - Jun), 2021",7.400,0.000,False
India,Maharashtra,Higher Secondary,"PLFS Year (Jul - Jun), 2022",2.767,0.000,False
India,Maharashtra,Higher Secondary,"PLFS Year (Jul - Jun), 2023",2.433,0.000,False
India,Maharashtra,Literate & Upto Primary,"PLFS Year (Jul - Jun), 2017",1.833,0.000,False
India,Maharashtra,Literate & Upto Primary,"PLFS Year (Jul - Jun), 2018",2.867,0.000,False
India,Maharashtra,Literate & Upto Primary,"PLFS Year (Jul - Jun), 2019",1.967,0.000,False
India,Maharashtra,Literate & Upto Primary,"PLFS Year (Jul - Jun), 2020",0.133,0.000,False
India,Maharashtra,Literate & Upto Primary,"PLFS Year (Jul - Jun), 2021",0.100,0.000,False
India,Maharashtra,Literate & Upto Primary,"PLFS Year (Jul - Jun), 2022",0.000,0.000,False
India,Maharashtra,Literate & Upto Primary,"PLFS Year (Jul - Jun), 2023",0.233,0.000,False
India,Maharashtra,Middle,"PLFS Year (Jul - Jun), 2017",5.267,0.000,False
India,Maharashtra,Middle,"PLFS Year (Jul - Jun), 2018",6.167,0.000,False
India,Maharashtra,Middle,"PLFS Year (Jul - Jun), 2019",1.300,0.000,False
India,Maharashtra,Middle,"PLFS Year (Jul - Jun), 2020",1.567,0.000,False
India,Maharashtra,Middle,"PLFS Year (Jul - Jun), 2021",1.200,0.000,False
India,Maharashtra,Middle,"PLFS Year (Jul - Jun), 2022",0.967,0.000,False
India,Maharashtra,Middle,"PLFS Year (Jul - Jun), 2023",0.200,0.000,False
India,Maharashtra,Not Literate,"PLFS Year (Jul - Jun), 2017",0.867,0.000,False
India,Maharashtra,Not Literate,"PLFS Year (Jul - Jun), 2018",0.433,0.000,False
India,Maharashtra,Not Literate,"PLFS Year (Jul - Jun), 2019",0.367,0.000,False
India,Maharashtra,Not Literate,"PLFS Year (Jul - Jun), 2020",0.433,0.000,False
India,Maharashtra,Not Literate,"PLFS Year (Jul - Jun), 2021",0.700,0.000,False
India,Maharashtra,Not Literate,"PLFS Year (Jul - Jun), 2022",0.000,0.000,False
India,Maharashtra,Not Literate,"PLFS Year (Jul - Jun), 2023",0.000,0.000,False
India,Maharashtra,Post Graduate & Above,"PLFS Year (Jul - Jun), 2017",14.633,0.000,False
India,Maharashtra,Post Graduate & Above,"PLFS Year (Jul - Jun), 2018",6.667,0.000,False
India,Maharashtra,Post Graduate & Above,"PLFS Year (Jul - Jun), 2019",1.567,0.000,False
India,Maharashtra,Post Graduate & Above,"PLFS Year (Jul - Jun), 2020",22.467,0.000,False
India,Maharashtra,Post Graduate & Above,"PLFS Year (Jul - Jun), 2021",15.967,0.000,False
India,Maharashtra,Post Graduate & Above,"PLFS Year (Jul - Jun), 2022",9.167,0.000,False
India,Maharashtra,Post Graduate & Above,"PLFS Year (Jul - Jun), 2023",12.867,0.000,False
India,Maharashtra,Secondary,"PLFS Year (Jul - Jun), 2017",9.600,0.000,False
India,Maharashtra,Secondary,"PLFS Year (Jul - Jun), 2018",6.367,0.000,False
India,Maharashtra,Secondary,"PLFS Year (Jul - Jun), 2019",2.900,0.000,False
India,Maharashtra,Secondary,"PLFS Year (Jul - Jun), 2020",1.033,0.000,False
India,Maharashtra,Secondary,"PLFS Year (Jul - Jun), 2021",2.900,0.000,False
India,Maharashtra,Secondary,"PLFS Year (Jul - Jun), 2022",1.800,0.000,False
India,Maharashtra,Secondary,"PLFS Year (Jul - Jun), 2023",0.867,0.000,False
India,Maharashtra,Secondary & Above,"PLFS Year (Jul - Jun), 2017",13.300,0.000,False
India,Maharashtra,Secondary & Above,"PLFS Year (Jul - Jun), 2018",12.833,0.000,False
India,Maharashtra,Secondary & Above,"PLFS Year (Jul - Jun), 2019",6.400,0.000,False
India,Maharashtra,Secondary & Above,"PLFS Year (Jul - Jun), 2020",8.133,0.000,False
India,Maharashtra,Secondary & Above,"PLFS Year (Jul - Jun), 2021",7.767,0.000,False
India,Maharashtra,Secondary & Above,"PLFS Year (Jul - Jun), 2022",6.100,0.000,False
India,Maharashtra,Secondary & Above,"PLFS Year (Jul - Jun), 2023",6.833,0.000,False
India,Manipur,All,"PLFS Year (Jul - Jun), 2017",15.167,0.000,False
India,Manipur,All,"PLFS Year (Jul - Jun), 2018",11.967,0.000,False
India,Manipur,All,"PLFS Year (Jul - Jun), 2019",10.167,0.000,False
India,Manipur,All,"PLFS Year (Jul - Jun), 2020",6.300,0.000,False
India,Manipur,All,"PLFS Year (Jul - Jun), 2021",12.400,0.000,False
India,Manipur,All,"PLFS Year (Jul - Jun), 2022",4.333,0.000,False
India,Manipur,All,"PLFS Year (Jul - Jun), 2023",8.200,0.000,False
India,Manipur,Diploma/ Certificate Course,"PLFS Year (Jul - Jun), 2017",0.000,0.000,False
India,Manipur,Diploma/ Certificate Course,"PLFS Year (Jul - Jun), 2018",0.000,0.000,False
India,Manipur,Diploma/ Certificate Course,"PLFS Year (Jul - Jun), 2019",0.000,0.000,False
India,Manipur,Diploma/ Certificate Course,"PLFS Year (Jul - Jun), 2020",14.867,0.000,False
India,Manipur,Diploma/ Certificate Course,"PLFS Year (Jul - Jun), 2021",0.000,0.000,False
India,Manipur,Diploma/ Certificate Course,"PLFS Year (Jul - Jun), 2022",0.000,0.000,False
India,Manipur,Diploma/ Certificate Course,"PLFS Year (Jul - Jun), 2023",0.000,0.000,False
India,Manipur,Graduate,"PLFS Year (Jul - Jun), 2017",29.767,0.000,False
India,Manipur,Graduate,"PLFS Year (Jul - Jun), 2018",22.567,0.000,False
India,Manipur,Graduate,"PLFS Year (Jul - Jun), 2019",16.600,0.000,False
India,Manipur,Graduate,"PLFS Year (Jul - Jun), 2020",9.933,0.000,False
India,Manipur,Graduate,"PLFS Year (Jul - Jun), 2021",35.400,0.000,False
India,Manipur,Graduate,"PLFS Year (Jul - Jun), 2022",7.867,0.000,False
India,Manipur,Graduate,"PLFS Year (Jul - Jun), 2023",22.900,0.000,False
India,Manipur,Higher Secondary,"PLFS Year (Jul - Jun), 2017",19.433,0.000,False
India,Manipur,Higher Secondary,"PLFS Year (Jul - Jun), 2018",22.000,0.000,False
India,Manipur,Higher Secondary,"PLFS Year (Jul - Jun), 2019",13.767,0.000,False
India,Manipur,Higher Secondary,"PLFS Year (Jul - Jun), 2020",8.067,0.000,False
India,Manipur,Higher Secondary,"PLFS Year (Jul - Jun), 2021",19.467,0.000,False
India,Manipur,Higher Secondary,"PLFS Year (Jul - Jun), 2022",7.100,0.000,False
India,Manipur,Higher Secondary,"PLFS Year (Jul - Jun), 2023",9.167,0.000,False
India,Manipur,Literate & Upto Primary,"PLFS Year (Jul - Jun), 2017",9.800,0.000,False
India,Manipur,Literate & Upto Primary,"PLFS Year (Jul - Jun), 2018",1.033,0.000,False
India,Manipur,Literate & Upto Primary,"PLFS Year (Jul - Jun), 2019",2.033,0.000,False
India,Manipur,Literate & Upto Primary,"PLFS Year (Jul - Jun), 2020",0.233,0.000,False
India,Manipur,Literate & Upto Primary,"PLFS Year (Jul - Jun), 2021",0.167,0.000,False
India,Manipur,Literate & Upto Primary,"PLFS Year (Jul - Jun), 2022",0.533,0.000,False
India,Manipur,Literate & Upto Primary,"PLFS Year (Jul - Jun), 2023",2.667,0.000,False
India,Manipur,Middle,"PLFS Year (Jul - Jun), 2017",14.733,0.000,False
India,Manipur,Middle,"PLFS Year (Jul - Jun), 2018",11.100,0.000,False
India,Manipur,Middle,"PLFS Year (Jul - Jun), 2019",6.700,0.000,False
India,Manipur,Middle,"PLFS Year (Jul - Jun), 2020",2.533,0.000,False
India,Manipur,Middle,"PLFS Year (Jul - Jun), 2021",3.367,0.000,False
India,Manipur,Middle,"PLFS Year (Jul - Jun), 2022",3.967,0.000,False
India,Manipur,Middle,"PLFS Year (Jul - Jun), 2023",4.033,0.000,False
India,Manipur,Not Literate,"PLFS Year (Jul - Jun), 2017",0.000,0.000,False
India,Manipur,Not Literate,"PLFS Year (Jul - Jun), 2018",0.067,0.000,False
India,Manipur,Not Literate,"PLFS Year (Jul - Jun), 2019",0.000,0.000,False
India,Manipur,Not Literate,"PLFS Year (Jul - Jun), 2020",0.000,0.000,False
India,Manipur,Not Literate,"PLFS Year (Jul - Jun), 2021",0.000,0.000,False
India,Manipur,Not Literate,"PLFS Year (Jul - Jun), 2022",0.133,0.000,False
India,Manipur,Not Literate,"PLFS Year (Jul - Jun), 2023",1.600,0.000,False
India,Manipur,Post Graduate & Above,"PLFS Year (Jul - Jun), 2017",17.733,0.000,False
India,Manipur,Post Graduate & Above,"PLFS Year (Jul - Jun), 2018",21.200,0.000,False
India,Manipur,Post Graduate & Above,"PLFS Year (Jul - Jun), 2019",20.600,0.000,False
India,Manipur,Post Graduate & Above,"PLFS Year (Jul - Jun), 2020",19.667,0.000,False
India,Manipur,Post Graduate & Above,"PLFS Year (Jul - Jun), 2021",16.700,0.000,False
India,Manipur,Post Graduate & Above,"PLFS Year (Jul - Jun), 2022",17.933,0.000,False
India,Manipur,Post Graduate & Above,"PLFS Year (Jul - Jun), 2023",25.300,0.000,False
India,Manipur,Secondary,"PLFS Year (Jul - Jun), 2017",8.733,0.000,False
India,Manipur,Secondary,"PLFS Year (Jul - Jun), 2018",5.467,0.000,False
India,Manipur,Secondary,"PLFS Year (Jul - Jun), 2019",15.333,0.000,False
India,Manipur,Secondary,"PLFS Year (Jul - Jun), 2020",4.433,0.000,False
India,Manipur,Secondary,"PLFS Year (Jul - Jun), 2021",8.200,0.000,False
India,Manipur,Secondary,"PLFS Year (Jul - Jun), 2022",4.933,0.000,False
India,Manipur,Secondary,"PLFS Year (Jul - Jun), 2023",6.667,0.000,False
India,Manipur,Secondary & Above,"PLFS Year (Jul - Jun), 2017",21.967,0.000,False
India,Manipur,Secondary & Above,"PLFS Year (Jul - Jun), 2018",17.000,0.000,False
India,Manipur,Secondary & Above,"PLFS Year (Jul - Jun), 2019",16.133,0.000,False
India,Manipur,Secondary & Above,"PLFS Year (Jul - Jun), 2020",9.900,0.000,False
India,Manipur,Secondary & Above,"PLFS Year (Jul - Jun), 2021",23.100,0.000,False
India,Manipur,Secondary & Above,"PLFS Year (Jul - Jun), 2022",7.767,0.000,False
India,Manipur,Secondary & Above,"PLFS Year (Jul - Jun), 2023",14.133,0.000,False
India,Meghalaya,All,"PLFS Year (Jul - Jun), 2017",3.900,0.000,False
India,Meghalaya,All,"PLFS Year (Jul - Jun), 2018",6.233,0.000,False
India,Meghalaya,All,"PLFS Year (Jul - Jun), 2019",7.767,0.000,False
India,Meghalaya,All,"PLFS Year (Jul - Jun), 2020",4.500,0.000,False
India,Meghalaya,All,"PLFS Year (Jul - Jun), 2021",6.133,0.000,False
India,Meghalaya,All,"PLFS Year (Jul - Jun), 2022",10.967,0.000,False
India,Meghalaya,All,"PLFS Year (Jul - Jun), 2023",11.800,0.000,False
India,Meghalaya,Diploma/ Certificate Course,"PLFS Year (Jul - Jun), 2017",0.000,0.000,False
India,Meghalaya,Diploma/ Certificate Course,"PLFS Year (Jul - Jun), 2018",0.000,0.000,False
India,Meghalaya,Diploma/ Certificate Course,"PLFS Year (Jul - Jun), 2019",18.900,0.000,False
India,Meghalaya,Diploma/ Certificate Course,"PLFS Year (Jul - Jun), 2020",2.567,0.000,False
India,Meghalaya,Diploma/ Certificate Course,"PLFS Year (Jul - Jun), 2021",0.000,0.000,False
India,Meghalaya,Diploma/ Certificate Course,"PLFS Year (Jul - Jun), 2022",0.000,0.000,False
India,Meghalaya,Diploma/ Certificate Course,"PLFS Year (Jul - Jun), 2023",0.000,0.000,False
India,Meghalaya,Graduate,"PLFS Year (Jul - Jun), 2017",16.267,0.000,False
India,Meghalaya,Graduate,"PLFS Year (Jul - Jun), 2018",18.700,0.000,False
India,Meghalaya,Graduate,"PLFS Year (Jul - Jun), 2019",20.867,0.000,False
India,Meghalaya,Graduate,"PLFS Year (Jul - Jun), 2020",12.833,0.000,False
India,Meghalaya,Graduate,"PLFS Year (Jul - Jun), 2021",15.733,0.000,False
India,Meghalaya,Graduate,"PLFS Year (Jul - Jun), 2022",16.333,0.000,False
India,Meghalaya,Graduate,"PLFS Year (Jul - Jun), 2023",19.133,0.000,False
India,Meghalaya,Higher Secondary,"PLFS Year (Jul - Jun), 2017",7.367,0.000,False
India,Meghalaya,Higher Secondary,"PLFS Year (Jul - Jun), 2018",9.700,0.000,False
India,Meghalaya,Higher Secondary,"PLFS Year (Jul - Jun), 2019",23.833,0.000,False
India,Meghalaya,Higher Secondary,"PLFS Year (Jul - Jun), 2020",6.367,0.000,False
India,Meghalaya,Higher Secondary,"PLFS Year (Jul - Jun), 2021",6.767,0.000,False
India,Meghalaya,Higher Secondary,"PLFS Year (Jul - Jun), 2022",26.933,0.000,False
India,Meghalaya,Higher Secondary,"PLFS Year (Jul - Jun), 2023",24.333,0.000,False
India,Meghalaya,Literate & Upto Primary,"PLFS Year (Jul - Jun), 2017",1.233,0.000,False
India,Meghalaya,Literate & Upto Primary,"PLFS Year (Jul - Jun), 2018",2.200,0.000,False
India,Meghalaya,Literate & Upto Primary,"PLFS Year (Jul - Jun), 2019",0.000,0.000,False
India,Meghalaya,Literate & Upto Primary,"PLFS Year (Jul - Jun), 2020",0.000,0.000,False
India,Meghalaya,Literate & Upto Primary,"PLFS Year (Jul - Jun), 2021",0.067,0.000,False
India,Meghalaya,Literate & Upto Primary,"PLFS Year (Jul - Jun), 2022",3.267,0.000,False
India,Meghalaya,Literate & Upto Primary,"PLFS Year (Jul - Jun), 2023",3.933,0.000,False
India,Meghalaya,Middle,"PLFS Year (Jul - Jun), 2017",0.367,0.000,False
India,Meghalaya,Middle,"PLFS Year (Jul - Jun), 2018",3.900,0.000,False
India,Meghalaya,Middle,"PLFS Year (Jul - Jun), 2019",1.833,0.000,False
India,Meghalaya,Middle,"PLFS Year (Jul - Jun), 2020",1.933,0.000,False
India,Meghalaya,Middle,"PLFS Year (Jul - Jun), 2021",5.500,0.000,False
India,Meghalaya,Middle,"PLFS Year (Jul - Jun), 2022",11.733,0.000,False
India,Meghalaya,Middle,"PLFS Year (Jul - Jun), 2023",14.133,0.000,False
India,Meghalaya,Not Literate,"PLFS Year (Jul - Jun), 2017",0.000,0.000,False
India,Meghalaya,Not Literate,"PLFS Year (Jul - Jun), 2018",0.000,0.000,False
India,Meghalaya,Not Literate,"PLFS Year (Jul - Jun), 2019",0.000,0.000,False
India,Meghalaya,Not Literate,"PLFS Year (Jul - Jun), 2020",0.000,0.000,False
India,Meghalaya,Not Literate,"PLFS Year (Jul - Jun), 2021",0.000,0.000,False
India,Meghalaya,Not Literate,"PLFS Year (Jul - Jun), 2022",0.000,0.000,False
India,Meghalaya,Not Literate,"PLFS Year (Jul - Jun), 2023",0.000,0.000,False
India,Meghalaya,Post Graduate & Above,"PLFS Year (Jul - Jun), 2017",4.067,0.000,False
India,Meghalaya,Post Graduate & Above,"PLFS Year (Jul - Jun), 2018",3.467,0.000,False
India,Meghalaya,Post Graduate & Above,"PLFS Year (Jul - Jun), 2019",19.433,0.000,False
India,Meghalaya,Post Graduate & Above,"PLFS Year (Jul - Jun), 2020",19.067,0.000,False
India,Meghalaya,Post Graduate & Above,"PLFS Year (Jul - Jun), 2021",32.467,0.000,False
India,Meghalaya,Post Graduate & Above,"PLFS Year (Jul - Jun), 2022",32.367,0.000,False
India,Meghalaya,Post Graduate & Above,"PLFS Year (Jul - Jun), 2023",19.700,0.000,False
India,Meghalaya,Secondary,"PLFS Year (Jul - Jun), 2017",1.767,0.000,False
India,Meghalaya,Secondary,"PLFS Year (Jul - Jun), 2018",8.800,0.000,False
India,Meghalaya,Secondary,"PLFS Year (Jul - Jun), 2019",3.833,0.000,False
India,Meghalaya,Secondary,"PLFS Year (Jul - Jun), 2020",10.033,0.000,False
India,Meghalaya,Secondary,"PLFS Year (Jul - Jun), 2021",7.533,0.000,False
India,Meghalaya,Secondary,"PLFS Year (Jul - Jun), 2022",9.733,0.000,False
India,Meghalaya,Secondary,"PLFS Year (Jul - Jun), 2023",12.400,0.000,False
India,Meghalaya,Secondary & Above,"PLFS Year (Jul - Jun), 2017",9.733,0.000,False
India,Meghalaya,Secondary & Above,"PLFS Year (Jul - Jun), 2018",13.367,0.000,False
India,Meghalaya,Secondary & Above,"PLFS Year (Jul - Jun), 2019",18.133,0.000,False
India,Meghalaya,Secondary & Above,"PLFS Year (Jul - Jun), 2020",10.067,0.000,False
India,Meghalaya,Secondary & Above,"PLFS Year (Jul - Jun), 2021",11.600,0.000,False
India,Meghalaya,Secondary & Above,"PLFS Year (Jul - Jun), 2022",18.433,0.000,False
India,Meghalaya,Secondary & Above,"PLFS Year (Jul - Jun), 2023",18.700,0.000,False
India,Mizoram,All,"PLFS Year (Jul - Jun), 2017",13.133,0.000,False
India,Mizoram,All,"PLFS Year (Jul - Jun), 2018",10.300,0.000,False
India,Mizoram,All,"PLFS Year (Jul - Jun), 2019",5.733,0.000,False
India,Mizoram,All,"PLFS Year (Jul - Jun), 2020",3.667,0.000,False
India,Mizoram,All,"PLFS Year (Jul - Jun), 2021",8.033,0.000,False
India,Mizoram,All,"PLFS Year (Jul - Jun), 2022",3.133,0.000,False
India,Mizoram,All,"PLFS Year (Jul - Jun), 2023",2.433,0.000,False
India,Mizoram,Diploma/ Certificate Course,"PLFS Year (Jul - Jun), 2017",0.000,0.000,False
India,Mizoram,Diploma/ Certificate Course,"PLFS Year (Jul - Jun), 2018",0.000,0.000,False
India,Mizoram,Diploma/ Certificate Course,"PLFS Year (Jul - Jun), 2019",0.000,0.000,False
India,Mizoram,Diploma/ Certificate Course,"PLFS Year (Jul - Jun), 2020",0.000,0.000,False
India,Mizoram,Diploma/ Certificate Course,"PLFS Year (Jul - Jun), 2021",0.000,0.000,False
India,Mizoram,Diploma/ Certificate Course,"PLFS Year (Jul - Jun), 2022",0.000,0.000,False
India,Mizoram,Diploma/ Certificate Course,"PLFS Year (Jul - Jun), 2023",0.000,0.000,False
India,Mizoram,Graduate,"PLFS Year (Jul - Jun), 2017",26.600,0.000,False
India,Mizoram,Graduate,"PLFS Year (Jul - Jun), 2018",23.667,0.000,False
India,Mizoram,Graduate,"PLFS Year (Jul - Jun), 2019",18.633,0.000,False
India,Mizoram,Graduate,"PLFS Year (Jul - Jun), 2020",19.300,0.000,False
India,Mizoram,Graduate,"PLFS Year (Jul - Jun), 2021",28.267,0.000,False
India,Mizoram,Graduate,"PLFS Year (Jul - Jun), 2022",14.033,0.000,False
India,Mizoram,Graduate,"PLFS Year (Jul - Jun), 2023",11.833,0.000,False
India,Mizoram,Higher Secondary,"PLFS Year (Jul - Jun), 2017",28.733,0.000,False
India,Mizoram,Higher Secondary,"PLFS Year (Jul - Jun), 2018",12.067,0.000,False
India,Mizoram,Higher Secondary,"PLFS Year (Jul - Jun), 2019",16.300,0.000,False
India,Mizoram,Higher Secondary,"PLFS Year (Jul - Jun), 2020",1.167,0.000,False
India,Mizoram,Higher Secondary,"PLFS Year (Jul - Jun), 2021",11.767,0.000,False
India,Mizoram,Higher Secondary,"PLFS Year (Jul - Jun), 2022",1.533,0.000,False
India,Mizoram,Higher Secondary,"PLFS Year (Jul - Jun), 2023",2.700,0.000,False
India,Mizoram,Literate & Upto Primary,"PLFS Year (Jul - Jun), 2017",1.133,0.000,False
India,Mizoram,Literate & Upto Primary,"PLFS Year (Jul - Jun), 2018",1.633,0.000,False
India,Mizoram,Literate & Upto Primary,"PLFS Year (Jul - Jun), 2019",0.000,0.000,False
India,Mizoram,Literate & Upto Primary,"PLFS Year (Jul - Jun), 2020",1.300,0.000,False
India,Mizoram,Literate & Upto Primary,"PLFS Year (Jul - Jun), 2021",0.000,0.000,False
India,Mizoram,Literate & Upto Primary,"PLFS Year (Jul - Jun), 2022",0.000,0.000,False
India,Mizoram,Literate & Upto Primary,"PLFS Year (Jul - Jun), 2023",0.000,0.000,False
India,Mizoram,Middle,"PLFS Year (Jul - Jun), 2017",10.733,0.000,False
India,Mizoram,Middle,"PLFS Year (Jul - Jun), 2018",9.333,0.000,False
India,Mizoram,Middle,"PLFS Year (Jul - Jun), 2019",1.533,0.000,False
India,Mizoram,Middle,"PLFS Year (Jul - Jun), 2020",0.600,0.000,False
India,Mizoram,Middle,"PLFS Year (Jul - Jun), 2021",4.733,0.000,False
India,Mizoram,Middle,"PLFS Year (Jul - Jun), 2022",0.167,0.000,False
India,Mizoram,Middle,"PLFS Year (Jul - Jun), 2023",0.300,0.000,False
India,Mizoram,Not Literate,"PLFS Year (Jul - Jun), 2017",0.000,0.000,False
India,Mizoram,Not Literate,"PLFS Year (Jul - Jun), 2018",0.000,0.000,False
India,Mizoram,Not Literate,"PLFS Year (Jul - Jun), 2019",0.000,0.000,False
India,Mizoram,Not Literate,"PLFS Year (Jul - Jun), 2020",0.000,0.000,False
India,Mizoram,Not Literate,"PLFS Year (Jul - Jun), 2021",0.000,0.000,False
India,Mizoram,Not Literate,"PLFS Year (Jul - Jun), 2022",0.000,0.000,False
India,Mizoram,Not Literate,"PLFS Year (Jul - Jun), 2023",0.000,0.000,False
India,Mizoram,Post Graduate & Above,"PLFS Year (Jul - Jun), 2017",11.067,0.000,False
India,Mizoram,Post Graduate & Above,"PLFS Year (Jul - Jun), 2018",12.200,0.000,False
India,Mizoram,Post Graduate & Above,"PLFS Year (Jul - Jun), 2019",14.167,0.000,False
India,Mizoram,Post Graduate & Above,"PLFS Year (Jul - Jun), 2020",9.133,0.000,False
India,Mizoram,Post Graduate & Above,"PLFS Year (Jul - Jun), 2021",11.000,0.000,False
India,Mizoram,Post Graduate & Above,"PLFS Year (Jul - Jun), 2022",25.467,0.000,False
India,Mizoram,Post Graduate & Above,"PLFS Year (Jul - Jun), 2023",6.067,0.000,False
India,Mizoram,Secondary,"PLFS Year (Jul - Jun), 2017",10.367,0.000,False
India,Mizoram,Secondary,"PLFS Year (Jul - Jun), 2018",10.467,0.000,False
India,Mizoram,Secondary,"PLFS Year (Jul - Jun), 2019",2.000,0.000,False
India,Mizoram,Secondary,"PLFS Year (Jul - Jun), 2020",1.367,0.000,False
India,Mizoram,Secondary,"PLFS Year (Jul - Jun), 2021",6.900,0.000,False
India,Mizoram,Secondary,"PLFS Year (Jul - Jun), 2022",1.067,0.000,False
India,Mizoram,Secondary,"PLFS Year (Jul - Jun), 2023",2.300,0.000,False
India,Mizoram,Secondary & Above,"PLFS Year (Jul - Jun), 2017",21.767,0.000,False
India,Mizoram,Secondary & Above,"PLFS Year (Jul - Jun), 2018",16.333,0.000,False
India,Mizoram,Secondary & Above,"PLFS Year (Jul - Jun), 2019",13.133,0.000,False
India,Mizoram,Secondary & Above,"PLFS Year (Jul - Jun), 2020",9.100,0.000,False
India,Mizoram,Secondary & Above,"PLFS Year (Jul - Jun), 2021",17.733,0.000,False
India,Mizoram,Secondary & Above,"PLFS Year (Jul - Jun), 2022",8.267,0.000,False
India,Mizoram,Secondary & Above,"PLFS Year (Jul - Jun), 2023",6.300,0.000,False
India,Nagaland,All,"PLFS Year (Jul - Jun), 2017",34.667,0.000,False
India,Nagaland,All,"PLFS Year (Jul - Jun), 2018",29.767,0.000,False
India,Nagaland,All,"PLFS Year (Jul - Jun), 2019",28.333,0.000,False
India,Nagaland,All,"PLFS Year (Jul - Jun), 2020",22.367,0.000,False
India,Nagaland,All,"PLFS Year (Jul - Jun), 2021",12.300,0.000,False
India,Nagaland,All,"PLFS Year (Jul - Jun), 2022",4.733,0.000,False
India,Nagaland,All,"PLFS Year (Jul - Jun), 2023",8.167,0.000,False
India,Nagaland,Diploma/ Certificate Course,"PLFS Year (Jul - Jun), 2017",0.000,0.000,False
India,Nagaland,Diploma/ Certificate Course,"PLFS Year (Jul - Jun), 2018",0.000,0.000,False
India,Nagaland,Diploma/ Certificate Course,"PLFS Year (Jul - Jun), 2019",0.000,0.000,False
India,Nagaland,Diploma/ Certificate Course,"PLFS Year (Jul - Jun), 2020",0.000,0.000,False
India,Nagaland,Diploma/ Certificate Course,"PLFS Year (Jul - Jun), 2021",0.000,0.000,False
India,Nagaland,Diploma/ Certificate Course,"PLFS Year (Jul - Jun), 2022",66.667,0.000,False
India,Nagaland,Diploma/ Certificate Course,"PLFS Year (Jul - Jun), 2023",0.000,0.000,False
India,Nagaland,Graduate,"PLFS Year (Jul - Jun), 2017",46.700,0.000,False
India,Nagaland,Graduate,"PLFS Year (Jul - Jun), 2018",63.467,0.000,False
India,Nagaland,Graduate,"PLFS Year (Jul - Jun), 2019",55.167,0.000,False
India,Nagaland,Graduate,"PLFS Year (Jul - Jun), 2020",52.233,0.000,False
India,Nagaland,Graduate,"PLFS Year (Jul - Jun), 2021",32.467,0.000,False
India,Nagaland,Graduate,"PLFS Year (Jul - Jun), 2022",25.100,0.000,False
India,Nagaland,Graduate,"PLFS Year (Jul - Jun), 2023",24.667,0.000,False
India,Nagaland,Higher Secondary,"PLFS Year (Jul - Jun), 2017",51.000,0.000,False
India,Nagaland,Higher Secondary,"PLFS Year (Jul - Jun), 2018",55.033,0.000,False
India,Nagaland,Higher Secondary,"PLFS Year (Jul - Jun), 2019",44.733,0.000,False
India,Nagaland,Higher Secondary,"PLFS Year (Jul - Jun), 2020",33.467,0.000,False
India,Nagaland,Higher Secondary,"PLFS Year (Jul - Jun), 2021",16.933,0.000,False
India,Nagaland,Higher Secondary,"PLFS Year (Jul - Jun), 2022",3.467,0.000,False
India,Nagaland,Higher Secondary,"PLFS Year (Jul - Jun), 2023",16.500,0.000,False
India,Nagaland,Literate & Upto Primary,"PLFS Year (Jul - Jun), 2017",0.867,0.000,False
India,Nagaland,Literate & Upto Primary,"PLFS Year (Jul - Jun), 2018",15.633,0.000,False
India,Nagaland,Literate & Upto Primary,"PLFS Year (Jul - Jun), 2019",9.867,0.000,False
India,Nagaland,Literate & Upto Primary,"PLFS Year (Jul - Jun), 2020",1.133,0.000,False
India,Nagaland,Literate & Upto Primary,"PLFS Year (Jul - Jun), 2021",1.133,0.000,False
India,Nagaland,Literate & Upto Primary,"PLFS Year (Jul - Jun), 2022",0.000,0.000,False
India,Nagaland,Literate & Upto Primary,"PLFS Year (Jul - Jun), 2023",0.367,0.000,False
India,Nagaland,Middle,"PLFS Year (Jul - Jun), 2017",32.000,0.000,False
India,Nagaland,Middle,"PLFS Year (Jul - Jun), 2018",22.800,0.000,False
India,Nagaland,Middle,"PLFS Year (Jul - Jun), 2019",19.133,0.000,False
India,Nagaland,Middle,"PLFS Year (Jul - Jun), 2020",8.867,0.000,False
India,Nagaland,Middle,"PLFS Year (Jul - Jun), 2021",4.733,0.000,False
India,Nagaland,Middle,"PLFS Year (Jul - Jun), 2022",0.733,0.000,False
India,Nagaland,Middle,"PLFS Year (Jul - Jun), 2023",2.133,0.000,False
India,Nagaland,Not Literate,"PLFS Year (Jul - Jun), 2017",0.000,0.000,False
India,Nagaland,Not Literate,"PLFS Year (Jul - Jun), 2018",0.000,0.000,False
India,Nagaland,Not Literate,"PLFS Year (Jul - Jun), 2019",0.000,0.000,False
India,Nagaland,Not Literate,"PLFS Year (Jul - Jun), 2020",0.000,0.000,False
India,Nagaland,Not Literate,"PLFS Year (Jul - Jun), 2021",0.000,0.000,False
India,Nagaland,Not Literate,"PLFS Year (Jul - Jun), 2022",0.000,0.000,False
India,Nagaland,Not Literate,"PLFS Year (Jul - Jun), 2023",0.000,0.000,False
India,Nagaland,Post Graduate & Above,"PLFS Year (Jul - Jun), 2017",52.100,0.000,False
India,Nagaland,Post Graduate & Above,"PLFS Year (Jul - Jun), 2018",39.900,0.000,False
India,Nagaland,Post Graduate & Above,"PLFS Year (Jul - Jun), 2019",52.600,0.000,False
India,Nagaland,Post Graduate & Above,"PLFS Year (Jul - Jun), 2020",42.933,0.000,False
India,Nagaland,Post Graduate & Above,"PLFS Year (Jul - Jun), 2021",41.233,0.000,False
India,Nagaland,Post Graduate & Above,"PLFS Year (Jul - Jun), 2022",28.600,0.000,False
India,Nagaland,Post Graduate & Above,"PLFS Year (Jul - Jun), 2023",42.900,0.000,False
India,Nagaland,Secondary,"PLFS Year (Jul - Jun), 2017",36.200,0.000,False
India,Nagaland,Secondary,"PLFS Year (Jul - Jun), 2018",21.167,0.000,False
India,Nagaland,Secondary,"PLFS Year (Jul - Jun), 2019",33.733,0.000,False
India,Nagaland,Secondary,"PLFS Year (Jul - Jun), 2020",15.200,0.000,False
India,Nagaland,Secondary,"PLFS Year (Jul - Jun), 2021",9.467,0.000,False
India,Nagaland,Secondary,"PLFS Year (Jul - Jun), 2022",2.233,0.000,False
India,Nagaland,Secondary,"PLFS Year (Jul - Jun), 2023",3.900,0.000,False
India,Nagaland,Secondary & Above,"PLFS Year (Jul - Jun), 2017",45.833,0.000,False
India,Nagaland,Secondary & Above,"PLFS Year (Jul - Jun), 2018",43.767,0.000,False
India,Nagaland,Secondary & Above,"PLFS Year (Jul - Jun), 2019",45.033,0.000,False
India,Nagaland,Secondary & Above,"PLFS Year (Jul - Jun), 2020",36.867,0.000,False
India,Nagaland,Secondary & Above,"PLFS Year (Jul - Jun), 2021",23.667,0.000,False
India,Nagaland,Secondary & Above,"PLFS Year (Jul - Jun), 2022",11.233,0.000,False
India,Nagaland,Secondary & Above,"PLFS Year (Jul - Jun), 2023",16.933,0.000,False
India,Odisha,All,"PLFS Year (Jul - Jun), 2017",8.100,0.000,False
India,Odisha,All,"PLFS Year (Jul - Jun), 2018",10.900,0.000,False
India,Odisha,All,"PLFS Year (Jul - Jun), 2019",5.233,0.000,False
India,Odisha,All,"PLFS Year (Jul - Jun), 2020",4.700,0.000,False
India,Odisha,All,"PLFS Year (Jul - Jun), 2021",8.200,0.000,False
India,Odisha,All,"PLFS Year (Jul - Jun), 2022",3.733,0.000,False
India,Odisha,All,"PLFS Year (Jul - Jun), 2023",4.800,0.000,False
India,Odisha,Diploma/ Certificate Course,"PLFS Year (Jul - Jun), 2017",35.700,0.000,False
India,Odisha,Diploma/ Certificate Course,"PLFS Year (Jul - Jun), 2018",32.833,0.000,False
India,Odisha,Diploma/ Certificate Course,"PLFS Year (Jul - Jun), 2019",25.000,0.000,False
India,Odisha,Diploma/ Certificate Course,"PLFS Year (Jul - Jun), 2020",15.733,0.000,False
India,Odisha,Diploma/ Certificate Course,"PLFS Year (Jul - Jun), 2021",10.367,0.000,False
India,Odisha,Diploma/ Certificate Course,"PLFS Year (Jul - Jun), 2022",3.933,0.000,False
India,Odisha,Diploma/ Certificate Course,"PLFS Year (Jul - Jun), 2023",22.633,0.000,False
India,Odisha,Graduate,"PLFS Year (Jul - Jun), 2017",41.500,0.000,False
India,Odisha,Graduate,"PLFS Year (Jul - Jun), 2018",37.700,0.000,False
India,Odisha,Graduate,"PLFS Year (Jul - Jun), 2019",31.133,0.000,False
India,Odisha,Graduate,"PLFS Year (Jul - Jun), 2020",31.933,0.000,False
India,Odisha,Graduate,"PLFS Year (Jul - Jun), 2021",39.433,0.000,False
India,Odisha,Graduate,"PLFS Year (Jul - Jun), 2022",29.900,0.000,False
India,Odisha,Graduate,"PLFS Year (Jul - Jun), 2023",28.400,0.000,False
India,Odisha,Higher Secondary,"PLFS Year (Jul - Jun), 2017",22.333,0.000,False
India,Odisha,Higher Secondary,"PLFS Year (Jul - Jun), 2018",20.333,0.000,False
India,Odisha,Higher Secondary,"PLFS Year (Jul - Jun), 2019",15.567,0.000,False
India,Odisha,Higher Secondary,"PLFS Year (Jul - Jun), 2020",17.700,0.000,False
India,Odisha,Higher Secondary,"PLFS Year (Jul - Jun), 2021",14.167,0.000,False
India,Odisha,Higher Secondary,"PLFS Year (Jul - Jun), 2022",8.567,0.000,False
India,Odisha,Higher Secondary,"PLFS Year (Jul - Jun), 2023",3.767,0.000,False
India,Odisha,Literate & Upto Primary,"PLFS Year (Jul - Jun), 2017",0.267,0.000,False
India,Odisha,Literate & Upto Primary,"PLFS Year (Jul - Jun), 2018",4.767,0.000,False
India,Odisha,Literate & Upto Primary,"PLFS Year (Jul - Jun), 2019",0.000,0.000,False
India,Odisha,Literate & Upto Primary,"PLFS Year (Jul - Jun), 2020",0.000,0.000,False
India,Odisha,Literate & Upto Primary,"PLFS Year (Jul - Jun), 2021",1.100,0.000,False
India,Odisha,Literate & Upto Primary,"PLFS Year (Jul - Jun), 2022",0.667,0.000,False
India,Odisha,Literate & Upto Primary,"PLFS Year (Jul - Jun), 2023",0.000,0.000,False
India,Odisha,Middle,"PLFS Year (Jul - Jun), 2017",7.200,0.000,False
India,Odisha,Middle,"PLFS Year (Jul - Jun), 2018",7.100,0.000,False
India,Odisha,Middle,"PLFS Year (Jul - Jun), 2019",2.933,0.000,False
India,Odisha,Middle,"PLFS Year (Jul - Jun), 2020",0.667,0.000,False
India,Odisha,Middle,"PLFS Year (Jul - Jun), 2021",0.600,0.000,False
India,Odisha,Middle,"PLFS Year (Jul - Jun), 2022",0.133,0.000,False
India,Odisha,Middle,"PLFS Year (Jul - Jun), 2023",0.167,0.000,False
India,Odisha,Not Literate,"PLFS Year (Jul - Jun), 2017",0.133,0.000,False
India,Odisha,Not Literate,"PLFS Year (Jul - Jun), 2018",1.800,0.000,False
India,Odisha,Not Literate,"PLFS Year (Jul - Jun), 2019",0.000,0.000,False
India,Odisha,Not Literate,"PLFS Year (Jul - Jun), 2020",0.000,0.000,False
India,Odisha,Not Literate,"PLFS Year (Jul - Jun), 2021",0.000,0.000,False
India,Odisha,Not Literate,"PLFS Year (Jul - Jun), 2022",0.000,0.000,False
India,Odisha,Not Literate,"PLFS Year (Jul - Jun), 2023",0.000,0.000,False
India,Odisha,Post Graduate & Above,"PLFS Year (Jul - Jun), 2017",35.867,0.000,False
India,Odisha,Post Graduate & Above,"PLFS Year (Jul - Jun), 2018",9.833,0.000,False
India,Odisha,Post Graduate & Above,"PLFS Year (Jul - Jun), 2019",12.233,0.000,False
India,Odisha,Post Graduate & Above,"PLFS Year (Jul - Jun), 2020",28.800,0.000,False
India,Odisha,Post Graduate & Above,"PLFS Year (Jul - Jun), 2021",34.500,0.000,False
India,Odisha,Post Graduate & Above,"PLFS Year (Jul - Jun), 2022",15.033,0.000,False
India,Odisha,Post Graduate & Above,"PLFS Year (Jul - Jun), 2023",36.067,0.000,False
India,Odisha,Secondary,"PLFS Year (Jul - Jun), 2017",13.433,0.000,False
India,Odisha,Secondary,"PLFS Year (Jul - Jun), 2018",33.667,0.000,False
India,Odisha,Secondary,"PLFS Year (Jul - Jun), 2019",10.067,0.000,False
India,Odisha,Secondary,"PLFS Year (Jul - Jun), 2020",3.367,0.000,False
India,Odisha,Secondary,"PLFS Year (Jul - Jun), 2021",5.400,0.000,False
India,Odisha,Secondary,"PLFS Year (Jul - Jun), 2022",3.967,0.000,False
India,Odisha,Secondary,"PLFS Year (Jul - Jun), 2023",4.867,0.000,False
India,Odisha,Secondary & Above,"PLFS Year (Jul - Jun), 2017",26.833,0.000,False
India,Odisha,Secondary & Above,"PLFS Year (Jul - Jun), 2018",28.233,0.000,False
India,Odisha,Secondary & Above,"PLFS Year (Jul - Jun), 2019",18.833,0.000,False
India,Odisha,Secondary & Above,"PLFS Year (Jul - Jun), 2020",17.300,0.000,False
India,Odisha,Secondary & Above,"PLFS Year (Jul - Jun), 2021",23.533,0.000,False
India,Odisha,Secondary & Above,"PLFS Year (Jul - Jun), 2022",12.233,0.000,False
India,Odisha,Secondary & Above,"PLFS Year (Jul - Jun), 2023",15.300,0.000,False
India,Puducherry,All,"PLFS Year (Jul - Jun), 2017",25.533,0.000,False
India,Puducherry,All,"PLFS Year (Jul - Jun), 2018",7.600,0.000,False
India,Puducherry,All,"PLFS Year (Jul - Jun), 2019",10.167,0.000,False
India,Puducherry,All,"PLFS Year (Jul - Jun), 2020",8.300,0.000,False
India,Puducherry,All,"PLFS Year (Jul - Jun), 2021",3.733,0.000,False
India,Puducherry,All,"PLFS Year (Jul - Jun), 2022",5.850,0.000,False
India,Puducherry,All,"PLFS Year (Jul - Jun), 2023",5.833,0.000,False
India,Puducherry,Diploma/ Certificate Course,"PLFS Year (Jul - Jun), 2017",14.333,0.000,False
India,Puducherry,Diploma/ Certificate Course,"PLFS Year (Jul - Jun), 2018",0.000,0.000,False
India,Puducherry,Diploma/ Certificate Course,"PLFS Year (Jul - Jun), 2019",37.567,0.000,False
India,Puducherry,Diploma/ Certificate Course,"PLFS Year (Jul - Jun), 2020",15.800,0.000,False
India,Puducherry,Diploma/ Certificate Course,"PLFS Year (Jul - Jun), 2021",0.000,0.000,False
India,Puducherry,Diploma/ Certificate Course,"PLFS Year (Jul - Jun), 2022",16.700,0.000,False
India,Puducherry,Diploma/ Certificate Course,"PLFS Year (Jul - Jun), 2023",27.367,0.000,False
India,Puducherry,Graduate,"PLFS Year (Jul - Jun), 2017",38.033,0.000,False
India,Puducherry,Graduate,"PLFS Year (Jul - Jun), 2018",36.967,0.000,False
India,Puducherry,Graduate,"PLFS Year (Jul - Jun), 2019",30.333,0.000,False
India,Puducherry,Graduate,"PLFS Year (Jul - Jun), 2020",19.467,0.000,False
India,Puducherry,Graduate,"PLFS Year (Jul - Jun), 2021",11.467,0.000,False
India,Puducherry,Graduate,"PLFS Year (Jul - Jun), 2022",28.250,0.000,False
India,Puducherry,Graduate,"PLFS Year (Jul - Jun), 2023",7.000,0.000,False
India,Puducherry,Higher Secondary,"PLFS Year (Jul - Jun), 2017",15.100,0.000,False
India,Puducherry,Higher Secondary,"PLFS Year (Jul - Jun), 2018",16.033,0.000,False
India,Puducherry,Higher Secondary,"PLFS Year (Jul - Jun), 2019",10.833,0.000,False
India,Puducherry,Higher Secondary,"PLFS Year (Jul - Jun), 2020",2.300,0.000,False
India,Puducherry,Higher Secondary,"PLFS Year (Jul - Jun), 2021",0.000,0.000,False
India,Puducherry,Higher Secondary,"PLFS Year (Jul - Jun), 2022",4.400,0.000,False
India,Puducherry,Higher Secondary,"PLFS Year (Jul - Jun), 2023",0.000,0.000,False
India,Puducherry,Literate & Upto Primary,"PLFS Year (Jul - Jun), 2017",0.000,0.000,False
India,Puducherry,Literate & Upto Primary,"PLFS Year (Jul - Jun), 2018",0.000,0.000,False
India,Puducherry,Literate & Upto Primary,"PLFS Year (Jul - Jun), 2019",0.000,0.000,False
India,Puducherry,Literate & Upto Primary,"PLFS Year (Jul - Jun), 2020",0.000,0.000,False
India,Puducherry,Literate & Upto Primary,"PLFS Year (Jul - Jun), 2021",0.000,0.000,False
India,Puducherry,Literate & Upto Primary,"PLFS Year (Jul - Jun), 2022",0.000,0.000,False
India,Puducherry,Literate & Upto Primary,"PLFS Year (Jul - Jun), 2023",0.000,0.000,False
India,Puducherry,Middle,"PLFS Year (Jul - Jun), 2017",9.000,0.000,False
India,Puducherry,Middle,"PLFS Year (Jul - Jun), 2018",8.800,0.000,False
India,Puducherry,Middle,"PLFS Year (Jul - Jun), 2019",0.000,0.000,False
India,Puducherry,Middle,"PLFS Year (Jul - Jun), 2020",0.000,0.000,False
India,Puducherry,Middle,"PLFS Year (Jul - Jun), 2021",0.500,0.000,False
India,Puducherry,Middle,"PLFS Year (Jul - Jun), 2022",3.150,0.000,False
India,Puducherry,Middle,"PLFS Year (Jul - Jun), 2023",1.467,0.000,False
India,Puducherry,Not Literate,"PLFS Year (Jul - Jun), 2017",0.000,0.000,False
India,Puducherry,Not Literate,"PLFS Year (Jul - Jun), 2018",0.000,0.000,False
India,Puducherry,Not Literate,"PLFS Year (Jul - Jun), 2019",0.000,0.000,False
India,Puducherry,Not Literate,"PLFS Year (Jul - Jun), 2020",0.000,0.000,False
India,Puducherry,Not Literate,"PLFS Year (Jul - Jun), 2021",0.000,0.000,False
India,Puducherry,Not Literate,"PLFS Year (Jul - Jun), 2022",0.000,0.000,False
India,Puducherry,Not Literate,"PLFS Year (Jul - Jun), 2023",0.000,0.000,False
India,Puducherry,Post Graduate & Above,"PLFS Year (Jul - Jun), 2017",47.700,0.000,False
India,Puducherry,Post Graduate & Above,"PLFS Year (Jul - Jun), 2018",5.633,0.000,False
India,Puducherry,Post Graduate & Above,"PLFS Year (Jul - Jun), 2019",15.367,0.000,False
India,Puducherry,Post Graduate & Above,"PLFS Year (Jul - Jun), 2020",40.800,0.000,False
India,Puducherry,Post Graduate & Above,"PLFS Year (Jul - Jun), 2021",5.933,0.000,False
India,Puducherry,Post Graduate & Above,"PLFS Year (Jul - Jun), 2022",4.250,0.000,False
India,Puducherry,Post Graduate & Above,"PLFS Year (Jul - Jun), 2023",7.233,0.000,False
India,Puducherry,Secondary,"PLFS Year (Jul - Jun), 2017",7.500,0.000,False
India,Puducherry,Secondary,"PLFS Year (Jul - Jun), 2018",5.133,0.000,False
India,Puducherry,Secondary,"PLFS Year (Jul - Jun), 2019",5.300,0.000,False
India,Puducherry,Secondary,"PLFS Year (Jul - Jun), 2020",0.000,0.000,False
India,Puducherry,Secondary,"PLFS Year (Jul - Jun), 2021",0.000,0.000,False
India,Puducherry,Secondary,"PLFS Year (Jul - Jun), 2022",0.000,0.000,False
India,Puducherry,Secondary,"PLFS Year (Jul - Jun), 2023",0.000,0.000,False
India,Puducherry,Secondary & Above,"PLFS Year (Jul - Jun), 2017",35.367,0.000,False
India,Puducherry,Secondary & Above,"PLFS Year (Jul - Jun), 2018",11.867,0.000,False
India,Puducherry,Secondary & Above,"PLFS Year (Jul - Jun), 2019",18.200,0.000,False
India,Puducherry,Secondary & Above,"PLFS Year (Jul - Jun), 2020",20.200,0.000,False
India,Puducherry,Secondary & Above,"PLFS Year (Jul - Jun), 2021",7.433,0.000,False
India,Puducherry,Secondary & Above,"PLFS Year (Jul - Jun), 2022",12.500,0.000,False
India,Puducherry,Secondary & Above,"PLFS Year (Jul - Jun), 2023",11.100,0.000,False
India,Punjab,All,"PLFS Year (Jul - Jun), 2017",11.833,0.000,False
India,Punjab,All,"PLFS Year (Jul - Jun), 2018",9.667,0.000,False
India,Punjab,All,"PLFS Year (Jul - Jun), 2019",8.600,0.000,False
India,Punjab,All,"PLFS Year (Jul - Jun), 2020",8.833,0.000,False
India,Punjab,All,"PLFS Year (Jul - Jun), 2021",8.633,0.000,False
India,Punjab,All,"PLFS Year (Jul - Jun), 2022",8.733,0.000,False
India,Punjab,All,"PLFS Year (Jul - Jun), 2023",7.233,0.000,False
India,Punjab,Diploma/ Certificate Course,"PLFS Year (Jul - Jun), 2017",34.433,0.000,False
India,Punjab,Diploma/ Certificate Course,"PLFS Year (Jul - Jun), 2018",24.033,0.000,False
India,Punjab,Diploma/ Certificate Course,"PLFS Year (Jul - Jun), 2019",3.933,0.000,False
India,Punjab,Diploma/ Certificate Course,"PLFS Year (Jul - Jun), 2020",11.967,0.000,False
India,Punjab,Diploma/ Certificate Course,"PLFS Year (Jul - Jun), 2021",15.300,0.000,False
India,Punjab,Diploma/ Certificate Course,"PLFS Year (Jul - Jun), 2022",20.933,0.000,False
India,Punjab,Diploma/ Certificate Course,"PLFS Year (Jul - Jun), 2023",13.167,0.000,False
India,Punjab,Graduate,"PLFS Year (Jul - Jun), 2017",29.533,0.000,False
India,Punjab,Graduate,"PLFS Year (Jul - Jun), 2018",30.467,0.000,False
India,Punjab,Graduate,"PLFS Year (Jul - Jun), 2019",22.733,0.000,False
India,Punjab,Graduate,"PLFS Year (Jul - Jun), 2020",31.900,0.000,False
India,Punjab,Graduate,"PLFS Year (Jul - Jun), 2021",32.767,0.000,False
India,Punjab,Graduate,"PLFS Year (Jul - Jun), 2022",35.033,0.000,False
India,Punjab,Graduate,"PLFS Year (Jul - Jun), 2023",31.967,0.000,False
India,Punjab,Higher Secondary,"PLFS Year (Jul - Jun), 2017",13.333,0.000,False
India,Punjab,Higher Secondary,"PLFS Year (Jul - Jun), 2018",24.067,0.000,False
India,Punjab,Higher Secondary,"PLFS Year (Jul - Jun), 2019",21.733,0.000,False
India,Punjab,Higher Secondary,"PLFS Year (Jul - Jun), 2020",14.267,0.000,False
India,Punjab,Higher Secondary,"PLFS Year (Jul - Jun), 2021",17.833,0.000,False
India,Punjab,Higher Secondary,"PLFS Year (Jul - Jun), 2022",17.933,0.000,False
India,Punjab,Higher Secondary,"PLFS Year (Jul - Jun), 2023",11.167,0.000,False
India,Punjab,Literate & Upto Primary,"PLFS Year (Jul - Jun), 2017",0.633,0.000,False
India,Punjab,Literate & Upto Primary,"PLFS Year (Jul - Jun), 2018",0.000,0.000,False
India,Punjab,Literate & Upto Primary,"PLFS Year (Jul - Jun), 2019",1.967,0.000,False
India,Punjab,Literate & Upto Primary,"PLFS Year (Jul - Jun), 2020",2.100,0.000,False
India,Punjab,Literate & Upto Primary,"PLFS Year (Jul - Jun), 2021",2.333,0.000,False
India,Punjab,Literate & Upto Primary,"PLFS Year (Jul - Jun), 2022",0.633,0.000,False
India,Punjab,Literate & Upto Primary,"PLFS Year (Jul - Jun), 2023",0.233,0.000,False
India,Punjab,Middle,"PLFS Year (Jul - Jun), 2017",3.900,0.000,False
India,Punjab,Middle,"PLFS Year (Jul - Jun), 2018",0.700,0.000,False
India,Punjab,Middle,"PLFS Year (Jul - Jun), 2019",2.633,0.000,False
India,Punjab,Middle,"PLFS Year (Jul - Jun), 2020",2.067,0.000,False
India,Punjab,Middle,"PLFS Year (Jul - Jun), 2021",2.600,0.000,False
India,Punjab,Middle,"PLFS Year (Jul - Jun), 2022",3.100,0.000,False
India,Punjab,Middle,"PLFS Year (Jul - Jun), 2023",1.467,0.000,False
India,Punjab,Not Literate,"PLFS Year (Jul - Jun), 2017",0.000,0.000,False
India,Punjab,Not Literate,"PLFS Year (Jul - Jun), 2018",0.000,0.000,False
India,Punjab,Not Literate,"PLFS Year (Jul - Jun), 2019",0.600,0.000,False
India,Punjab,Not Literate,"PLFS Year (Jul - Jun), 2020",0.000,0.000,False
India,Punjab,Not Literate,"PLFS Year (Jul - Jun), 2021",0.000,0.000,False
India,Punjab,Not Literate,"PLFS Year (Jul - Jun), 2022",0.500,0.000,False
India,Punjab,Not Literate,"PLFS Year (Jul - Jun), 2023",0.000,0.000,False
India,Punjab,Post Graduate & Above,"PLFS Year (Jul - Jun), 2017",27.100,0.000,False
India,Punjab,Post Graduate & Above,"PLFS Year (Jul - Jun), 2018",19.067,0.000,False
India,Punjab,Post Graduate & Above,"PLFS Year (Jul - Jun), 2019",18.400,0.000,False
India,Punjab,Post Graduate & Above,"PLFS Year (Jul - Jun), 2020",30.000,0.000,False
India,Punjab,Post Graduate & Above,"PLFS Year (Jul - Jun), 2021",18.433,0.000,False
India,Punjab,Post Graduate & Above,"PLFS Year (Jul - Jun), 2022",15.067,0.000,False
India,Punjab,Post Graduate & Above,"PLFS Year (Jul - Jun), 2023",22.300,0.000,False
India,Punjab,Secondary,"PLFS Year (Jul - Jun), 2017",11.467,0.000,False
India,Punjab,Secondary,"PLFS Year (Jul - Jun), 2018",2.800,0.000,False
India,Punjab,Secondary,"PLFS Year (Jul - Jun), 2019",3.067,0.000,False
India,Punjab,Secondary,"PLFS Year (Jul - Jun), 2020",1.600,0.000,False
India,Punjab,Secondary,"PLFS Year (Jul - Jun), 2021",3.800,0.000,False
India,Punjab,Secondary,"PLFS Year (Jul - Jun), 2022",3.967,0.000,False
India,Punjab,Secondary,"PLFS Year (Jul - Jun), 2023",0.867,0.000,False
India,Punjab,Secondary & Above,"PLFS Year (Jul - Jun), 2017",22.500,0.000,False
India,Punjab,Secondary & Above,"PLFS Year (Jul - Jun), 2018",21.100,0.000,False
India,Punjab,Secondary & Above,"PLFS Year (Jul - Jun), 2019",16.067,0.000,False
India,Punjab,Secondary & Above,"PLFS Year (Jul - Jun), 2020",18.267,0.000,False
India,Punjab,Secondary & Above,"PLFS Year (Jul - Jun), 2021",17.400,0.000,False
India,Punjab,Secondary & Above,"PLFS Year (Jul - Jun), 2022",16.900,0.000,False
India,Punjab,Secondary & Above,"PLFS Year (Jul - Jun), 2023",14.067,0.000,False
India,Rajasthan,All,"PLFS Year (Jul - Jun), 2017",4.467,0.000,False
India,Rajasthan,All,"PLFS Year (Jul - Jun), 2018",6.633,0.000,False
India,Rajasthan,All,"PLFS Year (Jul - Jun), 2019",3.900,0.000,False
India,Rajasthan,All,"PLFS Year (Jul - Jun), 2020",5.733,0.000,False
India,Rajasthan,All,"PLFS Year (Jul - Jun), 2021",5.533,0.000,False
India,Rajasthan,All,"PLFS Year (Jul - Jun), 2022",5.300,0.000,False
India,Rajasthan,All,"PLFS Year (Jul - Jun), 2023",5.867,0.000,False
India,Rajasthan,Diploma/ Certificate Course,"PLFS Year (Jul - Jun), 2017",65.333,0.000,False
India,Rajasthan,Diploma/ Certificate Course,"PLFS Year (Jul - Jun), 2018",0.000,0.000,False
India,Rajasthan,Diploma/ Certificate Course,"PLFS Year (Jul - Jun), 2019",0.000,0.000,False
India,Rajasthan,Diploma/ Certificate Course,"PLFS Year (Jul - Jun), 2020",2.133,0.000,False
India,Rajasthan,Diploma/ Certificate Course,"PLFS Year (Jul - Jun), 2021",30.400,0.000,False
India,Rajasthan,Diploma/ Certificate Course,"PLFS Year (Jul - Jun), 2022",1.700,0.000,False
India,Rajasthan,Diploma/ Certificate Course,"PLFS Year (Jul - Jun), 2023",7.400,0.000,False
India,Rajasthan,Graduate,"PLFS Year (Jul - Jun), 2017",22.033,0.000,False
India,Rajasthan,Graduate,"PLFS Year (Jul - Jun), 2018",26.433,0.000,False
India,Rajasthan,Graduate,"PLFS Year (Jul - Jun), 2019",25.867,0.000,False
India,Rajasthan,Graduate,"PLFS Year (Jul - Jun), 2020",28.767,0.000,False
India,Rajasthan,Graduate,"PLFS Year (Jul - Jun), 2021",36.367,0.000,False
India,Rajasthan,Graduate,"PLFS Year (Jul - Jun), 2022",31.400,0.000,False
India,Rajasthan,Graduate,"PLFS Year (Jul - Jun), 2023",28.600,0.000,False
India,Rajasthan,Higher Secondary,"PLFS Year (Jul - Jun), 2017",0.000,0.000,False
India,Rajasthan,Higher Secondary,"PLFS Year (Jul - Jun), 2018",11.300,0.000,False
India,Rajasthan,Higher Secondary,"PLFS Year (Jul - Jun), 2019",8.133,0.000,False
India,Rajasthan,Higher Secondary,"PLFS Year (Jul - Jun), 2020",12.933,0.000,False
India,Rajasthan,Higher Secondary,"PLFS Year (Jul - Jun), 2021",9.333,0.000,False
India,Rajasthan,Higher Secondary,"PLFS Year (Jul - Jun), 2022",2.300,0.000,False
India,Rajasthan,Higher Secondary,"PLFS Year (Jul - Jun), 2023",5.967,0.000,False
India,Rajasthan,Literate & Upto Primary,"PLFS Year (Jul - Jun), 2017",0.700,0.000,False
India,Rajasthan,Literate & Upto Primary,"PLFS Year (Jul - Jun), 2018",1.700,0.000,False
India,Rajasthan,Literate & Upto Primary,"PLFS Year (Jul - Jun), 2019",0.367,0.000,False
India,Rajasthan,Literate & Upto Primary,"PLFS Year (Jul - Jun), 2020",0.200,0.000,False
India,Rajasthan,Literate & Upto Primary,"PLFS Year (Jul - Jun), 2021",0.000,0.000,False
India,Rajasthan,Literate & Upto Primary,"PLFS Year (Jul - Jun), 2022",0.467,0.000,False
India,Rajasthan,Literate & Upto Primary,"PLFS Year (Jul - Jun), 2023",0.267,0.000,False
India,Rajasthan,Middle,"PLFS Year (Jul - Jun), 2017",2.500,0.000,False
India,Rajasthan,Middle,"PLFS Year (Jul - Jun), 2018",0.067,0.000,False
India,Rajasthan,Middle,"PLFS Year (Jul - Jun), 2019",1.067,0.000,False
India,Rajasthan,Middle,"PLFS Year (Jul - Jun), 2020",0.633,0.000,False
India,Rajasthan,Middle,"PLFS Year (Jul - Jun), 2021",0.000,0.000,False
India,Rajasthan,Middle,"PLFS Year (Jul - Jun), 2022",0.567,0.000,False
India,Rajasthan,Middle,"PLFS Year (Jul - Jun), 2023",2.100,0.000,False
India,Rajasthan,Not Literate,"PLFS Year (Jul - Jun), 2017",0.200,0.000,False
India,Rajasthan,Not Literate,"PLFS Year (Jul - Jun), 2018",0.000,0.000,False
India,Rajasthan,Not Literate,"PLFS Year (Jul - Jun), 2019",0.000,0.000,False
India,Rajasthan,Not Literate,"PLFS Year (Jul - Jun), 2020",0.000,0.000,False
India,Rajasthan,Not Literate,"PLFS Year (Jul - Jun), 2021",0.000,0.000,False
India,Rajasthan,Not Literate,"PLFS Year (Jul - Jun), 2022",0.200,0.000,False
India,Rajasthan,Not Literate,"PLFS Year (Jul - Jun), 2023",0.100,0.000,False
India,Rajasthan,Post Graduate & Above,"PLFS Year (Jul - Jun), 2017",30.200,0.000,False
India,Rajasthan,Post Graduate & Above,"PLFS Year (Jul - Jun), 2018",42.933,0.000,False
India,Rajasthan,Post Graduate & Above,"PLFS Year (Jul - Jun), 2019",31.167,0.000,False
India,Rajasthan,Post Graduate & Above,"PLFS Year (Jul - Jun), 2020",35.733,0.000,False
India,Rajasthan,Post Graduate & Above,"PLFS Year (Jul - Jun), 2021",19.667,0.000,False
India,Rajasthan,Post Graduate & Above,"PLFS Year (Jul - Jun), 2022",34.867,0.000,False
India,Rajasthan,Post Graduate & Above,"PLFS Year (Jul - Jun), 2023",43.667,0.000,False
India,Rajasthan,Secondary,"PLFS Year (Jul - Jun), 2017",3.500,0.000,False
India,Rajasthan,Secondary,"PLFS Year (Jul - Jun), 2018",1.300,0.000,False
India,Rajasthan,Secondary,"PLFS Year (Jul - Jun), 2019",1.200,0.000,False
India,Rajasthan,Secondary,"PLFS Year (Jul - Jun), 2020",0.833,0.000,False
India,Rajasthan,Secondary,"PLFS Year (Jul - Jun), 2021",0.000,0.000,False
India,Rajasthan,Secondary,"PLFS Year (Jul - Jun), 2022",1.100,0.000,False
India,Rajasthan,Secondary,"PLFS Year (Jul - Jun), 2023",0.000,0.000,False
India,Rajasthan,Secondary & Above,"PLFS Year (Jul - Jun), 2017",17.500,0.000,False
India,Rajasthan,Secondary & Above,"PLFS Year (Jul - Jun), 2018",22.933,0.000,False
India,Rajasthan,Secondary & Above,"PLFS Year (Jul - Jun), 2019",16.900,0.000,False
India,Rajasthan,Secondary & Above,"PLFS Year (Jul - Jun), 2020",19.167,0.000,False
India,Rajasthan,Secondary & Above,"PLFS Year (Jul - Jun), 2021",18.833,0.000,False
India,Rajasthan,Secondary & Above,"PLFS Year (Jul - Jun), 2022",17.867,0.000,False
India,Rajasthan,Secondary & Above,"PLFS Year (Jul - Jun), 2023",20.200,0.000,False
India,Sikkim,All,"PLFS Year (Jul - Jun), 2017",6.333,0.000,False
India,Sikkim,All,"PLFS Year (Jul - Jun), 2018",4.033,0.000,False
India,Sikkim,All,"PLFS Year (Jul - Jun), 2019",2.033,0.000,False
India,Sikkim,All,"PLFS Year (Jul - Jun), 2020",1.600,0.000,False
India,Sikkim,All,"PLFS Year (Jul - Jun), 2021",3.300,0.000,False
India,Sikkim,All,"PLFS Year (Jul - Jun), 2022",3.367,0.000,False
India,Sikkim,All,"PLFS Year (Jul - Jun), 2023",3.533,0.000,False
India,Sikkim,Diploma/ Certificate Course,"PLFS Year (Jul - Jun), 2017",0.000,0.000,False
India,Sikkim,Diploma/ Certificate Course,"PLFS Year (Jul - Jun), 2018",0.000,0.000,False
India,Sikkim,Diploma/ Certificate Course,"PLFS Year (Jul - Jun), 2019",37.667,0.000,False
India,Sikkim,Diploma/ Certificate Course,"PLFS Year (Jul - Jun), 2020",0.000,0.000,False
India,Sikkim,Diploma/ Certificate Course,"PLFS Year (Jul - Jun), 2021",0.000,0.000,False
India,Sikkim,Diploma/ Certificate Course,"PLFS Year (Jul - Jun), 2022",52.567,0.000,False
India,Sikkim,Diploma/ Certificate Course,"PLFS Year (Jul - Jun), 2023",0.000,0.000,False
India,Sikkim,Graduate,"PLFS Year (Jul - Jun), 2017",14.767,0.000,False
India,Sikkim,Graduate,"PLFS Year (Jul - Jun), 2018",7.667,0.000,False
India,Sikkim,Graduate,"PLFS Year (Jul - Jun), 2019",7.467,0.000,False
India,Sikkim,Graduate,"PLFS Year (Jul - Jun), 2020",1.233,0.000,False
India,Sikkim,Graduate,"PLFS Year (Jul - Jun), 2021",15.267,0.000,False
India,Sikkim,Graduate,"PLFS Year (Jul - Jun), 2022",10.867,0.000,False
India,Sikkim,Graduate,"PLFS Year (Jul - Jun), 2023",11.967,0.000,False
India,Sikkim,Higher Secondary,"PLFS Year (Jul - Jun), 2017",17.167,0.000,False
India,Sikkim,Higher Secondary,"PLFS Year (Jul - Jun), 2018",7.100,0.000,False
India,Sikkim,Higher Secondary,"PLFS Year (Jul - Jun), 2019",3.867,0.000,False
India,Sikkim,Higher Secondary,"PLFS Year (Jul - Jun), 2020",2.800,0.000,False
India,Sikkim,Higher Secondary,"PLFS Year (Jul - Jun), 2021",0.633,0.000,False
India,Sikkim,Higher Secondary,"PLFS Year (Jul - Jun), 2022",2.233,0.000,False
India,Sikkim,Higher Secondary,"PLFS Year (Jul - Jun), 2023",4.400,0.000,False
India,Sikkim,Literate & Upto Primary,"PLFS Year (Jul - Jun), 2017",0.000,0.000,False
India,Sikkim,Literate & Upto Primary,"PLFS Year (Jul - Jun), 2018",0.000,0.000,False
India,Sikkim,Literate & Upto Primary,"PLFS Year (Jul - Jun), 2019",0.000,0.000,False
India,Sikkim,Literate & Upto Primary,"PLFS Year (Jul - Jun), 2020",0.000,0.000,False
India,Sikkim,Literate & Upto Primary,"PLFS Year (Jul - Jun), 2021",0.000,0.000,False
India,Sikkim,Literate & Upto Primary,"PLFS Year (Jul - Jun), 2022",0.000,0.000,False
India,Sikkim,Literate & Upto Primary,"PLFS Year (Jul - Jun), 2023",0.000,0.000,False
India,Sikkim,Middle,"PLFS Year (Jul - Jun), 2017",0.667,0.000,False
India,Sikkim,Middle,"PLFS Year (Jul - Jun), 2018",1.900,0.000,False
India,Sikkim,Middle,"PLFS Year (Jul - Jun), 2019",0.000,0.000,False
India,Sikkim,Middle,"PLFS Year (Jul - Jun), 2020",2.600,0.000,False
India,Sikkim,Middle,"PLFS Year (Jul - Jun), 2021",0.000,0.000,False
India,Sikkim,Middle,"PLFS Year (Jul - Jun), 2022",0.433,0.000,False
India,Sikkim,Middle,"PLFS Year (Jul - Jun), 2023",1.900,0.000,False
India,Sikkim,Not Literate,"PLFS Year (Jul - Jun), 2017",0.000,0.000,False
India,Sikkim,Not Literate,"PLFS Year (Jul - Jun), 2018",0.000,0.000,False
India,Sikkim,Not Literate,"PLFS Year (Jul - Jun), 2019",0.000,0.000,False
India,Sikkim,Not Literate,"PLFS Year (Jul - Jun), 2020",0.000,0.000,False
India,Sikkim,Not Literate,"PLFS Year (Jul - Jun), 2021",0.000,0.000,False
India,Sikkim,Not Literate,"PLFS Year (Jul - Jun), 2022",0.000,0.000,False
India,Sikkim,Not Literate,"PLFS Year (Jul - Jun), 2023",0.000,0.000,False
India,Sikkim,Post Graduate & Above,"PLFS Year (Jul - Jun), 2017",24.967,0.000,False
India,Sikkim,Post Graduate & Above,"PLFS Year (Jul - Jun), 2018",8.533,0.000,False
India,Sikkim,Post Graduate & Above,"PLFS Year (Jul - Jun), 2019",0.000,0.000,False
India,Sikkim,Post Graduate & Above,"PLFS Year (Jul - Jun), 2020",11.133,0.000,False
India,Sikkim,Post Graduate & Above,"PLFS Year (Jul - Jun), 2021",32.700,0.000,False
India,Sikkim,Post Graduate & Above,"PLFS Year (Jul - Jun), 2022",37.800,0.000,False
India,Sikkim,Post Graduate & Above,"PLFS Year (Jul - Jun), 2023",0.833,0.000,False
India,Sikkim,Secondary,"PLFS Year (Jul - Jun), 2017",1.300,0.000,False
India,Sikkim,Secondary,"PLFS Year (Jul - Jun), 2018",17.000,0.000,False
India,Sikkim,Secondary,"PLFS Year (Jul - Jun), 2019",0.000,0.000,False
India,Sikkim,Secondary,"PLFS Year (Jul - Jun), 2020",0.000,0.000,False
India,Sikkim,Secondary,"PLFS Year (Jul - Jun), 2021",2.600,0.000,False
India,Sikkim,Secondary,"PLFS Year (Jul - Jun), 2022",2.033,0.000,False
India,Sikkim,Secondary,"PLFS Year (Jul - Jun), 2023",9.567,0.000,False
India,Sikkim,Secondary & Above,"PLFS Year (Jul - Jun), 2017",12.700,0.000,False
India,Sikkim,Secondary & Above,"PLFS Year (Jul - Jun), 2018",9.667,0.000,False
India,Sikkim,Secondary & Above,"PLFS Year (Jul - Jun), 2019",4.533,0.000,False
India,Sikkim,Secondary & Above,"PLFS Year (Jul - Jun), 2020",2.633,0.000,False
India,Sikkim,Secondary & Above,"PLFS Year (Jul - Jun), 2021",8.600,0.000,False
India,Sikkim,Secondary & Above,"PLFS Year (Jul - Jun), 2022",10.633,0.000,False
India,Sikkim,Secondary & Above,"PLFS Year (Jul - Jun), 2023",7.500,0.000,False
India,Tamil Nadu,All,"PLFS Year (Jul - Jun), 2017",7.367,0.000,False
India,Tamil Nadu,All,"PLFS Year (Jul - Jun), 2018",6.800,0.000,False
India,Tamil Nadu,All,"PLFS Year (Jul - Jun), 2019",5.000,0.000,False
India,Tamil Nadu,All,"PLFS Year (Jul - Jun), 2020",5.433,0.000,False
India,Tamil Nadu,All,"PLFS Year (Jul - Jun), 2021",4.300,0.000,False
India,Tamil Nadu,All,"PLFS Year (Jul - Jun), 2022",5.133,0.000,False
India,Tamil Nadu,All,"PLFS Year (Jul - Jun), 2023",4.167,0.000,False
India,Tamil Nadu,Diploma/ Certificate Course,"PLFS Year (Jul - Jun), 2017",18.133,0.000,False
India,Tamil Nadu,Diploma/ Certificate Course,"PLFS Year (Jul - Jun), 2018",21.733,0.000,False
India,Tamil Nadu,Diploma/ Certificate Course,"PLFS Year (Jul - Jun), 2019",17.833,0.000,False
India,Tamil Nadu,Diploma/ Certificate Course,"PLFS Year (Jul - Jun), 2020",27.233,0.000,False
India,Tamil Nadu,Diploma/ Certificate Course,"PLFS Year (Jul - Jun), 2021",13.767,0.000,False
India,Tamil Nadu,Diploma/ Certificate Course,"PLFS Year (Jul - Jun), 2022",18.500,0.000,False
India,Tamil Nadu,Diploma/ Certificate Course,"PLFS Year (Jul - Jun), 2023",7.867,0.000,False
India,Tamil Nadu,Graduate,"PLFS Year (Jul - Jun), 2017",34.633,0.000,False
India,Tamil Nadu,Graduate,"PLFS Year (Jul - Jun), 2018",32.567,0.000,False
India,Tamil Nadu,Graduate,"PLFS Year (Jul - Jun), 2019",25.033,0.000,False
India,Tamil Nadu,Graduate,"PLFS Year (Jul - Jun), 2020",31.133,0.000,False
India,Tamil Nadu,Graduate,"PLFS Year (Jul - Jun), 2021",27.967,0.000,False
India,Tamil Nadu,Graduate,"PLFS Year (Jul - Jun), 2022",25.667,0.000,False
India,Tamil Nadu,Graduate,"PLFS Year (Jul - Jun), 2023",24.600,0.000,False
India,Tamil Nadu,Higher Secondary,"PLFS Year (Jul - Jun), 2017",10.667,0.000,False
India,Tamil Nadu,Higher Secondary,"PLFS Year (Jul - Jun), 2018",12.467,0.000,False
India,Tamil Nadu,Higher Secondary,"PLFS Year (Jul - Jun), 2019",6.167,0.000,False
India,Tamil Nadu,Higher Secondary,"PLFS Year (Jul - Jun), 2020",4.500,0.000,False
India,Tamil Nadu,Higher Secondary,"PLFS Year (Jul - Jun), 2021",3.100,0.000,False
India,Tamil Nadu,Higher Secondary,"PLFS Year (Jul - Jun), 2022",5.667,0.000,False
India,Tamil Nadu,Higher Secondary,"PLFS Year (Jul - Jun), 2023",2.233,0.000,False
India,Tamil Nadu,Literate & Upto Primary,"PLFS Year (Jul - Jun), 2017",1.100,0.000,False
India,Tamil Nadu,Literate & Upto Primary,"PLFS Year (Jul - Jun), 2018",0.733,0.000,False
India,Tamil Nadu,Literate & Upto Primary,"PLFS Year (Jul - Jun), 2019",0.133,0.000,False
India,Tamil Nadu,Literate & Upto Primary,"PLFS Year (Jul - Jun), 2020",0.200,0.000,False
India,Tamil Nadu,Literate & Upto Primary,"PLFS Year (Jul - Jun), 2021",0.367,0.000,False
India,Tamil Nadu,Literate & Upto Primary,"PLFS Year (Jul - Jun), 2022",1.067,0.000,False
India,Tamil Nadu,Literate & Upto Primary,"PLFS Year (Jul - Jun), 2023",0.133,0.000,False
India,Tamil Nadu,Middle,"PLFS Year (Jul - Jun), 2017",3.100,0.000,False
India,Tamil Nadu,Middle,"PLFS Year (Jul - Jun), 2018",2.400,0.000,False
India,Tamil Nadu,Middle,"PLFS Year (Jul - Jun), 2019",1.033,0.000,False
India,Tamil Nadu,Middle,"PLFS Year (Jul - Jun), 2020",1.800,0.000,False
India,Tamil Nadu,Middle,"PLFS Year (Jul - Jun), 2021",0.933,0.000,False
India,Tamil Nadu,Middle,"PLFS Year (Jul - Jun), 2022",1.200,0.000,False
India,Tamil Nadu,Middle,"PLFS Year (Jul - Jun), 2023",0.400,0.000,False
India,Tamil Nadu,Not Literate,"PLFS Year (Jul - Jun), 2017",0.000,0.000,False
India,Tamil Nadu,Not Literate,"PLFS Year (Jul - Jun), 2018",0.867,0.000,False
India,Tamil Nadu,Not Literate,"PLFS Year (Jul - Jun), 2019",0.000,0.000,False
India,Tamil Nadu,Not Literate,"PLFS Year (Jul - Jun), 2020",0.000,0.000,False
India,Tamil Nadu,Not Literate,"PLFS Year (Jul - Jun), 2021",0.000,0.000,False
India,Tamil Nadu,Not Literate,"PLFS Year (Jul - Jun), 2022",0.133,0.000,False
India,Tamil Nadu,Not Literate,"PLFS Year (Jul - Jun), 2023",0.000,0.000,False
India,Tamil Nadu,Post Graduate & Above,"PLFS Year (Jul - Jun), 2017",21.733,0.000,False
India,Tamil Nadu,Post Graduate & Above,"PLFS Year (Jul - Jun), 2018",29.233,0.000,False
India,Tamil Nadu,Post Graduate & Above,"PLFS Year (Jul - Jun), 2019",28.667,0.000,False
India,Tamil Nadu,Post Graduate & Above,"PLFS Year (Jul - Jun), 2020",13.733,0.000,False
India,Tamil Nadu,Post Graduate & Above,"PLFS Year (Jul - Jun), 2021",9.867,0.000,False
India,Tamil Nadu,Post Graduate & Above,"PLFS Year (Jul - Jun), 2022",16.433,0.000,False
India,Tamil Nadu,Post Graduate & Above,"PLFS Year (Jul - Jun), 2023",11.533,0.000,False
India,Tamil Nadu,Secondary,"PLFS Year (Jul - Jun), 2017",10.067,0.000,False
India,Tamil Nadu,Secondary,"PLFS Year (Jul - Jun), 2018",3.433,0.000,False
India,Tamil Nadu,Secondary,"PLFS Year (Jul - Jun), 2019",1.167,0.000,False
India,Tamil Nadu,Secondary,"PLFS Year (Jul - Jun), 2020",1.733,0.000,False
India,Tamil Nadu,Secondary,"PLFS Year (Jul - Jun), 2021",0.767,0.000,False
India,Tamil Nadu,Secondary,"PLFS Year (Jul - Jun), 2022",2.133,0.000,False
India,Tamil Nadu,Secondary,"PLFS Year (Jul - Jun), 2023",1.900,0.000,False
India,Tamil Nadu,Secondary & Above,"PLFS Year (Jul - Jun), 2017",20.433,0.000,False
India,Tamil Nadu,Secondary & Above,"PLFS Year (Jul - Jun), 2018",18.500,0.000,False
India,Tamil Nadu,Secondary & Above,"PLFS Year (Jul - Jun), 2019",14.267,0.000,False
India,Tamil Nadu,Secondary & Above,"PLFS Year (Jul - Jun), 2020",15.100,0.000,False
India,Tamil Nadu,Secondary & Above,"PLFS Year (Jul - Jun), 2021",11.367,0.000,False
India,Tamil Nadu,Secondary & Above,"PLFS Year (Jul - Jun), 2022",13.300,0.000,False
India,Tamil Nadu,Secondary & Above,"PLFS Year (Jul - Jun), 2023",10.667,0.000,False
India,Telangana,All,"PLFS Year (Jul - Jun), 2017",8.267,0.000,False
India,Telangana,All,"PLFS Year (Jul - Jun), 2018",10.000,0.000,False
India,Telangana,All,"PLFS Year (Jul - Jun), 2019",7.167,0.000,False
India,Telangana,All,"PLFS Year (Jul - Jun), 2020",5.900,0.000,False
India,Telangana,All,"PLFS Year (Jul - Jun), 2021",6.367,0.000,False
India,Telangana,All,"PLFS Year (Jul - Jun), 2022",5.167,0.000,False
India,Telangana,All,"PLFS Year (Jul - Jun), 2023",6.167,0.000,False
India,Telangana,Diploma/ Certificate Course,"PLFS Year (Jul - Jun), 2017",100.000,0.000,False
India,Telangana,Diploma/ Certificate Course,"PLFS Year (Jul - Jun), 2018",14.333,0.000,False
India,Telangana,Diploma/ Certificate Course,"PLFS Year (Jul - Jun), 2019",37.200,0.000,False
India,Telangana,Diploma/ Certificate Course,"PLFS Year (Jul - Jun), 2020",13.767,0.000,False
India,Telangana,Diploma/ Certificate Course,"PLFS Year (Jul - Jun), 2021",0.000,0.000,False
India,Telangana,Diploma/ Certificate Course,"PLFS Year (Jul - Jun), 2022",0.000,0.000,False
India,Telangana,Diploma/ Certificate Course,"PLFS Year (Jul - Jun), 2023",31.933,0.000,False
India,Telangana,Graduate,"PLFS Year (Jul - Jun), 2017",44.967,0.000,False
India,Telangana,Graduate,"PLFS Year (Jul - Jun), 2018",35.967,0.000,False
India,Telangana,Graduate,"PLFS Year (Jul - Jun), 2019",42.667,0.000,False
India,Telangana,Graduate,"PLFS Year (Jul - Jun), 2020",28.667,0.000,False
India,Telangana,Graduate,"PLFS Year (Jul - Jun), 2021",42.900,0.000,False
India,Telangana,Graduate,"PLFS Year (Jul - Jun), 2022",28.933,0.000,False
India,Telangana,Graduate,"PLFS Year (Jul - Jun), 2023",26.967,0.000,False
India,Telangana,Higher Secondary,"PLFS Year (Jul - Jun), 2017",15.467,0.000,False
India,Telangana,Higher Secondary,"PLFS Year (Jul - Jun), 2018",31.000,0.000,False
India,Telangana,Higher Secondary,"PLFS Year (Jul - Jun), 2019",11.633,0.000,False
India,Telangana,Higher Secondary,"PLFS Year (Jul - Jun), 2020",15.167,0.000,False
India,Telangana,Higher Secondary,"PLFS Year (Jul - Jun), 2021",8.300,0.000,False
India,Telangana,Higher Secondary,"PLFS Year (Jul - Jun), 2022",3.467,0.000,False
India,Telangana,Higher Secondary,"PLFS Year (Jul - Jun), 2023",5.600,0.000,False
India,Telangana,Literate & Upto Primary,"PLFS Year (Jul - Jun), 2017",2.600,0.000,False
India,Telangana,Literate & Upto Primary,"PLFS Year (Jul - Jun), 2018",1.500,0.000,False
India,Telangana,Literate & Upto Primary,"PLFS Year (Jul - Jun), 2019",2.467,0.000,False
India,Telangana,Literate & Upto Primary,"PLFS Year (Jul - Jun), 2020",1.367,0.000,False
India,Telangana,Literate & Upto Primary,"PLFS Year (Jul - Jun), 2021",0.000,0.000,False
India,Telangana,Literate & Upto Primary,"PLFS Year (Jul - Jun), 2022",0.233,0.000,False
India,Telangana,Literate & Upto Primary,"PLFS Year (Jul - Jun), 2023",1.167,0.000,False
India,Telangana,Middle,"PLFS Year (Jul - Jun), 2017",7.600,0.000,False
India,Telangana,Middle,"PLFS Year (Jul - Jun), 2018",3.433,0.000,False
India,Telangana,Middle,"PLFS Year (Jul - Jun), 2019",5.300,0.000,False
India,Telangana,Middle,"PLFS Year (Jul - Jun), 2020",5.767,0.000,False
India,Telangana,Middle,"PLFS Year (Jul - Jun), 2021",2.000,0.000,False
India,Telangana,Middle,"PLFS Year (Jul - Jun), 2022",0.967,0.000,False
India,Telangana,Middle,"PLFS Year (Jul - Jun), 2023",0.900,0.000,False
India,Telangana,Not Literate,"PLFS Year (Jul - Jun), 2017",0.267,0.000,False
India,Telangana,Not Literate,"PLFS Year (Jul - Jun), 2018",0.600,0.000,False
India,Telangana,Not Literate,"PLFS Year (Jul - Jun), 2019",0.067,0.000,False
India,Telangana,Not Literate,"PLFS Year (Jul - Jun), 2020",0.000,0.000,False
India,Telangana,Not Literate,"PLFS Year (Jul - Jun), 2021",0.000,0.000,False
India,Telangana,Not Literate,"PLFS Year (Jul - Jun), 2022",0.000,0.000,False
India,Telangana,Not Literate,"PLFS Year (Jul - Jun), 2023",0.000,0.000,False
India,Telangana,Post Graduate & Above,"PLFS Year (Jul - Jun), 2017",57.033,0.000,False
India,Telangana,Post Graduate & Above,"PLFS Year (Jul - Jun), 2018",57.833,0.000,False
India,Telangana,Post Graduate & Above,"PLFS Year (Jul - Jun), 2019",32.467,0.000,False
India,Telangana,Post Graduate & Above,"PLFS Year (Jul - Jun), 2020",23.433,0.000,False
India,Telangana,Post Graduate & Above,"PLFS Year (Jul - Jun), 2021",42.333,0.000,False
India,Telangana,Post Graduate & Above,"PLFS Year (Jul - Jun), 2022",51.900,0.000,False
India,Telangana,Post Graduate & Above,"PLFS Year (Jul - Jun), 2023",48.900,0.000,False
India,Telangana,Secondary,"PLFS Year (Jul - Jun), 2017",8.400,0.000,False
India,Telangana,Secondary,"PLFS Year (Jul - Jun), 2018",10.300,0.000,False
India,Telangana,Secondary,"PLFS Year (Jul - Jun), 2019",2.433,0.000,False
India,Telangana,Secondary,"PLFS Year (Jul - Jun), 2020",6.133,0.000,False
India,Telangana,Secondary,"PLFS Year (Jul - Jun), 2021",0.633,0.000,False
India,Telangana,Secondary,"PLFS Year (Jul - Jun), 2022",0.900,0.000,False
India,Telangana,Secondary,"PLFS Year (Jul - Jun), 2023",0.600,0.000,False
India,Telangana,Secondary & Above,"PLFS Year (Jul - Jun), 2017",25.100,0.000,False
India,Telangana,Secondary & Above,"PLFS Year (Jul - Jun), 2018",27.767,0.000,False
India,Telangana,Secondary & Above,"PLFS Year (Jul - Jun), 2019",17.633,0.000,False
India,Telangana,Secondary & Above,"PLFS Year (Jul - Jun), 2020",14.933,0.000,False
India,Telangana,Secondary & Above,"PLFS Year (Jul - Jun), 2021",16.900,0.000,False
India,Telangana,Secondary & Above,"PLFS Year (Jul - Jun), 2022",12.400,0.000,False
India,Telangana,Secondary & Above,"PLFS Year (Jul - Jun), 2023",14.433,0.000,False
India,The Dadra and Nagar Haveli and Daman and Diu,All,"PLFS Year (Jul - Jun), 2017",1.267,0.000,False
India,The Dadra and Nagar Haveli and Daman and Diu,All,"PLFS Year (Jul - Jun), 2018",1.117,0.000,False
India,The Dadra and Nagar Haveli and Daman and Diu,All,"PLFS Year (Jul - Jun), 2019",1.083,0.000,False
India,The Dadra and Nagar Haveli and Daman and Diu,All,"PLFS Year (Jul - Jun), 2020",2.533,0.000,False
India,The Dadra and Nagar Haveli and Daman and Diu,All,"PLFS Year (Jul - Jun), 2021",9.100,0.000,False
India,The Dadra and Nagar Haveli and Daman and Diu,All,"PLFS Year (Jul - Jun), 2022",5.833,0.000,False
India,The Dadra and Nagar Haveli and Daman and Diu,All,"PLFS Year (Jul - Jun), 2023",1.633,0.000,False
India,The Dadra and Nagar Haveli and Daman and Diu,Diploma/ Certificate Course,"PLFS Year (Jul - Jun), 2017",0.000,0.000,False
India,The Dadra and Nagar Haveli and Daman and Diu,Diploma/ Certificate Course,"PLFS Year (Jul - Jun), 2018",0.000,0.000,False
India,The Dadra and Nagar Haveli and Daman and Diu,Diploma/ Certificate Course,"PLFS Year (Jul - Jun), 2019",0.000,0.000,False
India,The Dadra and Nagar Haveli and Daman and Diu,Diploma/ Certificate Course,"PLFS Year (Jul - Jun), 2020",10.967,0.000,False
India,The Dadra and Nagar Haveli and Daman and Diu,Diploma/ Certificate Course,"PLFS Year (Jul - Jun), 2021",41.333,0.000,False
India,The Dadra and Nagar Haveli and Daman and Diu,Diploma/ Certificate Course,"PLFS Year (Jul - Jun), 2022",0.000,0.000,False
India,The Dadra and Nagar Haveli and Daman and Diu,Diploma/ Certificate Course,"PLFS Year (Jul - Jun), 2023",9.400,0.000,False
India,The Dadra and Nagar Haveli and Daman and Diu,Graduate,"PLFS Year (Jul - Jun), 2017",0.000,0.000,False
India,The Dadra and Nagar Haveli and Daman and Diu,Graduate,"PLFS Year (Jul - Jun), 2018",4.983,0.000,False
India,The Dadra and Nagar Haveli and Daman and Diu,Graduate,"PLFS Year (Jul - Jun), 2019",0.000,0.000,False
India,The Dadra and Nagar Haveli and Daman and Diu,Graduate,"PLFS Year (Jul - Jun), 2020",2.400,0.000,False
India,The Dadra and Nagar Haveli and Daman and Diu,Graduate,"PLFS Year (Jul - Jun), 2021",6.433,0.000,False
India,The Dadra and Nagar Haveli and Daman and Diu,Graduate,"PLFS Year (Jul - Jun), 2022",43.867,0.000,False
India,The Dadra and Nagar Haveli and Daman and Diu,Graduate,"PLFS Year (Jul - Jun), 2023",6.067,0.000,False
India,The Dadra and Nagar Haveli and Daman and Diu,Higher Secondary,"PLFS Year (Jul - Jun), 2017",13.417,0.000,False
India,The Dadra and Nagar Haveli and Daman and Diu,Higher Secondary,"PLFS Year (Jul - Jun), 2018",2.583,0.000,False
India,The Dadra and Nagar Haveli and Daman and Diu,Higher Secondary,"PLFS Year (Jul - Jun), 2019",2.583,0.000,False
India,The Dadra and Nagar Haveli and Daman and Diu,Higher Secondary,"PLFS Year (Jul - Jun), 2020",0.000,0.000,False
India,The Dadra and Nagar Haveli and Daman and Diu,Higher Secondary,"PLFS Year (Jul - Jun), 2021",19.000,0.000,False
India,The Dadra and Nagar Haveli and Daman and Diu,Higher Secondary,"PLFS Year (Jul - Jun), 2022",1.133,0.000,False
India,The Dadra and Nagar Haveli and Daman and Diu,Higher Secondary,"PLFS Year (Jul - Jun), 2023",0.000,0.000,False
India,The Dadra and Nagar Haveli and Daman and Diu,Literate & Upto Primary,"PLFS Year (Jul - Jun), 2017",0.000,0.000,False
India,The Dadra and Nagar Haveli and Daman and Diu,Literate & Upto Primary,"PLFS Year (Jul - Jun), 2018",0.000,0.000,False
India,The Dadra and Nagar Haveli and Daman and Diu,Literate & Upto Primary,"PLFS Year (Jul - Jun), 2019",0.000,0.000,False
India,The Dadra and Nagar Haveli and Daman and Diu,Literate & Upto Primary,"PLFS Year (Jul - Jun), 2020",0.000,0.000,False
India,The Dadra and Nagar Haveli and Daman and Diu,Literate & Upto Primary,"PLFS Year (Jul - Jun), 2021",0.000,0.000,False
India,The Dadra and Nagar Haveli and Daman and Diu,Literate & Upto Primary,"PLFS Year (Jul - Jun), 2022",6.500,0.000,False
India,The Dadra and Nagar Haveli and Daman and Diu,Literate & Upto Primary,"PLFS Year (Jul - Jun), 2023",0.000,0.000,False
India,The Dadra and Nagar Haveli and Daman and Diu,Middle,"PLFS Year (Jul - Jun), 2017",0.000,0.000,False
India,The Dadra and Nagar Haveli and Daman and Diu,Middle,"PLFS Year (Jul - Jun), 2018",0.000,0.000,False
India,The Dadra and Nagar Haveli and Daman and Diu,Middle,"PLFS Year (Jul - Jun), 2019",0.000,0.000,False
India,The Dadra and Nagar Haveli and Daman and Diu,Middle,"PLFS Year (Jul - Jun), 2020",0.000,0.000,False
India,The Dadra and Nagar Haveli and Daman and Diu,Middle,"PLFS Year (Jul - Jun), 2021",3.900,0.000,False
India,The Dadra and Nagar Haveli and Daman and Diu,Middle,"PLFS Year (Jul - Jun), 2022",0.167,0.000,False
India,The Dadra and Nagar Haveli and Daman and Diu,Middle,"PLFS Year (Jul - Jun), 2023",0.000,0.000,False
India,The Dadra and Nagar Haveli and Daman and Diu,Not Literate,"PLFS Year (Jul - Jun), 2017",0.000,0.000,False
India,The Dadra and Nagar Haveli and Daman and Diu,Not Literate,"PLFS Year (Jul - Jun), 2018",0.000,0.000,False
India,The Dadra and Nagar Haveli and Daman and Diu,Not Literate,"PLFS Year (Jul - Jun), 2019",0.000,0.000,False
India,The Dadra and Nagar Haveli and Daman and Diu,Not Literate,"PLFS Year (Jul - Jun), 2020",0.000,0.000,False
India,The Dadra and Nagar Haveli and Daman and Diu,Not Literate,"PLFS Year (Jul - Jun), 2021",12.500,0.000,False
India,The Dadra and Nagar Haveli and Daman and Diu,Not Literate,"PLFS Year (Jul - Jun), 2022",0.000,0.000,False
India,The Dadra and Nagar Haveli and Daman and Diu,Not Literate,"PLFS Year (Jul - Jun), 2023",0.000,0.000,False
India,The Dadra and Nagar Haveli and Daman and Diu,Post Graduate & Above,"PLFS Year (Jul - Jun), 2017",0.000,0.000,False
India,The Dadra and Nagar Haveli and Daman and Diu,Post Graduate & Above,"PLFS Year (Jul - Jun), 2018",0.000,0.000,False
India,The Dadra and Nagar Haveli and Daman and Diu,Post Graduate & Above,"PLFS Year (Jul - Jun), 2019",0.000,0.000,False
India,The Dadra and Nagar Haveli and Daman and Diu,Post Graduate & Above,"PLFS Year (Jul - Jun), 2020",14.300,0.000,False
India,The Dadra and Nagar Haveli and Daman and Diu,Post Graduate & Above,"PLFS Year (Jul - Jun), 2021",0.000,0.000,False
India,The Dadra and Nagar Haveli and Daman and Diu,Post Graduate & Above,"PLFS Year (Jul - Jun), 2022",41.933,0.000,False
India,The Dadra and Nagar Haveli and Daman and Diu,Post Graduate & Above,"PLFS Year (Jul - Jun), 2023",9.667,0.000,False
India,The Dadra and Nagar Haveli and Daman and Diu,Secondary,"PLFS Year (Jul - Jun), 2017",0.000,0.000,False
India,The Dadra and Nagar Haveli and Daman and Diu,Secondary,"PLFS Year (Jul - Jun), 2018",0.000,0.000,False
India,The Dadra and Nagar Haveli and Daman and Diu,Secondary,"PLFS Year (Jul - Jun), 2019",5.583,0.000,False
India,The Dadra and Nagar Haveli and Daman and Diu,Secondary,"PLFS Year (Jul - Jun), 2020",22.500,0.000,False
India,The Dadra and Nagar Haveli and Daman and Diu,Secondary,"PLFS Year (Jul - Jun), 2021",10.133,0.000,False
India,The Dadra and Nagar Haveli and Daman and Diu,Secondary,"PLFS Year (Jul - Jun), 2022",0.000,0.000,False
India,The Dadra and Nagar Haveli and Daman and Diu,Secondary,"PLFS Year (Jul - Jun), 2023",0.000,0.000,False
India,The Dadra and Nagar Haveli and Daman and Diu,Secondary & Above,"PLFS Year (Jul - Jun), 2017",5.050,0.000,False
India,The Dadra and Nagar Haveli and Daman and Diu,Secondary & Above,"PLFS Year (Jul - Jun), 2018",3.100,0.000,False
India,The Dadra and Nagar Haveli and Daman and Diu,Secondary & Above,"PLFS Year (Jul - Jun), 2019",3.183,0.000,False
India,The Dadra and Nagar Haveli and Daman and Diu,Secondary & Above,"PLFS Year (Jul - Jun), 2020",6.167,0.000,False
India,The Dadra and Nagar Haveli and Daman and Diu,Secondary & Above,"PLFS Year (Jul - Jun), 2021",14.033,0.000,False
India,The Dadra and Nagar Haveli and Daman and Diu,Secondary & Above,"PLFS Year (Jul - Jun), 2022",14.433,0.000,False
India,The Dadra and Nagar Haveli and Daman and Diu,Secondary & Above,"PLFS Year (Jul - Jun), 2023",3.900,0.000,False
India,Tripura,All,"PLFS Year (Jul - Jun), 2017",13.100,0.000,False
India,Tripura,All,"PLFS Year (Jul - Jun), 2018",29.067,0.000,False
India,Tripura,All,"PLFS Year (Jul - Jun), 2019",3.133,0.000,False
India,Tripura,All,"PLFS Year (Jul - Jun), 2020",3.633,0.000,False
India,Tripura,All,"PLFS Year (Jul - Jun), 2021",4.633,0.000,False
India,Tripura,All,"PLFS Year (Jul - Jun), 2022",1.833,0.000,False
India,Tripura,All,"PLFS Year (Jul - Jun), 2023",2.400,0.000,False
India,Tripura,Diploma/ Certificate Course,"PLFS Year (Jul - Jun), 2017",75.400,0.000,False
India,Tripura,Diploma/ Certificate Course,"PLFS Year (Jul - Jun), 2018",66.667,0.000,False
India,Tripura,Diploma/ Certificate Course,"PLFS Year (Jul - Jun), 2019",38.400,0.000,False
India,Tripura,Diploma/ Certificate Course,"PLFS Year (Jul - Jun), 2020",49.667,0.000,False
India,Tripura,Diploma/ Certificate Course,"PLFS Year (Jul - Jun), 2021",17.067,0.000,False
India,Tripura,Diploma/ Certificate Course,"PLFS Year (Jul - Jun), 2022",0.000,0.000,False
India,Tripura,Diploma/ Certificate Course,"PLFS Year (Jul - Jun), 2023",19.500,0.000,False
India,Tripura,Graduate,"PLFS Year (Jul - Jun), 2017",15.033,0.000,False
India,Tripura,Graduate,"PLFS Year (Jul - Jun), 2018",36.233,0.000,False
India,Tripura,Graduate,"PLFS Year (Jul - Jun), 2019",17.133,0.000,False
India,Tripura,Graduate,"PLFS Year (Jul - Jun), 2020",23.867,0.000,False
India,Tripura,Graduate,"PLFS Year (Jul - Jun), 2021",28.100,0.000,False
India,Tripura,Graduate,"PLFS Year (Jul - Jun), 2022",10.367,0.000,False
India,Tripura,Graduate,"PLFS Year (Jul - Jun), 2023",19.800,0.000,False
India,Tripura,Higher Secondary,"PLFS Year (Jul - Jun), 2017",28.667,0.000,False
India,Tripura,Higher Secondary,"PLFS Year (Jul - Jun), 2018",59.633,0.000,False
India,Tripura,Higher Secondary,"PLFS Year (Jul - Jun), 2019",6.467,0.000,False
India,Tripura,Higher Secondary,"PLFS Year (Jul - Jun), 2020",0.600,0.000,False
India,Tripura,Higher Secondary,"PLFS Year (Jul - Jun), 2021",0.467,0.000,False
India,Tripura,Higher Secondary,"PLFS Year (Jul - Jun), 2022",0.000,0.000,False
India,Tripura,Higher Secondary,"PLFS Year (Jul - Jun), 2023",7.333,0.000,False
India,Tripura,Literate & Upto Primary,"PLFS Year (Jul - Jun), 2017",2.333,0.000,False
India,Tripura,Literate & Upto Primary,"PLFS Year (Jul - Jun), 2018",13.900,0.000,False
India,Tripura,Literate & Upto Primary,"PLFS Year (Jul - Jun), 2019",0.000,0.000,False
India,Tripura,Literate & Upto Primary,"PLFS Year (Jul - Jun), 2020",0.000,0.000,False
India,Tripura,Literate & Upto Primary,"PLFS Year (Jul - Jun), 2021",0.433,0.000,False
India,Tripura,Literate & Upto Primary,"PLFS Year (Jul - Jun), 2022",0.000,0.000,False
India,Tripura,Literate & Upto Primary,"PLFS Year (Jul - Jun), 2023",0.000,0.000,False
India,Tripura,Middle,"PLFS Year (Jul - Jun), 2017",16.133,0.000,False
India,Tripura,Middle,"PLFS Year (Jul - Jun), 2018",41.867,0.000,False
India,Tripura,Middle,"PLFS Year (Jul - Jun), 2019",3.733,0.000,False
India,Tripura,Middle,"PLFS Year (Jul - Jun), 2020",3.600,0.000,False
India,Tripura,Middle,"PLFS Year (Jul - Jun), 2021",4.000,0.000,False
India,Tripura,Middle,"PLFS Year (Jul - Jun), 2022",0.000,0.000,False
India,Tripura,Middle,"PLFS Year (Jul - Jun), 2023",0.000,0.000,False
India,Tripura,Not Literate,"PLFS Year (Jul - Jun), 2017",1.933,0.000,False
India,Tripura,Not Literate,"PLFS Year (Jul - Jun), 2018",6.000,0.000,False
India,Tripura,Not Literate,"PLFS Year (Jul - Jun), 2019",0.000,0.000,False
India,Tripura,Not Literate,"PLFS Year (Jul - Jun), 2020",0.000,0.000,False
India,Tripura,Not Literate,"PLFS Year (Jul - Jun), 2021",0.000,0.000,False
India,Tripura,Not Literate,"PLFS Year (Jul - Jun), 2022",0.000,0.000,False
India,Tripura,Not Literate,"PLFS Year (Jul - Jun), 2023",0.000,0.000,False
India,Tripura,Post Graduate & Above,"PLFS Year (Jul - Jun), 2017",26.333,0.000,False
India,Tripura,Post Graduate & Above,"PLFS Year (Jul - Jun), 2018",5.967,0.000,False
India,Tripura,Post Graduate & Above,"PLFS Year (Jul - Jun), 2019",9.267,0.000,False
India,Tripura,Post Graduate & Above,"PLFS Year (Jul - Jun), 2020",31.600,0.000,False
India,Tripura,Post Graduate & Above,"PLFS Year (Jul - Jun), 2021",27.000,0.000,False
India,Tripura,Post Graduate & Above,"PLFS Year (Jul - Jun), 2022",13.967,0.000,False
India,Tripura,Post Graduate & Above,"PLFS Year (Jul - Jun), 2023",25.000,0.000,False
India,Tripura,Secondary,"PLFS Year (Jul - Jun), 2017",32.933,0.000,False
India,Tripura,Secondary,"PLFS Year (Jul - Jun), 2018",38.467,0.000,False
India,Tripura,Secondary,"PLFS Year (Jul - Jun), 2019",1.033,0.000,False
India,Tripura,Secondary,"PLFS Year (Jul - Jun), 2020",0.633,0.000,False
India,Tripura,Secondary,"PLFS Year (Jul - Jun), 2021",0.700,0.000,False
India,Tripura,Secondary,"PLFS Year (Jul - Jun), 2022",0.367,0.000,False
India,Tripura,Secondary,"PLFS Year (Jul - Jun), 2023",0.000,0.000,False
India,Tripura,Secondary & Above,"PLFS Year (Jul - Jun), 2017",25.967,0.000,False
India,Tripura,Secondary & Above,"PLFS Year (Jul - Jun), 2018",38.500,0.000,False
India,Tripura,Secondary & Above,"PLFS Year (Jul - Jun), 2019",9.100,0.000,False
India,Tripura,Secondary & Above,"PLFS Year (Jul - Jun), 2020",11.167,0.000,False
India,Tripura,Secondary & Above,"PLFS Year (Jul - Jun), 2021",13.933,0.000,False
India,Tripura,Secondary & Above,"PLFS Year (Jul - Jun), 2022",7.000,0.000,False
India,Tripura,Secondary & Above,"PLFS Year (Jul - Jun), 2023",10.667,0.000,False
India,Uttar Pradesh,All,"PLFS Year (Jul - Jun), 2017",5.067,0.000,False
India,Uttar Pradesh,All,"PLFS Year (Jul - Jun), 2018",3.333,0.000,False
India,Uttar Pradesh,All,"PLFS Year (Jul - Jun), 2019",4.667,0.000,False
India,Uttar Pradesh,All,"PLFS Year (Jul - Jun), 2020",5.867,0.000,False
India,Uttar Pradesh,All,"PLFS Year (Jul - Jun), 2021",3.900,0.000,False
India,Uttar Pradesh,All,"PLFS Year (Jul - Jun), 2022",4.433,0.000,False
India,Uttar Pradesh,All,"PLFS Year (Jul - Jun), 2023",5.000,0.000,False
India,Uttar Pradesh,Diploma/ Certificate Course,"PLFS Year (Jul - Jun), 2017",0.000,0.000,False
India,Uttar Pradesh,Diploma/ Certificate Course,"PLFS Year (Jul - Jun), 2018",0.000,0.000,False
India,Uttar Pradesh,Diploma/ Certificate Course,"PLFS Year (Jul - Jun), 2019",57.000,0.000,False
India,Uttar Pradesh,Diploma/ Certificate Course,"PLFS Year (Jul - Jun), 2020",73.267,0.000,False
India,Uttar Pradesh,Diploma/ Certificate Course,"PLFS Year (Jul - Jun), 2021",13.900,0.000,False
India,Uttar Pradesh,Diploma/ Certificate Course,"PLFS Year (Jul - Jun), 2022",5.067,0.000,False
India,Uttar Pradesh,Diploma/ Certificate Course,"PLFS Year (Jul - Jun), 2023",46.833,0.000,False
India,Uttar Pradesh,Graduate,"PLFS Year (Jul - Jun), 2017",14.933,0.000,False
India,Uttar Pradesh,Graduate,"PLFS Year (Jul - Jun), 2018",20.533,0.000,False
India,Uttar Pradesh,Graduate,"PLFS Year (Jul - Jun), 2019",20.500,0.000,False
India,Uttar Pradesh,Graduate,"PLFS Year (Jul - Jun), 2020",27.967,0.000,False
India,Uttar Pradesh,Graduate,"PLFS Year (Jul - Jun), 2021",19.333,0.000,False
India,Uttar Pradesh,Graduate,"PLFS Year (Jul - Jun), 2022",22.433,0.000,False
India,Uttar Pradesh,Graduate,"PLFS Year (Jul - Jun), 2023",22.667,0.000,False
India,Uttar Pradesh,Higher Secondary,"PLFS Year (Jul - Jun), 2017",7.833,0.000,False
India,Uttar Pradesh,Higher Secondary,"PLFS Year (Jul - Jun), 2018",6.900,0.000,False
India,Uttar Pradesh,Higher Secondary,"PLFS Year (Jul - Jun), 2019",4.267,0.000,False
India,Uttar Pradesh,Higher Secondary,"PLFS Year (Jul - Jun), 2020",2.567,0.000,False
India,Uttar Pradesh,Higher Secondary,"PLFS Year (Jul - Jun), 2021",2.267,0.000,False
India,Uttar Pradesh,Higher Secondary,"PLFS Year (Jul - Jun), 2022",4.233,0.000,False
India,Uttar Pradesh,Higher Secondary,"PLFS Year (Jul - Jun), 2023",1.833,0.000,False
India,Uttar Pradesh,Literate & Upto Primary,"PLFS Year (Jul - Jun), 2017",0.567,0.000,False
India,Uttar Pradesh,Literate & Upto Primary,"PLFS Year (Jul - Jun), 2018",0.500,0.000,False
India,Uttar Pradesh,Literate & Upto Primary,"PLFS Year (Jul - Jun), 2019",1.167,0.000,False
India,Uttar Pradesh,Literate & Upto Primary,"PLFS Year (Jul - Jun), 2020",0.867,0.000,False
India,Uttar Pradesh,Literate & Upto Primary,"PLFS Year (Jul - Jun), 2021",0.000,0.000,False
India,Uttar Pradesh,Literate & Upto Primary,"PLFS Year (Jul - Jun), 2022",0.000,0.000,False
India,Uttar Pradesh,Literate & Upto Primary,"PLFS Year (Jul - Jun), 2023",0.000,0.000,False
India,Uttar Pradesh,Middle,"PLFS Year (Jul - Jun), 2017",1.633,0.000,False
India,Uttar Pradesh,Middle,"PLFS Year (Jul - Jun), 2018",0.467,0.000,False
India,Uttar Pradesh,Middle,"PLFS Year (Jul - Jun), 2019",0.700,0.000,False
India,Uttar Pradesh,Middle,"PLFS Year (Jul - Jun), 2020",0.433,0.000,False
India,Uttar Pradesh,Middle,"PLFS Year (Jul - Jun), 2021",0.900,0.000,False
India,Uttar Pradesh,Middle,"PLFS Year (Jul - Jun), 2022",0.467,0.000,False
India,Uttar Pradesh,Middle,"PLFS Year (Jul - Jun), 2023",0.400,0.000,False
India,Uttar Pradesh,Not Literate,"PLFS Year (Jul - Jun), 2017",0.433,0.000,False
India,Uttar Pradesh,Not Literate,"PLFS Year (Jul - Jun), 2018",0.267,0.000,False
India,Uttar Pradesh,Not Literate,"PLFS Year (Jul - Jun), 2019",0.300,0.000,False
India,Uttar Pradesh,Not Literate,"PLFS Year (Jul - Jun), 2020",0.233,0.000,False
India,Uttar Pradesh,Not Literate,"PLFS Year (Jul - Jun), 2021",0.000,0.000,False
India,Uttar Pradesh,Not Literate,"PLFS Year (Jul - Jun), 2022",0.000,0.000,False
India,Uttar Pradesh,Not Literate,"PLFS Year (Jul - Jun), 2023",0.000,0.000,False
India,Uttar Pradesh,Post Graduate & Above,"PLFS Year (Jul - Jun), 2017",23.100,0.000,False
India,Uttar Pradesh,Post Graduate & Above,"PLFS Year (Jul - Jun), 2018",13.933,0.000,False
India,Uttar Pradesh,Post Graduate & Above,"PLFS Year (Jul - Jun), 2019",18.933,0.000,False
India,Uttar Pradesh,Post Graduate & Above,"PLFS Year (Jul - Jun), 2020",18.633,0.000,False
India,Uttar Pradesh,Post Graduate & Above,"PLFS Year (Jul - Jun), 2021",19.733,0.000,False
India,Uttar Pradesh,Post Graduate & Above,"PLFS Year (Jul - Jun), 2022",14.733,0.000,False
India,Uttar Pradesh,Post Graduate & Above,"PLFS Year (Jul - Jun), 2023",34.933,0.000,False
India,Uttar Pradesh,Secondary,"PLFS Year (Jul - Jun), 2017",1.700,0.000,False
India,Uttar Pradesh,Secondary,"PLFS Year (Jul - Jun), 2018",0.733,0.000,False
India,Uttar Pradesh,Secondary,"PLFS Year (Jul - Jun), 2019",2.067,0.000,False
India,Uttar Pradesh,Secondary,"PLFS Year (Jul - Jun), 2020",0.600,0.000,False
India,Uttar Pradesh,Secondary,"PLFS Year (Jul - Jun), 2021",0.567,0.000,False
India,Uttar Pradesh,Secondary,"PLFS Year (Jul - Jun), 2022",1.767,0.000,False
India,Uttar Pradesh,Secondary,"PLFS Year (Jul - Jun), 2023",0.000,0.000,False
India,Uttar Pradesh,Secondary & Above,"PLFS Year (Jul - Jun), 2017",12.667,0.000,False
India,Uttar Pradesh,Secondary & Above,"PLFS Year (Jul - Jun), 2018",11.233,0.000,False
India,Uttar Pradesh,Secondary & Above,"PLFS Year (Jul - Jun), 2019",12.533,0.000,False
India,Uttar Pradesh,Secondary & Above,"PLFS Year (Jul - Jun), 2020",15.200,0.000,False
India,Uttar Pradesh,Secondary & Above,"PLFS Year (Jul - Jun), 2021",10.800,0.000,False
India,Uttar Pradesh,Secondary & Above,"PLFS Year (Jul - Jun), 2022",11.333,0.000,False
India,Uttar Pradesh,Secondary & Above,"PLFS Year (Jul - Jun), 2023",13.333,0.000,False
India,Uttarakhand,All,"PLFS Year (Jul - Jun), 2017",14.033,0.000,False
India,Uttarakhand,All,"PLFS Year (Jul - Jun), 2018",20.100,0.000,False
India,Uttarakhand,All,"PLFS Year (Jul - Jun), 2019",8.333,0.000,False
India,Uttarakhand,All,"PLFS Year (Jul - Jun), 2020",6.933,0.000,False
India,Uttarakhand,All,"PLFS Year (Jul - Jun), 2021",7.967,0.000,False
India,Uttarakhand,All,"PLFS Year (Jul - Jun), 2022",5.967,0.000,False
India,Uttarakhand,All,"PLFS Year (Jul - Jun), 2023",6.600,0.000,False
India,Uttarakhand,Diploma/ Certificate Course,"PLFS Year (Jul - Jun), 2017",0.000,0.000,False
India,Uttarakhand,Diploma/ Certificate Course,"PLFS Year (Jul - Jun), 2018",0.000,0.000,False
India,Uttarakhand,Diploma/ Certificate Course,"PLFS Year (Jul - Jun), 2019",100.000,0.000,False
India,Uttarakhand,Diploma/ Certificate Course,"PLFS Year (Jul - Jun), 2020",0.000,0.000,False
India,Uttarakhand,Diploma/ Certificate Course,"PLFS Year (Jul - Jun), 2021",49.700,0.000,False
India,Uttarakhand,Diploma/ Certificate Course,"PLFS Year (Jul - Jun), 2022",0.000,0.000,False
India,Uttarakhand,Diploma/ Certificate Course,"PLFS Year (Jul - Jun), 2023",0.000,0.000,False
India,Uttarakhand,Graduate,"PLFS Year (Jul - Jun), 2017",32.500,0.000,False
India,Uttarakhand,Graduate,"PLFS Year (Jul - Jun), 2018",43.033,0.000,False
India,Uttarakhand,Graduate,"PLFS Year (Jul - Jun), 2019",28.833,0.000,False
India,Uttarakhand,Graduate,"PLFS Year (Jul - Jun), 2020",22.933,0.000,False
India,Uttarakhand,Graduate,"PLFS Year (Jul - Jun), 2021",11.500,0.000,False
India,Uttarakhand,Graduate,"PLFS Year (Jul - Jun), 2022",19.833,0.000,False
India,Uttarakhand,Graduate,"PLFS Year (Jul - Jun), 2023",16.367,0.000,False
India,Uttarakhand,Higher Secondary,"PLFS Year (Jul - Jun), 2017",15.467,0.000,False
India,Uttarakhand,Higher Secondary,"PLFS Year (Jul - Jun), 2018",25.467,0.000,False
India,Uttarakhand,Higher Secondary,"PLFS Year (Jul - Jun), 2019",12.133,0.000,False
India,Uttarakhand,Higher Secondary,"PLFS Year (Jul - Jun), 2020",7.400,0.000,False
India,Uttarakhand,Higher Secondary,"PLFS Year (Jul - Jun), 2021",9.700,0.000,False
India,Uttarakhand,Higher Secondary,"PLFS Year (Jul - Jun), 2022",2.200,0.000,False
India,Uttarakhand,Higher Secondary,"PLFS Year (Jul - Jun), 2023",4.233,0.000,False
India,Uttarakhand,Literate & Upto Primary,"PLFS Year (Jul - Jun), 2017",0.000,0.000,False
India,Uttarakhand,Literate & Upto Primary,"PLFS Year (Jul - Jun), 2018",8.333,0.000,False
India,Uttarakhand,Literate & Upto Primary,"PLFS Year (Jul - Jun), 2019",1.900,0.000,False
India,Uttarakhand,Literate & Upto Primary,"PLFS Year (Jul - Jun), 2020",0.000,0.000,False
India,Uttarakhand,Literate & Upto Primary,"PLFS Year (Jul - Jun), 2021",4.733,0.000,False
India,Uttarakhand,Literate & Upto Primary,"PLFS Year (Jul - Jun), 2022",1.900,0.000,False
India,Uttarakhand,Literate & Upto Primary,"PLFS Year (Jul - Jun), 2023",0.000,0.000,False
India,Uttarakhand,Middle,"PLFS Year (Jul - Jun), 2017",2.200,0.000,False
India,Uttarakhand,Middle,"PLFS Year (Jul - Jun), 2018",20.633,0.000,False
India,Uttarakhand,Middle,"PLFS Year (Jul - Jun), 2019",4.033,0.000,False
India,Uttarakhand,Middle,"PLFS Year (Jul - Jun), 2020",0.000,0.000,False
India,Uttarakhand,Middle,"PLFS Year (Jul - Jun), 2021",3.833,0.000,False
India,Uttarakhand,Middle,"PLFS Year (Jul - Jun), 2022",1.667,0.000,False
India,Uttarakhand,Middle,"PLFS Year (Jul - Jun), 2023",2.300,0.000,False
India,Uttarakhand,Not Literate,"PLFS Year (Jul - Jun), 2017",0.000,0.000,False
India,Uttarakhand,Not Literate,"PLFS Year (Jul - Jun), 2018",1.667,0.000,False
India,Uttarakhand,Not Literate,"PLFS Year (Jul - Jun), 2019",0.500,0.000,False
India,Uttarakhand,Not Literate,"PLFS Year (Jul - Jun), 2020",0.433,0.000,False
India,Uttarakhand,Not Literate,"PLFS Year (Jul - Jun), 2021",0.000,0.000,False
India,Uttarakhand,Not Literate,"PLFS Year (Jul - Jun), 2022",2.500,0.000,False
India,Uttarakhand,Not Literate,"PLFS Year (Jul - Jun), 2023",0.867,0.000,False
India,Uttarakhand,Post Graduate & Above,"PLFS Year (Jul - Jun), 2017",49.633,0.000,False
India,Uttarakhand,Post Graduate & Above,"PLFS Year (Jul - Jun), 2018",36.200,0.000,False
India,Uttarakhand,Post Graduate & Above,"PLFS Year (Jul - Jun), 2019",10.900,0.000,False
India,Uttarakhand,Post Graduate & Above,"PLFS Year (Jul - Jun), 2020",26.167,0.000,False
India,Uttarakhand,Post Graduate & Above,"PLFS Year (Jul - Jun), 2021",21.067,0.000,False
India,Uttarakhand,Post Graduate & Above,"PLFS Year (Jul - Jun), 2022",15.233,0.000,False
India,Uttarakhand,Post Graduate & Above,"PLFS Year (Jul - Jun), 2023",12.967,0.000,False
India,Uttarakhand,Secondary,"PLFS Year (Jul - Jun), 2017",7.067,0.000,False
India,Uttarakhand,Secondary,"PLFS Year (Jul - Jun), 2018",5.733,0.000,False
India,Uttarakhand,Secondary,"PLFS Year (Jul - Jun), 2019",6.067,0.000,False
India,Uttarakhand,Secondary,"PLFS Year (Jul - Jun), 2020",1.733,0.000,False
India,Uttarakhand,Secondary,"PLFS Year (Jul - Jun), 2021",1.433,0.000,False
India,Uttarakhand,Secondary,"PLFS Year (Jul - Jun), 2022",7.233,0.000,False
India,Uttarakhand,Secondary,"PLFS Year (Jul - Jun), 2023",12.067,0.000,False
India,Uttarakhand,Secondary & Above,"PLFS Year (Jul - Jun), 2017",26.267,0.000,False
India,Uttarakhand,Secondary & Above,"PLFS Year (Jul - Jun), 2018",31.133,0.000,False
India,Uttarakhand,Secondary & Above,"PLFS Year (Jul - Jun), 2019",15.533,0.000,False
India,Uttarakhand,Secondary & Above,"PLFS Year (Jul - Jun), 2020",15.467,0.000,False
India,Uttarakhand,Secondary & Above,"PLFS Year (Jul - Jun), 2021",13.033,0.000,False
India,Uttarakhand,Secondary & Above,"PLFS Year (Jul - Jun), 2022",9.200,0.000,False
India,Uttarakhand,Secondary & Above,"PLFS Year (Jul - Jun), 2023",10.933,0.000,False
India,West Bengal,All,"PLFS Year (Jul - Jun), 2017",3.567,0.000,False
India,West Bengal,All,"PLFS Year (Jul - Jun), 2018",2.467,0.000,False
India,West Bengal,All,"PLFS Year (Jul - Jun), 2019",3.767,0.000,False
India,West Bengal,All,"PLFS Year (Jul - Jun), 2020",2.467,0.000,False
India,West Bengal,All,"PLFS Year (Jul - Jun), 2021",2.200,0.000,False
India,West Bengal,All,"PLFS Year (Jul - Jun), 2022",2.633,0.000,False
India,West Bengal,All,"PLFS Year (Jul - Jun), 2023",3.433,0.000,False
India,West Bengal,Diploma/ Certificate Course,"PLFS Year (Jul - Jun), 2017",23.133,0.000,False
India,West Bengal,Diploma/ Certificate Course,"PLFS Year (Jul - Jun), 2018",28.067,0.000,False
India,West Bengal,Diploma/ Certificate Course,"PLFS Year (Jul - Jun), 2019",17.200,0.000,False
India,West Bengal,Diploma/ Certificate Course,"PLFS Year (Jul - Jun), 2020",0.000,0.000,False
India,West Bengal,Diploma/ Certificate Course,"PLFS Year (Jul - Jun), 2021",3.167,0.000,False
India,West Bengal,Diploma/ Certificate Course,"PLFS Year (Jul - Jun), 2022",0.933,0.000,False
India,West Bengal,Diploma/ Certificate Course,"PLFS Year (Jul - Jun), 2023",10.767,0.000,False
India,West Bengal,Graduate,"PLFS Year (Jul - Jun), 2017",15.200,0.000,False
India,West Bengal,Graduate,"PLFS Year (Jul - Jun), 2018",17.033,0.000,False
India,West Bengal,Graduate,"PLFS Year (Jul - Jun), 2019",17.500,0.000,False
India,West Bengal,Graduate,"PLFS Year (Jul - Jun), 2020",19.300,0.000,False
India,West Bengal,Graduate,"PLFS Year (Jul - Jun), 2021",14.367,0.000,False
India,West Bengal,Graduate,"PLFS Year (Jul - Jun), 2022",12.867,0.000,False
India,West Bengal,Graduate,"PLFS Year (Jul - Jun), 2023",12.900,0.000,False
India,West Bengal,Higher Secondary,"PLFS Year (Jul - Jun), 2017",9.467,0.000,False
India,West Bengal,Higher Secondary,"PLFS Year (Jul - Jun), 2018",6.233,0.000,False
India,West Bengal,Higher Secondary,"PLFS Year (Jul - Jun), 2019",5.667,0.000,False
India,West Bengal,Higher Secondary,"PLFS Year (Jul - Jun), 2020",5.067,0.000,False
India,West Bengal,Higher Secondary,"PLFS Year (Jul - Jun), 2021",4.433,0.000,False
India,West Bengal,Higher Secondary,"PLFS Year (Jul - Jun), 2022",6.600,0.000,False
India,West Bengal,Higher Secondary,"PLFS Year (Jul - Jun), 2023",8.333,0.000,False
India,West Bengal,Literate & Upto Primary,"PLFS Year (Jul - Jun), 2017",0.033,0.000,False
India,West Bengal,Literate & Upto Primary,"PLFS Year (Jul - Jun), 2018",0.267,0.000,False
India,West Bengal,Literate & Upto Primary,"PLFS Year (Jul - Jun), 2019",0.800,0.000,False
India,West Bengal,Literate & Upto Primary,"PLFS Year (Jul - Jun), 2020",0.300,0.000,False
India,West Bengal,Literate & Upto Primary,"PLFS Year (Jul - Jun), 2021",0.000,0.000,False
India,West Bengal,Literate & Upto Primary,"PLFS Year (Jul - Jun), 2022",0.733,0.000,False
India,West Bengal,Literate & Upto Primary,"PLFS Year (Jul - Jun), 2023",0.833,0.000,False
India,West Bengal,Middle,"PLFS Year (Jul - Jun), 2017",3.300,0.000,False
India,West Bengal,Middle,"PLFS Year (Jul - Jun), 2018",1.000,0.000,False
India,West Bengal,Middle,"PLFS Year (Jul - Jun), 2019",4.233,0.000,False
India,West Bengal,Middle,"PLFS Year (Jul - Jun), 2020",0.200,0.000,False
India,West Bengal,Middle,"PLFS Year (Jul - Jun), 2021",0.100,0.000,False
India,West Bengal,Middle,"PLFS Year (Jul - Jun), 2022",1.400,0.000,False
India,West Bengal,Middle,"PLFS Year (Jul - Jun), 2023",2.167,0.000,False
India,West Bengal,Not Literate,"PLFS Year (Jul - Jun), 2017",0.300,0.000,False
India,West Bengal,Not Literate,"PLFS Year (Jul - Jun), 2018",0.000,0.000,False
India,West Bengal,Not Literate,"PLFS Year (Jul - Jun), 2019",0.200,0.000,False
India,West Bengal,Not Literate,"PLFS Year (Jul - Jun), 2020",0.000,0.000,False
India,West Bengal,Not Literate,"PLFS Year (Jul - Jun), 2021",0.000,0.000,False
India,West Bengal,Not Literate,"PLFS Year (Jul - Jun), 2022",0.033,0.000,False
India,West Bengal,Not Literate,"PLFS Year (Jul - Jun), 2023",0.067,0.000,False
India,West Bengal,Post Graduate & Above,"PLFS Year (Jul - Jun), 2017",33.367,0.000,False
India,West Bengal,Post Graduate & Above,"PLFS Year (Jul - Jun), 2018",11.133,0.000,False
India,West Bengal,Post Graduate & Above,"PLFS Year (Jul - Jun), 2019",14.267,0.000,False
India,West Bengal,Post Graduate & Above,"PLFS Year (Jul - Jun), 2020",16.367,0.000,False
India,West Bengal,Post Graduate & Above,"PLFS Year (Jul - Jun), 2021",14.900,0.000,False
India,West Bengal,Post Graduate & Above,"PLFS Year (Jul - Jun), 2022",11.400,0.000,False
India,West Bengal,Post Graduate & Above,"PLFS Year (Jul - Jun), 2023",16.133,0.000,False
India,West Bengal,Secondary,"PLFS Year (Jul - Jun), 2017",4.467,0.000,False
India,West Bengal,Secondary,"PLFS Year (Jul - Jun), 2018",2.867,0.000,False
India,West Bengal,Secondary,"PLFS Year (Jul - Jun), 2019",4.133,0.000,False
India,West Bengal,Secondary,"PLFS Year (Jul - Jun), 2020",1.800,0.000,False
India,West Bengal,Secondary,"PLFS Year (Jul - Jun), 2021",2.733,0.000,False
India,West Bengal,Secondary,"PLFS Year (Jul - Jun), 2022",1.733,0.000,False
India,West Bengal,Secondary,"PLFS Year (Jul - Jun), 2023",5.967,0.000,False
India,West Bengal,Secondary & Above,"PLFS Year (Jul - Jun), 2017",11.867,0.000,False
India,West Bengal,Secondary & Above,"PLFS Year (Jul - Jun), 2018",9.267,0.000,False
India,West Bengal,Secondary & Above,"PLFS Year (Jul - Jun), 2019",10.600,0.000,False
India,West Bengal,Secondary & Above,"PLFS Year (Jul - Jun), 2020",9.267,0.000,False
India,West Bengal,Secondary & Above,"PLFS Year (Jul - Jun), 2021",7.900,0.000,False
India,West Bengal,Secondary & Above,"PLFS Year (Jul - Jun), 2022",7.000,0.000,False
India,West Bengal,Secondary & Above,"PLFS Year (Jul - Jun), 2023",9.300,0.000,False
India,Andaman and Nicobar Islands,All,All_Years,26.224,0.000,True
India,Andaman and Nicobar Islands,Diploma/ Certificate Course,All_Years,29.371,0.000,True
India,Andaman and Nicobar Islands,Graduate,All_Years,50.681,0.000,True
India,Andaman and Nicobar Islands,Higher Secondary,All_Years,39.529,0.000,True
India,Andaman and Nicobar Islands,Literate & Upto Primary,All_Years,4.610,0.000,True
India,Andaman and Nicobar Islands,Middle,All_Years,9.014,0.000,True
India,Andaman and Nicobar Islands,Not Literate,All_Years,1.019,0.000,True
India,Andaman and Nicobar Islands,Post Graduate & Above,All_Years,37.424,0.000,True
India,Andaman and Nicobar Islands,Secondary,All_Years,27.800,0.000,True
India,Andaman and Nicobar Islands,Secondary & Above,All_Years,39.305,0.000,True
India,Andhra Pradesh,All,All_Years,4.862,0.000,True
India,Andhra Pradesh,Diploma/ Certificate Course,All_Years,26.000,0.000,True
India,Andhra Pradesh,Graduate,All_Years,35.414,0.000,True
India,Andhra Pradesh,Higher Secondary,All_Years,9.243,0.000,True
India,Andhra Pradesh,Literate & Upto Primary,All_Years,0.148,0.000,True
India,Andhra Pradesh,Middle,All_Years,0.381,0.000,True
India,Andhra Pradesh,Not Literate,All_Years,0.057,0.000,True
India,Andhra Pradesh,Post Graduate & Above,All_Years,28.005,0.000,True
India,Andhra Pradesh,Secondary,All_Years,1.852,0.000,True
India,Andhra Pradesh,Secondary & Above,All_Years,16.981,0.000,True
India,Arunachal Pradesh,All,All_Years,11.890,0.000,True
India,Arunachal Pradesh,Diploma/ Certificate Course,All_Years,3.143,0.000,True
India,Arunachal Pradesh,Graduate,All_Years,47.043,0.000,True
India,Arunachal Pradesh,Higher Secondary,All_Years,17.748,0.000,True
India,Arunachal Pradesh,Literate & Upto Primary,All_Years,1.729,0.000,True
India,Arunachal Pradesh,Middle,All_Years,4.852,0.000,True
India,Arunachal Pradesh,Not Literate,All_Years,1.862,0.000,True
India,Arunachal Pradesh,Post Graduate & Above,All_Years,45.462,0.000,True
India,Arunachal Pradesh,Secondary,All_Years,10.462,0.000,True
India,Arunachal Pradesh,Secondary & Above,All_Years,28.714,0.000,True
India,Assam,All,All_Years,9.976,0.000,True
India,Assam,Diploma/ Certificate Course,All_Years,12.643,0.000,True
India,Assam,Graduate,All_Years,26.133,0.000,True
India,Assam,Higher Secondary,All_Years,18.581,0.000,True
India,Assam,Literate & Upto Primary,All_Years,1.814,0.000,True
India,Assam,Middle,All_Years,9.557,0.000,True
India,Assam,Not Literate,All_Years,2.729,0.000,True
India,Assam,Post Graduate & Above,All_Years,24.586,0.000,True
India,Assam,Secondary,All_Years,11.629,0.000,True
India,Assam,Secondary & Above,All_Years,18.695,0.000,True
India,Bihar,All,All_Years,4.995,0.000,True
India,Bihar,Diploma/ Certificate Course,All_Years,20.571,0.000,True
India,Bihar,Graduate,All_Years,25.014,0.000,True
India,Bihar,Higher Secondary,All_Years,3.967,0.000,True
India,Bihar,Literate & Upto Primary,All_Years,1.414,0.000,True
India,Bihar,Middle,All_Years,3.333,0.000,True
India,Bihar,Not Literate,All_Years,0.252,0.000,True
India,Bihar,Post Graduate & Above,All_Years,12.681,0.000,True
India,Bihar,Secondary,All_Years,1.405,0.000,True
India,Bihar,Secondary & Above,All_Years,12.681,0.000,True
India,Chandigarh,All,All_Years,9.990,1.000,True
India,Chandigarh,Diploma/ Certificate Course,All_Years,0.000,1.000,True
India,Chandigarh,Graduate,All_Years,11.175,1.000,True
India,Chandigarh,Higher Secondary,All_Years,12.525,1.000,True
India,Chandigarh,Literate & Upto Primary,All_Years,6.845,1.000,True
India,Chandigarh,Middle,All_Years,13.445,1.000,True
India,Chandigarh,Not Literate,All_Years,0.470,1.000,True
India,Chandigarh,Post Graduate & Above,All_Years,13.855,1.000,True
India,Chandigarh,Secondary,All_Years,8.720,1.000,True
India,Chandigarh,Secondary & Above,All_Years,10.455,1.000,True
India,Chhattisgarh,All,All_Years,4.129,0.000,True
India,Chhattisgarh,Diploma/ Certificate Course,All_Years,8.119,0.000,True
India,Chhattisgarh,Graduate,All_Years,24.171,0.000,True
India,Chhattisgarh,Higher Secondary,All_Years,6.362,0.000,True
India,Chhattisgarh,Literate & Upto Primary,All_Years,0.395,0.000,True
India,Chhattisgarh,Middle,All_Years,1.719,0.000,True
India,Chhattisgarh,Not Literate,All_Years,0.348,0.000,True
India,Chhattisgarh,Post Graduate & Above,All_Years,26.233,0.000,True
India,Chhattisgarh,Secondary,All_Years,1.205,0.000,True
India,Chhattisgarh,Secondary & Above,All_Years,12.095,0.000,True
India,Delhi,All,All_Years,5.410,0.000,True
India,Delhi,Diploma/ Certificate Course,All_Years,9.524,0.000,True
India,Delhi,Graduate,All_Years,13.167,0.000,True
India,Delhi,Higher Secondary,All_Years,5.448,0.000,True
India,Delhi,Literate & Upto Primary,All_Years,0.000,0.000,True
India,Delhi,Middle,All_Years,3.452,0.000,True
India,Delhi,Not Literate,All_Years,1.071,0.000,True
India,Delhi,Post Graduate & Above,All_Years,6.438,0.000,True
India,Delhi,Secondary,All_Years,7.205,0.000,True
India,Delhi,Secondary & Above,All_Years,11.486,0.000,True
India,Goa,All,All_Years,17.086,0.000,True
India,Goa,Diploma/ Certificate Course,All_Years,14.662,0.000,True
India,Goa,Graduate,All_Years,31.062,0.000,True
India,Goa,Higher Secondary,All_Years,24.705,0.000,True
India,Goa,Literate & Upto Primary,All_Years,2.610,0.000,True
India,Goa,Middle,All_Years,8.938,0.000,True
India,Goa,Not Literate,All_Years,1.329,0.000,True
India,Goa,Post Graduate & Above,All_Years,26.700,0.000,True
India,Goa,Secondary,All_Years,16.867,0.000,True
India,Goa,Secondary & Above,All_Years,25.705,0.000,True
India,Gujarat,All,All_Years,2.262,0.000,True
India,Gujarat,Diploma/ Certificate Course,All_Years,7.714,0.000,True
India,Gujarat,Graduate,All_Years,11.786,0.000,True
India,Gujarat,Higher Secondary,All_Years,2.524,0.000,True
India,Gujarat,Literate & Upto Primary,All_Years,0.543,0.000,True
India,Gujarat,Middle,All_Years,1.257,0.000,True
India,Gujarat,Not Literate,All_Years,0.271,0.000,True
India,Gujarat,Post Graduate & Above,All_Years,14.962,0.000,True
India,Gujarat,Secondary,All_Years,0.743,0.000,True
India,Gujarat,Secondary & Above,All_Years,6.243,0.000,True
India,Haryana,All,All_Years,6.862,0.000,True
India,Haryana,Diploma/ Certificate Course,All_Years,12.867,0.000,True
India,Haryana,Graduate,All_Years,24.862,0.000,True
India,Haryana,Higher Secondary,All_Years,16.448,0.000,True
India,Haryana,Literate & Upto Primary,All_Years,0.690,0.000,True
India,Haryana,Middle,All_Years,3.224,0.000,True
India,Haryana,Not Literate,All_Years,0.267,0.000,True
India,Haryana,Post Graduate & Above,All_Years,15.038,0.000,True
India,Haryana,Secondary,All_Years,1.943,0.000,True
India,Haryana,Secondary & Above,All_Years,15.357,0.000,True
India,Himachal Pradesh,All,All_Years,8.048,0.000,True
India,Himachal Pradesh,Diploma/ Certificate Course,All_Years,8.133,0.000,True
India,Himachal Pradesh,Graduate,All_Years,24.762,0.000,True
India,Himachal Pradesh,Higher Secondary,All_Years,8.086,0.000,True
India,Himachal Pradesh,Literate & Upto Primary,All_Years,3.171,0.000,True
India,Himachal Pradesh,Middle,All_Years,1.186,0.000,True
India,Himachal Pradesh,Not Literate,All_Years,1.048,0.000,True
India,Himachal Pradesh,Post Graduate & Above,All_Years,26.019,0.000,True
India,Himachal Pradesh,Secondary,All_Years,1.643,0.000,True
India,Himachal Pradesh,Secondary & Above,All_Years,12.729,0.000,True
India,Jammu and Kashmir,All,All_Years,13.605,0.000,True
India,Jammu and Kashmir,Diploma/ Certificate Course,All_Years,33.448,0.000,True
India,Jammu and Kashmir,Graduate,All_Years,44.157,0.000,True
India,Jammu and Kashmir,Higher Secondary,All_Years,19.195,0.000,True
India,Jammu and Kashmir,Literate & Upto Primary,All_Years,1.410,0.000,True
India,Jammu and Kashmir,Middle,All_Years,5.000,0.000,True
India,Jammu and Kashmir,Not Literate,All_Years,0.648,0.000,True
India,Jammu and Kashmir,Post Graduate & Above,All_Years,43.443,0.000,True
India,Jammu and Kashmir,Secondary,All_Years,8.738,0.000,True
India,Jammu and Kashmir,Secondary & Above,All_Years,29.238,0.000,True
India,Jharkhand,All,All_Years,3.462,0.000,True
India,Jharkhand,Diploma/ Certificate Course,All_Years,6.538,0.000,True
India,Jharkhand,Graduate,All_Years,15.129,0.000,True
India,Jharkhand,Higher Secondary,All_Years,5.276,0.000,True
India,Jharkhand,Literate & Upto Primary,All_Years,0.190,0.000,True
India,Jharkhand,Middle,All_Years,0.786,0.000,True
India,Jharkhand,Not Literate,All_Years,0.000,0.000,True
India,Jharkhand,Post Graduate & Above,All_Years,16.967,0.000,True
India,Jharkhand,Secondary,All_Years,3.167,0.000,True
India,Jharkhand,Secondary & Above,All_Years,9.190,0.000,True
India,Karnataka,All,All_Years,4.052,0.000,True
India,Karnataka,Diploma/ Certificate Course,All_Years,24.062,0.000,True
India,Karnataka,Graduate,All_Years,19.610,0.000,True
India,Karnataka,Higher Secondary,All_Years,4.248,0.000,True
India,Karnataka,Literate & Upto Primary,All_Years,0.252,0.000,True
India,Karnataka,Middle,All_Years,1.129,0.000,True
India,Karnataka,Not Literate,All_Years,0.186,0.000,True
India,Karnataka,Post Graduate & Above,All_Years,21.162,0.000,True
India,Karnataka,Secondary,All_Years,1.595,0.000,True
India,Karnataka,Secondary & Above,All_Years,10.224,0.000,True
India,Kerala,All,All_Years,15.305,0.000,True
India,Kerala,Diploma/ Certificate Course,All_Years,22.052,0.000,True
India,Kerala,Graduate,All_Years,34.790,0.000,True
India,Kerala,Higher Secondary,All_Years,24.395,0.000,True
India,Kerala,Literate & Upto Primary,All_Years,0.552,0.000,True
India,Kerala,Middle,All_Years,2.624,0.000,True
India,Kerala,Not Literate,All_Years,0.495,0.000,True
India,Kerala,Post Graduate & Above,All_Years,31.295,0.000,True
India,Kerala,Secondary,All_Years,8.000,0.000,True
India,Kerala,Secondary & Above,All_Years,24.438,0.000,True
India,Ladakh,All,All_Years,9.114,0.000,True
India,Ladakh,Diploma/ Certificate Course,All_Years,19.057,0.000,True
India,Ladakh,Graduate,All_Years,30.957,0.000,True
India,Ladakh,Higher Secondary,All_Years,5.976,0.000,True
India,Ladakh,Literate & Upto Primary,All_Years,0.743,0.000,True
India,Ladakh,Middle,All_Years,1.581,0.000,True
India,Ladakh,Not Literate,All_Years,0.090,0.000,True
India,Ladakh,Post Graduate & Above,All_Years,21.276,0.000,True
India,Ladakh,Secondary,All_Years,6.590,0.000,True
India,Ladakh,Secondary & Above,All_Years,18.371,0.000,True
India,Lakshadweep,All,All_Years,32.995,0.000,True
India,Lakshadweep,Diploma/ Certificate Course,All_Years,33.767,0.000,True
India,Lakshadweep,Graduate,All_Years,48.143,0.000,True
India,Lakshadweep,Higher Secondary,All_Years,40.338,0.000,True
India,Lakshadweep,Literate & Upto Primary,All_Years,15.467,0.000,True
India,Lakshadweep,Middle,All_Years,2.324,0.000,True
India,Lakshadweep,Not Literate,All_Years,0.000,0.000,True
India,Lakshadweep,Post Graduate & Above,All_Years,26.490,0.000,True
India,Lakshadweep,Secondary,All_Years,14.276,0.000,True
India,Lakshadweep,Secondary & Above,All_Years,38.962,0.000,True
India,Madhya Pradesh,All,All_Years,2.281,0.000,True
India,Madhya Pradesh,Diploma/ Certificate Course,All_Years,11.662,0.000,True
India,Madhya Pradesh,Graduate,All_Years,13.243,0.000,True
India,Madhya Pradesh,Higher Secondary,All_Years,2.714,0.000,True
India,Madhya Pradesh,Literate & Upto Primary,All_Years,0.371,0.000,True
India,Madhya Pradesh,Middle,All_Years,1.162,0.000,True
India,Madhya Pradesh,Not Literate,All_Years,0.110,0.000,True
India,Madhya Pradesh,Post Graduate & Above,All_Years,20.171,0.000,True
India,Madhya Pradesh,Secondary,All_Years,1.629,0.000,True
India,Madhya Pradesh,Secondary & Above,All_Years,8.176,0.000,True
India,Maharashtra,All,All_Years,4.176,0.000,True
India,Maharashtra,Diploma/ Certificate Course,All_Years,16.957,0.000,True
India,Maharashtra,Graduate,All_Years,16.576,0.000,True
India,Maharashtra,Higher Secondary,All_Years,8.081,0.000,True
India,Maharashtra,Literate & Upto Primary,All_Years,1.019,0.000,True
India,Maharashtra,Middle,All_Years,2.381,0.000,True
India,Maharashtra,Not Literate,All_Years,0.400,0.000,True
India,Maharashtra,Post Graduate & Above,All_Years,11.905,0.000,True
India,Maharashtra,Secondary,All_Years,3.638,0.000,True
India,Maharashtra,Secondary & Above,All_Years,8.767,0.000,True
India,Manipur,All,All_Years,9.790,0.000,True
India,Manipur,Diploma/ Certificate Course,All_Years,2.124,0.000,True
India,Manipur,Graduate,All_Years,20.719,0.000,True
India,Manipur,Higher Secondary,All_Years,14.143,0.000,True
India,Manipur,Literate & Upto Primary,All_Years,2.352,0.000,True
India,Manipur,Middle,All_Years,6.633,0.000,True
India,Manipur,Not Literate,All_Years,0.257,0.000,True
India,Manipur,Post Graduate & Above,All_Years,19.876,0.000,True
India,Manipur,Secondary,All_Years,7.681,0.000,True
India,Manipur,Secondary & Above,All_Years,15.714,0.000,True
India,Meghalaya,All,All_Years,7.329,0.000,True
India,Meghalaya,Diploma/ Certificate Course,All_Years,3.067,0.000,True
India,Meghalaya,Graduate,All_Years,17.124,0.000,True
India,Meghalaya,Higher Secondary,All_Years,15.043,0.000,True
India,Meghalaya,Literate & Upto Primary,All_Years,1.529,0.000,True
India,Meghalaya,Middle,All_Years,5.629,0.000,True
India,Meghalaya,Not Literate,All_Years,0.000,0.000,True
India,Meghalaya,Post Graduate & Above,All_Years,18.652,0.000,True
India,Meghalaya,Secondary,All_Years,7.729,0.000,True
India,Meghalaya,Secondary & Above,All_Years,14.290,0.000,True
India,Mizoram,All,All_Years,6.633,0.000,True
India,Mizoram,Diploma/ Certificate Course,All_Years,0.000,0.000,True
India,Mizoram,Graduate,All_Years,20.333,0.000,True
India,Mizoram,Higher Secondary,All_Years,10.610,0.000,True
India,Mizoram,Literate & Upto Primary,All_Years,0.581,0.000,True
India,Mizoram,Middle,All_Years,3.914,0.000,True
India,Mizoram,Not Literate,All_Years,0.000,0.000,True
India,Mizoram,Post Graduate & Above,All_Years,12.729,0.000,True
India,Mizoram,Secondary,All_Years,4.924,0.000,True
India,Mizoram,Secondary & Above,All_Years,13.233,0.000,True
India,Nagaland,All,All_Years,20.048,0.000,True
India,Nagaland,Diploma/ Certificate Course,All_Years,9.524,0.000,True
India,Nagaland,Graduate,All_Years,42.829,0.000,True
India,Nagaland,Higher Secondary,All_Years,31.590,0.000,True
India,Nagaland,Literate & Upto Primary,All_Years,4.143,0.000,True
India,Nagaland,Middle,All_Years,12.914,0.000,True
India,Nagaland,Not Literate,All_Years,0.000,0.000,True
India,Nagaland,Post Graduate & Above,All_Years,42.895,0.000,True
India,Nagaland,Secondary,All_Years,17.414,0.000,True
India,Nagaland,Secondary & Above,All_Years,31.905,0.000,True
India,Odisha,All,All_Years,6.524,0.000,True
India,Odisha,Diploma/ Certificate Course,All_Years,20.886,0.000,True
India,Odisha,Graduate,All_Years,34.286,0.000,True
India,Odisha,Higher Secondary,All_Years,14.633,0.000,True
India,Odisha,Literate & Upto Primary,All_Years,0.971,0.000,True
India,Odisha,Middle,All_Years,2.686,0.000,True
India,Odisha,Not Literate,All_Years,0.276,0.000,True
India,Odisha,Post Graduate & Above,All_Years,24.619,0.000,True
India,Odisha,Secondary,All_Years,10.681,0.000,True
India,Odisha,Secondary & Above,All_Years,20.324,0.000,True
India,Puducherry,All,All_Years,9.760,0.000,True
India,Puducherry,Diploma/ Certificate Course,All_Years,15.930,0.000,True
India,Puducherry,Graduate,All_Years,24.315,0.000,True
India,Puducherry,Higher Secondary,All_Years,7.080,0.000,True
India,Puducherry,Literate & Upto Primary,All_Years,0.000,0.000,True
India,Puducherry,Middle,All_Years,3.280,0.000,True
India,Puducherry,Not Literate,All_Years,0.000,0.000,True
India,Puducherry,Post Graduate & Above,All_Years,18.825,0.000,True
India,Puducherry,Secondary,All_Years,2.690,0.000,True
India,Puducherry,Secondary & Above,All_Years,16.875,0.000,True
India,Punjab,All,All_Years,9.076,0.000,True
India,Punjab,Diploma/ Certificate Course,All_Years,17.681,0.000,True
India,Punjab,Graduate,All_Years,30.629,0.000,True
India,Punjab,Higher Secondary,All_Years,17.190,0.000,True
India,Punjab,Literate & Upto Primary,All_Years,1.129,0.000,True
India,Punjab,Middle,All_Years,2.352,0.000,True
India,Punjab,Not Literate,All_Years,0.157,0.000,True
India,Punjab,Post Graduate & Above,All_Years,21.481,0.000,True
India,Punjab,Secondary,All_Years,3.938,0.000,True
India,Punjab,Secondary & Above,All_Years,18.043,0.000,True
India,Rajasthan,All,All_Years,5.348,0.000,True
India,Rajasthan,Diploma/ Certificate Course,All_Years,15.281,0.000,True
India,Rajasthan,Graduate,All_Years,28.495,0.000,True
India,Rajasthan,Higher Secondary,All_Years,7.138,0.000,True
India,Rajasthan,Literate & Upto Primary,All_Years,0.529,0.000,True
India,Rajasthan,Middle,All_Years,0.990,0.000,True
India,Rajasthan,Not Literate,All_Years,0.071,0.000,True
India,Rajasthan,Post Graduate & Above,All_Years,34.033,0.000,True
India,Rajasthan,Secondary,All_Years,1.133,0.000,True
India,Rajasthan,Secondary & Above,All_Years,19.057,0.000,True
India,Sikkim,All,All_Years,3.457,0.000,True
India,Sikkim,Diploma/ Certificate Course,All_Years,12.890,0.000,True
India,Sikkim,Graduate,All_Years,9.890,0.000,True
India,Sikkim,Higher Secondary,All_Years,5.457,0.000,True
India,Sikkim,Literate & Upto Primary,All_Years,0.000,0.000,True
India,Sikkim,Middle,All_Years,1.071,0.000,True
India,Sikkim,Not Literate,All_Years,0.000,0.000,True
India,Sikkim,Post Graduate & Above,All_Years,16.567,0.000,True
India,Sikkim,Secondary,All_Years,4.643,0.000,True
India,Sikkim,Secondary & Above,All_Years,8.038,0.000,True
India,Tamil Nadu,All,All_Years,5.457,0.000,True
India,Tamil Nadu,Diploma/ Certificate Course,All_Years,17.867,0.000,True
India,Tamil Nadu,Graduate,All_Years,28.800,0.000,True
India,Tamil Nadu,Higher Secondary,All_Years,6.400,0.000,True
India,Tamil Nadu,Literate & Upto Primary,All_Years,0.533,0.000,True
India,Tamil Nadu,Middle,All_Years,1.552,0.000,True
India,Tamil Nadu,Not Literate,All_Years,0.143,0.000,True
India,Tamil Nadu,Post Graduate & Above,All_Years,18.743,0.000,True
India,Tamil Nadu,Secondary,All_Years,3.029,0.000,True
India,Tamil Nadu,Secondary & Above,All_Years,14.805,0.000,True
India,Telangana,All,All_Years,7.005,0.000,True
India,Telangana,Diploma/ Certificate Course,All_Years,28.176,0.000,True
India,Telangana,Graduate,All_Years,35.867,0.000,True
India,Telangana,Higher Secondary,All_Years,12.948,0.000,True
India,Telangana,Literate & Upto Primary,All_Years,1.333,0.000,True
India,Telangana,Middle,All_Years,3.710,0.000,True
India,Telangana,Not Literate,All_Years,0.133,0.000,True
India,Telangana,Post Graduate & Above,All_Years,44.843,0.000,True
India,Telangana,Secondary,All_Years,4.200,0.000,True
India,Telangana,Secondary & Above,All_Years,18.452,0.000,True
India,The Dadra and Nagar Haveli and Daman and Diu,All,All_Years,3.224,0.000,True
India,The Dadra and Nagar Haveli and Daman and Diu,Diploma/ Certificate Course,All_Years,8.814,0.000,True
India,The Dadra and Nagar Haveli and Daman and Diu,Graduate,All_Years,9.107,0.000,True
India,The Dadra and Nagar Haveli and Daman and Diu,Higher Secondary,All_Years,5.531,0.000,True
India,The Dadra and Nagar Haveli and Daman and Diu,Literate & Upto Primary,All_Years,0.929,0.000,True
India,The Dadra and Nagar Haveli and Daman and Diu,Middle,All_Years,0.581,0.000,True
India,The Dadra and Nagar Haveli and Daman and Diu,Not Literate,All_Years,1.786,0.000,True
India,The Dadra and Nagar Haveli and Daman and Diu,Post Graduate & Above,All_Years,9.414,0.000,True
India,The Dadra and Nagar Haveli and Daman and Diu,Secondary,All_Years,5.460,0.000,True
India,The Dadra and Nagar Haveli and Daman and Diu,Secondary & Above,All_Years,7.124,0.000,True
India,Tripura,All,All_Years,8.257,0.000,True
India,Tripura,Diploma/ Certificate Course,All_Years,38.100,0.000,True
India,Tripura,Graduate,All_Years,21.505,0.000,True
India,Tripura,Higher Secondary,All_Years,14.738,0.000,True
India,Tripura,Literate & Upto Primary,All_Years,2.381,0.000,True
India,Tripura,Middle,All_Years,9.905,0.000,True
India,Tripura,Not Literate,All_Years,1.133,0.000,True
India,Tripura,Post Graduate & Above,All_Years,19.876,0.000,True
India,Tripura,Secondary,All_Years,10.590,0.000,True
India,Tripura,Secondary & Above,All_Years,16.619,0.000,True
India,Uttar Pradesh,All,All_Years,4.610,0.000,True
India,Uttar Pradesh,Diploma/ Certificate Course,All_Years,28.010,0.000,True
India,Uttar Pradesh,Graduate,All_Years,21.195,0.000,True
India,Uttar Pradesh,Higher Secondary,All_Years,4.271,0.000,True
India,Uttar Pradesh,Literate & Upto Primary,All_Years,0.443,0.000,True
India,Uttar Pradesh,Middle,All_Years,0.714,0.000,True
India,Uttar Pradesh,Not Literate,All_Years,0.176,0.000,True
India,Uttar Pradesh,Post Graduate & Above,All_Years,20.571,0.000,True
India,Uttar Pradesh,Secondary,All_Years,1.062,0.000,True
India,Uttar Pradesh,Secondary & Above,All_Years,12.443,0.000,True
India,Uttarakhand,All,All_Years,9.990,0.000,True
India,Uttarakhand,Diploma/ Certificate Course,All_Years,21.386,0.000,True
India,Uttarakhand,Graduate,All_Years,25.000,0.000,True
India,Uttarakhand,Higher Secondary,All_Years,10.943,0.000,True
India,Uttarakhand,Literate & Upto Primary,All_Years,2.410,0.000,True
India,Uttarakhand,Middle,All_Years,4.952,0.000,True
India,Uttarakhand,Not Literate,All_Years,0.852,0.000,True
India,Uttarakhand,Post Graduate & Above,All_Years,24.595,0.000,True
India,Uttarakhand,Secondary,All_Years,5.905,0.000,True
India,Uttarakhand,Secondary & Above,All_Years,17.367,0.000,True
India,West Bengal,All,All_Years,2.933,0.000,True
India,West Bengal,Diploma/ Certificate Course,All_Years,11.895,0.000,True
India,West Bengal,Graduate,All_Years,15.595,0.000,True
India,West Bengal,Higher Secondary,All_Years,6.543,0.000,True
India,West Bengal,Literate & Upto Primary,All_Years,0.424,0.000,True
India,West Bengal,Middle,All_Years,1.771,0.000,True
India,West Bengal,Not Literate,All_Years,0.086,0.000,True
India,West Bengal,Post Graduate & Above,All_Years,16.795,0.000,True
India,West Bengal,Secondary,All_Years,3.386,0.000,True
India,West Bengal,Secondary & Above,All_Years,9.314,0.000,True
